# x y ux uy ux_exact uy_exact
  5.000000000000E-01  1.387778780781E-17 -1.363094860209E-16  3.161592520258E-02 -8.775181986206E-19  3.161592505855E-02
  5.320649628726E-01  1.476776930944E-17  9.800674934707E-09  9.919115725260E-02 -2.753108760842E-18  9.919119671550E-02
  6.020749546417E-01  1.671093692983E-17 -1.971551942485E-08  2.349788440402E-01 -6.521971487643E-18  2.349787868917E-01
  6.976751955244E-01  1.936437664453E-17  2.800237689660E-08  4.017358912548E-01 -1.115041235447E-17  4.017359433970E-01
  8.023248044756E-01  2.226898677892E-17 -2.960113362060E-08  5.678955977776E-01 -1.576226819201E-17  5.678955612483E-01
  8.979250453583E-01  2.492242649361E-17  2.272217969348E-08  7.096519520728E-01 -1.969679900165E-17  7.096519731536E-01
  9.679350371274E-01  2.686559411401E-17 -1.121170391603E-08  8.090824540207E-01 -2.245654900761E-17  8.090824459416E-01
  1.000000000000E+00  2.775557561563E-17 -2.184160912453E-10  8.536299764495E-01 -2.369299136276E-17  8.536299765808E-01
  4.993659121515E-01  2.517311623718E-02 -1.591742677892E-03  3.157582719894E-02 -1.591742712890E-03  3.157583051075E-02
  5.313902110175E-01  2.678746631225E-02 -4.993892314863E-03  9.906536556898E-02 -4.993903049249E-03  9.906540485047E-02
  6.013114178165E-01  3.031220563338E-02 -1.183031892435E-02  2.346808482308E-01 -1.183029663139E-02  2.346807925049E-01
  6.967904207970E-01  3.512531758546E-02 -2.022586046326E-02  4.012264207341E-01 -2.022589119957E-02  4.012264716369E-01
  8.013073156575E-01  4.039403112607E-02 -2.859143331937E-02  5.671754049374E-01 -2.859140194776E-02  5.671753698991E-01
  8.967863186381E-01  4.520714307816E-02 -3.572827975473E-02  7.087519901953E-01 -3.572830321628E-02  7.087520097680E-01
  9.667075254371E-01  4.873188239929E-02 -4.073426496918E-02  8.080563954273E-01 -4.073425291430E-02  8.080563872468E-01
  9.987318243030E-01  5.034623247436E-02 -4.297705412086E-02  8.525474244797E-01 -4.297705324802E-02  8.525474237903E-01
  4.935866117780E-01  7.982641588779E-02 -5.047572460244E-03  3.121039838493E-02 -5.047571964801E-03  3.121039465575E-02
  5.252402845402E-01  8.494567801117E-02 -1.583614123401E-02  9.791885709186E-02 -1.583615544284E-02  9.791889341002E-02
  5.943522737960E-01  9.612297144970E-02 -3.751505769808E-02  2.319648205012E-01 -3.751502873446E-02  2.319647665232E-01
  6.887262717609E-01  1.113858206250E-01 -6.413824515546E-02  3.965829197850E-01 -6.413828098936E-02  3.965829662615E-01
  7.920335635732E-01  1.280934270383E-01 -9.066616941005E-02  5.606113234248E-01 -9.066613450607E-02  5.606112918406E-01
  8.864075615381E-01  1.433562762137E-01 -1.132979207293E-01  7.005494085978E-01 -1.132979470891E-01  7.005494259410E-01
  9.555195507939E-01  1.545335696522E-01 -1.291723148698E-01  7.987045319033E-01 -1.291723036345E-01  7.987045262828E-01
  9.871732235560E-01  1.596528317756E-01 -1.362844420117E-01  8.426806547203E-01 -1.362844430496E-01  8.426806557053E-01
  4.760893194234E-01  1.527709394191E-01 -9.659988030834E-03  3.010400469793E-02 -9.659989143595E-03  3.010400848813E-02
  5.066208921261E-01  1.625681284201E-01 -3.030704354719E-02  9.444770187682E-02 -3.030706460866E-02  9.444773867415E-02
  5.732829107945E-01  1.839591128426E-01 -7.179589576111E-02  2.237418290631E-01 -7.179586003402E-02  2.237417814604E-01
  6.643114180315E-01  2.131689900593E-01 -1.227471119392E-01  3.825243419516E-01 -1.227471549423E-01  3.825243837595E-01
  7.639565402386E-01  2.451438281979E-01 -1.735159158706E-01  5.407380479231E-01 -1.735158767677E-01  5.407380225165E-01
  8.549850474757E-01  2.743537054146E-01 -2.168283691832E-01  6.757154369847E-01 -2.168283971986E-01  6.757154498523E-01
  9.216470661440E-01  2.957446898372E-01 -2.472085840079E-01  7.703910273552E-01 -2.472085706680E-01  7.703910220915E-01
  9.521786388467E-01  3.055418788382E-01 -2.608197074258E-01  8.128082303275E-01 -2.608197068771E-01  8.128082291795E-01
  4.446713534462E-01  2.286206189833E-01 -1.445610640098E-02  2.811739587065E-02 -1.445610471323E-02  2.811739237248E-02
  4.731880943238E-01  2.432820423025E-01 -4.535428034235E-02  8.821493785203E-02 -4.535430558158E-02  8.821496738687E-02
  5.354509699132E-01  2.752934976090E-01 -1.074420353048E-01  2.089767129706E-01 -1.074419914143E-01  2.089766703966E-01
  6.204723469194E-01  3.190058701001E-01 -1.836901916817E-01  3.572808983331E-01 -1.836902400945E-01  3.572809313566E-01
  7.135417134193E-01  3.668559868497E-01 -2.596653127185E-01  5.050537948061E-01 -2.596652694609E-01  5.050537756728E-01
  7.985630904255E-01  4.105683593408E-01 -3.244821169626E-01  6.311237979427E-01 -3.244821467302E-01  6.311238067560E-01
  8.608259660149E-01  4.425798146473E-01 -3.699458725911E-01  7.195515735720E-01 -3.699458591994E-01  7.195515725729E-01
  8.893427068925E-01  4.572412379666E-01 -3.903148270238E-01  7.591695923918E-01 -3.903148272572E-01  7.591695940569E-01
  4.054642402832E-01  2.925726402991E-01 -1.849990741649E-02  2.563825122242E-02 -1.849990933975E-02  2.563825406943E-02
  4.314666319049E-01  3.113353019965E-01 -5.804123032878E-02  8.043693847436E-02 -5.804126063496E-02  8.043696643807E-02
  4.882397281547E-01  3.523013182749E-01 -1.374967775316E-01  1.905510251366E-01 -1.374967281904E-01  1.905509906195E-01
  5.657646862355E-01  4.082413480515E-01 -2.350738378279E-01  3.257790921286E-01 -2.350738913254E-01  3.257791181678E-01
  6.506280346142E-01  4.694765728457E-01 -3.323014526462E-01  4.605226971403E-01 -3.323014075371E-01  4.605226846035E-01
  7.281529926949E-01  5.254166026223E-01 -4.152494719276E-01  5.754769933452E-01 -4.152495029580E-01  5.754769963204E-01
  7.849260889447E-01  5.663826189007E-01 -4.734307883000E-01  6.561080000740E-01 -4.734307748575E-01  6.561079985404E-01
  8.109284805664E-01  5.851452805981E-01 -4.994975519884E-01  6.922328614361E-01 -4.994975521733E-01  6.922328598746E-01
  3.709051039706E-01  3.353049415808E-01 -2.120195377769E-02  2.345301831554E-02 -2.120195180956E-02  2.345301594194E-02
  3.946912207468E-01  3.568080225864E-01 -6.651856380368E-02  7.358101859302E-02 -6.651859684005E-02  7.358104226147E-02
  4.466253472990E-01  4.037574149868E-01 -1.575791498261E-01  1.743096921616E-01 -1.575790968229E-01  1.743096627660E-01
  5.175425818674E-01  4.678678813554E-01 -2.694080383382E-01  2.980118038807E-01 -2.694080940633E-01  2.980118237088E-01
  5.951727300445E-01  5.380469433871E-01 -3.808364223328E-01  4.212707314807E-01 -3.808363759767E-01  4.212707243785E-01
  6.660899646129E-01  6.021574097557E-01 -4.758995957142E-01  5.264270768294E-01 -4.758996268020E-01  5.264270777710E-01
  7.180240911651E-01  6.491068021561E-01 -5.425786980407E-01  6.001856150995E-01 -5.425786845411E-01  6.001856174656E-01
  7.418102079413E-01  6.706098831617E-01 -5.724526987029E-01  6.332314290949E-01 -5.724526988581E-01  6.332314304323E-01
  3.535533905933E-01  3.535533905933E-01 -2.235583510423E-02  2.235583510423E-02 -2.235583500238E-02  2.235583500238E-02
  3.762267432790E-01  3.762267432790E-01 -7.013873299693E-02  7.013874685718E-02 -7.013876783154E-02  7.013876783154E-02
  4.257312832097E-01  4.257312832097E-01 -1.661551479972E-01  1.661551201152E-01 -1.661550936461E-01  1.661550936461E-01
  4.933308618209E-01  4.933308618209E-01 -2.840701531516E-01  2.840701927529E-01 -2.840702098224E-01  2.840702098224E-01
  5.673293099589E-01  5.673293099589E-01 -4.015628491257E-01  4.015628072634E-01 -4.015628023644E-01  4.015628023644E-01
  6.349288885701E-01  6.349288885701E-01 -5.017996915259E-01  5.017997236599E-01 -5.017997224994E-01  5.017997224994E-01
  6.844334285008E-01  6.844334285008E-01 -5.721076977050E-01  5.721076818492E-01 -5.721076840643E-01  5.721076840643E-01
  7.071067811865E-01  7.071067811865E-01 -6.036075451260E-01  6.036075448171E-01 -6.036075450644E-01  6.036075450644E-01
  3.535533905933E-01  3.535533905933E-01 -2.235583510423E-02  2.235583510423E-02 -2.235583500238E-02  2.235583500238E-02
  3.762267432790E-01  3.762267432790E-01 -7.013873299693E-02  7.013874685718E-02 -7.013876783154E-02  7.013876783154E-02
  4.257312832097E-01  4.257312832097E-01 -1.661551479972E-01  1.661551201152E-01 -1.661550936461E-01  1.661550936461E-01
  4.933308618209E-01  4.933308618209E-01 -2.840701531516E-01  2.840701927529E-01 -2.840702098224E-01  2.840702098224E-01
  5.673293099589E-01  5.673293099589E-01 -4.015628491257E-01  4.015628072634E-01 -4.015628023644E-01  4.015628023644E-01
  6.349288885701E-01  6.349288885701E-01 -5.017996915259E-01  5.017997236599E-01 -5.017997224994E-01  5.017997224994E-01
  6.844334285008E-01  6.844334285008E-01 -5.721076977050E-01  5.721076818492E-01 -5.721076840643E-01  5.721076840643E-01
  7.071067811865E-01  7.071067811865E-01 -6.036075451260E-01  6.036075448171E-01 -6.036075450644E-01  6.036075450644E-01
  3.353049415808E-01  3.709051039706E-01 -2.345301357538E-02  2.120194949250E-02 -2.345301594194E-02  2.120195180956E-02
  3.568080225864E-01  3.946912207468E-01 -7.358100689491E-02  6.651857665420E-02 -7.358104226147E-02  6.651859684005E-02
  4.037574149868E-01  4.466253472990E-01 -1.743097179336E-01  1.575791204636E-01 -1.743096627660E-01  1.575790968229E-01
  4.678678813554E-01  5.175425818674E-01 -2.980117659812E-01  2.694080798034E-01 -2.980118237088E-01  2.694080940633E-01
  5.380469433871E-01  5.951727300445E-01 -4.212707713374E-01  3.808363785695E-01 -4.212707243785E-01  3.808363759767E-01
  6.021574097557E-01  6.660899646129E-01 -5.264270473413E-01  4.758996295519E-01 -5.264270777710E-01  4.758996268020E-01
  6.491068021561E-01  7.180240911651E-01 -6.001856317742E-01  5.425786818014E-01 -6.001856174656E-01  5.425786845411E-01
  6.706098831617E-01  7.418102079413E-01 -6.332314315370E-01  5.724526987284E-01 -6.332314304323E-01  5.724526988581E-01
  2.925726402991E-01  4.054642402832E-01 -2.563825705669E-02  1.849991162635E-02 -2.563825406943E-02  1.849990933975E-02
  3.113353019965E-01  4.314666319049E-01 -8.043693071009E-02  5.804124500130E-02 -8.043696643807E-02  5.804126063496E-02
  3.523013182749E-01  4.882397281547E-01 -1.905510492681E-01  1.374967458782E-01 -1.905509906195E-01  1.374967281904E-01
  4.082413480515E-01  5.657646862355E-01 -3.257790599656E-01  2.350738837999E-01 -3.257791181678E-01  2.350738913254E-01
  4.694765728457E-01  6.506280346142E-01 -4.605227316177E-01  3.323014051896E-01 -4.605226846035E-01  3.323014075371E-01
  5.254166026223E-01  7.281529926949E-01 -5.754769654177E-01  4.152495093337E-01 -5.754769963204E-01  4.152495029580E-01
  5.663826189007E-01  7.849260889447E-01 -6.561080104593E-01  4.734307708873E-01 -6.561079985404E-01  4.734307748575E-01
  5.851452805981E-01  8.109284805664E-01 -6.922328584441E-01  4.994975522108E-01 -6.922328598746E-01  4.994975521733E-01
  2.286206189833E-01  4.446713534462E-01 -2.811738890556E-02  1.445610281999E-02 -2.811739237248E-02  1.445610471323E-02
  2.432820423025E-01  4.731880943238E-01 -8.821492647452E-02  4.535429445465E-02 -8.821496738687E-02  4.535430558158E-02
  2.752934976090E-01  5.354509699132E-01 -2.089767293197E-01  1.074419998116E-01 -2.089766703966E-01  1.074419914143E-01
  3.190058701001E-01  6.204723469194E-01 -3.572808713862E-01  1.836902409396E-01 -3.572809313566E-01  1.836902400945E-01
  3.668559868497E-01  7.135417134193E-01 -5.050538212879E-01  2.596652597761E-01 -5.050537756728E-01  2.596652694609E-01
  4.105683593408E-01  7.985630904255E-01 -6.311237778473E-01  3.244821574413E-01 -6.311238067560E-01  3.244821467302E-01
  4.425798146473E-01  8.608259660149E-01 -7.195515857276E-01  3.699458534886E-01 -7.195515725729E-01  3.699458591994E-01
  4.572412379666E-01  8.893427068925E-01 -7.591695952567E-01  3.903148276809E-01 -7.591695940569E-01  3.903148272572E-01
  1.527709394191E-01  4.760893194234E-01 -3.010401215513E-02  9.659990423753E-03 -3.010400848813E-02  9.659989143595E-03
  1.625681284201E-01  5.066208921261E-01 -9.444769994303E-02  3.030706157121E-02 -9.444773867415E-02  3.030706460866E-02
  1.839591128426E-01  5.732829107945E-01 -2.237418426001E-01  7.179585910309E-02 -2.237417814604E-01  7.179586003402E-02
  2.131689900593E-01  6.643114180315E-01 -3.825243261754E-01  1.227471658242E-01 -3.825243837595E-01  1.227471549423E-01
  2.451438281979E-01  7.639565402386E-01 -5.407380666335E-01  1.735158597092E-01 -5.407380225165E-01  1.735158767677E-01
  2.743537054146E-01  8.549850474757E-01 -6.757154225715E-01  2.168284120155E-01 -6.757154498523E-01  2.168283971986E-01
  2.957446898372E-01  9.216470661440E-01 -7.703910322673E-01  2.472085619051E-01 -7.703910220915E-01  2.472085706680E-01
  3.055418788382E-01  9.521786388467E-01 -8.128082278371E-01  2.608197058647E-01 -8.128082291795E-01  2.608197068771E-01
  7.982641588779E-02  4.935866117780E-01 -3.121039128266E-02  5.047571311613E-03 -3.121039465575E-02  5.047571964801E-03
  8.494567801117E-02  5.252402845402E-01 -9.791885220699E-02  1.583615709921E-02 -9.791889341003E-02  1.583615544284E-02
  9.612297144970E-02  5.943522737960E-01 -2.319648258200E-01  3.751501825230E-02 -2.319647665232E-01  3.751502873446E-02
  1.113858206250E-01  6.887262717609E-01 -3.965829100206E-01  6.413830040524E-02 -3.965829662615E-01  6.413828098936E-02
  1.280934270383E-01  7.920335635732E-01 -5.606113326025E-01  9.066611147401E-02 -5.606112918406E-01  9.066613450607E-02
  1.433562762137E-01  8.864075615381E-01 -7.005494018954E-01  1.132979669271E-01 -7.005494259410E-01  1.132979470891E-01
  1.545335696522E-01  9.555195507939E-01 -7.987045368725E-01  1.291722952136E-01 -7.987045262828E-01  1.291723036345E-01
  1.596528317756E-01  9.871732235560E-01 -8.426806566787E-01  1.362844442845E-01 -8.426806557053E-01  1.362844430496E-01
  2.517311623718E-02  4.993659121515E-01 -3.157583358082E-02  1.591742999604E-03 -3.157583051075E-02  1.591742712890E-03
  2.678746631225E-02  5.313902110175E-01 -9.906536475411E-02  4.993909673362E-03 -9.906540485047E-02  4.993903049249E-03
  3.031220563338E-02  6.013114178165E-01 -2.346808507696E-01  1.183027993832E-02 -2.346807925049E-01  1.183029663139E-02
  3.512531758546E-02  6.967904207970E-01 -4.012264182128E-01  2.022591658254E-02 -4.012264716369E-01  2.022589119957E-02
  4.039403112607E-02  8.013073156575E-01 -5.671754076998E-01  2.859137419105E-02 -5.671753698991E-01  2.859140194776E-02
  4.520714307816E-02  8.967863186381E-01 -7.087519871197E-01  3.572832453285E-02 -7.087520097680E-01  3.572830321628E-02
  4.873188239929E-02  9.667075254371E-01 -8.080563951194E-01  4.073424169557E-02 -8.080563872468E-01  4.073425291430E-02
  5.034623247436E-02  9.987318243030E-01 -8.525474227348E-01  4.297705241214E-02 -8.525474237903E-01  4.297705324802E-02
  3.061616997868E-17  5.000000000000E-01 -3.161592520258E-02  1.206674150828E-16 -3.161592505855E-02  1.935917071252E-18
  3.257958268602E-17  5.320649628726E-01 -9.919115725260E-02  9.800675061230E-09 -9.919119671550E-02  6.073709078062E-18
  3.686645830244E-17  6.020749546417E-01 -2.349788440402E-01 -1.971551934013E-08 -2.349787868917E-01  1.438830096173E-17
  4.272028475217E-17  6.976751955244E-01 -4.017358912548E-01  2.800237686730E-08 -4.017359433970E-01  2.459923185918E-17
  4.912822518388E-17  8.023248044756E-01 -5.678955977776E-01 -2.960113367263E-08 -5.678955612483E-01  3.477357406664E-17
  5.498205163361E-17  8.979250453583E-01 -7.096519520728E-01  2.272217970299E-08 -7.096519731536E-01  4.345365087156E-17
  5.926892725003E-17  9.679350371274E-01 -8.090824540207E-01 -1.121170390303E-08 -8.090824459416E-01  4.954201138343E-17
  6.123233995737E-17  1.000000000000E+00 -8.536299764495E-01 -2.184160935986E-10 -8.536299765808E-01  5.226976092380E-17
  3.061616997868E-17  5.000000000000E-01 -3.161592520258E-02  1.206674150828E-16 -3.161592505855E-02  1.935917071252E-18
  3.257958268602E-17  5.320649628726E-01 -9.919115725260E-02  9.800675061230E-09 -9.919119671550E-02  6.073709078062E-18
  3.686645830244E-17  6.020749546417E-01 -2.349788440402E-01 -1.971551934013E-08 -2.349787868917E-01  1.438830096173E-17
  4.272028475217E-17  6.976751955244E-01 -4.017358912548E-01  2.800237686730E-08 -4.017359433970E-01  2.459923185918E-17
  4.912822518388E-17  8.023248044756E-01 -5.678955977776E-01 -2.960113367263E-08 -5.678955612483E-01  3.477357406664E-17
  5.498205163361E-17  8.979250453583E-01 -7.096519520728E-01  2.272217970299E-08 -7.096519731536E-01  4.345365087156E-17
  5.926892725003E-17  9.679350371274E-01 -8.090824540207E-01 -1.121170390303E-08 -8.090824459416E-01  4.954201138343E-17
  6.123233995737E-17  1.000000000000E+00 -8.536299764495E-01 -2.184160935986E-10 -8.536299765808E-01  5.226976092380E-17
 -2.517311623718E-02  4.993659121515E-01 -3.157582719894E-02 -1.591742677892E-03 -3.157583051075E-02 -1.591742712890E-03
 -2.678746631225E-02  5.313902110175E-01 -9.906536556898E-02 -4.993892314863E-03 -9.906540485047E-02 -4.993903049249E-03
 -3.031220563338E-02  6.013114178165E-01 -2.346808482308E-01 -1.183031892435E-02 -2.346807925049E-01 -1.183029663139E-02
 -3.512531758546E-02  6.967904207970E-01 -4.012264207341E-01 -2.022586046326E-02 -4.012264716369E-01 -2.022589119957E-02
 -4.039403112607E-02  8.013073156575E-01 -5.671754049374E-01 -2.859143331937E-02 -5.671753698991E-01 -2.859140194776E-02
 -4.520714307816E-02  8.967863186381E-01 -7.087519901953E-01 -3.572827975473E-02 -7.087520097680E-01 -3.572830321628E-02
 -4.873188239929E-02  9.667075254371E-01 -8.080563954273E-01 -4.073426496918E-02 -8.080563872468E-01 -4.073425291430E-02
 -5.034623247436E-02  9.987318243030E-01 -8.525474244797E-01 -4.297705412086E-02 -8.525474237903E-01 -4.297705324802E-02
 -7.982641588779E-02  4.935866117780E-01 -3.121039838493E-02 -5.047572460244E-03 -3.121039465575E-02 -5.047571964801E-03
 -8.494567801117E-02  5.252402845402E-01 -9.791885709186E-02 -1.583614123401E-02 -9.791889341002E-02 -1.583615544284E-02
 -9.612297144970E-02  5.943522737960E-01 -2.319648205012E-01 -3.751505769808E-02 -2.319647665232E-01 -3.751502873446E-02
 -1.113858206250E-01  6.887262717609E-01 -3.965829197850E-01 -6.413824515546E-02 -3.965829662615E-01 -6.413828098936E-02
 -1.280934270383E-01  7.920335635732E-01 -5.606113234248E-01 -9.066616941005E-02 -5.606112918406E-01 -9.066613450607E-02
 -1.433562762137E-01  8.864075615381E-01 -7.005494085978E-01 -1.132979207293E-01 -7.005494259410E-01 -1.132979470891E-01
 -1.545335696522E-01  9.555195507939E-01 -7.987045319033E-01 -1.291723148698E-01 -7.987045262828E-01 -1.291723036345E-01
 -1.596528317756E-01  9.871732235560E-01 -8.426806547203E-01 -1.362844420117E-01 -8.426806557053E-01 -1.362844430496E-01
 -1.527709394191E-01  4.760893194234E-01 -3.010400469793E-02 -9.659988030834E-03 -3.010400848813E-02 -9.659989143595E-03
 -1.625681284201E-01  5.066208921261E-01 -9.444770187682E-02 -3.030704354719E-02 -9.444773867415E-02 -3.030706460866E-02
 -1.839591128426E-01  5.732829107945E-01 -2.237418290631E-01 -7.179589576111E-02 -2.237417814604E-01 -7.179586003402E-02
 -2.131689900593E-01  6.643114180315E-01 -3.825243419516E-01 -1.227471119392E-01 -3.825243837595E-01 -1.227471549423E-01
 -2.451438281979E-01  7.639565402386E-01 -5.407380479231E-01 -1.735159158706E-01 -5.407380225165E-01 -1.735158767677E-01
 -2.743537054146E-01  8.549850474757E-01 -6.757154369847E-01 -2.168283691832E-01 -6.757154498523E-01 -2.168283971986E-01
 -2.957446898372E-01  9.216470661440E-01 -7.703910273552E-01 -2.472085840079E-01 -7.703910220915E-01 -2.472085706680E-01
 -3.055418788382E-01  9.521786388467E-01 -8.128082303275E-01 -2.608197074258E-01 -8.128082291795E-01 -2.608197068771E-01
 -2.286206189833E-01  4.446713534462E-01 -2.811739587065E-02 -1.445610640098E-02 -2.811739237248E-02 -1.445610471323E-02
 -2.432820423025E-01  4.731880943238E-01 -8.821493785203E-02 -4.535428034235E-02 -8.821496738687E-02 -4.535430558158E-02
 -2.752934976090E-01  5.354509699132E-01 -2.089767129706E-01 -1.074420353048E-01 -2.089766703966E-01 -1.074419914143E-01
 -3.190058701001E-01  6.204723469194E-01 -3.572808983331E-01 -1.836901916817E-01 -3.572809313566E-01 -1.836902400945E-01
 -3.668559868497E-01  7.135417134193E-01 -5.050537948061E-01 -2.596653127185E-01 -5.050537756728E-01 -2.596652694609E-01
 -4.105683593408E-01  7.985630904255E-01 -6.311237979427E-01 -3.244821169626E-01 -6.311238067560E-01 -3.244821467302E-01
 -4.425798146473E-01  8.608259660149E-01 -7.195515735720E-01 -3.699458725911E-01 -7.195515725729E-01 -3.699458591994E-01
 -4.572412379666E-01  8.893427068925E-01 -7.591695923918E-01 -3.903148270238E-01 -7.591695940569E-01 -3.903148272572E-01
 -2.925726402991E-01  4.054642402832E-01 -2.563825122242E-02 -1.849990741649E-02 -2.563825406943E-02 -1.849990933975E-02
 -3.113353019965E-01  4.314666319049E-01 -8.043693847436E-02 -5.804123032878E-02 -8.043696643807E-02 -5.804126063496E-02
 -3.523013182749E-01  4.882397281547E-01 -1.905510251366E-01 -1.374967775316E-01 -1.905509906195E-01 -1.374967281904E-01
 -4.082413480515E-01  5.657646862355E-01 -3.257790921286E-01 -2.350738378279E-01 -3.257791181678E-01 -2.350738913254E-01
 -4.694765728457E-01  6.506280346142E-01 -4.605226971403E-01 -3.323014526462E-01 -4.605226846035E-01 -3.323014075371E-01
 -5.254166026223E-01  7.281529926949E-01 -5.754769933452E-01 -4.152494719276E-01 -5.754769963204E-01 -4.152495029580E-01
 -5.663826189007E-01  7.849260889447E-01 -6.561080000740E-01 -4.734307883000E-01 -6.561079985404E-01 -4.734307748575E-01
 -5.851452805981E-01  8.109284805664E-01 -6.922328614361E-01 -4.994975519884E-01 -6.922328598746E-01 -4.994975521733E-01
 -3.353049415808E-01  3.709051039706E-01 -2.345301831554E-02 -2.120195377769E-02 -2.345301594194E-02 -2.120195180956E-02
 -3.568080225864E-01  3.946912207468E-01 -7.358101859302E-02 -6.651856380368E-02 -7.358104226147E-02 -6.651859684005E-02
 -4.037574149868E-01  4.466253472990E-01 -1.743096921616E-01 -1.575791498261E-01 -1.743096627660E-01 -1.575790968229E-01
 -4.678678813554E-01  5.175425818674E-01 -2.980118038807E-01 -2.694080383382E-01 -2.980118237088E-01 -2.694080940633E-01
 -5.380469433871E-01  5.951727300445E-01 -4.212707314807E-01 -3.808364223328E-01 -4.212707243785E-01 -3.808363759767E-01
 -6.021574097557E-01  6.660899646129E-01 -5.264270768294E-01 -4.758995957142E-01 -5.264270777710E-01 -4.758996268020E-01
 -6.491068021561E-01  7.180240911651E-01 -6.001856150995E-01 -5.425786980407E-01 -6.001856174656E-01 -5.425786845411E-01
 -6.706098831617E-01  7.418102079413E-01 -6.332314290949E-01 -5.724526987029E-01 -6.332314304323E-01 -5.724526988581E-01
 -3.535533905933E-01  3.535533905933E-01 -2.235583510423E-02 -2.235583510423E-02 -2.235583500238E-02 -2.235583500238E-02
 -3.762267432790E-01  3.762267432790E-01 -7.013874685718E-02 -7.013873299693E-02 -7.013876783154E-02 -7.013876783154E-02
 -4.257312832097E-01  4.257312832097E-01 -1.661551201152E-01 -1.661551479972E-01 -1.661550936461E-01 -1.661550936461E-01
 -4.933308618209E-01  4.933308618209E-01 -2.840701927529E-01 -2.840701531516E-01 -2.840702098224E-01 -2.840702098224E-01
 -5.673293099589E-01  5.673293099589E-01 -4.015628072634E-01 -4.015628491257E-01 -4.015628023644E-01 -4.015628023644E-01
 -6.349288885701E-01  6.349288885701E-01 -5.017997236599E-01 -5.017996915259E-01 -5.017997224994E-01 -5.017997224994E-01
 -6.844334285008E-01  6.844334285008E-01 -5.721076818492E-01 -5.721076977050E-01 -5.721076840643E-01 -5.721076840643E-01
 -7.071067811865E-01  7.071067811865E-01 -6.036075448171E-01 -6.036075451260E-01 -6.036075450644E-01 -6.036075450644E-01
 -3.535533905933E-01  3.535533905933E-01 -2.235583510423E-02 -2.235583510423E-02 -2.235583500238E-02 -2.235583500238E-02
 -3.762267432790E-01  3.762267432790E-01 -7.013874685718E-02 -7.013873299693E-02 -7.013876783154E-02 -7.013876783154E-02
 -4.257312832097E-01  4.257312832097E-01 -1.661551201152E-01 -1.661551479972E-01 -1.661550936461E-01 -1.661550936461E-01
 -4.933308618209E-01  4.933308618209E-01 -2.840701927529E-01 -2.840701531516E-01 -2.840702098224E-01 -2.840702098224E-01
 -5.673293099589E-01  5.673293099589E-01 -4.015628072634E-01 -4.015628491257E-01 -4.015628023644E-01 -4.015628023644E-01
 -6.349288885701E-01  6.349288885701E-01 -5.017997236599E-01 -5.017996915259E-01 -5.017997224994E-01 -5.017997224994E-01
 -6.844334285008E-01  6.844334285008E-01 -5.721076818492E-01 -5.721076977050E-01 -5.721076840643E-01 -5.721076840643E-01
 -7.071067811865E-01  7.071067811865E-01 -6.036075448171E-01 -6.036075451260E-01 -6.036075450644E-01 -6.036075450644E-01
 -3.709051039706E-01  3.353049415808E-01 -2.120194949250E-02 -2.345301357538E-02 -2.120195180956E-02 -2.345301594194E-02
 -3.946912207468E-01  3.568080225864E-01 -6.651857665420E-02 -7.358100689491E-02 -6.651859684005E-02 -7.358104226147E-02
 -4.466253472990E-01  4.037574149868E-01 -1.575791204636E-01 -1.743097179336E-01 -1.575790968229E-01 -1.743096627660E-01
 -5.175425818674E-01  4.678678813554E-01 -2.694080798034E-01 -2.980117659812E-01 -2.694080940633E-01 -2.980118237088E-01
 -5.951727300445E-01  5.380469433871E-01 -3.808363785695E-01 -4.212707713374E-01 -3.808363759767E-01 -4.212707243785E-01
 -6.660899646129E-01  6.021574097557E-01 -4.758996295519E-01 -5.264270473413E-01 -4.758996268020E-01 -5.264270777710E-01
 -7.180240911651E-01  6.491068021561E-01 -5.425786818014E-01 -6.001856317742E-01 -5.425786845411E-01 -6.001856174656E-01
 -7.418102079413E-01  6.706098831617E-01 -5.724526987284E-01 -6.332314315370E-01 -5.724526988581E-01 -6.332314304323E-01
 -4.054642402832E-01  2.925726402991E-01 -1.849991162635E-02 -2.563825705669E-02 -1.849990933975E-02 -2.563825406943E-02
 -4.314666319049E-01  3.113353019965E-01 -5.804124500130E-02 -8.043693071009E-02 -5.804126063496E-02 -8.043696643807E-02
 -4.882397281547E-01  3.523013182749E-01 -1.374967458782E-01 -1.905510492681E-01 -1.374967281904E-01 -1.905509906195E-01
 -5.657646862355E-01  4.082413480515E-01 -2.350738837999E-01 -3.257790599656E-01 -2.350738913254E-01 -3.257791181678E-01
 -6.506280346142E-01  4.694765728457E-01 -3.323014051896E-01 -4.605227316177E-01 -3.323014075371E-01 -4.605226846035E-01
 -7.281529926949E-01  5.254166026223E-01 -4.152495093337E-01 -5.754769654177E-01 -4.152495029580E-01 -5.754769963204E-01
 -7.849260889447E-01  5.663826189007E-01 -4.734307708873E-01 -6.561080104593E-01 -4.734307748575E-01 -6.561079985404E-01
 -8.109284805664E-01  5.851452805981E-01 -4.994975522108E-01 -6.922328584441E-01 -4.994975521733E-01 -6.922328598746E-01
 -4.446713534462E-01  2.286206189833E-01 -1.445610281999E-02 -2.811738890556E-02 -1.445610471323E-02 -2.811739237248E-02
 -4.731880943238E-01  2.432820423025E-01 -4.535429445465E-02 -8.821492647452E-02 -4.535430558158E-02 -8.821496738687E-02
 -5.354509699132E-01  2.752934976090E-01 -1.074419998116E-01 -2.089767293197E-01 -1.074419914143E-01 -2.089766703966E-01
 -6.204723469194E-01  3.190058701001E-01 -1.836902409396E-01 -3.572808713862E-01 -1.836902400945E-01 -3.572809313566E-01
 -7.135417134193E-01  3.668559868497E-01 -2.596652597761E-01 -5.050538212879E-01 -2.596652694609E-01 -5.050537756728E-01
 -7.985630904255E-01  4.105683593408E-01 -3.244821574413E-01 -6.311237778473E-01 -3.244821467302E-01 -6.311238067560E-01
 -8.608259660149E-01  4.425798146473E-01 -3.699458534886E-01 -7.195515857276E-01 -3.699458591994E-01 -7.195515725729E-01
 -8.893427068925E-01  4.572412379666E-01 -3.903148276809E-01 -7.591695952567E-01 -3.903148272572E-01 -7.591695940569E-01
 -4.760893194234E-01  1.527709394191E-01 -9.659990423753E-03 -3.010401215513E-02 -9.659989143595E-03 -3.010400848813E-02
 -5.066208921261E-01  1.625681284201E-01 -3.030706157121E-02 -9.444769994303E-02 -3.030706460866E-02 -9.444773867415E-02
 -5.732829107945E-01  1.839591128426E-01 -7.179585910309E-02 -2.237418426001E-01 -7.179586003402E-02 -2.237417814604E-01
 -6.643114180315E-01  2.131689900593E-01 -1.227471658242E-01 -3.825243261754E-01 -1.227471549423E-01 -3.825243837595E-01
 -7.639565402386E-01  2.451438281979E-01 -1.735158597092E-01 -5.407380666335E-01 -1.735158767677E-01 -5.407380225165E-01
 -8.549850474757E-01  2.743537054146E-01 -2.168284120155E-01 -6.757154225715E-01 -2.168283971986E-01 -6.757154498523E-01
 -9.216470661440E-01  2.957446898372E-01 -2.472085619051E-01 -7.703910322673E-01 -2.472085706680E-01 -7.703910220915E-01
 -9.521786388467E-01  3.055418788382E-01 -2.608197058647E-01 -8.128082278371E-01 -2.608197068771E-01 -8.128082291795E-01
 -4.935866117780E-01  7.982641588779E-02 -5.047571311613E-03 -3.121039128266E-02 -5.047571964801E-03 -3.121039465575E-02
 -5.252402845402E-01  8.494567801117E-02 -1.583615709921E-02 -9.791885220699E-02 -1.583615544284E-02 -9.791889341002E-02
 -5.943522737960E-01  9.612297144970E-02 -3.751501825230E-02 -2.319648258200E-01 -3.751502873446E-02 -2.319647665232E-01
 -6.887262717609E-01  1.113858206250E-01 -6.413830040524E-02 -3.965829100206E-01 -6.413828098936E-02 -3.965829662615E-01
 -7.920335635732E-01  1.280934270383E-01 -9.066611147401E-02 -5.606113326025E-01 -9.066613450607E-02 -5.606112918406E-01
 -8.864075615381E-01  1.433562762137E-01 -1.132979669271E-01 -7.005494018954E-01 -1.132979470891E-01 -7.005494259410E-01
 -9.555195507939E-01  1.545335696522E-01 -1.291722952136E-01 -7.987045368725E-01 -1.291723036345E-01 -7.987045262828E-01
 -9.871732235560E-01  1.596528317756E-01 -1.362844442845E-01 -8.426806566787E-01 -1.362844430496E-01 -8.426806557053E-01
 -4.993659121515E-01  2.517311623718E-02 -1.591742999604E-03 -3.157583358082E-02 -1.591742712890E-03 -3.157583051075E-02
 -5.313902110175E-01  2.678746631225E-02 -4.993909673362E-03 -9.906536475411E-02 -4.993903049249E-03 -9.906540485047E-02
 -6.013114178165E-01  3.031220563338E-02 -1.183027993832E-02 -2.346808507696E-01 -1.183029663139E-02 -2.346807925049E-01
 -6.967904207970E-01  3.512531758546E-02 -2.022591658254E-02 -4.012264182128E-01 -2.022589119957E-02 -4.012264716369E-01
 -8.013073156575E-01  4.039403112607E-02 -2.859137419105E-02 -5.671754076998E-01 -2.859140194776E-02 -5.671753698991E-01
 -8.967863186381E-01  4.520714307816E-02 -3.572832453285E-02 -7.087519871197E-01 -3.572830321628E-02 -7.087520097680E-01
 -9.667075254371E-01  4.873188239929E-02 -4.073424169557E-02 -8.080563951194E-01 -4.073425291430E-02 -8.080563872468E-01
 -9.987318243030E-01  5.034623247436E-02 -4.297705241214E-02 -8.525474227348E-01 -4.297705324802E-02 -8.525474237903E-01
 -5.000000000000E-01  8.326672684689E-17  2.681498255045E-17 -3.161592520258E-02 -5.265109191724E-18 -3.161592505855E-02
 -5.320649628726E-01  8.860661585662E-17 -9.800675027600E-09 -9.919115725260E-02 -1.651865256505E-17 -9.919119671550E-02
 -6.020749546417E-01  1.002656215790E-16  1.971551935476E-08 -2.349788440402E-01 -3.913182892586E-17 -2.349787868917E-01
 -6.976751955244E-01  1.161862598672E-16 -2.800237686447E-08 -4.017358912548E-01 -6.690247412682E-17 -4.017359433970E-01
 -8.023248044756E-01  1.336139206735E-16  2.960113370074E-08 -5.678955977776E-01 -9.457360915204E-17 -5.678955612483E-01
 -8.979250453583E-01  1.495345589617E-16 -2.272217963573E-08 -7.096519520728E-01 -1.181807940099E-16 -7.096519731536E-01
 -9.679350371274E-01  1.611935646840E-16  1.121170399559E-08 -8.090824540207E-01 -1.347392940457E-16 -8.090824459416E-01
 -1.000000000000E+00  1.665334536938E-16  2.184162037176E-10 -8.536299764495E-01 -1.421579481765E-16 -8.536299765808E-01
 -5.000000000000E-01  8.326672684689E-17  2.681498255045E-17 -3.161592520258E-02 -5.265109191724E-18 -3.161592505855E-02
 -5.320649628726E-01  8.860661585662E-17 -9.800675027600E-09 -9.919115725260E-02 -1.651865256505E-17 -9.919119671550E-02
 -6.020749546417E-01  1.002656215790E-16  1.971551935476E-08 -2.349788440402E-01 -3.913182892586E-17 -2.349787868917E-01
 -6.976751955244E-01  1.161862598672E-16 -2.800237686447E-08 -4.017358912548E-01 -6.690247412682E-17 -4.017359433970E-01
 -8.023248044756E-01  1.336139206735E-16  2.960113370074E-08 -5.678955977776E-01 -9.457360915204E-17 -5.678955612483E-01
 -8.979250453583E-01  1.495345589617E-16 -2.272217963573E-08 -7.096519520728E-01 -1.181807940099E-16 -7.096519731536E-01
 -9.679350371274E-01  1.611935646840E-16  1.121170399559E-08 -8.090824540207E-01 -1.347392940457E-16 -8.090824459416E-01
 -1.000000000000E+00  1.665334536938E-16  2.184162037176E-10 -8.536299764495E-01 -1.421579481765E-16 -8.536299765808E-01
 -4.993659121515E-01 -2.517311623718E-02  1.591742677892E-03 -3.157582719894E-02  1.591742712890E-03 -3.157583051075E-02
 -5.313902110175E-01 -2.678746631225E-02  4.993892314863E-03 -9.906536556898E-02  4.993903049249E-03 -9.906540485047E-02
 -6.013114178165E-01 -3.031220563338E-02  1.183031892435E-02 -2.346808482308E-01  1.183029663139E-02 -2.346807925049E-01
 -6.967904207970E-01 -3.512531758546E-02  2.022586046326E-02 -4.012264207341E-01  2.022589119957E-02 -4.012264716369E-01
 -8.013073156575E-01 -4.039403112607E-02  2.859143331937E-02 -5.671754049374E-01  2.859140194776E-02 -5.671753698991E-01
 -8.967863186381E-01 -4.520714307816E-02  3.572827975473E-02 -7.087519901953E-01  3.572830321628E-02 -7.087520097680E-01
 -9.667075254371E-01 -4.873188239929E-02  4.073426496918E-02 -8.080563954273E-01  4.073425291430E-02 -8.080563872468E-01
 -9.987318243030E-01 -5.034623247436E-02  4.297705412086E-02 -8.525474244797E-01  4.297705324802E-02 -8.525474237903E-01
 -4.935866117780E-01 -7.982641588779E-02  5.047572460244E-03 -3.121039838493E-02  5.047571964801E-03 -3.121039465575E-02
 -5.252402845402E-01 -8.494567801117E-02  1.583614123401E-02 -9.791885709186E-02  1.583615544284E-02 -9.791889341002E-02
 -5.943522737960E-01 -9.612297144970E-02  3.751505769808E-02 -2.319648205012E-01  3.751502873446E-02 -2.319647665232E-01
 -6.887262717609E-01 -1.113858206250E-01  6.413824515546E-02 -3.965829197850E-01  6.413828098936E-02 -3.965829662615E-01
 -7.920335635732E-01 -1.280934270383E-01  9.066616941005E-02 -5.606113234248E-01  9.066613450607E-02 -5.606112918406E-01
 -8.864075615381E-01 -1.433562762137E-01  1.132979207293E-01 -7.005494085978E-01  1.132979470891E-01 -7.005494259410E-01
 -9.555195507939E-01 -1.545335696522E-01  1.291723148698E-01 -7.987045319033E-01  1.291723036345E-01 -7.987045262828E-01
 -9.871732235560E-01 -1.596528317756E-01  1.362844420117E-01 -8.426806547203E-01  1.362844430496E-01 -8.426806557053E-01
 -4.760893194234E-01 -1.527709394191E-01  9.659988030834E-03 -3.010400469793E-02  9.659989143595E-03 -3.010400848813E-02
 -5.066208921261E-01 -1.625681284201E-01  3.030704354719E-02 -9.444770187682E-02  3.030706460866E-02 -9.444773867415E-02
 -5.732829107945E-01 -1.839591128426E-01  7.179589576111E-02 -2.237418290631E-01  7.179586003402E-02 -2.237417814604E-01
 -6.643114180315E-01 -2.131689900593E-01  1.227471119392E-01 -3.825243419516E-01  1.227471549423E-01 -3.825243837595E-01
 -7.639565402386E-01 -2.451438281979E-01  1.735159158706E-01 -5.407380479231E-01  1.735158767677E-01 -5.407380225165E-01
 -8.549850474757E-01 -2.743537054146E-01  2.168283691832E-01 -6.757154369847E-01  2.168283971986E-01 -6.757154498523E-01
 -9.216470661440E-01 -2.957446898372E-01  2.472085840079E-01 -7.703910273552E-01  2.472085706680E-01 -7.703910220915E-01
 -9.521786388467E-01 -3.055418788382E-01  2.608197074258E-01 -8.128082303275E-01  2.608197068771E-01 -8.128082291795E-01
 -4.446713534462E-01 -2.286206189833E-01  1.445610640098E-02 -2.811739587065E-02  1.445610471323E-02 -2.811739237248E-02
 -4.731880943238E-01 -2.432820423025E-01  4.535428034235E-02 -8.821493785203E-02  4.535430558158E-02 -8.821496738687E-02
 -5.354509699132E-01 -2.752934976090E-01  1.074420353048E-01 -2.089767129706E-01  1.074419914143E-01 -2.089766703966E-01
 -6.204723469194E-01 -3.190058701001E-01  1.836901916817E-01 -3.572808983331E-01  1.836902400945E-01 -3.572809313566E-01
 -7.135417134193E-01 -3.668559868497E-01  2.596653127185E-01 -5.050537948061E-01  2.596652694609E-01 -5.050537756728E-01
 -7.985630904255E-01 -4.105683593408E-01  3.244821169626E-01 -6.311237979427E-01  3.244821467302E-01 -6.311238067560E-01
 -8.608259660149E-01 -4.425798146473E-01  3.699458725911E-01 -7.195515735720E-01  3.699458591994E-01 -7.195515725729E-01
 -8.893427068925E-01 -4.572412379666E-01  3.903148270238E-01 -7.591695923918E-01  3.903148272572E-01 -7.591695940569E-01
 -4.054642402832E-01 -2.925726402991E-01  1.849990741649E-02 -2.563825122242E-02  1.849990933975E-02 -2.563825406943E-02
 -4.314666319049E-01 -3.113353019965E-01  5.804123032878E-02 -8.043693847436E-02  5.804126063496E-02 -8.043696643807E-02
 -4.882397281547E-01 -3.523013182749E-01  1.374967775316E-01 -1.905510251366E-01  1.374967281904E-01 -1.905509906195E-01
 -5.657646862355E-01 -4.082413480515E-01  2.350738378279E-01 -3.257790921286E-01  2.350738913254E-01 -3.257791181678E-01
 -6.506280346142E-01 -4.694765728457E-01  3.323014526462E-01 -4.605226971403E-01  3.323014075371E-01 -4.605226846035E-01
 -7.281529926949E-01 -5.254166026223E-01  4.152494719276E-01 -5.754769933452E-01  4.152495029580E-01 -5.754769963204E-01
 -7.849260889447E-01 -5.663826189007E-01  4.734307883000E-01 -6.561080000740E-01  4.734307748575E-01 -6.561079985404E-01
 -8.109284805664E-01 -5.851452805981E-01  4.994975519884E-01 -6.922328614361E-01  4.994975521733E-01 -6.922328598746E-01
 -3.709051039706E-01 -3.353049415808E-01  2.120195377769E-02 -2.345301831554E-02  2.120195180956E-02 -2.345301594194E-02
 -3.946912207468E-01 -3.568080225864E-01  6.651856380368E-02 -7.358101859302E-02  6.651859684005E-02 -7.358104226147E-02
 -4.466253472990E-01 -4.037574149868E-01  1.575791498261E-01 -1.743096921616E-01  1.575790968229E-01 -1.743096627660E-01
 -5.175425818674E-01 -4.678678813554E-01  2.694080383382E-01 -2.980118038807E-01  2.694080940633E-01 -2.980118237088E-01
 -5.951727300445E-01 -5.380469433871E-01  3.808364223328E-01 -4.212707314807E-01  3.808363759767E-01 -4.212707243785E-01
 -6.660899646129E-01 -6.021574097557E-01  4.758995957142E-01 -5.264270768294E-01  4.758996268020E-01 -5.264270777710E-01
 -7.180240911651E-01 -6.491068021561E-01  5.425786980407E-01 -6.001856150995E-01  5.425786845411E-01 -6.001856174656E-01
 -7.418102079413E-01 -6.706098831617E-01  5.724526987029E-01 -6.332314290949E-01  5.724526988581E-01 -6.332314304323E-01
 -3.535533905933E-01 -3.535533905933E-01  2.235583510423E-02 -2.235583510423E-02  2.235583500238E-02 -2.235583500238E-02
 -3.762267432790E-01 -3.762267432790E-01  7.013873299693E-02 -7.013874685718E-02  7.013876783154E-02 -7.013876783154E-02
 -4.257312832097E-01 -4.257312832097E-01  1.661551479972E-01 -1.661551201152E-01  1.661550936461E-01 -1.661550936461E-01
 -4.933308618209E-01 -4.933308618209E-01  2.840701531516E-01 -2.840701927529E-01  2.840702098224E-01 -2.840702098224E-01
 -5.673293099589E-01 -5.673293099589E-01  4.015628491257E-01 -4.015628072634E-01  4.015628023644E-01 -4.015628023644E-01
 -6.349288885701E-01 -6.349288885701E-01  5.017996915259E-01 -5.017997236599E-01  5.017997224994E-01 -5.017997224994E-01
 -6.844334285008E-01 -6.844334285008E-01  5.721076977050E-01 -5.721076818492E-01  5.721076840643E-01 -5.721076840643E-01
 -7.071067811865E-01 -7.071067811865E-01  6.036075451260E-01 -6.036075448171E-01  6.036075450644E-01 -6.036075450644E-01
 -3.535533905933E-01 -3.535533905933E-01  2.235583510423E-02 -2.235583510423E-02  2.235583500238E-02 -2.235583500238E-02
 -3.762267432790E-01 -3.762267432790E-01  7.013873299693E-02 -7.013874685718E-02  7.013876783154E-02 -7.013876783154E-02
 -4.257312832097E-01 -4.257312832097E-01  1.661551479972E-01 -1.661551201152E-01  1.661550936461E-01 -1.661550936461E-01
 -4.933308618209E-01 -4.933308618209E-01  2.840701531516E-01 -2.840701927529E-01  2.840702098224E-01 -2.840702098224E-01
 -5.673293099589E-01 -5.673293099589E-01  4.015628491257E-01 -4.015628072634E-01  4.015628023644E-01 -4.015628023644E-01
 -6.349288885701E-01 -6.349288885701E-01  5.017996915259E-01 -5.017997236599E-01  5.017997224994E-01 -5.017997224994E-01
 -6.844334285008E-01 -6.844334285008E-01  5.721076977050E-01 -5.721076818492E-01  5.721076840643E-01 -5.721076840643E-01
 -7.071067811865E-01 -7.071067811865E-01  6.036075451260E-01 -6.036075448171E-01  6.036075450644E-01 -6.036075450644E-01
 -3.353049415808E-01 -3.709051039706E-01  2.345301357538E-02 -2.120194949250E-02  2.345301594194E-02 -2.120195180956E-02
 -3.568080225864E-01 -3.946912207468E-01  7.358100689491E-02 -6.651857665420E-02  7.358104226147E-02 -6.651859684005E-02
 -4.037574149868E-01 -4.466253472990E-01  1.743097179336E-01 -1.575791204636E-01  1.743096627660E-01 -1.575790968229E-01
 -4.678678813554E-01 -5.175425818674E-01  2.980117659812E-01 -2.694080798034E-01  2.980118237088E-01 -2.694080940633E-01
 -5.380469433871E-01 -5.951727300445E-01  4.212707713374E-01 -3.808363785695E-01  4.212707243785E-01 -3.808363759767E-01
 -6.021574097557E-01 -6.660899646129E-01  5.264270473413E-01 -4.758996295519E-01  5.264270777710E-01 -4.758996268020E-01
 -6.491068021561E-01 -7.180240911651E-01  6.001856317742E-01 -5.425786818014E-01  6.001856174656E-01 -5.425786845411E-01
 -6.706098831617E-01 -7.418102079413E-01  6.332314315370E-01 -5.724526987284E-01  6.332314304323E-01 -5.724526988581E-01
 -2.925726402991E-01 -4.054642402832E-01  2.563825705669E-02 -1.849991162635E-02  2.563825406943E-02 -1.849990933975E-02
 -3.113353019965E-01 -4.314666319049E-01  8.043693071009E-02 -5.804124500130E-02  8.043696643807E-02 -5.804126063496E-02
 -3.523013182749E-01 -4.882397281547E-01  1.905510492681E-01 -1.374967458782E-01  1.905509906195E-01 -1.374967281904E-01
 -4.082413480515E-01 -5.657646862355E-01  3.257790599656E-01 -2.350738837999E-01  3.257791181678E-01 -2.350738913254E-01
 -4.694765728457E-01 -6.506280346142E-01  4.605227316177E-01 -3.323014051896E-01  4.605226846035E-01 -3.323014075371E-01
 -5.254166026223E-01 -7.281529926949E-01  5.754769654177E-01 -4.152495093337E-01  5.754769963204E-01 -4.152495029580E-01
 -5.663826189007E-01 -7.849260889447E-01  6.561080104593E-01 -4.734307708873E-01  6.561079985404E-01 -4.734307748575E-01
 -5.851452805981E-01 -8.109284805664E-01  6.922328584441E-01 -4.994975522108E-01  6.922328598746E-01 -4.994975521733E-01
 -2.286206189833E-01 -4.446713534462E-01  2.811738890556E-02 -1.445610281999E-02  2.811739237248E-02 -1.445610471323E-02
 -2.432820423025E-01 -4.731880943238E-01  8.821492647452E-02 -4.535429445465E-02  8.821496738687E-02 -4.535430558158E-02
 -2.752934976090E-01 -5.354509699132E-01  2.089767293197E-01 -1.074419998116E-01  2.089766703966E-01 -1.074419914143E-01
 -3.190058701001E-01 -6.204723469194E-01  3.572808713862E-01 -1.836902409396E-01  3.572809313566E-01 -1.836902400945E-01
 -3.668559868497E-01 -7.135417134193E-01  5.050538212879E-01 -2.596652597761E-01  5.050537756728E-01 -2.596652694609E-01
 -4.105683593408E-01 -7.985630904255E-01  6.311237778473E-01 -3.244821574413E-01  6.311238067560E-01 -3.244821467302E-01
 -4.425798146473E-01 -8.608259660149E-01  7.195515857276E-01 -3.699458534886E-01  7.195515725729E-01 -3.699458591994E-01
 -4.572412379666E-01 -8.893427068925E-01  7.591695952567E-01 -3.903148276809E-01  7.591695940569E-01 -3.903148272572E-01
 -1.527709394191E-01 -4.760893194234E-01  3.010401215513E-02 -9.659990423753E-03  3.010400848813E-02 -9.659989143595E-03
 -1.625681284201E-01 -5.066208921261E-01  9.444769994303E-02 -3.030706157121E-02  9.444773867415E-02 -3.030706460866E-02
 -1.839591128426E-01 -5.732829107945E-01  2.237418426001E-01 -7.179585910309E-02  2.237417814604E-01 -7.179586003402E-02
 -2.131689900593E-01 -6.643114180315E-01  3.825243261754E-01 -1.227471658242E-01  3.825243837595E-01 -1.227471549423E-01
 -2.451438281979E-01 -7.639565402386E-01  5.407380666335E-01 -1.735158597092E-01  5.407380225165E-01 -1.735158767677E-01
 -2.743537054146E-01 -8.549850474757E-01  6.757154225715E-01 -2.168284120155E-01  6.757154498523E-01 -2.168283971986E-01
 -2.957446898372E-01 -9.216470661440E-01  7.703910322673E-01 -2.472085619051E-01  7.703910220915E-01 -2.472085706680E-01
 -3.055418788382E-01 -9.521786388467E-01  8.128082278371E-01 -2.608197058647E-01  8.128082291795E-01 -2.608197068771E-01
 -7.982641588779E-02 -4.935866117780E-01  3.121039128266E-02 -5.047571311613E-03  3.121039465575E-02 -5.047571964801E-03
 -8.494567801117E-02 -5.252402845402E-01  9.791885220699E-02 -1.583615709921E-02  9.791889341003E-02 -1.583615544284E-02
 -9.612297144970E-02 -5.943522737960E-01  2.319648258200E-01 -3.751501825230E-02  2.319647665232E-01 -3.751502873446E-02
 -1.113858206250E-01 -6.887262717609E-01  3.965829100206E-01 -6.413830040524E-02  3.965829662615E-01 -6.413828098936E-02
 -1.280934270383E-01 -7.920335635732E-01  5.606113326025E-01 -9.066611147401E-02  5.606112918406E-01 -9.066613450607E-02
 -1.433562762137E-01 -8.864075615381E-01  7.005494018954E-01 -1.132979669271E-01  7.005494259410E-01 -1.132979470891E-01
 -1.545335696522E-01 -9.555195507939E-01  7.987045368725E-01 -1.291722952136E-01  7.987045262828E-01 -1.291723036345E-01
 -1.596528317756E-01 -9.871732235560E-01  8.426806566787E-01 -1.362844442845E-01  8.426806557053E-01 -1.362844430496E-01
 -2.517311623718E-02 -4.993659121515E-01  3.157583358082E-02 -1.591742999604E-03  3.157583051075E-02 -1.591742712890E-03
 -2.678746631225E-02 -5.313902110175E-01  9.906536475411E-02 -4.993909673362E-03  9.906540485047E-02 -4.993903049249E-03
 -3.031220563338E-02 -6.013114178165E-01  2.346808507696E-01 -1.183027993832E-02  2.346807925049E-01 -1.183029663139E-02
 -3.512531758547E-02 -6.967904207970E-01  4.012264182128E-01 -2.022591658254E-02  4.012264716369E-01 -2.022589119957E-02
 -4.039403112608E-02 -8.013073156575E-01  5.671754076998E-01 -2.859137419105E-02  5.671753698991E-01 -2.859140194776E-02
 -4.520714307816E-02 -8.967863186381E-01  7.087519871197E-01 -3.572832453285E-02  7.087520097680E-01 -3.572830321628E-02
 -4.873188239929E-02 -9.667075254371E-01  8.080563951194E-01 -4.073424169557E-02  8.080563872468E-01 -4.073425291430E-02
 -5.034623247436E-02 -9.987318243030E-01  8.525474227348E-01 -4.297705241214E-02  8.525474237903E-01 -4.297705324802E-02
 -1.081617080995E-16 -5.000000000000E-01  3.161592520258E-02 -2.681498260275E-17  3.161592505855E-02 -6.839264914954E-18
 -1.150981104084E-16 -5.320649628726E-01  9.919115725260E-02 -9.800674970409E-09  9.919119671550E-02 -2.145737853036E-17
 -1.302429109959E-16 -6.020749546417E-01  2.349788440402E-01  1.971551944257E-08  2.349787868917E-01 -5.083141391470E-17
 -1.509234816931E-16 -6.976751955244E-01  4.017358912548E-01 -2.800237677102E-08  4.017359433970E-01 -8.690489168553E-17
 -1.735616426053E-16 -8.023248044756E-01  5.678955977776E-01  2.960113377577E-08  5.678955612483E-01 -1.228491078534E-16
 -1.942422133025E-16 -8.979250453583E-01  7.096519520728E-01 -2.272217962823E-08  7.096519731536E-01 -1.535143391449E-16
 -2.093870138900E-16 -9.679350371274E-01  8.090824540207E-01  1.121170388637E-08  8.090824459416E-01 -1.750234786927E-16
 -2.163234161989E-16 -1.000000000000E+00  8.536299764495E-01  2.184160412886E-10  8.536299765808E-01 -1.846601527038E-16
 -1.081617080995E-16 -5.000000000000E-01  3.161592520258E-02 -2.681498260275E-17  3.161592505855E-02 -6.839264914954E-18
 -1.150981104084E-16 -5.320649628726E-01  9.919115725260E-02 -9.800674970409E-09  9.919119671550E-02 -2.145737853036E-17
 -1.302429109959E-16 -6.020749546417E-01  2.349788440402E-01  1.971551944257E-08  2.349787868917E-01 -5.083141391470E-17
 -1.509234816931E-16 -6.976751955244E-01  4.017358912548E-01 -2.800237677102E-08  4.017359433970E-01 -8.690489168553E-17
 -1.735616426053E-16 -8.023248044756E-01  5.678955977776E-01  2.960113377577E-08  5.678955612483E-01 -1.228491078534E-16
 -1.942422133025E-16 -8.979250453583E-01  7.096519520728E-01 -2.272217962823E-08  7.096519731536E-01 -1.535143391449E-16
 -2.093870138900E-16 -9.679350371274E-01  8.090824540207E-01  1.121170388637E-08  8.090824459416E-01 -1.750234786927E-16
 -2.163234161989E-16 -1.000000000000E+00  8.536299764495E-01  2.184160412886E-10  8.536299765808E-01 -1.846601527038E-16
  2.517311623718E-02 -4.993659121515E-01  3.157582719894E-02  1.591742677892E-03  3.157583051075E-02  1.591742712890E-03
  2.678746631225E-02 -5.313902110175E-01  9.906536556898E-02  4.993892314863E-03  9.906540485047E-02  4.993903049249E-03
  3.031220563338E-02 -6.013114178165E-01  2.346808482308E-01  1.183031892435E-02  2.346807925049E-01  1.183029663139E-02
  3.512531758546E-02 -6.967904207970E-01  4.012264207341E-01  2.022586046326E-02  4.012264716369E-01  2.022589119957E-02
  4.039403112607E-02 -8.013073156575E-01  5.671754049374E-01  2.859143331937E-02  5.671753698991E-01  2.859140194776E-02
  4.520714307816E-02 -8.967863186381E-01  7.087519901953E-01  3.572827975473E-02  7.087520097680E-01  3.572830321628E-02
  4.873188239929E-02 -9.667075254371E-01  8.080563954273E-01  4.073426496918E-02  8.080563872468E-01  4.073425291430E-02
  5.034623247436E-02 -9.987318243030E-01  8.525474244797E-01  4.297705412086E-02  8.525474237903E-01  4.297705324802E-02
  7.982641588779E-02 -4.935866117780E-01  3.121039838493E-02  5.047572460244E-03  3.121039465575E-02  5.047571964801E-03
  8.494567801117E-02 -5.252402845402E-01  9.791885709186E-02  1.583614123401E-02  9.791889341002E-02  1.583615544284E-02
  9.612297144970E-02 -5.943522737960E-01  2.319648205012E-01  3.751505769808E-02  2.319647665232E-01  3.751502873446E-02
  1.113858206250E-01 -6.887262717609E-01  3.965829197850E-01  6.413824515546E-02  3.965829662615E-01  6.413828098936E-02
  1.280934270383E-01 -7.920335635732E-01  5.606113234248E-01  9.066616941005E-02  5.606112918406E-01  9.066613450607E-02
  1.433562762137E-01 -8.864075615381E-01  7.005494085978E-01  1.132979207293E-01  7.005494259410E-01  1.132979470891E-01
  1.545335696522E-01 -9.555195507939E-01  7.987045319033E-01  1.291723148698E-01  7.987045262828E-01  1.291723036345E-01
  1.596528317756E-01 -9.871732235560E-01  8.426806547203E-01  1.362844420117E-01  8.426806557053E-01  1.362844430496E-01
  1.527709394191E-01 -4.760893194234E-01  3.010400469793E-02  9.659988030834E-03  3.010400848813E-02  9.659989143595E-03
  1.625681284201E-01 -5.066208921261E-01  9.444770187682E-02  3.030704354719E-02  9.444773867415E-02  3.030706460866E-02
  1.839591128426E-01 -5.732829107945E-01  2.237418290631E-01  7.179589576111E-02  2.237417814604E-01  7.179586003402E-02
  2.131689900593E-01 -6.643114180315E-01  3.825243419516E-01  1.227471119392E-01  3.825243837595E-01  1.227471549423E-01
  2.451438281979E-01 -7.639565402386E-01  5.407380479231E-01  1.735159158706E-01  5.407380225165E-01  1.735158767677E-01
  2.743537054146E-01 -8.549850474757E-01  6.757154369847E-01  2.168283691832E-01  6.757154498523E-01  2.168283971986E-01
  2.957446898372E-01 -9.216470661440E-01  7.703910273552E-01  2.472085840079E-01  7.703910220915E-01  2.472085706680E-01
  3.055418788382E-01 -9.521786388467E-01  8.128082303275E-01  2.608197074258E-01  8.128082291795E-01  2.608197068771E-01
  2.286206189833E-01 -4.446713534462E-01  2.811739587065E-02  1.445610640098E-02  2.811739237248E-02  1.445610471323E-02
  2.432820423025E-01 -4.731880943238E-01  8.821493785203E-02  4.535428034235E-02  8.821496738687E-02  4.535430558158E-02
  2.752934976090E-01 -5.354509699132E-01  2.089767129706E-01  1.074420353048E-01  2.089766703966E-01  1.074419914143E-01
  3.190058701001E-01 -6.204723469194E-01  3.572808983331E-01  1.836901916817E-01  3.572809313566E-01  1.836902400945E-01
  3.668559868497E-01 -7.135417134193E-01  5.050537948061E-01  2.596653127185E-01  5.050537756728E-01  2.596652694609E-01
  4.105683593408E-01 -7.985630904255E-01  6.311237979427E-01  3.244821169626E-01  6.311238067560E-01  3.244821467302E-01
  4.425798146473E-01 -8.608259660149E-01  7.195515735720E-01  3.699458725911E-01  7.195515725729E-01  3.699458591994E-01
  4.572412379666E-01 -8.893427068925E-01  7.591695923918E-01  3.903148270238E-01  7.591695940569E-01  3.903148272572E-01
  2.925726402991E-01 -4.054642402832E-01  2.563825122242E-02  1.849990741649E-02  2.563825406943E-02  1.849990933975E-02
  3.113353019965E-01 -4.314666319049E-01  8.043693847436E-02  5.804123032878E-02  8.043696643807E-02  5.804126063496E-02
  3.523013182749E-01 -4.882397281547E-01  1.905510251366E-01  1.374967775316E-01  1.905509906195E-01  1.374967281904E-01
  4.082413480515E-01 -5.657646862355E-01  3.257790921286E-01  2.350738378279E-01  3.257791181678E-01  2.350738913254E-01
  4.694765728457E-01 -6.506280346142E-01  4.605226971403E-01  3.323014526462E-01  4.605226846035E-01  3.323014075371E-01
  5.254166026223E-01 -7.281529926949E-01  5.754769933452E-01  4.152494719276E-01  5.754769963204E-01  4.152495029580E-01
  5.663826189007E-01 -7.849260889447E-01  6.561080000740E-01  4.734307883000E-01  6.561079985404E-01  4.734307748575E-01
  5.851452805981E-01 -8.109284805664E-01  6.922328614361E-01  4.994975519884E-01  6.922328598746E-01  4.994975521733E-01
  3.353049415808E-01 -3.709051039706E-01  2.345301831554E-02  2.120195377769E-02  2.345301594194E-02  2.120195180956E-02
  3.568080225864E-01 -3.946912207468E-01  7.358101859302E-02  6.651856380368E-02  7.358104226147E-02  6.651859684005E-02
  4.037574149868E-01 -4.466253472990E-01  1.743096921616E-01  1.575791498261E-01  1.743096627660E-01  1.575790968229E-01
  4.678678813554E-01 -5.175425818674E-01  2.980118038807E-01  2.694080383382E-01  2.980118237088E-01  2.694080940633E-01
  5.380469433871E-01 -5.951727300445E-01  4.212707314807E-01  3.808364223328E-01  4.212707243785E-01  3.808363759767E-01
  6.021574097557E-01 -6.660899646129E-01  5.264270768294E-01  4.758995957142E-01  5.264270777710E-01  4.758996268020E-01
  6.491068021561E-01 -7.180240911651E-01  6.001856150995E-01  5.425786980407E-01  6.001856174656E-01  5.425786845411E-01
  6.706098831617E-01 -7.418102079413E-01  6.332314290949E-01  5.724526987029E-01  6.332314304323E-01  5.724526988581E-01
  3.535533905933E-01 -3.535533905933E-01  2.235583510423E-02  2.235583510423E-02  2.235583500238E-02  2.235583500238E-02
  3.762267432790E-01 -3.762267432790E-01  7.013874685718E-02  7.013873299693E-02  7.013876783154E-02  7.013876783154E-02
  4.257312832097E-01 -4.257312832097E-01  1.661551201152E-01  1.661551479972E-01  1.661550936461E-01  1.661550936461E-01
  4.933308618209E-01 -4.933308618209E-01  2.840701927529E-01  2.840701531516E-01  2.840702098224E-01  2.840702098224E-01
  5.673293099589E-01 -5.673293099589E-01  4.015628072634E-01  4.015628491257E-01  4.015628023644E-01  4.015628023644E-01
  6.349288885701E-01 -6.349288885701E-01  5.017997236599E-01  5.017996915259E-01  5.017997224994E-01  5.017997224994E-01
  6.844334285008E-01 -6.844334285008E-01  5.721076818492E-01  5.721076977050E-01  5.721076840643E-01  5.721076840643E-01
  7.071067811865E-01 -7.071067811865E-01  6.036075448171E-01  6.036075451260E-01  6.036075450644E-01  6.036075450644E-01
  3.535533905933E-01 -3.535533905933E-01  2.235583510423E-02  2.235583510423E-02  2.235583500238E-02  2.235583500238E-02
  3.762267432790E-01 -3.762267432790E-01  7.013874685718E-02  7.013873299693E-02  7.013876783154E-02  7.013876783154E-02
  4.257312832097E-01 -4.257312832097E-01  1.661551201152E-01  1.661551479972E-01  1.661550936461E-01  1.661550936461E-01
  4.933308618209E-01 -4.933308618209E-01  2.840701927529E-01  2.840701531516E-01  2.840702098224E-01  2.840702098224E-01
  5.673293099589E-01 -5.673293099589E-01  4.015628072634E-01  4.015628491257E-01  4.015628023644E-01  4.015628023644E-01
  6.349288885701E-01 -6.349288885701E-01  5.017997236599E-01  5.017996915259E-01  5.017997224994E-01  5.017997224994E-01
  6.844334285008E-01 -6.844334285008E-01  5.721076818492E-01  5.721076977050E-01  5.721076840643E-01  5.721076840643E-01
  7.071067811865E-01 -7.071067811865E-01  6.036075448171E-01  6.036075451260E-01  6.036075450644E-01  6.036075450644E-01
  3.709051039706E-01 -3.353049415808E-01  2.120194949250E-02  2.345301357538E-02  2.120195180956E-02  2.345301594194E-02
  3.946912207468E-01 -3.568080225864E-01  6.651857665420E-02  7.358100689491E-02  6.651859684005E-02  7.358104226147E-02
  4.466253472990E-01 -4.037574149868E-01  1.575791204636E-01  1.743097179336E-01  1.575790968229E-01  1.743096627660E-01
  5.175425818674E-01 -4.678678813554E-01  2.694080798034E-01  2.980117659812E-01  2.694080940633E-01  2.980118237088E-01
  5.951727300445E-01 -5.380469433871E-01  3.808363785695E-01  4.212707713374E-01  3.808363759767E-01  4.212707243785E-01
  6.660899646129E-01 -6.021574097557E-01  4.758996295519E-01  5.264270473413E-01  4.758996268020E-01  5.264270777710E-01
  7.180240911651E-01 -6.491068021561E-01  5.425786818014E-01  6.001856317742E-01  5.425786845411E-01  6.001856174656E-01
  7.418102079413E-01 -6.706098831617E-01  5.724526987284E-01  6.332314315370E-01  5.724526988581E-01  6.332314304323E-01
  4.054642402832E-01 -2.925726402991E-01  1.849991162635E-02  2.563825705669E-02  1.849990933975E-02  2.563825406943E-02
  4.314666319049E-01 -3.113353019965E-01  5.804124500130E-02  8.043693071009E-02  5.804126063496E-02  8.043696643807E-02
  4.882397281547E-01 -3.523013182749E-01  1.374967458782E-01  1.905510492681E-01  1.374967281904E-01  1.905509906195E-01
  5.657646862355E-01 -4.082413480515E-01  2.350738837999E-01  3.257790599656E-01  2.350738913254E-01  3.257791181678E-01
  6.506280346142E-01 -4.694765728457E-01  3.323014051896E-01  4.605227316177E-01  3.323014075371E-01  4.605226846035E-01
  7.281529926949E-01 -5.254166026223E-01  4.152495093337E-01  5.754769654177E-01  4.152495029580E-01  5.754769963204E-01
  7.849260889447E-01 -5.663826189007E-01  4.734307708873E-01  6.561080104593E-01  4.734307748575E-01  6.561079985404E-01
  8.109284805664E-01 -5.851452805981E-01  4.994975522108E-01  6.922328584441E-01  4.994975521733E-01  6.922328598746E-01
  4.446713534462E-01 -2.286206189833E-01  1.445610281999E-02  2.811738890556E-02  1.445610471323E-02  2.811739237248E-02
  4.731880943238E-01 -2.432820423025E-01  4.535429445465E-02  8.821492647452E-02  4.535430558158E-02  8.821496738687E-02
  5.354509699132E-01 -2.752934976090E-01  1.074419998116E-01  2.089767293197E-01  1.074419914143E-01  2.089766703966E-01
  6.204723469194E-01 -3.190058701001E-01  1.836902409396E-01  3.572808713862E-01  1.836902400945E-01  3.572809313566E-01
  7.135417134193E-01 -3.668559868497E-01  2.596652597761E-01  5.050538212879E-01  2.596652694609E-01  5.050537756728E-01
  7.985630904255E-01 -4.105683593408E-01  3.244821574413E-01  6.311237778473E-01  3.244821467302E-01  6.311238067560E-01
  8.608259660149E-01 -4.425798146473E-01  3.699458534886E-01  7.195515857276E-01  3.699458591994E-01  7.195515725729E-01
  8.893427068925E-01 -4.572412379666E-01  3.903148276809E-01  7.591695952567E-01  3.903148272572E-01  7.591695940569E-01
  4.760893194234E-01 -1.527709394191E-01  9.659990423753E-03  3.010401215513E-02  9.659989143595E-03  3.010400848813E-02
  5.066208921261E-01 -1.625681284201E-01  3.030706157121E-02  9.444769994303E-02  3.030706460866E-02  9.444773867415E-02
  5.732829107945E-01 -1.839591128426E-01  7.179585910309E-02  2.237418426001E-01  7.179586003402E-02  2.237417814604E-01
  6.643114180315E-01 -2.131689900593E-01  1.227471658242E-01  3.825243261754E-01  1.227471549423E-01  3.825243837595E-01
  7.639565402386E-01 -2.451438281979E-01  1.735158597092E-01  5.407380666335E-01  1.735158767677E-01  5.407380225165E-01
  8.549850474757E-01 -2.743537054146E-01  2.168284120155E-01  6.757154225715E-01  2.168283971986E-01  6.757154498523E-01
  9.216470661440E-01 -2.957446898372E-01  2.472085619051E-01  7.703910322673E-01  2.472085706680E-01  7.703910220915E-01
  9.521786388467E-01 -3.055418788382E-01  2.608197058647E-01  8.128082278371E-01  2.608197068771E-01  8.128082291795E-01
  4.935866117780E-01 -7.982641588779E-02  5.047571311613E-03  3.121039128266E-02  5.047571964801E-03  3.121039465575E-02
  5.252402845402E-01 -8.494567801117E-02  1.583615709921E-02  9.791885220699E-02  1.583615544284E-02  9.791889341002E-02
  5.943522737960E-01 -9.612297144970E-02  3.751501825230E-02  2.319648258200E-01  3.751502873446E-02  2.319647665232E-01
  6.887262717609E-01 -1.113858206250E-01  6.413830040524E-02  3.965829100206E-01  6.413828098936E-02  3.965829662615E-01
  7.920335635732E-01 -1.280934270383E-01  9.066611147401E-02  5.606113326025E-01  9.066613450607E-02  5.606112918406E-01
  8.864075615381E-01 -1.433562762137E-01  1.132979669271E-01  7.005494018954E-01  1.132979470891E-01  7.005494259410E-01
  9.555195507939E-01 -1.545335696522E-01  1.291722952136E-01  7.987045368725E-01  1.291723036345E-01  7.987045262828E-01
  9.871732235560E-01 -1.596528317756E-01  1.362844442845E-01  8.426806566787E-01  1.362844430496E-01  8.426806557053E-01
  4.993659121515E-01 -2.517311623718E-02  1.591742999604E-03  3.157583358082E-02  1.591742712890E-03  3.157583051075E-02
  5.313902110175E-01 -2.678746631225E-02  4.993909673361E-03  9.906536475411E-02  4.993903049249E-03  9.906540485047E-02
  6.013114178165E-01 -3.031220563338E-02  1.183027993832E-02  2.346808507696E-01  1.183029663139E-02  2.346807925049E-01
  6.967904207970E-01 -3.512531758546E-02  2.022591658254E-02  4.012264182128E-01  2.022589119957E-02  4.012264716369E-01
  8.013073156575E-01 -4.039403112607E-02  2.859137419105E-02  5.671754076998E-01  2.859140194776E-02  5.671753698991E-01
  8.967863186381E-01 -4.520714307816E-02  3.572832453285E-02  7.087519871197E-01  3.572830321628E-02  7.087520097680E-01
  9.667075254371E-01 -4.873188239929E-02  4.073424169557E-02  8.080563951194E-01  4.073425291430E-02  8.080563872468E-01
  9.987318243030E-01 -5.034623247436E-02  4.297705241214E-02  8.525474227348E-01  4.297705324802E-02  8.525474237903E-01
  5.000000000000E-01  1.387778780781E-17 -1.363094860209E-16  3.161592520258E-02 -8.775181986206E-19  3.161592505855E-02
  5.320649628726E-01  1.476776930944E-17  9.800674934707E-09  9.919115725260E-02 -2.753108760842E-18  9.919119671550E-02
  6.020749546417E-01  1.671093692983E-17 -1.971551942485E-08  2.349788440402E-01 -6.521971487643E-18  2.349787868917E-01
  6.976751955244E-01  1.936437664453E-17  2.800237689660E-08  4.017358912548E-01 -1.115041235447E-17  4.017359433970E-01
  8.023248044756E-01  2.226898677892E-17 -2.960113362060E-08  5.678955977776E-01 -1.576226819201E-17  5.678955612483E-01
  8.979250453583E-01  2.492242649361E-17  2.272217969348E-08  7.096519520728E-01 -1.969679900165E-17  7.096519731536E-01
  9.679350371274E-01  2.686559411401E-17 -1.121170391603E-08  8.090824540207E-01 -2.245654900761E-17  8.090824459416E-01
  1.000000000000E+00  2.775557561563E-17 -2.184160912453E-10  8.536299764495E-01 -2.369299136276E-17  8.536299765808E-01
  1.000000000000E+00  2.775557561563E-17 -2.184160912453E-10  8.536299764495E-01 -2.369299136276E-17  8.536299765808E-01
  1.032064962873E+00  2.953553861887E-17  1.148397741915E-10  8.976351778861E-01 -2.568843960776E-17  8.976351781545E-01
  1.102074954642E+00  3.342187385967E-17 -9.547109280725E-10  9.920599116096E-01 -3.008552284335E-17  9.920599114871E-01
  1.197675195524E+00  3.872875328905E-17  1.304317639031E-09  1.117936979441E+00 -3.615028986500E-17  1.117936979773E+00
  1.302324804476E+00  4.453797355784E-17  4.878075054281E-10  1.252517451342E+00 -4.283462076985E-17  1.252517451124E+00
  1.397925045358E+00  4.984485298722E-17  3.457607726445E-09  1.373147140036E+00 -4.896136424280E-17  1.373147140137E+00
  1.467935037127E+00  5.373118822801E-17  8.724613001471E-10  1.460343662555E+00 -5.345331926948E-17  1.460343662482E+00
  1.500000000000E+00  5.551115123126E-17 -5.551115123126E-17  1.500000000000E+00 -5.551115123126E-17  1.500000000000E+00
  9.987318243030E-01  5.034623247436E-02 -4.297705412086E-02  8.525474244797E-01 -4.297705324802E-02  8.525474237903E-01
  1.030756123169E+00  5.196058254943E-02 -4.519255004808E-02  8.964968197745E-01 -4.519254935653E-02  8.964968190368E-01
  1.100677329968E+00  5.548532187056E-02 -4.994648112886E-02  9.908018066347E-01 -4.994647893222E-02  9.908018052174E-01
  1.196156332949E+00  6.029843382264E-02 -5.628391581025E-02  1.116519240674E+00 -5.628391507532E-02  1.116519239264E+00
  1.300673227809E+00  6.556714736325E-02 -6.305953749752E-02  1.250929040851E+00 -6.305953477248E-02  1.250929038932E+00
  1.396152230790E+00  7.038025931534E-02 -6.913278508553E-02  1.371405750074E+00 -6.913278513881E-02  1.371405748305E+00
  1.466073437589E+00  7.390499863647E-02 -7.352280196510E-02  1.458491691623E+00 -7.352280152380E-02  1.458491690140E+00
  1.498097736455E+00  7.551934871154E-02 -7.551934871154E-02  1.498097736455E+00 -7.551934871154E-02  1.498097736455E+00
  9.871732235560E-01  1.596528317756E-01 -1.362844420117E-01  8.426806547203E-01 -1.362844430496E-01  8.426806557053E-01
  1.018826896318E+00  1.647720938990E-01 -1.433099965164E-01  8.861214110605E-01 -1.433099980937E-01  8.861214123960E-01
  1.087938885574E+00  1.759493873375E-01 -1.583851733652E-01  9.793349789176E-01 -1.583851741599E-01  9.793349807834E-01
  1.182312883539E+00  1.912122365128E-01 -1.784818015987E-01  1.103597448609E+00 -1.784818045673E-01  1.103597452055E+00
  1.285620175351E+00  2.079198429261E-01 -1.999679574004E-01  1.236451684528E+00 -1.999679579203E-01  1.236451689786E+00
  1.379994173316E+00  2.231826921014E-01 -2.192268277663E-01  1.355534082382E+00 -2.192268293673E-01  1.355534088745E+00
  1.449106162572E+00  2.343599855400E-01 -2.331480013660E-01  1.441612156934E+00 -2.331480010808E-01  1.441612160792E+00
  1.480759835334E+00  2.394792476634E-01 -2.394792476634E-01  1.480759835334E+00 -2.394792476634E-01  1.480759835334E+00
  9.521786388467E-01  3.055418788382E-01 -2.608197074258E-01  8.128082303275E-01 -2.608197068771E-01  8.128082291795E-01
  9.827102115494E-01  3.153390678391E-01 -2.742651391843E-01  8.547090436788E-01 -2.742651388445E-01  8.547090421161E-01
  1.049372230218E+00  3.367300522617E-01 -3.031158511805E-01  9.446182589188E-01 -3.031158492758E-01  9.446182561742E-01
  1.140400737455E+00  3.659399294784E-01 -3.415765658597E-01  1.064475716651E+00 -3.415765652224E-01  1.064475711716E+00
  1.240045859662E+00  3.979147676170E-01 -3.826965387411E-01  1.192620369237E+00 -3.826965352940E-01  1.192620361743E+00
  1.331074366899E+00  4.271246448337E-01 -4.195539587045E-01  1.307481383731E+00 -4.195539571186E-01  1.307481374831E+00
  1.397736385567E+00  4.485156292563E-01 -4.461961480677E-01  1.390508045722E+00 -4.461961463843E-01  1.390508040791E+00
  1.428267958270E+00  4.583128182573E-01 -4.583128182573E-01  1.428267958270E+00 -4.583128182573E-01  1.428267958270E+00
  8.893427068925E-01  4.572412379666E-01 -3.903148270238E-01  7.591695923918E-01 -3.903148272572E-01  7.591695940569E-01
  9.178594477700E-01  4.719026612858E-01 -4.104358193380E-01  7.983052970988E-01 -4.104358201017E-01  7.983052991418E-01
  9.801223233594E-01  5.039141165923E-01 -4.536107019892E-01  8.822812437913E-01 -4.536107020654E-01  8.822812470814E-01
  1.065143700366E+00  5.476264890834E-01 -5.111668856781E-01  9.942290949642E-01 -5.111668885999E-01  9.942290997262E-01
  1.158213066866E+00  5.954766058330E-01 -5.727026275642E-01  1.113917252833E+00 -5.727026299266E-01  1.113917260413E+00
  1.243234443872E+00  6.391889783241E-01 -6.278594931239E-01  1.221198386840E+00 -6.278594982663E-01  1.221198394571E+00
  1.305497319461E+00  6.712004336306E-01 -6.677293418751E-01  1.298745981175E+00 -6.677293440901E-01  1.298745985785E+00
  1.334014060339E+00  6.858618569498E-01 -6.858618569498E-01  1.334014060339E+00 -6.858618569498E-01  1.334014060339E+00
  8.109284805664E-01  5.851452805981E-01 -4.994975519884E-01  6.922328614361E-01 -4.994975521733E-01  6.922328598746E-01
  8.369308721881E-01  6.039079422956E-01 -5.252469877152E-01  7.279179331114E-01 -5.252469881959E-01  7.279179311238E-01
  8.937039684379E-01  6.448739585740E-01 -5.804991761456E-01  8.044896390951E-01 -5.804991752773E-01  8.044896366531E-01
  9.712289265187E-01  7.008139883505E-01 -6.541555475369E-01  9.065669406334E-01 -6.541555477201E-01  9.065669363761E-01
  1.056092274897E+00  7.620492131448E-01 -7.329046787441E-01  1.015702077984E+00 -7.329046753920E-01  1.015702073523E+00
  1.133617232978E+00  8.179892429213E-01 -8.034905716700E-01  1.113524129325E+00 -8.034905686177E-01  1.113524123945E+00
  1.190390329228E+00  8.589552591997E-01 -8.545132051143E-01  1.184234269936E+00 -8.545132021530E-01  1.184234267322E+00
  1.216392720850E+00  8.777179208972E-01 -8.777179208972E-01  1.216392720850E+00 -8.777179208972E-01  1.216392720850E+00
  7.418102079413E-01  6.706098831617E-01 -5.724526987029E-01  6.332314290949E-01 -5.724526988581E-01  6.332314304323E-01
  7.655963247174E-01  6.921129641672E-01 -6.019630214402E-01  6.658749367463E-01 -6.019630219440E-01  6.658749381622E-01
  8.175304512697E-01  7.390623565677E-01 -6.652851819081E-01  7.359201668940E-01 -6.652851813317E-01  7.359201692304E-01
  8.884476858381E-01  8.031728229362E-01 -7.496995863005E-01  8.292970614829E-01 -7.496995873875E-01  8.292970634304E-01
  9.660778340152E-01  8.733518849679E-01 -8.399505822946E-01  9.291302279310E-01 -8.399505815562E-01  9.291302308683E-01
  1.036995068584E+00  9.374623513365E-01 -9.208460417528E-01  1.018614564189E+00 -9.208460432107E-01  1.018614565559E+00
  1.088929195136E+00  9.844117437369E-01 -9.793208922017E-01  1.083297834644E+00 -9.793208928732E-01  1.083297835932E+00
  1.112715311912E+00  1.005914824742E+00 -1.005914824742E+00  1.112715311912E+00 -1.005914824742E+00  1.112715311912E+00
  7.071067811865E-01  7.071067811865E-01 -6.036075451260E-01  6.036075448171E-01 -6.036075450644E-01  6.036075450644E-01
  7.297801338723E-01  7.297801338723E-01 -6.347239212336E-01  6.347239213961E-01 -6.347239215046E-01  6.347239215046E-01
  7.792846738030E-01  7.792846738030E-01 -7.014922915176E-01  7.014922901674E-01 -7.014922907558E-01  7.014922907558E-01
  8.468842524142E-01  8.468842524142E-01 -7.905008181795E-01  7.905008200241E-01 -7.905008193365E-01  7.905008193365E-01
  9.208827005522E-01  9.208827005522E-01 -8.856635830532E-01  8.856635837430E-01 -8.856635832442E-01  8.856635832442E-01
  9.884822791634E-01  9.884822791634E-01 -9.709616518418E-01  9.709616567316E-01 -9.709616543574E-01  9.709616543574E-01
  1.037986819094E+00  1.037986819094E+00 -1.032618906038E+00  1.032618907272E+00 -1.032618906604E+00  1.032618906604E+00
  1.060660171780E+00  1.060660171780E+00 -1.060660171780E+00  1.060660171780E+00 -1.060660171780E+00  1.060660171780E+00
  7.071067811865E-01  7.071067811865E-01 -6.036075451260E-01  6.036075448171E-01 -6.036075450644E-01  6.036075450644E-01
  7.297801338723E-01  7.297801338723E-01 -6.347239212336E-01  6.347239213961E-01 -6.347239215046E-01  6.347239215046E-01
  7.792846738030E-01  7.792846738030E-01 -7.014922915176E-01  7.014922901674E-01 -7.014922907558E-01  7.014922907558E-01
  8.468842524142E-01  8.468842524142E-01 -7.905008181795E-01  7.905008200241E-01 -7.905008193365E-01  7.905008193365E-01
  9.208827005522E-01  9.208827005522E-01 -8.856635830532E-01  8.856635837430E-01 -8.856635832442E-01  8.856635832442E-01
  9.884822791634E-01  9.884822791634E-01 -9.709616518418E-01  9.709616567316E-01 -9.709616543574E-01  9.709616543574E-01
  1.037986819094E+00  1.037986819094E+00 -1.032618906038E+00  1.032618907272E+00 -1.032618906604E+00  1.032618906604E+00
  1.060660171780E+00  1.060660171780E+00 -1.060660171780E+00  1.060660171780E+00 -1.060660171780E+00  1.060660171780E+00
  6.706098831617E-01  7.418102079413E-01 -6.332314315370E-01  5.724526987284E-01 -6.332314304323E-01  5.724526988581E-01
  6.921129641672E-01  7.655963247174E-01 -6.658749391728E-01  6.019630219766E-01 -6.658749381622E-01  6.019630219440E-01
  7.390623565677E-01  8.175304512697E-01 -7.359201717859E-01  6.652851807807E-01 -7.359201692304E-01  6.652851813317E-01
  8.031728229362E-01  8.884476858381E-01 -8.292970649472E-01  7.496995878649E-01 -8.292970634304E-01  7.496995873875E-01
  8.733518849679E-01  9.660778340152E-01 -9.291302341518E-01  8.399505809858E-01 -9.291302308683E-01  8.399505815562E-01
  9.374623513365E-01  1.036995068584E+00 -1.018614566772E+00  9.208460444991E-01 -1.018614565559E+00  9.208460432107E-01
  9.844117437369E-01  1.088929195136E+00 -1.083297837293E+00  9.793208936098E-01 -1.083297835932E+00  9.793208928732E-01
  1.005914824742E+00  1.112715311912E+00 -1.112715311912E+00  1.005914824742E+00 -1.112715311912E+00  1.005914824742E+00
  5.851452805981E-01  8.109284805664E-01 -6.922328584441E-01  4.994975522108E-01 -6.922328598746E-01  4.994975521733E-01
  6.039079422956E-01  8.369308721881E-01 -7.279179290640E-01  5.252469883669E-01 -7.279179311238E-01  5.252469881959E-01
  6.448739585740E-01  8.937039684379E-01 -8.044896347718E-01  5.804991745199E-01 -8.044896366531E-01  5.804991752773E-01
  7.008139883505E-01  9.712289265187E-01 -9.065669318406E-01  6.541555473830E-01 -9.065669363761E-01  6.541555477201E-01
  7.620492131448E-01  1.056092274897E+00 -1.015702069437E+00  7.329046720411E-01 -1.015702073523E+00  7.329046753920E-01
  8.179892429213E-01  1.133617232978E+00 -1.113524118313E+00  8.034905652499E-01 -1.113524123945E+00  8.034905686177E-01
  8.589552591997E-01  1.190390329228E+00 -1.184234264795E+00  8.545131992229E-01 -1.184234267322E+00  8.545132021530E-01
  8.777179208972E-01  1.216392720850E+00 -1.216392720850E+00  8.777179208972E-01 -1.216392720850E+00  8.777179208972E-01
  4.572412379666E-01  8.893427068925E-01 -7.591695952567E-01  3.903148276809E-01 -7.591695940569E-01  3.903148272572E-01
  4.719026612858E-01  9.178594477700E-01 -7.983053004870E-01  4.104358209664E-01 -7.983052991418E-01  4.104358201017E-01
  5.039141165923E-01  9.801223233594E-01 -8.822812503690E-01  4.536107026592E-01 -8.822812470814E-01  4.536107020654E-01
  5.476264890834E-01  1.065143700366E+00 -9.942291036659E-01  5.111668916384E-01 -9.942290997262E-01  5.111668885999E-01
  5.954766058330E-01  1.158213066866E+00 -1.113917268149E+00  5.727026327885E-01 -1.113917260413E+00  5.727026299266E-01
  6.391889783241E-01  1.243234443872E+00 -1.221198401985E+00  6.278595034380E-01 -1.221198394571E+00  6.278594982663E-01
  6.712004336306E-01  1.305497319461E+00 -1.298745990462E+00  6.677293463865E-01 -1.298745985785E+00  6.677293440901E-01
  6.858618569498E-01  1.334014060339E+00 -1.334014060339E+00  6.858618569498E-01 -1.334014060339E+00  6.858618569498E-01
  3.055418788382E-01  9.521786388467E-01 -8.128082278371E-01  2.608197058647E-01 -8.128082291795E-01  2.608197068771E-01
  3.153390678391E-01  9.827102115494E-01 -8.547090401314E-01  2.742651379399E-01 -8.547090421161E-01  2.742651388445E-01
  3.367300522617E-01  1.049372230218E+00 -9.446182537938E-01  3.031158470032E-01 -9.446182561742E-01  3.031158492758E-01
  3.659399294784E-01  1.140400737455E+00 -1.064475706283E+00  3.415765639212E-01 -1.064475711716E+00  3.415765652224E-01
  3.979147676170E-01  1.240045859662E+00 -1.192620354713E+00  3.826965316051E-01 -1.192620361743E+00  3.826965352940E-01
  4.271246448337E-01  1.331074366899E+00 -1.307481365729E+00  4.195539552883E-01 -1.307481374831E+00  4.195539571186E-01
  4.485156292563E-01  1.397736385567E+00 -1.390508035965E+00  4.461961446907E-01 -1.390508040791E+00  4.461961463843E-01
  4.583128182573E-01  1.428267958270E+00 -1.428267958270E+00  4.583128182573E-01 -1.428267958270E+00  4.583128182573E-01
  1.596528317756E-01  9.871732235560E-01 -8.426806566787E-01  1.362844442845E-01 -8.426806557053E-01  1.362844430496E-01
  1.647720938990E-01  1.018826896318E+00 -8.861214134616E-01  1.433099998392E-01 -8.861214123960E-01  1.433099980937E-01
  1.759493873375E-01  1.087938885574E+00 -9.793349831242E-01  1.583851752727E-01 -9.793349807834E-01  1.583851741599E-01
  1.912122365128E-01  1.182312883539E+00 -1.103597454936E+00  1.784818077073E-01 -1.103597452055E+00  1.784818045673E-01
  2.079198429261E-01  1.285620175351E+00 -1.236451695311E+00  1.999679587047E-01 -1.236451689786E+00  1.999679579203E-01
  2.231826921014E-01  1.379994173316E+00 -1.355534094708E+00  2.192268310132E-01 -1.355534088745E+00  2.192268293673E-01
  2.343599855400E-01  1.449106162572E+00 -1.441612164735E+00  2.331480008355E-01 -1.441612160792E+00  2.331480010808E-01
  2.394792476634E-01  1.480759835334E+00 -1.480759835334E+00  2.394792476634E-01 -1.480759835334E+00  2.394792476634E-01
  5.034623247436E-02  9.987318243030E-01 -8.525474227348E-01  4.297705241214E-02 -8.525474237903E-01  4.297705324802E-02
  5.196058254943E-02  1.030756123169E+00 -8.964968176794E-01  4.519254871151E-02 -8.964968190368E-01  4.519254935653E-02
  5.548532187056E-02  1.100677329968E+00 -9.908018039728E-01  4.994647687253E-02 -9.908018052174E-01  4.994647893222E-02
  6.029843382264E-02  1.196156332949E+00 -1.116519237119E+00  5.628391446681E-02 -1.116519239264E+00  5.628391507532E-02
  6.556714736325E-02  1.300673227809E+00 -1.250929037378E+00  6.305953217335E-02 -1.250929038932E+00  6.305953477248E-02
  7.038025931534E-02  1.396152230790E+00 -1.371405746305E+00  6.913278520114E-02 -1.371405748305E+00  6.913278513881E-02
  7.390499863647E-02  1.466073437589E+00 -1.458491688755E+00  7.352280108809E-02 -1.458491690140E+00  7.352280152380E-02
  7.551934871154E-02  1.498097736455E+00 -1.498097736455E+00  7.551934871154E-02 -1.498097736455E+00  7.551934871154E-02
  6.123233995737E-17  1.000000000000E+00 -8.536299764495E-01 -2.184160935986E-10 -8.536299765808E-01  5.226976092380E-17
  7.031560467768E-17  1.032064962873E+00 -8.976351778861E-01  1.148397071142E-10 -8.976351781545E-01  6.115677074844E-17
  9.014782125728E-17  1.102074954642E+00 -9.920599116096E-01 -9.547110142536E-10 -9.920599114871E-01  8.114878139693E-17
  1.172291654245E-16  1.197675195524E+00 -1.117936979441E+00  1.304317750108E-09 -1.117936979773E+00  1.094243411116E-16
  1.468739869314E-16  1.302324804476E+00 -1.252517451342E+00  4.878078035709E-10 -1.252517451124E+00  1.412567979321E-16
  1.739553310987E-16  1.397925045358E+00 -1.373147140036E+00  3.457608004282E-09 -1.373147140137E+00  1.708720122032E-16
  1.937875476782E-16  1.467935037127E+00 -1.460343662555E+00  8.724615474271E-10 -1.460343662482E+00  1.927853821609E-16
  2.028708123986E-16  1.500000000000E+00 -1.500000000000E+00  2.028708123986E-16 -1.500000000000E+00  2.028708123986E-16
  6.123233995737E-17  1.000000000000E+00 -8.536299764495E-01 -2.184160935986E-10 -8.536299765808E-01  5.226976092380E-17
  7.031560467768E-17  1.032064962873E+00 -8.976351778861E-01  1.148397071142E-10 -8.976351781545E-01  6.115677074844E-17
  9.014782125728E-17  1.102074954642E+00 -9.920599116096E-01 -9.547110142536E-10 -9.920599114871E-01  8.114878139693E-17
  1.172291654245E-16  1.197675195524E+00 -1.117936979441E+00  1.304317750108E-09 -1.117936979773E+00  1.094243411116E-16
  1.468739869314E-16  1.302324804476E+00 -1.252517451342E+00  4.878078035709E-10 -1.252517451124E+00  1.412567979321E-16
  1.739553310987E-16  1.397925045358E+00 -1.373147140036E+00  3.457608004282E-09 -1.373147140137E+00  1.708720122032E-16
  1.937875476782E-16  1.467935037127E+00 -1.460343662555E+00  8.724615474271E-10 -1.460343662482E+00  1.927853821609E-16
  2.028708123986E-16  1.500000000000E+00 -1.500000000000E+00  2.028708123986E-16 -1.500000000000E+00  2.028708123986E-16
 -5.034623247436E-02  9.987318243030E-01 -8.525474244797E-01 -4.297705412086E-02 -8.525474237903E-01 -4.297705324802E-02
 -5.196058254943E-02  1.030756123169E+00 -8.964968197745E-01 -4.519255004808E-02 -8.964968190368E-01 -4.519254935653E-02
 -5.548532187056E-02  1.100677329968E+00 -9.908018066347E-01 -4.994648112886E-02 -9.908018052174E-01 -4.994647893222E-02
 -6.029843382264E-02  1.196156332949E+00 -1.116519240674E+00 -5.628391581025E-02 -1.116519239264E+00 -5.628391507532E-02
 -6.556714736325E-02  1.300673227809E+00 -1.250929040851E+00 -6.305953749752E-02 -1.250929038932E+00 -6.305953477248E-02
 -7.038025931534E-02  1.396152230790E+00 -1.371405750074E+00 -6.913278508553E-02 -1.371405748305E+00 -6.913278513881E-02
 -7.390499863647E-02  1.466073437589E+00 -1.458491691623E+00 -7.352280196510E-02 -1.458491690140E+00 -7.352280152380E-02
 -7.551934871154E-02  1.498097736455E+00 -1.498097736455E+00 -7.551934871154E-02 -1.498097736455E+00 -7.551934871154E-02
 -1.596528317756E-01  9.871732235560E-01 -8.426806547203E-01 -1.362844420117E-01 -8.426806557053E-01 -1.362844430496E-01
 -1.647720938990E-01  1.018826896318E+00 -8.861214110605E-01 -1.433099965164E-01 -8.861214123960E-01 -1.433099980937E-01
 -1.759493873375E-01  1.087938885574E+00 -9.793349789176E-01 -1.583851733652E-01 -9.793349807834E-01 -1.583851741599E-01
 -1.912122365128E-01  1.182312883539E+00 -1.103597448609E+00 -1.784818015987E-01 -1.103597452055E+00 -1.784818045673E-01
 -2.079198429261E-01  1.285620175351E+00 -1.236451684528E+00 -1.999679574004E-01 -1.236451689786E+00 -1.999679579203E-01
 -2.231826921014E-01  1.379994173316E+00 -1.355534082382E+00 -2.192268277663E-01 -1.355534088745E+00 -2.192268293673E-01
 -2.343599855400E-01  1.449106162572E+00 -1.441612156934E+00 -2.331480013660E-01 -1.441612160792E+00 -2.331480010808E-01
 -2.394792476634E-01  1.480759835334E+00 -1.480759835334E+00 -2.394792476634E-01 -1.480759835334E+00 -2.394792476634E-01
 -3.055418788382E-01  9.521786388467E-01 -8.128082303275E-01 -2.608197074258E-01 -8.128082291795E-01 -2.608197068771E-01
 -3.153390678391E-01  9.827102115494E-01 -8.547090436788E-01 -2.742651391843E-01 -8.547090421161E-01 -2.742651388445E-01
 -3.367300522617E-01  1.049372230218E+00 -9.446182589188E-01 -3.031158511805E-01 -9.446182561742E-01 -3.031158492758E-01
 -3.659399294784E-01  1.140400737455E+00 -1.064475716651E+00 -3.415765658597E-01 -1.064475711716E+00 -3.415765652224E-01
 -3.979147676170E-01  1.240045859662E+00 -1.192620369237E+00 -3.826965387411E-01 -1.192620361743E+00 -3.826965352940E-01
 -4.271246448337E-01  1.331074366899E+00 -1.307481383731E+00 -4.195539587045E-01 -1.307481374831E+00 -4.195539571186E-01
 -4.485156292563E-01  1.397736385567E+00 -1.390508045722E+00 -4.461961480677E-01 -1.390508040791E+00 -4.461961463843E-01
 -4.583128182573E-01  1.428267958270E+00 -1.428267958270E+00 -4.583128182573E-01 -1.428267958270E+00 -4.583128182573E-01
 -4.572412379666E-01  8.893427068925E-01 -7.591695923918E-01 -3.903148270238E-01 -7.591695940569E-01 -3.903148272572E-01
 -4.719026612858E-01  9.178594477700E-01 -7.983052970988E-01 -4.104358193380E-01 -7.983052991418E-01 -4.104358201017E-01
 -5.039141165923E-01  9.801223233594E-01 -8.822812437913E-01 -4.536107019892E-01 -8.822812470814E-01 -4.536107020654E-01
 -5.476264890834E-01  1.065143700366E+00 -9.942290949642E-01 -5.111668856781E-01 -9.942290997262E-01 -5.111668885999E-01
 -5.954766058330E-01  1.158213066866E+00 -1.113917252833E+00 -5.727026275642E-01 -1.113917260413E+00 -5.727026299266E-01
 -6.391889783241E-01  1.243234443872E+00 -1.221198386840E+00 -6.278594931239E-01 -1.221198394571E+00 -6.278594982663E-01
 -6.712004336306E-01  1.305497319461E+00 -1.298745981175E+00 -6.677293418751E-01 -1.298745985785E+00 -6.677293440901E-01
 -6.858618569498E-01  1.334014060339E+00 -1.334014060339E+00 -6.858618569498E-01 -1.334014060339E+00 -6.858618569498E-01
 -5.851452805981E-01  8.109284805664E-01 -6.922328614361E-01 -4.994975519884E-01 -6.922328598746E-01 -4.994975521733E-01
 -6.039079422956E-01  8.369308721881E-01 -7.279179331114E-01 -5.252469877152E-01 -7.279179311238E-01 -5.252469881959E-01
 -6.448739585740E-01  8.937039684379E-01 -8.044896390950E-01 -5.804991761456E-01 -8.044896366531E-01 -5.804991752773E-01
 -7.008139883505E-01  9.712289265187E-01 -9.065669406334E-01 -6.541555475369E-01 -9.065669363761E-01 -6.541555477201E-01
 -7.620492131448E-01  1.056092274897E+00 -1.015702077984E+00 -7.329046787441E-01 -1.015702073523E+00 -7.329046753920E-01
 -8.179892429213E-01  1.133617232978E+00 -1.113524129325E+00 -8.034905716700E-01 -1.113524123945E+00 -8.034905686177E-01
 -8.589552591997E-01  1.190390329228E+00 -1.184234269936E+00 -8.545132051143E-01 -1.184234267322E+00 -8.545132021530E-01
 -8.777179208972E-01  1.216392720850E+00 -1.216392720850E+00 -8.777179208972E-01 -1.216392720850E+00 -8.777179208972E-01
 -6.706098831617E-01  7.418102079413E-01 -6.332314290949E-01 -5.724526987029E-01 -6.332314304323E-01 -5.724526988581E-01
 -6.921129641672E-01  7.655963247174E-01 -6.658749367463E-01 -6.019630214402E-01 -6.658749381622E-01 -6.019630219440E-01
 -7.390623565677E-01  8.175304512697E-01 -7.359201668940E-01 -6.652851819081E-01 -7.359201692304E-01 -6.652851813317E-01
 -8.031728229362E-01  8.884476858381E-01 -8.292970614829E-01 -7.496995863005E-01 -8.292970634304E-01 -7.496995873875E-01
 -8.733518849679E-01  9.660778340152E-01 -9.291302279310E-01 -8.399505822946E-01 -9.291302308683E-01 -8.399505815562E-01
 -9.374623513365E-01  1.036995068584E+00 -1.018614564189E+00 -9.208460417528E-01 -1.018614565559E+00 -9.208460432107E-01
 -9.844117437369E-01  1.088929195136E+00 -1.083297834644E+00 -9.793208922017E-01 -1.083297835932E+00 -9.793208928732E-01
 -1.005914824742E+00  1.112715311912E+00 -1.112715311912E+00 -1.005914824742E+00 -1.112715311912E+00 -1.005914824742E+00
 -7.071067811865E-01  7.071067811865E-01 -6.036075448171E-01 -6.036075451260E-01 -6.036075450644E-01 -6.036075450644E-01
 -7.297801338723E-01  7.297801338723E-01 -6.347239213961E-01 -6.347239212336E-01 -6.347239215046E-01 -6.347239215046E-01
 -7.792846738030E-01  7.792846738030E-01 -7.014922901674E-01 -7.014922915176E-01 -7.014922907558E-01 -7.014922907558E-01
 -8.468842524142E-01  8.468842524142E-01 -7.905008200241E-01 -7.905008181795E-01 -7.905008193365E-01 -7.905008193365E-01
 -9.208827005522E-01  9.208827005522E-01 -8.856635837430E-01 -8.856635830532E-01 -8.856635832442E-01 -8.856635832442E-01
 -9.884822791634E-01  9.884822791634E-01 -9.709616567316E-01 -9.709616518418E-01 -9.709616543574E-01 -9.709616543574E-01
 -1.037986819094E+00  1.037986819094E+00 -1.032618907272E+00 -1.032618906038E+00 -1.032618906604E+00 -1.032618906604E+00
 -1.060660171780E+00  1.060660171780E+00 -1.060660171780E+00 -1.060660171780E+00 -1.060660171780E+00 -1.060660171780E+00
 -7.071067811865E-01  7.071067811865E-01 -6.036075448171E-01 -6.036075451260E-01 -6.036075450644E-01 -6.036075450644E-01
 -7.297801338723E-01  7.297801338723E-01 -6.347239213961E-01 -6.347239212336E-01 -6.347239215046E-01 -6.347239215046E-01
 -7.792846738030E-01  7.792846738030E-01 -7.014922901674E-01 -7.014922915176E-01 -7.014922907558E-01 -7.014922907558E-01
 -8.468842524142E-01  8.468842524142E-01 -7.905008200241E-01 -7.905008181795E-01 -7.905008193365E-01 -7.905008193365E-01
 -9.208827005522E-01  9.208827005522E-01 -8.856635837430E-01 -8.856635830532E-01 -8.856635832442E-01 -8.856635832442E-01
 -9.884822791634E-01  9.884822791634E-01 -9.709616567316E-01 -9.709616518418E-01 -9.709616543574E-01 -9.709616543574E-01
 -1.037986819094E+00  1.037986819094E+00 -1.032618907272E+00 -1.032618906038E+00 -1.032618906604E+00 -1.032618906604E+00
 -1.060660171780E+00  1.060660171780E+00 -1.060660171780E+00 -1.060660171780E+00 -1.060660171780E+00 -1.060660171780E+00
 -7.418102079413E-01  6.706098831617E-01 -5.724526987284E-01 -6.332314315370E-01 -5.724526988581E-01 -6.332314304323E-01
 -7.655963247174E-01  6.921129641672E-01 -6.019630219766E-01 -6.658749391728E-01 -6.019630219440E-01 -6.658749381622E-01
 -8.175304512697E-01  7.390623565677E-01 -6.652851807807E-01 -7.359201717859E-01 -6.652851813317E-01 -7.359201692304E-01
 -8.884476858381E-01  8.031728229362E-01 -7.496995878649E-01 -8.292970649472E-01 -7.496995873875E-01 -8.292970634304E-01
 -9.660778340152E-01  8.733518849679E-01 -8.399505809858E-01 -9.291302341518E-01 -8.399505815562E-01 -9.291302308683E-01
 -1.036995068584E+00  9.374623513365E-01 -9.208460444991E-01 -1.018614566772E+00 -9.208460432107E-01 -1.018614565559E+00
 -1.088929195136E+00  9.844117437369E-01 -9.793208936098E-01 -1.083297837293E+00 -9.793208928732E-01 -1.083297835932E+00
 -1.112715311912E+00  1.005914824742E+00 -1.005914824742E+00 -1.112715311912E+00 -1.005914824742E+00 -1.112715311912E+00
 -8.109284805664E-01  5.851452805981E-01 -4.994975522108E-01 -6.922328584441E-01 -4.994975521733E-01 -6.922328598746E-01
 -8.369308721881E-01  6.039079422956E-01 -5.252469883669E-01 -7.279179290640E-01 -5.252469881959E-01 -7.279179311238E-01
 -8.937039684379E-01  6.448739585740E-01 -5.804991745199E-01 -8.044896347718E-01 -5.804991752773E-01 -8.044896366531E-01
 -9.712289265187E-01  7.008139883505E-01 -6.541555473830E-01 -9.065669318406E-01 -6.541555477201E-01 -9.065669363761E-01
 -1.056092274897E+00  7.620492131448E-01 -7.329046720411E-01 -1.015702069437E+00 -7.329046753920E-01 -1.015702073523E+00
 -1.133617232978E+00  8.179892429213E-01 -8.034905652499E-01 -1.113524118313E+00 -8.034905686177E-01 -1.113524123945E+00
 -1.190390329228E+00  8.589552591997E-01 -8.545131992229E-01 -1.184234264795E+00 -8.545132021530E-01 -1.184234267322E+00
 -1.216392720850E+00  8.777179208972E-01 -8.777179208972E-01 -1.216392720850E+00 -8.777179208972E-01 -1.216392720850E+00
 -8.893427068925E-01  4.572412379666E-01 -3.903148276809E-01 -7.591695952567E-01 -3.903148272572E-01 -7.591695940569E-01
 -9.178594477700E-01  4.719026612858E-01 -4.104358209664E-01 -7.983053004870E-01 -4.104358201017E-01 -7.983052991418E-01
 -9.801223233594E-01  5.039141165923E-01 -4.536107026592E-01 -8.822812503690E-01 -4.536107020654E-01 -8.822812470814E-01
 -1.065143700366E+00  5.476264890834E-01 -5.111668916384E-01 -9.942291036659E-01 -5.111668885999E-01 -9.942290997262E-01
 -1.158213066866E+00  5.954766058330E-01 -5.727026327885E-01 -1.113917268149E+00 -5.727026299266E-01 -1.113917260413E+00
 -1.243234443872E+00  6.391889783241E-01 -6.278595034380E-01 -1.221198401985E+00 -6.278594982663E-01 -1.221198394571E+00
 -1.305497319461E+00  6.712004336306E-01 -6.677293463865E-01 -1.298745990462E+00 -6.677293440901E-01 -1.298745985785E+00
 -1.334014060339E+00  6.858618569498E-01 -6.858618569498E-01 -1.334014060339E+00 -6.858618569498E-01 -1.334014060339E+00
 -9.521786388467E-01  3.055418788382E-01 -2.608197058647E-01 -8.128082278371E-01 -2.608197068771E-01 -8.128082291795E-01
 -9.827102115494E-01  3.153390678391E-01 -2.742651379399E-01 -8.547090401314E-01 -2.742651388445E-01 -8.547090421161E-01
 -1.049372230218E+00  3.367300522617E-01 -3.031158470032E-01 -9.446182537938E-01 -3.031158492758E-01 -9.446182561742E-01
 -1.140400737455E+00  3.659399294784E-01 -3.415765639212E-01 -1.064475706283E+00 -3.415765652224E-01 -1.064475711716E+00
 -1.240045859662E+00  3.979147676170E-01 -3.826965316051E-01 -1.192620354713E+00 -3.826965352940E-01 -1.192620361743E+00
 -1.331074366899E+00  4.271246448337E-01 -4.195539552883E-01 -1.307481365729E+00 -4.195539571186E-01 -1.307481374831E+00
 -1.397736385567E+00  4.485156292563E-01 -4.461961446907E-01 -1.390508035965E+00 -4.461961463843E-01 -1.390508040791E+00
 -1.428267958270E+00  4.583128182573E-01 -4.583128182573E-01 -1.428267958270E+00 -4.583128182573E-01 -1.428267958270E+00
 -9.871732235560E-01  1.596528317756E-01 -1.362844442845E-01 -8.426806566787E-01 -1.362844430496E-01 -8.426806557053E-01
 -1.018826896318E+00  1.647720938990E-01 -1.433099998392E-01 -8.861214134616E-01 -1.433099980937E-01 -8.861214123960E-01
 -1.087938885574E+00  1.759493873375E-01 -1.583851752727E-01 -9.793349831242E-01 -1.583851741599E-01 -9.793349807834E-01
 -1.182312883539E+00  1.912122365128E-01 -1.784818077073E-01 -1.103597454936E+00 -1.784818045673E-01 -1.103597452055E+00
 -1.285620175351E+00  2.079198429261E-01 -1.999679587047E-01 -1.236451695311E+00 -1.999679579203E-01 -1.236451689786E+00
 -1.379994173316E+00  2.231826921014E-01 -2.192268310132E-01 -1.355534094708E+00 -2.192268293673E-01 -1.355534088745E+00
 -1.449106162572E+00  2.343599855400E-01 -2.331480008355E-01 -1.441612164735E+00 -2.331480010808E-01 -1.441612160792E+00
 -1.480759835334E+00  2.394792476634E-01 -2.394792476634E-01 -1.480759835334E+00 -2.394792476634E-01 -1.480759835334E+00
 -9.987318243030E-01  5.034623247436E-02 -4.297705241214E-02 -8.525474227348E-01 -4.297705324802E-02 -8.525474237903E-01
 -1.030756123169E+00  5.196058254943E-02 -4.519254871151E-02 -8.964968176794E-01 -4.519254935653E-02 -8.964968190368E-01
 -1.100677329968E+00  5.548532187056E-02 -4.994647687253E-02 -9.908018039728E-01 -4.994647893222E-02 -9.908018052174E-01
 -1.196156332949E+00  6.029843382265E-02 -5.628391446681E-02 -1.116519237119E+00 -5.628391507532E-02 -1.116519239264E+00
 -1.300673227809E+00  6.556714736326E-02 -6.305953217335E-02 -1.250929037378E+00 -6.305953477248E-02 -1.250929038932E+00
 -1.396152230790E+00  7.038025931534E-02 -6.913278520114E-02 -1.371405746305E+00 -6.913278513882E-02 -1.371405748305E+00
 -1.466073437589E+00  7.390499863647E-02 -7.352280108809E-02 -1.458491688755E+00 -7.352280152380E-02 -1.458491690140E+00
 -1.498097736455E+00  7.551934871154E-02 -7.551934871154E-02 -1.498097736455E+00 -7.551934871154E-02 -1.498097736455E+00
 -1.000000000000E+00  1.665334536938E-16  2.184162037176E-10 -8.536299764495E-01 -1.421579481765E-16 -8.536299765808E-01
 -1.032064962873E+00  1.807731577197E-16 -1.148396278602E-10 -8.976351778861E-01 -1.572268718276E-16 -8.976351781545E-01
 -1.102074954642E+00  2.118638396461E-16  9.547110799983E-10 -9.920599116096E-01 -1.907144528794E-16 -9.920599114871E-01
 -1.197675195524E+00  2.543188750812E-16 -1.304317787179E-09 -1.117936979441E+00 -2.373869611476E-16 -1.117936979773E+00
 -1.302324804476E+00  3.007926372314E-16 -4.878079204405E-10 -1.252517451342E+00 -2.892888364003E-16 -1.252517451124E+00
 -1.397925045358E+00  3.432476726665E-16 -3.457608179473E-09 -1.373147140036E+00 -3.371636853102E-16 -1.373147140137E+00
 -1.467935037127E+00  3.743383545928E-16 -8.724617946582E-10 -1.460343662555E+00 -3.724024768995E-16 -1.460343662482E+00
 -1.500000000000E+00  3.885780586188E-16 -3.885780586188E-16 -1.500000000000E+00 -3.885780586188E-16 -1.500000000000E+00
 -1.000000000000E+00  1.665334536938E-16  2.184162037176E-10 -8.536299764495E-01 -1.421579481765E-16 -8.536299765808E-01
 -1.032064962873E+00  1.807731577197E-16 -1.148396278602E-10 -8.976351778861E-01 -1.572268718276E-16 -8.976351781545E-01
 -1.102074954642E+00  2.118638396461E-16  9.547110799983E-10 -9.920599116096E-01 -1.907144528794E-16 -9.920599114871E-01
 -1.197675195524E+00  2.543188750812E-16 -1.304317787179E-09 -1.117936979441E+00 -2.373869611476E-16 -1.117936979773E+00
 -1.302324804476E+00  3.007926372314E-16 -4.878079204405E-10 -1.252517451342E+00 -2.892888364003E-16 -1.252517451124E+00
 -1.397925045358E+00  3.432476726665E-16 -3.457608179473E-09 -1.373147140036E+00 -3.371636853102E-16 -1.373147140137E+00
 -1.467935037127E+00  3.743383545928E-16 -8.724617946582E-10 -1.460343662555E+00 -3.724024768995E-16 -1.460343662482E+00
 -1.500000000000E+00  3.885780586188E-16 -3.885780586188E-16 -1.500000000000E+00 -3.885780586188E-16 -1.500000000000E+00
 -9.987318243030E-01 -5.034623247436E-02  4.297705412086E-02 -8.525474244797E-01  4.297705324802E-02 -8.525474237903E-01
 -1.030756123169E+00 -5.196058254943E-02  4.519255004808E-02 -8.964968197745E-01  4.519254935653E-02 -8.964968190368E-01
 -1.100677329968E+00 -5.548532187056E-02  4.994648112886E-02 -9.908018066347E-01  4.994647893222E-02 -9.908018052174E-01
 -1.196156332949E+00 -6.029843382264E-02  5.628391581025E-02 -1.116519240674E+00  5.628391507532E-02 -1.116519239264E+00
 -1.300673227809E+00 -6.556714736325E-02  6.305953749752E-02 -1.250929040851E+00  6.305953477248E-02 -1.250929038932E+00
 -1.396152230790E+00 -7.038025931534E-02  6.913278508553E-02 -1.371405750074E+00  6.913278513881E-02 -1.371405748305E+00
 -1.466073437589E+00 -7.390499863647E-02  7.352280196510E-02 -1.458491691623E+00  7.352280152380E-02 -1.458491690140E+00
 -1.498097736455E+00 -7.551934871154E-02  7.551934871154E-02 -1.498097736455E+00  7.551934871154E-02 -1.498097736455E+00
 -9.871732235560E-01 -1.596528317756E-01  1.362844420117E-01 -8.426806547203E-01  1.362844430496E-01 -8.426806557053E-01
 -1.018826896318E+00 -1.647720938990E-01  1.433099965164E-01 -8.861214110605E-01  1.433099980937E-01 -8.861214123960E-01
 -1.087938885574E+00 -1.759493873375E-01  1.583851733652E-01 -9.793349789176E-01  1.583851741599E-01 -9.793349807834E-01
 -1.182312883539E+00 -1.912122365128E-01  1.784818015987E-01 -1.103597448609E+00  1.784818045673E-01 -1.103597452055E+00
 -1.285620175351E+00 -2.079198429261E-01  1.999679574004E-01 -1.236451684528E+00  1.999679579203E-01 -1.236451689786E+00
 -1.379994173316E+00 -2.231826921014E-01  2.192268277663E-01 -1.355534082382E+00  2.192268293673E-01 -1.355534088745E+00
 -1.449106162572E+00 -2.343599855400E-01  2.331480013660E-01 -1.441612156934E+00  2.331480010808E-01 -1.441612160792E+00
 -1.480759835334E+00 -2.394792476634E-01  2.394792476634E-01 -1.480759835334E+00  2.394792476634E-01 -1.480759835334E+00
 -9.521786388467E-01 -3.055418788382E-01  2.608197074258E-01 -8.128082303275E-01  2.608197068771E-01 -8.128082291795E-01
 -9.827102115494E-01 -3.153390678391E-01  2.742651391843E-01 -8.547090436788E-01  2.742651388445E-01 -8.547090421161E-01
 -1.049372230218E+00 -3.367300522617E-01  3.031158511805E-01 -9.446182589188E-01  3.031158492758E-01 -9.446182561742E-01
 -1.140400737455E+00 -3.659399294784E-01  3.415765658597E-01 -1.064475716651E+00  3.415765652224E-01 -1.064475711716E+00
 -1.240045859662E+00 -3.979147676170E-01  3.826965387411E-01 -1.192620369237E+00  3.826965352940E-01 -1.192620361743E+00
 -1.331074366899E+00 -4.271246448337E-01  4.195539587045E-01 -1.307481383731E+00  4.195539571186E-01 -1.307481374831E+00
 -1.397736385567E+00 -4.485156292563E-01  4.461961480677E-01 -1.390508045722E+00  4.461961463843E-01 -1.390508040791E+00
 -1.428267958270E+00 -4.583128182573E-01  4.583128182573E-01 -1.428267958270E+00  4.583128182573E-01 -1.428267958270E+00
 -8.893427068925E-01 -4.572412379666E-01  3.903148270238E-01 -7.591695923918E-01  3.903148272572E-01 -7.591695940569E-01
 -9.178594477700E-01 -4.719026612858E-01  4.104358193380E-01 -7.983052970988E-01  4.104358201017E-01 -7.983052991418E-01
 -9.801223233594E-01 -5.039141165923E-01  4.536107019892E-01 -8.822812437913E-01  4.536107020654E-01 -8.822812470814E-01
 -1.065143700366E+00 -5.476264890834E-01  5.111668856781E-01 -9.942290949642E-01  5.111668885999E-01 -9.942290997262E-01
 -1.158213066866E+00 -5.954766058330E-01  5.727026275642E-01 -1.113917252833E+00  5.727026299266E-01 -1.113917260413E+00
 -1.243234443872E+00 -6.391889783241E-01  6.278594931239E-01 -1.221198386840E+00  6.278594982663E-01 -1.221198394571E+00
 -1.305497319461E+00 -6.712004336306E-01  6.677293418751E-01 -1.298745981175E+00  6.677293440901E-01 -1.298745985785E+00
 -1.334014060339E+00 -6.858618569498E-01  6.858618569498E-01 -1.334014060339E+00  6.858618569498E-01 -1.334014060339E+00
 -8.109284805664E-01 -5.851452805981E-01  4.994975519884E-01 -6.922328614361E-01  4.994975521733E-01 -6.922328598746E-01
 -8.369308721881E-01 -6.039079422956E-01  5.252469877152E-01 -7.279179331114E-01  5.252469881959E-01 -7.279179311238E-01
 -8.937039684379E-01 -6.448739585740E-01  5.804991761456E-01 -8.044896390950E-01  5.804991752773E-01 -8.044896366531E-01
 -9.712289265187E-01 -7.008139883505E-01  6.541555475369E-01 -9.065669406334E-01  6.541555477201E-01 -9.065669363761E-01
 -1.056092274897E+00 -7.620492131448E-01  7.329046787441E-01 -1.015702077984E+00  7.329046753920E-01 -1.015702073523E+00
 -1.133617232978E+00 -8.179892429213E-01  8.034905716700E-01 -1.113524129325E+00  8.034905686177E-01 -1.113524123945E+00
 -1.190390329228E+00 -8.589552591997E-01  8.545132051143E-01 -1.184234269936E+00  8.545132021530E-01 -1.184234267322E+00
 -1.216392720850E+00 -8.777179208972E-01  8.777179208972E-01 -1.216392720850E+00  8.777179208972E-01 -1.216392720850E+00
 -7.418102079413E-01 -6.706098831617E-01  5.724526987029E-01 -6.332314290949E-01  5.724526988581E-01 -6.332314304323E-01
 -7.655963247174E-01 -6.921129641672E-01  6.019630214402E-01 -6.658749367463E-01  6.019630219440E-01 -6.658749381622E-01
 -8.175304512697E-01 -7.390623565677E-01  6.652851819081E-01 -7.359201668940E-01  6.652851813317E-01 -7.359201692304E-01
 -8.884476858381E-01 -8.031728229362E-01  7.496995863005E-01 -8.292970614829E-01  7.496995873875E-01 -8.292970634304E-01
 -9.660778340152E-01 -8.733518849679E-01  8.399505822946E-01 -9.291302279310E-01  8.399505815562E-01 -9.291302308683E-01
 -1.036995068584E+00 -9.374623513365E-01  9.208460417528E-01 -1.018614564189E+00  9.208460432107E-01 -1.018614565559E+00
 -1.088929195136E+00 -9.844117437369E-01  9.793208922017E-01 -1.083297834644E+00  9.793208928732E-01 -1.083297835932E+00
 -1.112715311912E+00 -1.005914824742E+00  1.005914824742E+00 -1.112715311912E+00  1.005914824742E+00 -1.112715311912E+00
 -7.071067811865E-01 -7.071067811865E-01  6.036075451260E-01 -6.036075448171E-01  6.036075450644E-01 -6.036075450644E-01
 -7.297801338723E-01 -7.297801338723E-01  6.347239212336E-01 -6.347239213961E-01  6.347239215046E-01 -6.347239215046E-01
 -7.792846738030E-01 -7.792846738030E-01  7.014922915176E-01 -7.014922901674E-01  7.014922907558E-01 -7.014922907558E-01
 -8.468842524142E-01 -8.468842524142E-01  7.905008181795E-01 -7.905008200241E-01  7.905008193365E-01 -7.905008193365E-01
 -9.208827005522E-01 -9.208827005522E-01  8.856635830532E-01 -8.856635837430E-01  8.856635832442E-01 -8.856635832442E-01
 -9.884822791634E-01 -9.884822791634E-01  9.709616518418E-01 -9.709616567316E-01  9.709616543574E-01 -9.709616543574E-01
 -1.037986819094E+00 -1.037986819094E+00  1.032618906038E+00 -1.032618907272E+00  1.032618906604E+00 -1.032618906604E+00
 -1.060660171780E+00 -1.060660171780E+00  1.060660171780E+00 -1.060660171780E+00  1.060660171780E+00 -1.060660171780E+00
 -7.071067811865E-01 -7.071067811865E-01  6.036075451260E-01 -6.036075448171E-01  6.036075450644E-01 -6.036075450644E-01
 -7.297801338723E-01 -7.297801338723E-01  6.347239212336E-01 -6.347239213961E-01  6.347239215046E-01 -6.347239215046E-01
 -7.792846738030E-01 -7.792846738030E-01  7.014922915176E-01 -7.014922901674E-01  7.014922907558E-01 -7.014922907558E-01
 -8.468842524142E-01 -8.468842524142E-01  7.905008181795E-01 -7.905008200241E-01  7.905008193365E-01 -7.905008193365E-01
 -9.208827005522E-01 -9.208827005522E-01  8.856635830532E-01 -8.856635837430E-01  8.856635832442E-01 -8.856635832442E-01
 -9.884822791634E-01 -9.884822791634E-01  9.709616518418E-01 -9.709616567316E-01  9.709616543574E-01 -9.709616543574E-01
 -1.037986819094E+00 -1.037986819094E+00  1.032618906038E+00 -1.032618907272E+00  1.032618906604E+00 -1.032618906604E+00
 -1.060660171780E+00 -1.060660171780E+00  1.060660171780E+00 -1.060660171780E+00  1.060660171780E+00 -1.060660171780E+00
 -6.706098831617E-01 -7.418102079413E-01  6.332314315370E-01 -5.724526987284E-01  6.332314304323E-01 -5.724526988581E-01
 -6.921129641672E-01 -7.655963247174E-01  6.658749391728E-01 -6.019630219766E-01  6.658749381622E-01 -6.019630219440E-01
 -7.390623565677E-01 -8.175304512697E-01  7.359201717859E-01 -6.652851807807E-01  7.359201692304E-01 -6.652851813317E-01
 -8.031728229362E-01 -8.884476858381E-01  8.292970649472E-01 -7.496995878649E-01  8.292970634304E-01 -7.496995873875E-01
 -8.733518849679E-01 -9.660778340152E-01  9.291302341518E-01 -8.399505809858E-01  9.291302308683E-01 -8.399505815562E-01
 -9.374623513365E-01 -1.036995068584E+00  1.018614566772E+00 -9.208460444991E-01  1.018614565559E+00 -9.208460432107E-01
 -9.844117437369E-01 -1.088929195136E+00  1.083297837293E+00 -9.793208936098E-01  1.083297835932E+00 -9.793208928732E-01
 -1.005914824742E+00 -1.112715311912E+00  1.112715311912E+00 -1.005914824742E+00  1.112715311912E+00 -1.005914824742E+00
 -5.851452805981E-01 -8.109284805664E-01  6.922328584441E-01 -4.994975522108E-01  6.922328598746E-01 -4.994975521733E-01
 -6.039079422956E-01 -8.369308721881E-01  7.279179290640E-01 -5.252469883669E-01  7.279179311238E-01 -5.252469881959E-01
 -6.448739585740E-01 -8.937039684379E-01  8.044896347718E-01 -5.804991745199E-01  8.044896366531E-01 -5.804991752773E-01
 -7.008139883505E-01 -9.712289265187E-01  9.065669318406E-01 -6.541555473830E-01  9.065669363761E-01 -6.541555477201E-01
 -7.620492131448E-01 -1.056092274897E+00  1.015702069437E+00 -7.329046720411E-01  1.015702073523E+00 -7.329046753920E-01
 -8.179892429213E-01 -1.133617232978E+00  1.113524118313E+00 -8.034905652499E-01  1.113524123945E+00 -8.034905686177E-01
 -8.589552591997E-01 -1.190390329228E+00  1.184234264795E+00 -8.545131992229E-01  1.184234267322E+00 -8.545132021530E-01
 -8.777179208972E-01 -1.216392720850E+00  1.216392720850E+00 -8.777179208972E-01  1.216392720850E+00 -8.777179208972E-01
 -4.572412379666E-01 -8.893427068925E-01  7.591695952567E-01 -3.903148276809E-01  7.591695940569E-01 -3.903148272572E-01
 -4.719026612858E-01 -9.178594477700E-01  7.983053004870E-01 -4.104358209664E-01  7.983052991418E-01 -4.104358201017E-01
 -5.039141165923E-01 -9.801223233594E-01  8.822812503690E-01 -4.536107026592E-01  8.822812470814E-01 -4.536107020654E-01
 -5.476264890834E-01 -1.065143700366E+00  9.942291036659E-01 -5.111668916384E-01  9.942290997262E-01 -5.111668885999E-01
 -5.954766058330E-01 -1.158213066866E+00  1.113917268149E+00 -5.727026327885E-01  1.113917260413E+00 -5.727026299266E-01
 -6.391889783241E-01 -1.243234443872E+00  1.221198401985E+00 -6.278595034380E-01  1.221198394571E+00 -6.278594982663E-01
 -6.712004336306E-01 -1.305497319461E+00  1.298745990462E+00 -6.677293463865E-01  1.298745985785E+00 -6.677293440901E-01
 -6.858618569498E-01 -1.334014060339E+00  1.334014060339E+00 -6.858618569498E-01  1.334014060339E+00 -6.858618569498E-01
 -3.055418788382E-01 -9.521786388467E-01  8.128082278371E-01 -2.608197058647E-01  8.128082291795E-01 -2.608197068771E-01
 -3.153390678391E-01 -9.827102115494E-01  8.547090401314E-01 -2.742651379399E-01  8.547090421161E-01 -2.742651388445E-01
 -3.367300522617E-01 -1.049372230218E+00  9.446182537938E-01 -3.031158470032E-01  9.446182561742E-01 -3.031158492758E-01
 -3.659399294784E-01 -1.140400737455E+00  1.064475706283E+00 -3.415765639212E-01  1.064475711716E+00 -3.415765652224E-01
 -3.979147676170E-01 -1.240045859662E+00  1.192620354713E+00 -3.826965316051E-01  1.192620361743E+00 -3.826965352940E-01
 -4.271246448337E-01 -1.331074366899E+00  1.307481365729E+00 -4.195539552883E-01  1.307481374831E+00 -4.195539571186E-01
 -4.485156292563E-01 -1.397736385567E+00  1.390508035965E+00 -4.461961446907E-01  1.390508040791E+00 -4.461961463843E-01
 -4.583128182573E-01 -1.428267958270E+00  1.428267958270E+00 -4.583128182573E-01  1.428267958270E+00 -4.583128182573E-01
 -1.596528317756E-01 -9.871732235560E-01  8.426806566787E-01 -1.362844442845E-01  8.426806557053E-01 -1.362844430496E-01
 -1.647720938990E-01 -1.018826896318E+00  8.861214134616E-01 -1.433099998392E-01  8.861214123960E-01 -1.433099980937E-01
 -1.759493873375E-01 -1.087938885574E+00  9.793349831242E-01 -1.583851752727E-01  9.793349807834E-01 -1.583851741599E-01
 -1.912122365128E-01 -1.182312883539E+00  1.103597454936E+00 -1.784818077073E-01  1.103597452055E+00 -1.784818045673E-01
 -2.079198429261E-01 -1.285620175351E+00  1.236451695311E+00 -1.999679587047E-01  1.236451689786E+00 -1.999679579203E-01
 -2.231826921014E-01 -1.379994173316E+00  1.355534094708E+00 -2.192268310132E-01  1.355534088745E+00 -2.192268293673E-01
 -2.343599855400E-01 -1.449106162572E+00  1.441612164735E+00 -2.331480008355E-01  1.441612160792E+00 -2.331480010808E-01
 -2.394792476634E-01 -1.480759835334E+00  1.480759835334E+00 -2.394792476634E-01  1.480759835334E+00 -2.394792476634E-01
 -5.034623247436E-02 -9.987318243030E-01  8.525474227348E-01 -4.297705241214E-02  8.525474237903E-01 -4.297705324802E-02
 -5.196058254943E-02 -1.030756123169E+00  8.964968176794E-01 -4.519254871151E-02  8.964968190368E-01 -4.519254935653E-02
 -5.548532187056E-02 -1.100677329968E+00  9.908018039728E-01 -4.994647687253E-02  9.908018052174E-01 -4.994647893222E-02
 -6.029843382264E-02 -1.196156332949E+00  1.116519237119E+00 -5.628391446681E-02  1.116519239264E+00 -5.628391507532E-02
 -6.556714736325E-02 -1.300673227809E+00  1.250929037378E+00 -6.305953217335E-02  1.250929038932E+00 -6.305953477248E-02
 -7.038025931534E-02 -1.396152230790E+00  1.371405746305E+00 -6.913278520114E-02  1.371405748305E+00 -6.913278513882E-02
 -7.390499863647E-02 -1.466073437589E+00  1.458491688755E+00 -7.352280108809E-02  1.458491690140E+00 -7.352280152380E-02
 -7.551934871154E-02 -1.498097736455E+00  1.498097736455E+00 -7.551934871154E-02  1.498097736455E+00 -7.551934871154E-02
 -2.163234161989E-16 -1.000000000000E+00  8.536299764495E-01  2.184160412886E-10  8.536299765808E-01 -1.846601527038E-16
 -2.214798555046E-16 -1.032064962873E+00  8.976351778861E-01 -1.148398384587E-10  8.976351781545E-01 -1.926313911482E-16
 -2.327383208513E-16 -1.102074954642E+00  9.920599116096E-01  9.547108552374E-10  9.920599114871E-01 -2.095051312172E-16
 -2.481120121191E-16 -1.197675195524E+00  1.117936979441E+00 -1.304317926738E-09  1.117936979773E+00 -2.315933355807E-16
 -2.649409527626E-16 -1.302324804476E+00  1.252517451342E+00 -4.878080091468E-10  1.252517451124E+00 -2.548082979853E-16
 -2.803146440303E-16 -1.397925045358E+00  1.373147140036E+00 -3.457608209984E-09  1.373147140137E+00 -2.753461303714E-16
 -2.915731093771E-16 -1.467935037127E+00  1.460343662555E+00 -8.724616590037E-10  1.460343662482E+00 -2.900652492514E-16
 -2.967295486828E-16 -1.500000000000E+00  1.500000000000E+00 -2.967295486828E-16  1.500000000000E+00 -2.967295486828E-16
 -2.163234161989E-16 -1.000000000000E+00  8.536299764495E-01  2.184160412886E-10  8.536299765808E-01 -1.846601527038E-16
 -2.214798555046E-16 -1.032064962873E+00  8.976351778861E-01 -1.148398384587E-10  8.976351781545E-01 -1.926313911482E-16
 -2.327383208513E-16 -1.102074954642E+00  9.920599116096E-01  9.547108552374E-10  9.920599114871E-01 -2.095051312172E-16
 -2.481120121191E-16 -1.197675195524E+00  1.117936979441E+00 -1.304317926738E-09  1.117936979773E+00 -2.315933355807E-16
 -2.649409527626E-16 -1.302324804476E+00  1.252517451342E+00 -4.878080091468E-10  1.252517451124E+00 -2.548082979853E-16
 -2.803146440303E-16 -1.397925045358E+00  1.373147140036E+00 -3.457608209984E-09  1.373147140137E+00 -2.753461303714E-16
 -2.915731093771E-16 -1.467935037127E+00  1.460343662555E+00 -8.724616590037E-10  1.460343662482E+00 -2.900652492514E-16
 -2.967295486828E-16 -1.500000000000E+00  1.500000000000E+00 -2.967295486828E-16  1.500000000000E+00 -2.967295486828E-16
  5.034623247436E-02 -9.987318243030E-01  8.525474244797E-01  4.297705412086E-02  8.525474237903E-01  4.297705324802E-02
  5.196058254942E-02 -1.030756123169E+00  8.964968197745E-01  4.519255004808E-02  8.964968190368E-01  4.519254935653E-02
  5.548532187056E-02 -1.100677329968E+00  9.908018066347E-01  4.994648112886E-02  9.908018052174E-01  4.994647893222E-02
  6.029843382264E-02 -1.196156332949E+00  1.116519240674E+00  5.628391581025E-02  1.116519239264E+00  5.628391507532E-02
  6.556714736325E-02 -1.300673227809E+00  1.250929040851E+00  6.305953749752E-02  1.250929038932E+00  6.305953477248E-02
  7.038025931534E-02 -1.396152230790E+00  1.371405750074E+00  6.913278508553E-02  1.371405748305E+00  6.913278513881E-02
  7.390499863647E-02 -1.466073437589E+00  1.458491691623E+00  7.352280196510E-02  1.458491690140E+00  7.352280152380E-02
  7.551934871154E-02 -1.498097736455E+00  1.498097736455E+00  7.551934871154E-02  1.498097736455E+00  7.551934871154E-02
  1.596528317756E-01 -9.871732235560E-01  8.426806547203E-01  1.362844420117E-01  8.426806557053E-01  1.362844430496E-01
  1.647720938990E-01 -1.018826896318E+00  8.861214110605E-01  1.433099965164E-01  8.861214123960E-01  1.433099980937E-01
  1.759493873375E-01 -1.087938885574E+00  9.793349789176E-01  1.583851733652E-01  9.793349807834E-01  1.583851741599E-01
  1.912122365128E-01 -1.182312883539E+00  1.103597448609E+00  1.784818015987E-01  1.103597452055E+00  1.784818045673E-01
  2.079198429261E-01 -1.285620175351E+00  1.236451684528E+00  1.999679574004E-01  1.236451689786E+00  1.999679579203E-01
  2.231826921014E-01 -1.379994173316E+00  1.355534082382E+00  2.192268277663E-01  1.355534088745E+00  2.192268293673E-01
  2.343599855400E-01 -1.449106162572E+00  1.441612156934E+00  2.331480013660E-01  1.441612160792E+00  2.331480010808E-01
  2.394792476634E-01 -1.480759835334E+00  1.480759835334E+00  2.394792476634E-01  1.480759835334E+00  2.394792476634E-01
  3.055418788382E-01 -9.521786388467E-01  8.128082303275E-01  2.608197074258E-01  8.128082291795E-01  2.608197068771E-01
  3.153390678391E-01 -9.827102115494E-01  8.547090436788E-01  2.742651391843E-01  8.547090421161E-01  2.742651388445E-01
  3.367300522617E-01 -1.049372230218E+00  9.446182589188E-01  3.031158511805E-01  9.446182561742E-01  3.031158492758E-01
  3.659399294784E-01 -1.140400737455E+00  1.064475716651E+00  3.415765658597E-01  1.064475711716E+00  3.415765652224E-01
  3.979147676170E-01 -1.240045859662E+00  1.192620369237E+00  3.826965387411E-01  1.192620361743E+00  3.826965352940E-01
  4.271246448337E-01 -1.331074366899E+00  1.307481383731E+00  4.195539587045E-01  1.307481374831E+00  4.195539571186E-01
  4.485156292563E-01 -1.397736385567E+00  1.390508045722E+00  4.461961480677E-01  1.390508040791E+00  4.461961463843E-01
  4.583128182573E-01 -1.428267958270E+00  1.428267958270E+00  4.583128182573E-01  1.428267958270E+00  4.583128182573E-01
  4.572412379666E-01 -8.893427068925E-01  7.591695923918E-01  3.903148270238E-01  7.591695940569E-01  3.903148272572E-01
  4.719026612858E-01 -9.178594477700E-01  7.983052970988E-01  4.104358193380E-01  7.983052991418E-01  4.104358201017E-01
  5.039141165923E-01 -9.801223233594E-01  8.822812437913E-01  4.536107019892E-01  8.822812470814E-01  4.536107020654E-01
  5.476264890834E-01 -1.065143700366E+00  9.942290949642E-01  5.111668856781E-01  9.942290997262E-01  5.111668885999E-01
  5.954766058330E-01 -1.158213066866E+00  1.113917252833E+00  5.727026275642E-01  1.113917260413E+00  5.727026299266E-01
  6.391889783241E-01 -1.243234443872E+00  1.221198386840E+00  6.278594931239E-01  1.221198394571E+00  6.278594982663E-01
  6.712004336306E-01 -1.305497319461E+00  1.298745981175E+00  6.677293418751E-01  1.298745985785E+00  6.677293440901E-01
  6.858618569498E-01 -1.334014060339E+00  1.334014060339E+00  6.858618569498E-01  1.334014060339E+00  6.858618569498E-01
  5.851452805981E-01 -8.109284805664E-01  6.922328614361E-01  4.994975519884E-01  6.922328598746E-01  4.994975521733E-01
  6.039079422956E-01 -8.369308721881E-01  7.279179331114E-01  5.252469877152E-01  7.279179311238E-01  5.252469881959E-01
  6.448739585740E-01 -8.937039684379E-01  8.044896390950E-01  5.804991761456E-01  8.044896366531E-01  5.804991752773E-01
  7.008139883505E-01 -9.712289265187E-01  9.065669406334E-01  6.541555475369E-01  9.065669363761E-01  6.541555477201E-01
  7.620492131448E-01 -1.056092274897E+00  1.015702077984E+00  7.329046787441E-01  1.015702073523E+00  7.329046753920E-01
  8.179892429213E-01 -1.133617232978E+00  1.113524129325E+00  8.034905716700E-01  1.113524123945E+00  8.034905686177E-01
  8.589552591997E-01 -1.190390329228E+00  1.184234269936E+00  8.545132051143E-01  1.184234267322E+00  8.545132021530E-01
  8.777179208972E-01 -1.216392720850E+00  1.216392720850E+00  8.777179208972E-01  1.216392720850E+00  8.777179208972E-01
  6.706098831617E-01 -7.418102079413E-01  6.332314290949E-01  5.724526987029E-01  6.332314304323E-01  5.724526988581E-01
  6.921129641672E-01 -7.655963247174E-01  6.658749367463E-01  6.019630214402E-01  6.658749381622E-01  6.019630219440E-01
  7.390623565677E-01 -8.175304512697E-01  7.359201668940E-01  6.652851819081E-01  7.359201692304E-01  6.652851813317E-01
  8.031728229362E-01 -8.884476858381E-01  8.292970614829E-01  7.496995863005E-01  8.292970634304E-01  7.496995873875E-01
  8.733518849679E-01 -9.660778340152E-01  9.291302279310E-01  8.399505822946E-01  9.291302308683E-01  8.399505815562E-01
  9.374623513365E-01 -1.036995068584E+00  1.018614564189E+00  9.208460417528E-01  1.018614565559E+00  9.208460432107E-01
  9.844117437369E-01 -1.088929195136E+00  1.083297834644E+00  9.793208922017E-01  1.083297835932E+00  9.793208928732E-01
  1.005914824742E+00 -1.112715311912E+00  1.112715311912E+00  1.005914824742E+00  1.112715311912E+00  1.005914824742E+00
  7.071067811865E-01 -7.071067811865E-01  6.036075448171E-01  6.036075451260E-01  6.036075450644E-01  6.036075450644E-01
  7.297801338723E-01 -7.297801338723E-01  6.347239213961E-01  6.347239212336E-01  6.347239215046E-01  6.347239215046E-01
  7.792846738030E-01 -7.792846738030E-01  7.014922901674E-01  7.014922915176E-01  7.014922907558E-01  7.014922907558E-01
  8.468842524142E-01 -8.468842524142E-01  7.905008200241E-01  7.905008181795E-01  7.905008193365E-01  7.905008193365E-01
  9.208827005522E-01 -9.208827005522E-01  8.856635837430E-01  8.856635830532E-01  8.856635832442E-01  8.856635832442E-01
  9.884822791634E-01 -9.884822791634E-01  9.709616567316E-01  9.709616518418E-01  9.709616543574E-01  9.709616543574E-01
  1.037986819094E+00 -1.037986819094E+00  1.032618907272E+00  1.032618906038E+00  1.032618906604E+00  1.032618906604E+00
  1.060660171780E+00 -1.060660171780E+00  1.060660171780E+00  1.060660171780E+00  1.060660171780E+00  1.060660171780E+00
  7.071067811865E-01 -7.071067811865E-01  6.036075448171E-01  6.036075451260E-01  6.036075450644E-01  6.036075450644E-01
  7.297801338723E-01 -7.297801338723E-01  6.347239213961E-01  6.347239212336E-01  6.347239215046E-01  6.347239215046E-01
  7.792846738030E-01 -7.792846738030E-01  7.014922901674E-01  7.014922915176E-01  7.014922907558E-01  7.014922907558E-01
  8.468842524142E-01 -8.468842524142E-01  7.905008200241E-01  7.905008181795E-01  7.905008193365E-01  7.905008193365E-01
  9.208827005522E-01 -9.208827005522E-01  8.856635837430E-01  8.856635830532E-01  8.856635832442E-01  8.856635832442E-01
  9.884822791634E-01 -9.884822791634E-01  9.709616567316E-01  9.709616518418E-01  9.709616543574E-01  9.709616543574E-01
  1.037986819094E+00 -1.037986819094E+00  1.032618907272E+00  1.032618906038E+00  1.032618906604E+00  1.032618906604E+00
  1.060660171780E+00 -1.060660171780E+00  1.060660171780E+00  1.060660171780E+00  1.060660171780E+00  1.060660171780E+00
  7.418102079413E-01 -6.706098831617E-01  5.724526987284E-01  6.332314315370E-01  5.724526988581E-01  6.332314304323E-01
  7.655963247174E-01 -6.921129641672E-01  6.019630219766E-01  6.658749391728E-01  6.019630219440E-01  6.658749381622E-01
  8.175304512697E-01 -7.390623565677E-01  6.652851807807E-01  7.359201717859E-01  6.652851813317E-01  7.359201692304E-01
  8.884476858381E-01 -8.031728229362E-01  7.496995878649E-01  8.292970649472E-01  7.496995873875E-01  8.292970634304E-01
  9.660778340152E-01 -8.733518849679E-01  8.399505809858E-01  9.291302341518E-01  8.399505815562E-01  9.291302308683E-01
  1.036995068584E+00 -9.374623513365E-01  9.208460444991E-01  1.018614566772E+00  9.208460432107E-01  1.018614565559E+00
  1.088929195136E+00 -9.844117437369E-01  9.793208936098E-01  1.083297837293E+00  9.793208928732E-01  1.083297835932E+00
  1.112715311912E+00 -1.005914824742E+00  1.005914824742E+00  1.112715311912E+00  1.005914824742E+00  1.112715311912E+00
  8.109284805664E-01 -5.851452805981E-01  4.994975522108E-01  6.922328584441E-01  4.994975521733E-01  6.922328598746E-01
  8.369308721881E-01 -6.039079422956E-01  5.252469883669E-01  7.279179290640E-01  5.252469881959E-01  7.279179311238E-01
  8.937039684379E-01 -6.448739585740E-01  5.804991745199E-01  8.044896347718E-01  5.804991752773E-01  8.044896366531E-01
  9.712289265187E-01 -7.008139883505E-01  6.541555473830E-01  9.065669318406E-01  6.541555477201E-01  9.065669363761E-01
  1.056092274897E+00 -7.620492131448E-01  7.329046720411E-01  1.015702069437E+00  7.329046753920E-01  1.015702073523E+00
  1.133617232978E+00 -8.179892429213E-01  8.034905652499E-01  1.113524118313E+00  8.034905686177E-01  1.113524123945E+00
  1.190390329228E+00 -8.589552591997E-01  8.545131992229E-01  1.184234264795E+00  8.545132021530E-01  1.184234267322E+00
  1.216392720850E+00 -8.777179208972E-01  8.777179208972E-01  1.216392720850E+00  8.777179208972E-01  1.216392720850E+00
  8.893427068925E-01 -4.572412379666E-01  3.903148276809E-01  7.591695952567E-01  3.903148272572E-01  7.591695940569E-01
  9.178594477700E-01 -4.719026612858E-01  4.104358209664E-01  7.983053004870E-01  4.104358201017E-01  7.983052991418E-01
  9.801223233594E-01 -5.039141165923E-01  4.536107026592E-01  8.822812503690E-01  4.536107020654E-01  8.822812470814E-01
  1.065143700366E+00 -5.476264890834E-01  5.111668916384E-01  9.942291036659E-01  5.111668885999E-01  9.942290997262E-01
  1.158213066866E+00 -5.954766058330E-01  5.727026327885E-01  1.113917268149E+00  5.727026299266E-01  1.113917260413E+00
  1.243234443872E+00 -6.391889783241E-01  6.278595034380E-01  1.221198401985E+00  6.278594982663E-01  1.221198394571E+00
  1.305497319461E+00 -6.712004336306E-01  6.677293463865E-01  1.298745990462E+00  6.677293440901E-01  1.298745985785E+00
  1.334014060339E+00 -6.858618569498E-01  6.858618569498E-01  1.334014060339E+00  6.858618569498E-01  1.334014060339E+00
  9.521786388467E-01 -3.055418788382E-01  2.608197058647E-01  8.128082278371E-01  2.608197068771E-01  8.128082291795E-01
  9.827102115494E-01 -3.153390678391E-01  2.742651379399E-01  8.547090401314E-01  2.742651388445E-01  8.547090421161E-01
  1.049372230218E+00 -3.367300522617E-01  3.031158470032E-01  9.446182537938E-01  3.031158492758E-01  9.446182561742E-01
  1.140400737455E+00 -3.659399294784E-01  3.415765639212E-01  1.064475706283E+00  3.415765652224E-01  1.064475711716E+00
  1.240045859662E+00 -3.979147676170E-01  3.826965316051E-01  1.192620354713E+00  3.826965352940E-01  1.192620361743E+00
  1.331074366899E+00 -4.271246448337E-01  4.195539552883E-01  1.307481365729E+00  4.195539571186E-01  1.307481374831E+00
  1.397736385567E+00 -4.485156292563E-01  4.461961446907E-01  1.390508035965E+00  4.461961463843E-01  1.390508040791E+00
  1.428267958270E+00 -4.583128182573E-01  4.583128182573E-01  1.428267958270E+00  4.583128182573E-01  1.428267958270E+00
  9.871732235560E-01 -1.596528317756E-01  1.362844442845E-01  8.426806566787E-01  1.362844430496E-01  8.426806557053E-01
  1.018826896318E+00 -1.647720938990E-01  1.433099998392E-01  8.861214134616E-01  1.433099980937E-01  8.861214123960E-01
  1.087938885574E+00 -1.759493873375E-01  1.583851752727E-01  9.793349831242E-01  1.583851741599E-01  9.793349807834E-01
  1.182312883539E+00 -1.912122365128E-01  1.784818077073E-01  1.103597454936E+00  1.784818045673E-01  1.103597452055E+00
  1.285620175351E+00 -2.079198429261E-01  1.999679587047E-01  1.236451695311E+00  1.999679579203E-01  1.236451689786E+00
  1.379994173316E+00 -2.231826921014E-01  2.192268310132E-01  1.355534094708E+00  2.192268293673E-01  1.355534088745E+00
  1.449106162572E+00 -2.343599855400E-01  2.331480008355E-01  1.441612164735E+00  2.331480010808E-01  1.441612160792E+00
  1.480759835334E+00 -2.394792476634E-01  2.394792476634E-01  1.480759835334E+00  2.394792476634E-01  1.480759835334E+00
  9.987318243030E-01 -5.034623247436E-02  4.297705241214E-02  8.525474227348E-01  4.297705324802E-02  8.525474237903E-01
  1.030756123169E+00 -5.196058254943E-02  4.519254871151E-02  8.964968176794E-01  4.519254935653E-02  8.964968190368E-01
  1.100677329968E+00 -5.548532187056E-02  4.994647687253E-02  9.908018039728E-01  4.994647893222E-02  9.908018052174E-01
  1.196156332949E+00 -6.029843382264E-02  5.628391446681E-02  1.116519237119E+00  5.628391507532E-02  1.116519239264E+00
  1.300673227809E+00 -6.556714736325E-02  6.305953217335E-02  1.250929037378E+00  6.305953477248E-02  1.250929038932E+00
  1.396152230790E+00 -7.038025931534E-02  6.913278520114E-02  1.371405746305E+00  6.913278513881E-02  1.371405748305E+00
  1.466073437589E+00 -7.390499863647E-02  7.352280108809E-02  1.458491688755E+00  7.352280152380E-02  1.458491690140E+00
  1.498097736455E+00 -7.551934871154E-02  7.551934871154E-02  1.498097736455E+00  7.551934871154E-02  1.498097736455E+00
  1.000000000000E+00  2.775557561563E-17 -2.184160912453E-10  8.536299764495E-01 -2.369299136276E-17  8.536299765808E-01
  1.032064962873E+00  2.953553861887E-17  1.148397741915E-10  8.976351778861E-01 -2.568843960776E-17  8.976351781545E-01
  1.102074954642E+00  3.342187385967E-17 -9.547109280725E-10  9.920599116096E-01 -3.008552284335E-17  9.920599114871E-01
  1.197675195524E+00  3.872875328905E-17  1.304317639031E-09  1.117936979441E+00 -3.615028986500E-17  1.117936979773E+00
  1.302324804476E+00  4.453797355784E-17  4.878075054281E-10  1.252517451342E+00 -4.283462076985E-17  1.252517451124E+00
  1.397925045358E+00  4.984485298722E-17  3.457607726445E-09  1.373147140036E+00 -4.896136424280E-17  1.373147140137E+00
  1.467935037127E+00  5.373118822801E-17  8.724613001471E-10  1.460343662555E+00 -5.345331926948E-17  1.460343662482E+00
  1.500000000000E+00  5.551115123126E-17 -5.551115123126E-17  1.500000000000E+00 -5.551115123126E-17  1.500000000000E+00
