# x y ux uy ux_exact uy_exact
  5.000000000000E-01  1.387778780781E-17 -1.445347688743E-17  3.352371559234E-03 -9.304700044971E-20  3.352371492426E-03
  5.320649628726E-01  1.476776930944E-17  9.440370067108E-09  7.307038870802E-02 -2.028111861585E-18  7.307043059279E-02
  6.020749546417E-01  1.671093692983E-17 -2.122322661005E-08  2.128272783665E-01 -5.907141936500E-18  2.128272177924E-01
  6.976751955244E-01  1.936437664453E-17  3.029530545025E-08  3.838781184703E-01 -1.065475967941E-17  3.838781737752E-01
  8.023248044756E-01  2.226898677892E-17 -3.193990819347E-08  5.537495095594E-01 -1.536963530981E-17  5.537494708325E-01
  8.979250453583E-01  2.492242649361E-17  2.451380575953E-08  6.982910477503E-01 -1.938147059823E-17  6.982910701127E-01
  9.679350371274E-01  2.686559411401E-17 -1.203531928518E-08  7.994968623362E-01 -2.219049537939E-17  7.994968537742E-01
  1.000000000000E+00  2.775557561563E-17 -2.299441505995E-10  8.447976159469E-01 -2.344784411333E-17  8.447976160914E-01
  4.993659121515E-01  2.517311623718E-02 -1.687792524290E-04  3.348119381031E-03 -1.687792744981E-04  3.348120096372E-03
  5.313902110175E-01  2.678746631225E-02 -3.678809161112E-03  7.297772258002E-02 -3.678820885626E-03  7.297776444854E-02
  6.013114178165E-01  3.031220563338E-02 -1.071507256663E-02  2.125573746085E-01 -1.071504858385E-02  2.125573154871E-01
  6.967904207970E-01  3.512531758546E-02 -1.932678656738E-02  3.833912948614E-01 -1.932681977872E-02  3.833913488046E-01
  8.013073156575E-01  4.039403112607E-02 -2.787923342953E-02  5.530472562928E-01 -2.787919959109E-02  5.530472192114E-01
  8.967863186381E-01  4.520714307816E-02 -3.515629918059E-02  6.974054935861E-01 -3.515632455067E-02  6.974055143482E-01
  9.667075254371E-01  4.873188239929E-02 -4.025166739379E-02  7.984829598992E-01 -4.025165446263E-02  7.984829512944E-01
  9.987318243030E-01  5.034623247436E-02 -4.253237802625E-02  8.437262649387E-01 -4.253237717352E-02  8.437262642858E-01
  4.935866117780E-01  7.982641588779E-02 -5.352156882344E-04  3.309371976971E-03 -5.352156019295E-04  3.309371372736E-03
  5.252402845402E-01  8.494567801117E-02 -1.166588559813E-02  7.213313334541E-02 -1.166590116320E-02  7.213317251491E-02
  5.943522737960E-01  9.612297144970E-02 -3.397849904530E-02  2.100973877989E-01 -3.397846799947E-02  2.100973306485E-01
  6.887262717609E-01  1.113858206250E-01 -6.128719900056E-02  3.789542050362E-01 -6.128723750004E-02  3.789542542584E-01
  7.920335635732E-01  1.280934270383E-01 -8.840770871089E-02  5.466466835729E-01 -8.840767111264E-02  5.466466501642E-01
  8.864075615381E-01  1.433562762137E-01 -1.114841183898E-01  6.893342283756E-01 -1.114841467471E-01  6.893342466636E-01
  9.555195507939E-01  1.545335696522E-01 -1.276419489224E-01  7.892418923575E-01 -1.276419367007E-01  7.892418863632E-01
  9.871732235560E-01  1.596528317756E-01 -1.348743306705E-01  8.339615849694E-01 -1.348743316862E-01  8.339615859294E-01
  4.760893194234E-01  1.527709394191E-01 -1.024289722158E-03  3.192055984899E-03 -1.024289884359E-03  3.192056524567E-03
  5.066208921261E-01  1.625681284201E-01 -2.232605465916E-02  6.957606531188E-02 -2.232607665083E-02  6.957610314179E-02
  5.732829107945E-01  1.839591128426E-01 -6.502766633599E-02  2.026495809663E-01 -6.502762799218E-02  2.026495305471E-01
  6.643114180315E-01  2.131689900593E-01 -1.172908123398E-01  3.655205528716E-01 -1.172908584602E-01  3.655205969882E-01
  7.639565402386E-01  2.451438281979E-01 -1.691936957471E-01  5.272684441510E-01 -1.691936537238E-01  5.272684173994E-01
  8.549850474757E-01  2.743537054146E-01 -2.133571353750E-01  6.648978271021E-01 -2.133571655382E-01  6.648978406588E-01
  9.216470661440E-01  2.957446898372E-01 -2.442797851195E-01  7.612638313932E-01 -2.442797708274E-01  7.612638259890E-01
  9.521786388467E-01  3.055418788382E-01 -2.581210513812E-01  8.043982452822E-01 -2.581210508586E-01  8.043982441909E-01
  4.446713534462E-01  2.286206189833E-01 -1.532842733725E-03  2.981407631910E-03 -1.532842491321E-03  2.981407137583E-03
  4.731880943238E-01  2.432820423025E-01 -3.341078684061E-02  6.498462210866E-02 -3.341081414300E-02  6.498465453719E-02
  5.354509699132E-01  2.752934976090E-01 -9.731342744053E-02  1.892763787982E-01 -9.731338053636E-02  1.892763339718E-01
  6.204723469194E-01  3.190058701001E-01 -1.755248795368E-01  3.413992193582E-01 -1.755249314053E-01  3.413992541821E-01
  7.135417134193E-01  3.668559868497E-01 -2.531971399542E-01  4.924730733426E-01 -2.531970935668E-01  4.924730533305E-01
  7.985630904255E-01  4.105683593408E-01 -3.192874413924E-01  6.210200613997E-01 -3.192874733593E-01  6.210200704929E-01
  8.608259660149E-01  4.425798146473E-01 -3.655629455808E-01  7.110266971618E-01 -3.655629311701E-01  7.110266960875E-01
  8.893427068925E-01  4.572412379666E-01 -3.862763075923E-01  7.513145970334E-01 -3.862763078128E-01  7.513145986710E-01
  4.054642402832E-01  2.925726402991E-01 -1.961624041345E-03  2.718533063096E-03 -1.961624357605E-03  2.718533520647E-03
  4.314666319049E-01  3.113353019965E-01 -4.275678546711E-02  5.925486436477E-02 -4.275681761264E-02  5.925489325494E-02
  4.882397281547E-01  3.523013182749E-01 -1.245348946534E-01  1.725876887422E-01 -1.245348420740E-01  1.725876523475E-01
  5.657646862355E-01  4.082413480515E-01 -2.246244445621E-01  3.112977168572E-01 -2.246245017092E-01  3.112977441821E-01
  6.506280346142E-01  4.694765728457E-01 -3.240239377846E-01  4.490512299179E-01 -3.240238894914E-01  4.490512169967E-01
  7.281529926949E-01  5.254166026223E-01 -4.086016908863E-01  5.662641135197E-01 -4.086017241603E-01  5.662641164796E-01
  7.849260889447E-01  5.663826189007E-01 -4.678218252774E-01  6.483347702143E-01 -4.678218108390E-01  6.483347688487E-01
  8.109284805664E-01  5.851452805981E-01 -4.943293379141E-01  6.850704487218E-01 -4.943293381164E-01  6.850704472031E-01
  3.709051039706E-01  3.353049415808E-01 -2.248133883856E-03  2.486823889284E-03 -2.248133454850E-03  2.486823393893E-03
  3.946912207468E-01  3.568080225864E-01 -4.900171788517E-02  5.420436656664E-02 -4.900175292240E-02  5.420439131240E-02
  4.466253472990E-01  4.037574149868E-01 -1.427240920691E-01  1.578774335601E-01 -1.427240356574E-01  1.578774026861E-01
  5.175425818674E-01  4.678678813554E-01 -2.574324376964E-01  2.847647272828E-01 -2.574324972637E-01  2.847647479123E-01
  5.951727300445E-01  5.380469433871E-01 -3.713499175345E-01  4.107770172672E-01 -3.713498679358E-01  4.107770101057E-01
  6.660899646129E-01  6.021574097557E-01 -4.682808596273E-01  5.179994432651E-01 -4.682808929411E-01  5.179994439239E-01
  7.180240911651E-01  6.491068021561E-01 -5.361505061622E-01  5.930749247663E-01 -5.361504916976E-01  5.930749273466E-01
  7.418102079413E-01  6.706098831617E-01 -5.665296304613E-01  6.266794939355E-01 -5.665296306223E-01  6.266794952611E-01
  3.535533905933E-01  3.535533905933E-01 -2.370484662591E-03  2.370484662591E-03 -2.370484615351E-03  2.370484615351E-03
  3.762267432790E-01  3.762267432790E-01 -5.166856068403E-02  5.166857403473E-02 -5.166859697638E-02  5.166859697638E-02
  4.257312832097E-01  4.257312832097E-01 -1.504916267615E-01  1.504915967473E-01 -1.504915689220E-01  1.504915689220E-01
  4.933308618209E-01  4.933308618209E-01 -2.714427992975E-01  2.714428421415E-01 -2.714428598259E-01  2.714428598259E-01
  5.673293099589E-01  5.673293099589E-01 -3.915600558731E-01  3.915600107033E-01 -3.915600059042E-01  3.915600059042E-01
  6.349288885701E-01  6.349288885701E-01 -4.937663177722E-01  4.937663524400E-01 -4.937663509187E-01  4.937663509187E-01
  6.844334285008E-01  6.844334285008E-01 -5.653296614055E-01  5.653296443850E-01 -5.653296468410E-01  5.653296468410E-01
  7.071067811865E-01  7.071067811865E-01 -5.973621231289E-01  5.973621228037E-01 -5.973621230684E-01  5.973621230684E-01
  3.535533905933E-01  3.535533905933E-01 -2.370484662591E-03  2.370484662591E-03 -2.370484615351E-03  2.370484615351E-03
  3.762267432790E-01  3.762267432790E-01 -5.166856068403E-02  5.166857403473E-02 -5.166859697638E-02  5.166859697638E-02
  4.257312832097E-01  4.257312832097E-01 -1.504916267615E-01  1.504915967473E-01 -1.504915689220E-01  1.504915689220E-01
  4.933308618209E-01  4.933308618209E-01 -2.714427992975E-01  2.714428421415E-01 -2.714428598259E-01  2.714428598259E-01
  5.673293099589E-01  5.673293099589E-01 -3.915600558731E-01  3.915600107033E-01 -3.915600059042E-01  3.915600059042E-01
  6.349288885701E-01  6.349288885701E-01 -4.937663177722E-01  4.937663524400E-01 -4.937663509187E-01  4.937663509187E-01
  6.844334285008E-01  6.844334285008E-01 -5.653296614055E-01  5.653296443850E-01 -5.653296468410E-01  5.653296468410E-01
  7.071067811865E-01  7.071067811865E-01 -5.973621231289E-01  5.973621228037E-01 -5.973621230684E-01  5.973621230684E-01
  3.353049415808E-01  3.709051039706E-01 -2.486822872465E-03  2.248132964633E-03 -2.486823393893E-03  2.248133454850E-03
  3.568080225864E-01  3.946912207468E-01 -5.420435341640E-02  4.900173160737E-02 -5.420439131240E-02  4.900175292240E-02
  4.037574149868E-01  4.466253472990E-01 -1.578774614497E-01  1.427240605041E-01 -1.578774026861E-01  1.427240356574E-01
  4.678678813554E-01  5.175425818674E-01 -2.847646862847E-01  2.574324826041E-01 -2.847647479123E-01  2.574324972637E-01
  5.380469433871E-01  5.951727300445E-01 -4.107770602535E-01  3.713498702289E-01 -4.107770101057E-01  3.713498679358E-01
  6.021574097557E-01  6.660899646129E-01 -5.179994113035E-01  4.682808961995E-01 -5.179994439239E-01  4.682808929411E-01
  6.491068021561E-01  7.180240911651E-01 -5.930749425748E-01  5.361504886384E-01 -5.930749273466E-01  5.361504916976E-01
  6.706098831617E-01  7.418102079413E-01 -6.266794963257E-01  5.665296304810E-01 -6.266794952611E-01  5.665296306223E-01
  2.925726402991E-01  4.054642402832E-01 -2.718534008933E-03  1.961624723837E-03 -2.718533520647E-03  1.961624357605E-03
  3.113353019965E-01  4.314666319049E-01 -5.925485455176E-02  4.275680092179E-02 -5.925489325494E-02  4.275681761264E-02
  3.523013182749E-01  4.882397281547E-01 -1.725877147117E-01  1.245348605327E-01 -1.725876523475E-01  1.245348420740E-01
  4.082413480515E-01  5.657646862355E-01 -3.112976821535E-01  2.246244941271E-01 -3.112977441821E-01  2.246245017092E-01
  4.694765728457E-01  6.506280346142E-01 -4.490512672062E-01  3.240238865289E-01 -4.490512169967E-01  3.240238894914E-01
  5.254166026223E-01  7.281529926949E-01 -5.662640834964E-01  4.086017312803E-01 -5.662641164796E-01  4.086017241603E-01
  5.663826189007E-01  7.849260889447E-01 -6.483347817294E-01  4.678218064356E-01 -6.483347688487E-01  4.678218108390E-01
  5.851452805981E-01  8.109284805664E-01 -6.850704458060E-01  4.943293381558E-01 -6.850704472031E-01  4.943293381164E-01
  2.286206189833E-01  4.446713534462E-01 -2.981406641286E-03  1.532842224412E-03 -2.981407137583E-03  1.532842491321E-03
  2.432820423025E-01  4.731880943238E-01 -6.498461223694E-02  3.341080294367E-02 -6.498465453719E-02  3.341081414300E-02
  2.752934976090E-01  5.354509699132E-01 -1.892763967368E-01  9.731338907500E-02 -1.892763339718E-01  9.731338053636E-02
  3.190058701001E-01  6.204723469194E-01 -3.413991903749E-01  1.755249328223E-01 -3.413992541821E-01  1.755249314053E-01
  3.668559868497E-01  7.135417134193E-01 -4.924731019616E-01  2.531970827681E-01 -4.924730533305E-01  2.531970935668E-01
  4.105683593408E-01  7.985630904255E-01 -6.210200395782E-01  3.192874851019E-01 -6.210200704929E-01  3.192874733593E-01
  4.425798146473E-01  8.608259660149E-01 -7.110267100150E-01  3.655629248854E-01 -7.110266960875E-01  3.655629311701E-01
  4.572412379666E-01  8.893427068925E-01 -7.513145998123E-01  3.862763082149E-01 -7.513145986710E-01  3.862763078128E-01
  1.527709394191E-01  4.760893194234E-01 -3.192057045515E-03  1.024290062496E-03 -3.192056524567E-03  1.024289884359E-03
  1.625681284201E-01  5.066208921261E-01 -6.957606090565E-02  2.232607302610E-02 -6.957610314179E-02  2.232607665083E-02
  1.839591128426E-01  5.732829107945E-01 -2.026495954104E-01  6.502762652296E-02 -2.026495305471E-01  6.502762799218E-02
  2.131689900593E-01  6.643114180315E-01 -3.655205356874E-01  1.172908705126E-01 -3.655205969882E-01  1.172908584602E-01
  2.451438281979E-01  7.639565402386E-01 -5.272684643510E-01  1.691936350737E-01 -5.272684173994E-01  1.691936537238E-01
  2.743537054146E-01  8.549850474757E-01 -6.648978116249E-01  2.133571817123E-01 -6.648978406588E-01  2.133571655382E-01
  2.957446898372E-01  9.216470661440E-01 -7.612638369385E-01  2.442797613971E-01 -7.612638259890E-01  2.442797708274E-01
  3.055418788382E-01  9.521786388467E-01 -8.043982428770E-01  2.581210498565E-01 -8.043982441909E-01  2.581210508586E-01
  7.982641588779E-02  4.935866117780E-01 -3.309370825568E-03  5.352155020213E-04 -3.309371372736E-03  5.352156019295E-04
  8.494567801117E-02  5.252402845402E-01 -7.213312935615E-02  1.166590346509E-02 -7.213317251491E-02  1.166590116320E-02
  9.612297144970E-02  5.943522737960E-01 -2.100973935626E-01  3.397845655514E-02 -2.100973306485E-01  3.397846799947E-02
  1.113858206250E-01  6.887262717609E-01 -3.789541945277E-01  6.128725858746E-02 -3.789542542584E-01  6.128723750004E-02
  1.280934270383E-01  7.920335635732E-01 -5.466466934494E-01  8.840764610085E-02 -5.466466501642E-01  8.840767111264E-02
  1.433562762137E-01  8.864075615381E-01 -6.893342210424E-01  1.114841681823E-01 -6.893342466636E-01  1.114841467471E-01
  1.545335696522E-01  9.555195507939E-01 -7.892418975383E-01  1.276419274569E-01 -7.892418863632E-01  1.276419367007E-01
  1.596528317756E-01  9.871732235560E-01 -8.339615868602E-01  1.348743329032E-01 -8.339615859294E-01  1.348743316862E-01
  2.517311623718E-02  4.993659121515E-01 -3.348120750019E-03  1.687793214399E-04 -3.348120096372E-03  1.687792744981E-04
  2.678746631225E-02  5.313902110175E-01 -7.297772217559E-02  3.678828162803E-03 -7.297776444854E-02  3.678820885626E-03
  3.031220563338E-02  6.013114178165E-01 -2.125573772074E-01  1.071503052588E-02 -2.125573154871E-01  1.071504858385E-02
  3.512531758546E-02  6.967904207970E-01 -3.833912920969E-01  1.932684731185E-02 -3.833913488046E-01  1.932681977872E-02
  4.039403112607E-02  8.013073156575E-01 -5.530472593470E-01  2.787916958353E-02 -5.530472192114E-01  2.787919959109E-02
  4.520714307816E-02  8.967863186381E-01 -6.974054903260E-01  3.515634764125E-02 -6.974055143482E-01  3.515632455067E-02
  4.873188239929E-02  9.667075254371E-01 -7.984829596979E-01  4.025164241005E-02 -7.984829512944E-01  4.025165446263E-02
  5.034623247436E-02  9.987318243030E-01 -8.437262632347E-01  4.253237635002E-02 -8.437262642858E-01  4.253237717352E-02
  3.061616997868E-17  5.000000000000E-01 -3.352371559234E-03  1.279488130927E-17 -3.352371492426E-03  2.052735508876E-19
  3.257958268602E-17  5.320649628726E-01 -7.307038870802E-02  9.440370154763E-09 -7.307043059279E-02  4.474273446889E-18
  3.686645830244E-17  6.020749546417E-01 -2.128272783665E-01 -2.122322642068E-08 -2.128272177924E-01  1.303190855204E-17
  4.272028475217E-17  6.976751955244E-01 -3.838781184703E-01  3.029530563908E-08 -3.838781737752E-01  2.350575883881E-17
  4.912822518388E-17  8.023248044756E-01 -5.537495095594E-01 -3.193990784146E-08 -5.537494708325E-01  3.390737584923E-17
  5.498205163361E-17  8.979250453583E-01 -6.982910477503E-01  2.451380613860E-08 -6.982910701127E-01  4.275799619434E-17
  5.926892725003E-17  9.679350371274E-01 -7.994968623362E-01 -1.203531895842E-08 -7.994968537742E-01  4.895506314515E-17
  6.123233995737E-17  1.000000000000E+00 -8.447976159469E-01 -2.299438313593E-10 -8.447976160914E-01  5.172893482368E-17
  3.061616997868E-17  5.000000000000E-01 -3.352371559234E-03  1.279488130927E-17 -3.352371492426E-03  2.052735508876E-19
  3.257958268602E-17  5.320649628726E-01 -7.307038870802E-02  9.440370154763E-09 -7.307043059279E-02  4.474273446889E-18
  3.686645830244E-17  6.020749546417E-01 -2.128272783665E-01 -2.122322642068E-08 -2.128272177924E-01  1.303190855204E-17
  4.272028475217E-17  6.976751955244E-01 -3.838781184703E-01  3.029530563908E-08 -3.838781737752E-01  2.350575883881E-17
  4.912822518388E-17  8.023248044756E-01 -5.537495095594E-01 -3.193990784146E-08 -5.537494708325E-01  3.390737584923E-17
  5.498205163361E-17  8.979250453583E-01 -6.982910477503E-01  2.451380613860E-08 -6.982910701127E-01  4.275799619434E-17
  5.926892725003E-17  9.679350371274E-01 -7.994968623362E-01 -1.203531895842E-08 -7.994968537742E-01  4.895506314515E-17
  6.123233995737E-17  1.000000000000E+00 -8.447976159469E-01 -2.299438313593E-10 -8.447976160914E-01  5.172893482368E-17
 -2.517311623718E-02  4.993659121515E-01 -3.348119381031E-03 -1.687792524290E-04 -3.348120096372E-03 -1.687792744981E-04
 -2.678746631225E-02  5.313902110175E-01 -7.297772258002E-02 -3.678809161112E-03 -7.297776444854E-02 -3.678820885626E-03
 -3.031220563338E-02  6.013114178165E-01 -2.125573746085E-01 -1.071507256663E-02 -2.125573154871E-01 -1.071504858385E-02
 -3.512531758546E-02  6.967904207970E-01 -3.833912948614E-01 -1.932678656738E-02 -3.833913488046E-01 -1.932681977872E-02
 -4.039403112607E-02  8.013073156575E-01 -5.530472562928E-01 -2.787923342953E-02 -5.530472192114E-01 -2.787919959109E-02
 -4.520714307816E-02  8.967863186381E-01 -6.974054935861E-01 -3.515629918059E-02 -6.974055143482E-01 -3.515632455066E-02
 -4.873188239929E-02  9.667075254371E-01 -7.984829598992E-01 -4.025166739379E-02 -7.984829512944E-01 -4.025165446263E-02
 -5.034623247436E-02  9.987318243030E-01 -8.437262649387E-01 -4.253237802625E-02 -8.437262642858E-01 -4.253237717352E-02
 -7.982641588779E-02  4.935866117780E-01 -3.309371976971E-03 -5.352156882344E-04 -3.309371372736E-03 -5.352156019295E-04
 -8.494567801117E-02  5.252402845402E-01 -7.213313334541E-02 -1.166588559813E-02 -7.213317251491E-02 -1.166590116320E-02
 -9.612297144970E-02  5.943522737960E-01 -2.100973877989E-01 -3.397849904530E-02 -2.100973306485E-01 -3.397846799947E-02
 -1.113858206250E-01  6.887262717609E-01 -3.789542050362E-01 -6.128719900056E-02 -3.789542542584E-01 -6.128723750004E-02
 -1.280934270383E-01  7.920335635732E-01 -5.466466835729E-01 -8.840770871089E-02 -5.466466501642E-01 -8.840767111264E-02
 -1.433562762137E-01  8.864075615381E-01 -6.893342283756E-01 -1.114841183898E-01 -6.893342466636E-01 -1.114841467471E-01
 -1.545335696522E-01  9.555195507939E-01 -7.892418923575E-01 -1.276419489224E-01 -7.892418863632E-01 -1.276419367007E-01
 -1.596528317756E-01  9.871732235560E-01 -8.339615849694E-01 -1.348743306705E-01 -8.339615859294E-01 -1.348743316862E-01
 -1.527709394191E-01  4.760893194234E-01 -3.192055984899E-03 -1.024289722158E-03 -3.192056524567E-03 -1.024289884359E-03
 -1.625681284201E-01  5.066208921261E-01 -6.957606531188E-02 -2.232605465916E-02 -6.957610314179E-02 -2.232607665083E-02
 -1.839591128426E-01  5.732829107945E-01 -2.026495809663E-01 -6.502766633599E-02 -2.026495305471E-01 -6.502762799218E-02
 -2.131689900593E-01  6.643114180315E-01 -3.655205528716E-01 -1.172908123398E-01 -3.655205969882E-01 -1.172908584602E-01
 -2.451438281979E-01  7.639565402386E-01 -5.272684441510E-01 -1.691936957471E-01 -5.272684173994E-01 -1.691936537238E-01
 -2.743537054146E-01  8.549850474757E-01 -6.648978271021E-01 -2.133571353750E-01 -6.648978406588E-01 -2.133571655382E-01
 -2.957446898372E-01  9.216470661440E-01 -7.612638313932E-01 -2.442797851195E-01 -7.612638259890E-01 -2.442797708274E-01
 -3.055418788382E-01  9.521786388467E-01 -8.043982452822E-01 -2.581210513812E-01 -8.043982441909E-01 -2.581210508586E-01
 -2.286206189833E-01  4.446713534462E-01 -2.981407631910E-03 -1.532842733725E-03 -2.981407137583E-03 -1.532842491321E-03
 -2.432820423025E-01  4.731880943238E-01 -6.498462210866E-02 -3.341078684061E-02 -6.498465453719E-02 -3.341081414300E-02
 -2.752934976090E-01  5.354509699132E-01 -1.892763787982E-01 -9.731342744053E-02 -1.892763339718E-01 -9.731338053636E-02
 -3.190058701001E-01  6.204723469194E-01 -3.413992193582E-01 -1.755248795368E-01 -3.413992541821E-01 -1.755249314053E-01
 -3.668559868497E-01  7.135417134193E-01 -4.924730733426E-01 -2.531971399542E-01 -4.924730533305E-01 -2.531970935668E-01
 -4.105683593408E-01  7.985630904255E-01 -6.210200613997E-01 -3.192874413924E-01 -6.210200704929E-01 -3.192874733593E-01
 -4.425798146473E-01  8.608259660149E-01 -7.110266971618E-01 -3.655629455808E-01 -7.110266960875E-01 -3.655629311701E-01
 -4.572412379666E-01  8.893427068925E-01 -7.513145970334E-01 -3.862763075923E-01 -7.513145986710E-01 -3.862763078128E-01
 -2.925726402991E-01  4.054642402832E-01 -2.718533063096E-03 -1.961624041345E-03 -2.718533520647E-03 -1.961624357605E-03
 -3.113353019965E-01  4.314666319049E-01 -5.925486436477E-02 -4.275678546711E-02 -5.925489325494E-02 -4.275681761264E-02
 -3.523013182749E-01  4.882397281547E-01 -1.725876887422E-01 -1.245348946534E-01 -1.725876523475E-01 -1.245348420740E-01
 -4.082413480515E-01  5.657646862355E-01 -3.112977168572E-01 -2.246244445621E-01 -3.112977441821E-01 -2.246245017092E-01
 -4.694765728457E-01  6.506280346142E-01 -4.490512299179E-01 -3.240239377846E-01 -4.490512169967E-01 -3.240238894914E-01
 -5.254166026223E-01  7.281529926949E-01 -5.662641135197E-01 -4.086016908863E-01 -5.662641164796E-01 -4.086017241603E-01
 -5.663826189007E-01  7.849260889447E-01 -6.483347702143E-01 -4.678218252774E-01 -6.483347688487E-01 -4.678218108390E-01
 -5.851452805981E-01  8.109284805664E-01 -6.850704487218E-01 -4.943293379141E-01 -6.850704472031E-01 -4.943293381164E-01
 -3.353049415808E-01  3.709051039706E-01 -2.486823889284E-03 -2.248133883856E-03 -2.486823393893E-03 -2.248133454850E-03
 -3.568080225864E-01  3.946912207468E-01 -5.420436656664E-02 -4.900171788517E-02 -5.420439131240E-02 -4.900175292240E-02
 -4.037574149868E-01  4.466253472990E-01 -1.578774335601E-01 -1.427240920691E-01 -1.578774026861E-01 -1.427240356574E-01
 -4.678678813554E-01  5.175425818674E-01 -2.847647272828E-01 -2.574324376964E-01 -2.847647479123E-01 -2.574324972637E-01
 -5.380469433871E-01  5.951727300445E-01 -4.107770172672E-01 -3.713499175345E-01 -4.107770101057E-01 -3.713498679358E-01
 -6.021574097557E-01  6.660899646129E-01 -5.179994432651E-01 -4.682808596273E-01 -5.179994439239E-01 -4.682808929411E-01
 -6.491068021561E-01  7.180240911651E-01 -5.930749247663E-01 -5.361505061622E-01 -5.930749273466E-01 -5.361504916976E-01
 -6.706098831617E-01  7.418102079413E-01 -6.266794939355E-01 -5.665296304613E-01 -6.266794952611E-01 -5.665296306223E-01
 -3.535533905933E-01  3.535533905933E-01 -2.370484662591E-03 -2.370484662591E-03 -2.370484615351E-03 -2.370484615351E-03
 -3.762267432790E-01  3.762267432790E-01 -5.166857403473E-02 -5.166856068403E-02 -5.166859697638E-02 -5.166859697638E-02
 -4.257312832097E-01  4.257312832097E-01 -1.504915967473E-01 -1.504916267615E-01 -1.504915689220E-01 -1.504915689220E-01
 -4.933308618209E-01  4.933308618209E-01 -2.714428421415E-01 -2.714427992975E-01 -2.714428598259E-01 -2.714428598259E-01
 -5.673293099589E-01  5.673293099589E-01 -3.915600107033E-01 -3.915600558731E-01 -3.915600059042E-01 -3.915600059042E-01
 -6.349288885701E-01  6.349288885701E-01 -4.937663524400E-01 -4.937663177722E-01 -4.937663509187E-01 -4.937663509187E-01
 -6.844334285008E-01  6.844334285008E-01 -5.653296443850E-01 -5.653296614055E-01 -5.653296468410E-01 -5.653296468410E-01
 -7.071067811865E-01  7.071067811865E-01 -5.973621228037E-01 -5.973621231289E-01 -5.973621230684E-01 -5.973621230684E-01
 -3.535533905933E-01  3.535533905933E-01 -2.370484662591E-03 -2.370484662591E-03 -2.370484615351E-03 -2.370484615351E-03
 -3.762267432790E-01  3.762267432790E-01 -5.166857403473E-02 -5.166856068403E-02 -5.166859697638E-02 -5.166859697638E-02
 -4.257312832097E-01  4.257312832097E-01 -1.504915967473E-01 -1.504916267615E-01 -1.504915689220E-01 -1.504915689220E-01
 -4.933308618209E-01  4.933308618209E-01 -2.714428421415E-01 -2.714427992975E-01 -2.714428598259E-01 -2.714428598259E-01
 -5.673293099589E-01  5.673293099589E-01 -3.915600107033E-01 -3.915600558731E-01 -3.915600059042E-01 -3.915600059042E-01
 -6.349288885701E-01  6.349288885701E-01 -4.937663524400E-01 -4.937663177722E-01 -4.937663509187E-01 -4.937663509187E-01
 -6.844334285008E-01  6.844334285008E-01 -5.653296443850E-01 -5.653296614055E-01 -5.653296468410E-01 -5.653296468410E-01
 -7.071067811865E-01  7.071067811865E-01 -5.973621228037E-01 -5.973621231289E-01 -5.973621230684E-01 -5.973621230684E-01
 -3.709051039706E-01  3.353049415808E-01 -2.248132964633E-03 -2.486822872465E-03 -2.248133454850E-03 -2.486823393893E-03
 -3.946912207468E-01  3.568080225864E-01 -4.900173160737E-02 -5.420435341640E-02 -4.900175292240E-02 -5.420439131240E-02
 -4.466253472990E-01  4.037574149868E-01 -1.427240605041E-01 -1.578774614497E-01 -1.427240356574E-01 -1.578774026861E-01
 -5.175425818674E-01  4.678678813554E-01 -2.574324826041E-01 -2.847646862847E-01 -2.574324972637E-01 -2.847647479123E-01
 -5.951727300445E-01  5.380469433871E-01 -3.713498702289E-01 -4.107770602535E-01 -3.713498679358E-01 -4.107770101057E-01
 -6.660899646129E-01  6.021574097557E-01 -4.682808961995E-01 -5.179994113035E-01 -4.682808929411E-01 -5.179994439239E-01
 -7.180240911651E-01  6.491068021561E-01 -5.361504886384E-01 -5.930749425748E-01 -5.361504916976E-01 -5.930749273466E-01
 -7.418102079413E-01  6.706098831617E-01 -5.665296304810E-01 -6.266794963257E-01 -5.665296306223E-01 -6.266794952611E-01
 -4.054642402832E-01  2.925726402991E-01 -1.961624723837E-03 -2.718534008933E-03 -1.961624357605E-03 -2.718533520647E-03
 -4.314666319049E-01  3.113353019965E-01 -4.275680092179E-02 -5.925485455176E-02 -4.275681761264E-02 -5.925489325494E-02
 -4.882397281547E-01  3.523013182749E-01 -1.245348605327E-01 -1.725877147117E-01 -1.245348420740E-01 -1.725876523475E-01
 -5.657646862355E-01  4.082413480515E-01 -2.246244941271E-01 -3.112976821535E-01 -2.246245017092E-01 -3.112977441821E-01
 -6.506280346142E-01  4.694765728457E-01 -3.240238865289E-01 -4.490512672062E-01 -3.240238894914E-01 -4.490512169967E-01
 -7.281529926949E-01  5.254166026223E-01 -4.086017312803E-01 -5.662640834964E-01 -4.086017241603E-01 -5.662641164796E-01
 -7.849260889447E-01  5.663826189007E-01 -4.678218064356E-01 -6.483347817294E-01 -4.678218108390E-01 -6.483347688487E-01
 -8.109284805664E-01  5.851452805981E-01 -4.943293381558E-01 -6.850704458060E-01 -4.943293381164E-01 -6.850704472031E-01
 -4.446713534462E-01  2.286206189833E-01 -1.532842224412E-03 -2.981406641287E-03 -1.532842491321E-03 -2.981407137583E-03
 -4.731880943238E-01  2.432820423025E-01 -3.341080294367E-02 -6.498461223694E-02 -3.341081414300E-02 -6.498465453719E-02
 -5.354509699132E-01  2.752934976090E-01 -9.731338907500E-02 -1.892763967368E-01 -9.731338053636E-02 -1.892763339718E-01
 -6.204723469194E-01  3.190058701001E-01 -1.755249328223E-01 -3.413991903749E-01 -1.755249314053E-01 -3.413992541821E-01
 -7.135417134193E-01  3.668559868497E-01 -2.531970827681E-01 -4.924731019616E-01 -2.531970935668E-01 -4.924730533305E-01
 -7.985630904255E-01  4.105683593408E-01 -3.192874851019E-01 -6.210200395782E-01 -3.192874733593E-01 -6.210200704929E-01
 -8.608259660149E-01  4.425798146473E-01 -3.655629248854E-01 -7.110267100150E-01 -3.655629311701E-01 -7.110266960875E-01
 -8.893427068925E-01  4.572412379666E-01 -3.862763082149E-01 -7.513145998123E-01 -3.862763078128E-01 -7.513145986710E-01
 -4.760893194234E-01  1.527709394191E-01 -1.024290062495E-03 -3.192057045514E-03 -1.024289884359E-03 -3.192056524567E-03
 -5.066208921261E-01  1.625681284201E-01 -2.232607302610E-02 -6.957606090565E-02 -2.232607665083E-02 -6.957610314179E-02
 -5.732829107945E-01  1.839591128426E-01 -6.502762652296E-02 -2.026495954104E-01 -6.502762799218E-02 -2.026495305471E-01
 -6.643114180315E-01  2.131689900593E-01 -1.172908705126E-01 -3.655205356874E-01 -1.172908584602E-01 -3.655205969882E-01
 -7.639565402386E-01  2.451438281979E-01 -1.691936350737E-01 -5.272684643510E-01 -1.691936537238E-01 -5.272684173994E-01
 -8.549850474757E-01  2.743537054146E-01 -2.133571817123E-01 -6.648978116249E-01 -2.133571655382E-01 -6.648978406588E-01
 -9.216470661440E-01  2.957446898372E-01 -2.442797613971E-01 -7.612638369385E-01 -2.442797708274E-01 -7.612638259890E-01
 -9.521786388467E-01  3.055418788382E-01 -2.581210498565E-01 -8.043982428770E-01 -2.581210508586E-01 -8.043982441909E-01
 -4.935866117780E-01  7.982641588779E-02 -5.352155020213E-04 -3.309370825568E-03 -5.352156019295E-04 -3.309371372736E-03
 -5.252402845402E-01  8.494567801117E-02 -1.166590346509E-02 -7.213312935615E-02 -1.166590116320E-02 -7.213317251491E-02
 -5.943522737960E-01  9.612297144970E-02 -3.397845655514E-02 -2.100973935626E-01 -3.397846799947E-02 -2.100973306485E-01
 -6.887262717609E-01  1.113858206250E-01 -6.128725858746E-02 -3.789541945277E-01 -6.128723750004E-02 -3.789542542584E-01
 -7.920335635732E-01  1.280934270383E-01 -8.840764610085E-02 -5.466466934494E-01 -8.840767111264E-02 -5.466466501642E-01
 -8.864075615381E-01  1.433562762137E-01 -1.114841681823E-01 -6.893342210424E-01 -1.114841467471E-01 -6.893342466636E-01
 -9.555195507939E-01  1.545335696522E-01 -1.276419274569E-01 -7.892418975383E-01 -1.276419367007E-01 -7.892418863632E-01
 -9.871732235560E-01  1.596528317756E-01 -1.348743329032E-01 -8.339615868602E-01 -1.348743316862E-01 -8.339615859294E-01
 -4.993659121515E-01  2.517311623718E-02 -1.687793214400E-04 -3.348120750019E-03 -1.687792744981E-04 -3.348120096372E-03
 -5.313902110175E-01  2.678746631225E-02 -3.678828162803E-03 -7.297772217559E-02 -3.678820885626E-03 -7.297776444854E-02
 -6.013114178165E-01  3.031220563338E-02 -1.071503052588E-02 -2.125573772074E-01 -1.071504858385E-02 -2.125573154871E-01
 -6.967904207970E-01  3.512531758546E-02 -1.932684731185E-02 -3.833912920969E-01 -1.932681977872E-02 -3.833913488046E-01
 -8.013073156575E-01  4.039403112607E-02 -2.787916958353E-02 -5.530472593470E-01 -2.787919959109E-02 -5.530472192114E-01
 -8.967863186381E-01  4.520714307816E-02 -3.515634764125E-02 -6.974054903260E-01 -3.515632455067E-02 -6.974055143482E-01
 -9.667075254371E-01  4.873188239929E-02 -4.025164241005E-02 -7.984829596979E-01 -4.025165446264E-02 -7.984829512944E-01
 -9.987318243030E-01  5.034623247436E-02 -4.253237635002E-02 -8.437262632347E-01 -4.253237717352E-02 -8.437262642858E-01
 -5.000000000000E-01  8.326672684689E-17  2.843307108284E-18 -3.352371559234E-03 -5.582820026983E-19 -3.352371492426E-03
 -5.320649628726E-01  8.860661585662E-17 -9.440370139599E-09 -7.307038870802E-02 -1.216867116951E-17 -7.307043059279E-02
 -6.020749546417E-01  1.002656215790E-16  2.122322640736E-08 -2.128272783665E-01 -3.544285161900E-17 -2.128272177924E-01
 -6.976751955244E-01  1.161862598672E-16 -3.029530563296E-08 -3.838781184703E-01 -6.392855807644E-17 -3.838781737752E-01
 -8.023248044756E-01  1.336139206735E-16  3.193990792959E-08 -5.537495095594E-01 -9.221781185884E-17 -5.537494708325E-01
 -8.979250453583E-01  1.495345589617E-16 -2.451380602693E-08 -6.982910477503E-01 -1.162888235894E-16 -6.982910701127E-01
 -9.679350371274E-01  1.611935646840E-16  1.203531898441E-08 -7.994968623362E-01 -1.331429722763E-16 -7.994968537742E-01
 -1.000000000000E+00  1.665334536938E-16  2.299438635652E-10 -8.447976159469E-01 -1.406870646800E-16 -8.447976160914E-01
 -5.000000000000E-01  8.326672684689E-17  2.843307108284E-18 -3.352371559234E-03 -5.582820026983E-19 -3.352371492426E-03
 -5.320649628726E-01  8.860661585662E-17 -9.440370139599E-09 -7.307038870802E-02 -1.216867116951E-17 -7.307043059279E-02
 -6.020749546417E-01  1.002656215790E-16  2.122322640736E-08 -2.128272783665E-01 -3.544285161900E-17 -2.128272177924E-01
 -6.976751955244E-01  1.161862598672E-16 -3.029530563296E-08 -3.838781184703E-01 -6.392855807644E-17 -3.838781737752E-01
 -8.023248044756E-01  1.336139206735E-16  3.193990792959E-08 -5.537495095594E-01 -9.221781185884E-17 -5.537494708325E-01
 -8.979250453583E-01  1.495345589617E-16 -2.451380602693E-08 -6.982910477503E-01 -1.162888235894E-16 -6.982910701127E-01
 -9.679350371274E-01  1.611935646840E-16  1.203531898441E-08 -7.994968623362E-01 -1.331429722763E-16 -7.994968537742E-01
 -1.000000000000E+00  1.665334536938E-16  2.299438635652E-10 -8.447976159469E-01 -1.406870646800E-16 -8.447976160914E-01
 -4.993659121515E-01 -2.517311623718E-02  1.687792524290E-04 -3.348119381031E-03  1.687792744981E-04 -3.348120096372E-03
 -5.313902110175E-01 -2.678746631225E-02  3.678809161112E-03 -7.297772258002E-02  3.678820885626E-03 -7.297776444854E-02
 -6.013114178165E-01 -3.031220563338E-02  1.071507256663E-02 -2.125573746085E-01  1.071504858385E-02 -2.125573154871E-01
 -6.967904207970E-01 -3.512531758546E-02  1.932678656738E-02 -3.833912948614E-01  1.932681977872E-02 -3.833913488046E-01
 -8.013073156575E-01 -4.039403112607E-02  2.787923342953E-02 -5.530472562928E-01  2.787919959109E-02 -5.530472192114E-01
 -8.967863186381E-01 -4.520714307816E-02  3.515629918059E-02 -6.974054935861E-01  3.515632455067E-02 -6.974055143482E-01
 -9.667075254371E-01 -4.873188239929E-02  4.025166739379E-02 -7.984829598992E-01  4.025165446263E-02 -7.984829512944E-01
 -9.987318243030E-01 -5.034623247436E-02  4.253237802625E-02 -8.437262649387E-01  4.253237717352E-02 -8.437262642858E-01
 -4.935866117780E-01 -7.982641588779E-02  5.352156882344E-04 -3.309371976971E-03  5.352156019295E-04 -3.309371372736E-03
 -5.252402845402E-01 -8.494567801117E-02  1.166588559813E-02 -7.213313334541E-02  1.166590116320E-02 -7.213317251491E-02
 -5.943522737960E-01 -9.612297144970E-02  3.397849904530E-02 -2.100973877989E-01  3.397846799947E-02 -2.100973306485E-01
 -6.887262717609E-01 -1.113858206250E-01  6.128719900056E-02 -3.789542050362E-01  6.128723750004E-02 -3.789542542584E-01
 -7.920335635732E-01 -1.280934270383E-01  8.840770871089E-02 -5.466466835729E-01  8.840767111264E-02 -5.466466501642E-01
 -8.864075615381E-01 -1.433562762137E-01  1.114841183898E-01 -6.893342283756E-01  1.114841467471E-01 -6.893342466636E-01
 -9.555195507939E-01 -1.545335696522E-01  1.276419489224E-01 -7.892418923575E-01  1.276419367007E-01 -7.892418863632E-01
 -9.871732235560E-01 -1.596528317756E-01  1.348743306705E-01 -8.339615849694E-01  1.348743316862E-01 -8.339615859294E-01
 -4.760893194234E-01 -1.527709394191E-01  1.024289722158E-03 -3.192055984899E-03  1.024289884359E-03 -3.192056524567E-03
 -5.066208921261E-01 -1.625681284201E-01  2.232605465916E-02 -6.957606531188E-02  2.232607665083E-02 -6.957610314179E-02
 -5.732829107945E-01 -1.839591128426E-01  6.502766633599E-02 -2.026495809663E-01  6.502762799218E-02 -2.026495305471E-01
 -6.643114180315E-01 -2.131689900593E-01  1.172908123398E-01 -3.655205528716E-01  1.172908584602E-01 -3.655205969882E-01
 -7.639565402386E-01 -2.451438281979E-01  1.691936957471E-01 -5.272684441510E-01  1.691936537238E-01 -5.272684173994E-01
 -8.549850474757E-01 -2.743537054146E-01  2.133571353750E-01 -6.648978271021E-01  2.133571655382E-01 -6.648978406588E-01
 -9.216470661440E-01 -2.957446898372E-01  2.442797851195E-01 -7.612638313932E-01  2.442797708274E-01 -7.612638259890E-01
 -9.521786388467E-01 -3.055418788382E-01  2.581210513812E-01 -8.043982452822E-01  2.581210508586E-01 -8.043982441909E-01
 -4.446713534462E-01 -2.286206189833E-01  1.532842733725E-03 -2.981407631910E-03  1.532842491321E-03 -2.981407137583E-03
 -4.731880943238E-01 -2.432820423025E-01  3.341078684061E-02 -6.498462210866E-02  3.341081414300E-02 -6.498465453719E-02
 -5.354509699132E-01 -2.752934976090E-01  9.731342744053E-02 -1.892763787982E-01  9.731338053636E-02 -1.892763339718E-01
 -6.204723469194E-01 -3.190058701001E-01  1.755248795368E-01 -3.413992193582E-01  1.755249314053E-01 -3.413992541821E-01
 -7.135417134193E-01 -3.668559868497E-01  2.531971399542E-01 -4.924730733426E-01  2.531970935668E-01 -4.924730533305E-01
 -7.985630904255E-01 -4.105683593408E-01  3.192874413924E-01 -6.210200613997E-01  3.192874733593E-01 -6.210200704929E-01
 -8.608259660149E-01 -4.425798146473E-01  3.655629455808E-01 -7.110266971618E-01  3.655629311701E-01 -7.110266960875E-01
 -8.893427068925E-01 -4.572412379666E-01  3.862763075923E-01 -7.513145970334E-01  3.862763078128E-01 -7.513145986710E-01
 -4.054642402832E-01 -2.925726402991E-01  1.961624041345E-03 -2.718533063096E-03  1.961624357605E-03 -2.718533520647E-03
 -4.314666319049E-01 -3.113353019965E-01  4.275678546711E-02 -5.925486436477E-02  4.275681761264E-02 -5.925489325494E-02
 -4.882397281547E-01 -3.523013182749E-01  1.245348946534E-01 -1.725876887422E-01  1.245348420740E-01 -1.725876523475E-01
 -5.657646862355E-01 -4.082413480515E-01  2.246244445621E-01 -3.112977168572E-01  2.246245017092E-01 -3.112977441821E-01
 -6.506280346142E-01 -4.694765728457E-01  3.240239377846E-01 -4.490512299179E-01  3.240238894914E-01 -4.490512169967E-01
 -7.281529926949E-01 -5.254166026223E-01  4.086016908863E-01 -5.662641135197E-01  4.086017241603E-01 -5.662641164796E-01
 -7.849260889447E-01 -5.663826189007E-01  4.678218252774E-01 -6.483347702143E-01  4.678218108390E-01 -6.483347688487E-01
 -8.109284805664E-01 -5.851452805981E-01  4.943293379141E-01 -6.850704487218E-01  4.943293381164E-01 -6.850704472031E-01
 -3.709051039706E-01 -3.353049415808E-01  2.248133883856E-03 -2.486823889284E-03  2.248133454850E-03 -2.486823393893E-03
 -3.946912207468E-01 -3.568080225864E-01  4.900171788517E-02 -5.420436656664E-02  4.900175292240E-02 -5.420439131240E-02
 -4.466253472990E-01 -4.037574149868E-01  1.427240920691E-01 -1.578774335601E-01  1.427240356574E-01 -1.578774026861E-01
 -5.175425818674E-01 -4.678678813554E-01  2.574324376964E-01 -2.847647272828E-01  2.574324972637E-01 -2.847647479123E-01
 -5.951727300445E-01 -5.380469433871E-01  3.713499175345E-01 -4.107770172672E-01  3.713498679358E-01 -4.107770101057E-01
 -6.660899646129E-01 -6.021574097557E-01  4.682808596273E-01 -5.179994432651E-01  4.682808929411E-01 -5.179994439239E-01
 -7.180240911651E-01 -6.491068021561E-01  5.361505061622E-01 -5.930749247663E-01  5.361504916976E-01 -5.930749273466E-01
 -7.418102079413E-01 -6.706098831617E-01  5.665296304613E-01 -6.266794939355E-01  5.665296306223E-01 -6.266794952611E-01
 -3.535533905933E-01 -3.535533905933E-01  2.370484662591E-03 -2.370484662591E-03  2.370484615351E-03 -2.370484615351E-03
 -3.762267432790E-01 -3.762267432790E-01  5.166856068403E-02 -5.166857403473E-02  5.166859697638E-02 -5.166859697638E-02
 -4.257312832097E-01 -4.257312832097E-01  1.504916267615E-01 -1.504915967473E-01  1.504915689220E-01 -1.504915689220E-01
 -4.933308618209E-01 -4.933308618209E-01  2.714427992975E-01 -2.714428421415E-01  2.714428598259E-01 -2.714428598259E-01
 -5.673293099589E-01 -5.673293099589E-01  3.915600558731E-01 -3.915600107033E-01  3.915600059042E-01 -3.915600059042E-01
 -6.349288885701E-01 -6.349288885701E-01  4.937663177722E-01 -4.937663524400E-01  4.937663509187E-01 -4.937663509187E-01
 -6.844334285008E-01 -6.844334285008E-01  5.653296614055E-01 -5.653296443850E-01  5.653296468410E-01 -5.653296468410E-01
 -7.071067811865E-01 -7.071067811865E-01  5.973621231289E-01 -5.973621228037E-01  5.973621230684E-01 -5.973621230684E-01
 -3.535533905933E-01 -3.535533905933E-01  2.370484662591E-03 -2.370484662591E-03  2.370484615351E-03 -2.370484615351E-03
 -3.762267432790E-01 -3.762267432790E-01  5.166856068403E-02 -5.166857403473E-02  5.166859697638E-02 -5.166859697638E-02
 -4.257312832097E-01 -4.257312832097E-01  1.504916267615E-01 -1.504915967473E-01  1.504915689220E-01 -1.504915689220E-01
 -4.933308618209E-01 -4.933308618209E-01  2.714427992975E-01 -2.714428421415E-01  2.714428598259E-01 -2.714428598259E-01
 -5.673293099589E-01 -5.673293099589E-01  3.915600558731E-01 -3.915600107033E-01  3.915600059042E-01 -3.915600059042E-01
 -6.349288885701E-01 -6.349288885701E-01  4.937663177722E-01 -4.937663524400E-01  4.937663509187E-01 -4.937663509187E-01
 -6.844334285008E-01 -6.844334285008E-01  5.653296614055E-01 -5.653296443850E-01  5.653296468410E-01 -5.653296468410E-01
 -7.071067811865E-01 -7.071067811865E-01  5.973621231289E-01 -5.973621228037E-01  5.973621230684E-01 -5.973621230684E-01
 -3.353049415808E-01 -3.709051039706E-01  2.486822872465E-03 -2.248132964633E-03  2.486823393893E-03 -2.248133454850E-03
 -3.568080225864E-01 -3.946912207468E-01  5.420435341640E-02 -4.900173160737E-02  5.420439131240E-02 -4.900175292240E-02
 -4.037574149868E-01 -4.466253472990E-01  1.578774614497E-01 -1.427240605041E-01  1.578774026861E-01 -1.427240356574E-01
 -4.678678813554E-01 -5.175425818674E-01  2.847646862847E-01 -2.574324826041E-01  2.847647479123E-01 -2.574324972637E-01
 -5.380469433871E-01 -5.951727300445E-01  4.107770602535E-01 -3.713498702289E-01  4.107770101057E-01 -3.713498679358E-01
 -6.021574097557E-01 -6.660899646129E-01  5.179994113035E-01 -4.682808961995E-01  5.179994439239E-01 -4.682808929411E-01
 -6.491068021561E-01 -7.180240911651E-01  5.930749425748E-01 -5.361504886384E-01  5.930749273466E-01 -5.361504916976E-01
 -6.706098831617E-01 -7.418102079413E-01  6.266794963257E-01 -5.665296304810E-01  6.266794952611E-01 -5.665296306223E-01
 -2.925726402991E-01 -4.054642402832E-01  2.718534008933E-03 -1.961624723837E-03  2.718533520647E-03 -1.961624357605E-03
 -3.113353019965E-01 -4.314666319049E-01  5.925485455176E-02 -4.275680092179E-02  5.925489325494E-02 -4.275681761264E-02
 -3.523013182749E-01 -4.882397281547E-01  1.725877147117E-01 -1.245348605327E-01  1.725876523475E-01 -1.245348420740E-01
 -4.082413480515E-01 -5.657646862355E-01  3.112976821535E-01 -2.246244941271E-01  3.112977441821E-01 -2.246245017092E-01
 -4.694765728457E-01 -6.506280346142E-01  4.490512672062E-01 -3.240238865289E-01  4.490512169967E-01 -3.240238894914E-01
 -5.254166026223E-01 -7.281529926949E-01  5.662640834964E-01 -4.086017312803E-01  5.662641164796E-01 -4.086017241603E-01
 -5.663826189007E-01 -7.849260889447E-01  6.483347817294E-01 -4.678218064356E-01  6.483347688487E-01 -4.678218108390E-01
 -5.851452805981E-01 -8.109284805664E-01  6.850704458060E-01 -4.943293381558E-01  6.850704472031E-01 -4.943293381164E-01
 -2.286206189833E-01 -4.446713534462E-01  2.981406641286E-03 -1.532842224412E-03  2.981407137583E-03 -1.532842491321E-03
 -2.432820423025E-01 -4.731880943238E-01  6.498461223694E-02 -3.341080294367E-02  6.498465453719E-02 -3.341081414300E-02
 -2.752934976090E-01 -5.354509699132E-01  1.892763967368E-01 -9.731338907500E-02  1.892763339718E-01 -9.731338053636E-02
 -3.190058701001E-01 -6.204723469194E-01  3.413991903749E-01 -1.755249328223E-01  3.413992541821E-01 -1.755249314053E-01
 -3.668559868497E-01 -7.135417134193E-01  4.924731019616E-01 -2.531970827681E-01  4.924730533305E-01 -2.531970935668E-01
 -4.105683593408E-01 -7.985630904255E-01  6.210200395782E-01 -3.192874851019E-01  6.210200704929E-01 -3.192874733593E-01
 -4.425798146473E-01 -8.608259660149E-01  7.110267100150E-01 -3.655629248854E-01  7.110266960875E-01 -3.655629311701E-01
 -4.572412379666E-01 -8.893427068925E-01  7.513145998123E-01 -3.862763082149E-01  7.513145986710E-01 -3.862763078128E-01
 -1.527709394191E-01 -4.760893194234E-01  3.192057045514E-03 -1.024290062496E-03  3.192056524567E-03 -1.024289884359E-03
 -1.625681284201E-01 -5.066208921261E-01  6.957606090565E-02 -2.232607302610E-02  6.957610314179E-02 -2.232607665083E-02
 -1.839591128426E-01 -5.732829107945E-01  2.026495954104E-01 -6.502762652296E-02  2.026495305471E-01 -6.502762799218E-02
 -2.131689900593E-01 -6.643114180315E-01  3.655205356874E-01 -1.172908705126E-01  3.655205969882E-01 -1.172908584602E-01
 -2.451438281979E-01 -7.639565402386E-01  5.272684643510E-01 -1.691936350737E-01  5.272684173994E-01 -1.691936537238E-01
 -2.743537054146E-01 -8.549850474757E-01  6.648978116249E-01 -2.133571817123E-01  6.648978406588E-01 -2.133571655382E-01
 -2.957446898372E-01 -9.216470661440E-01  7.612638369385E-01 -2.442797613971E-01  7.612638259890E-01 -2.442797708274E-01
 -3.055418788382E-01 -9.521786388467E-01  8.043982428770E-01 -2.581210498565E-01  8.043982441909E-01 -2.581210508586E-01
 -7.982641588779E-02 -4.935866117780E-01  3.309370825568E-03 -5.352155020213E-04  3.309371372736E-03 -5.352156019295E-04
 -8.494567801117E-02 -5.252402845402E-01  7.213312935615E-02 -1.166590346509E-02  7.213317251491E-02 -1.166590116320E-02
 -9.612297144970E-02 -5.943522737960E-01  2.100973935626E-01 -3.397845655514E-02  2.100973306485E-01 -3.397846799947E-02
 -1.113858206250E-01 -6.887262717609E-01  3.789541945277E-01 -6.128725858746E-02  3.789542542584E-01 -6.128723750004E-02
 -1.280934270383E-01 -7.920335635732E-01  5.466466934494E-01 -8.840764610085E-02  5.466466501642E-01 -8.840767111264E-02
 -1.433562762137E-01 -8.864075615381E-01  6.893342210424E-01 -1.114841681823E-01  6.893342466636E-01 -1.114841467471E-01
 -1.545335696522E-01 -9.555195507939E-01  7.892418975383E-01 -1.276419274569E-01  7.892418863632E-01 -1.276419367007E-01
 -1.596528317756E-01 -9.871732235560E-01  8.339615868602E-01 -1.348743329032E-01  8.339615859294E-01 -1.348743316862E-01
 -2.517311623718E-02 -4.993659121515E-01  3.348120750019E-03 -1.687793214399E-04  3.348120096372E-03 -1.687792744981E-04
 -2.678746631225E-02 -5.313902110175E-01  7.297772217559E-02 -3.678828162803E-03  7.297776444854E-02 -3.678820885626E-03
 -3.031220563338E-02 -6.013114178165E-01  2.125573772074E-01 -1.071503052588E-02  2.125573154871E-01 -1.071504858385E-02
 -3.512531758547E-02 -6.967904207970E-01  3.833912920969E-01 -1.932684731185E-02  3.833913488046E-01 -1.932681977872E-02
 -4.039403112608E-02 -8.013073156575E-01  5.530472593470E-01 -2.787916958353E-02  5.530472192114E-01 -2.787919959109E-02
 -4.520714307816E-02 -8.967863186381E-01  6.974054903260E-01 -3.515634764125E-02  6.974055143482E-01 -3.515632455067E-02
 -4.873188239929E-02 -9.667075254371E-01  7.984829596979E-01 -4.025164241005E-02  7.984829512944E-01 -4.025165446264E-02
 -5.034623247436E-02 -9.987318243030E-01  8.437262632347E-01 -4.253237635002E-02  8.437262642858E-01 -4.253237717352E-02
 -1.081617080995E-16 -5.000000000000E-01  3.352371559234E-03 -2.843307113830E-18  3.352371492426E-03 -7.251964536095E-19
 -1.150981104084E-16 -5.320649628726E-01  7.307038870802E-02 -9.440370073685E-09  7.307043059279E-02 -1.580684516896E-17
 -1.302429109959E-16 -6.020749546417E-01  2.128272783665E-01  2.122322648933E-08  2.128272177924E-01 -4.603951081295E-17
 -1.509234816931E-16 -6.976751955244E-01  3.838781184703E-01 -3.029530549393E-08  3.838781737752E-01 -8.304183795525E-17
 -1.735616426053E-16 -8.023248044756E-01  5.537495095594E-01  3.193990806393E-08  5.537494708325E-01 -1.197889772488E-16
 -1.942422133025E-16 -8.979250453583E-01  6.982910477503E-01 -2.451380588560E-08  6.982910701127E-01 -1.510567097880E-16
 -2.093870138900E-16 -9.679350371274E-01  7.994968623362E-01  1.203531908762E-08  7.994968537742E-01 -1.729498906487E-16
 -2.163234161989E-16 -1.000000000000E+00  8.447976159469E-01  2.299439173963E-10  8.447976160914E-01 -1.827495063096E-16
 -1.081617080995E-16 -5.000000000000E-01  3.352371559234E-03 -2.843307113830E-18  3.352371492426E-03 -7.251964536095E-19
 -1.150981104084E-16 -5.320649628726E-01  7.307038870802E-02 -9.440370073685E-09  7.307043059279E-02 -1.580684516896E-17
 -1.302429109959E-16 -6.020749546417E-01  2.128272783665E-01  2.122322648933E-08  2.128272177924E-01 -4.603951081295E-17
 -1.509234816931E-16 -6.976751955244E-01  3.838781184703E-01 -3.029530549393E-08  3.838781737752E-01 -8.304183795525E-17
 -1.735616426053E-16 -8.023248044756E-01  5.537495095594E-01  3.193990806393E-08  5.537494708325E-01 -1.197889772488E-16
 -1.942422133025E-16 -8.979250453583E-01  6.982910477503E-01 -2.451380588560E-08  6.982910701127E-01 -1.510567097880E-16
 -2.093870138900E-16 -9.679350371274E-01  7.994968623362E-01  1.203531908762E-08  7.994968537742E-01 -1.729498906487E-16
 -2.163234161989E-16 -1.000000000000E+00  8.447976159469E-01  2.299439173963E-10  8.447976160914E-01 -1.827495063096E-16
  2.517311623718E-02 -4.993659121515E-01  3.348119381031E-03  1.687792524290E-04  3.348120096372E-03  1.687792744981E-04
  2.678746631225E-02 -5.313902110175E-01  7.297772258002E-02  3.678809161112E-03  7.297776444854E-02  3.678820885626E-03
  3.031220563338E-02 -6.013114178165E-01  2.125573746085E-01  1.071507256663E-02  2.125573154871E-01  1.071504858384E-02
  3.512531758546E-02 -6.967904207970E-01  3.833912948614E-01  1.932678656738E-02  3.833913488046E-01  1.932681977872E-02
  4.039403112607E-02 -8.013073156575E-01  5.530472562928E-01  2.787923342953E-02  5.530472192114E-01  2.787919959109E-02
  4.520714307816E-02 -8.967863186381E-01  6.974054935861E-01  3.515629918059E-02  6.974055143482E-01  3.515632455066E-02
  4.873188239929E-02 -9.667075254371E-01  7.984829598992E-01  4.025166739379E-02  7.984829512944E-01  4.025165446263E-02
  5.034623247436E-02 -9.987318243030E-01  8.437262649387E-01  4.253237802625E-02  8.437262642858E-01  4.253237717352E-02
  7.982641588779E-02 -4.935866117780E-01  3.309371976971E-03  5.352156882344E-04  3.309371372736E-03  5.352156019295E-04
  8.494567801117E-02 -5.252402845402E-01  7.213313334541E-02  1.166588559813E-02  7.213317251491E-02  1.166590116320E-02
  9.612297144970E-02 -5.943522737960E-01  2.100973877989E-01  3.397849904530E-02  2.100973306485E-01  3.397846799947E-02
  1.113858206250E-01 -6.887262717609E-01  3.789542050362E-01  6.128719900056E-02  3.789542542584E-01  6.128723750004E-02
  1.280934270383E-01 -7.920335635732E-01  5.466466835729E-01  8.840770871089E-02  5.466466501642E-01  8.840767111264E-02
  1.433562762137E-01 -8.864075615381E-01  6.893342283756E-01  1.114841183898E-01  6.893342466636E-01  1.114841467471E-01
  1.545335696522E-01 -9.555195507939E-01  7.892418923575E-01  1.276419489224E-01  7.892418863632E-01  1.276419367007E-01
  1.596528317756E-01 -9.871732235560E-01  8.339615849694E-01  1.348743306705E-01  8.339615859294E-01  1.348743316862E-01
  1.527709394191E-01 -4.760893194234E-01  3.192055984899E-03  1.024289722158E-03  3.192056524567E-03  1.024289884359E-03
  1.625681284201E-01 -5.066208921261E-01  6.957606531188E-02  2.232605465916E-02  6.957610314179E-02  2.232607665083E-02
  1.839591128426E-01 -5.732829107945E-01  2.026495809663E-01  6.502766633599E-02  2.026495305471E-01  6.502762799218E-02
  2.131689900593E-01 -6.643114180315E-01  3.655205528716E-01  1.172908123398E-01  3.655205969882E-01  1.172908584602E-01
  2.451438281979E-01 -7.639565402386E-01  5.272684441510E-01  1.691936957471E-01  5.272684173994E-01  1.691936537238E-01
  2.743537054146E-01 -8.549850474757E-01  6.648978271021E-01  2.133571353750E-01  6.648978406588E-01  2.133571655382E-01
  2.957446898372E-01 -9.216470661440E-01  7.612638313932E-01  2.442797851195E-01  7.612638259890E-01  2.442797708274E-01
  3.055418788382E-01 -9.521786388467E-01  8.043982452822E-01  2.581210513812E-01  8.043982441909E-01  2.581210508586E-01
  2.286206189833E-01 -4.446713534462E-01  2.981407631910E-03  1.532842733725E-03  2.981407137583E-03  1.532842491321E-03
  2.432820423025E-01 -4.731880943238E-01  6.498462210866E-02  3.341078684061E-02  6.498465453719E-02  3.341081414300E-02
  2.752934976090E-01 -5.354509699132E-01  1.892763787982E-01  9.731342744053E-02  1.892763339718E-01  9.731338053636E-02
  3.190058701001E-01 -6.204723469194E-01  3.413992193582E-01  1.755248795368E-01  3.413992541821E-01  1.755249314053E-01
  3.668559868497E-01 -7.135417134193E-01  4.924730733426E-01  2.531971399542E-01  4.924730533305E-01  2.531970935668E-01
  4.105683593408E-01 -7.985630904255E-01  6.210200613997E-01  3.192874413924E-01  6.210200704929E-01  3.192874733593E-01
  4.425798146473E-01 -8.608259660149E-01  7.110266971618E-01  3.655629455808E-01  7.110266960875E-01  3.655629311701E-01
  4.572412379666E-01 -8.893427068925E-01  7.513145970334E-01  3.862763075923E-01  7.513145986710E-01  3.862763078128E-01
  2.925726402991E-01 -4.054642402832E-01  2.718533063096E-03  1.961624041345E-03  2.718533520647E-03  1.961624357605E-03
  3.113353019965E-01 -4.314666319049E-01  5.925486436477E-02  4.275678546711E-02  5.925489325494E-02  4.275681761264E-02
  3.523013182749E-01 -4.882397281547E-01  1.725876887422E-01  1.245348946534E-01  1.725876523475E-01  1.245348420740E-01
  4.082413480515E-01 -5.657646862355E-01  3.112977168572E-01  2.246244445621E-01  3.112977441821E-01  2.246245017092E-01
  4.694765728457E-01 -6.506280346142E-01  4.490512299179E-01  3.240239377846E-01  4.490512169967E-01  3.240238894914E-01
  5.254166026223E-01 -7.281529926949E-01  5.662641135197E-01  4.086016908863E-01  5.662641164796E-01  4.086017241603E-01
  5.663826189007E-01 -7.849260889447E-01  6.483347702143E-01  4.678218252774E-01  6.483347688487E-01  4.678218108390E-01
  5.851452805981E-01 -8.109284805664E-01  6.850704487218E-01  4.943293379141E-01  6.850704472031E-01  4.943293381164E-01
  3.353049415808E-01 -3.709051039706E-01  2.486823889284E-03  2.248133883856E-03  2.486823393893E-03  2.248133454850E-03
  3.568080225864E-01 -3.946912207468E-01  5.420436656664E-02  4.900171788517E-02  5.420439131240E-02  4.900175292240E-02
  4.037574149868E-01 -4.466253472990E-01  1.578774335601E-01  1.427240920691E-01  1.578774026861E-01  1.427240356574E-01
  4.678678813554E-01 -5.175425818674E-01  2.847647272828E-01  2.574324376964E-01  2.847647479123E-01  2.574324972637E-01
  5.380469433871E-01 -5.951727300445E-01  4.107770172672E-01  3.713499175345E-01  4.107770101057E-01  3.713498679358E-01
  6.021574097557E-01 -6.660899646129E-01  5.179994432651E-01  4.682808596273E-01  5.179994439239E-01  4.682808929411E-01
  6.491068021561E-01 -7.180240911651E-01  5.930749247663E-01  5.361505061622E-01  5.930749273466E-01  5.361504916976E-01
  6.706098831617E-01 -7.418102079413E-01  6.266794939355E-01  5.665296304613E-01  6.266794952611E-01  5.665296306223E-01
  3.535533905933E-01 -3.535533905933E-01  2.370484662591E-03  2.370484662591E-03  2.370484615351E-03  2.370484615351E-03
  3.762267432790E-01 -3.762267432790E-01  5.166857403473E-02  5.166856068403E-02  5.166859697638E-02  5.166859697638E-02
  4.257312832097E-01 -4.257312832097E-01  1.504915967473E-01  1.504916267615E-01  1.504915689220E-01  1.504915689220E-01
  4.933308618209E-01 -4.933308618209E-01  2.714428421415E-01  2.714427992975E-01  2.714428598259E-01  2.714428598259E-01
  5.673293099589E-01 -5.673293099589E-01  3.915600107033E-01  3.915600558731E-01  3.915600059042E-01  3.915600059042E-01
  6.349288885701E-01 -6.349288885701E-01  4.937663524400E-01  4.937663177722E-01  4.937663509187E-01  4.937663509187E-01
  6.844334285008E-01 -6.844334285008E-01  5.653296443850E-01  5.653296614055E-01  5.653296468410E-01  5.653296468410E-01
  7.071067811865E-01 -7.071067811865E-01  5.973621228037E-01  5.973621231289E-01  5.973621230684E-01  5.973621230684E-01
  3.535533905933E-01 -3.535533905933E-01  2.370484662591E-03  2.370484662591E-03  2.370484615351E-03  2.370484615351E-03
  3.762267432790E-01 -3.762267432790E-01  5.166857403473E-02  5.166856068403E-02  5.166859697638E-02  5.166859697638E-02
  4.257312832097E-01 -4.257312832097E-01  1.504915967473E-01  1.504916267615E-01  1.504915689220E-01  1.504915689220E-01
  4.933308618209E-01 -4.933308618209E-01  2.714428421415E-01  2.714427992975E-01  2.714428598259E-01  2.714428598259E-01
  5.673293099589E-01 -5.673293099589E-01  3.915600107033E-01  3.915600558731E-01  3.915600059042E-01  3.915600059042E-01
  6.349288885701E-01 -6.349288885701E-01  4.937663524400E-01  4.937663177722E-01  4.937663509187E-01  4.937663509187E-01
  6.844334285008E-01 -6.844334285008E-01  5.653296443850E-01  5.653296614055E-01  5.653296468410E-01  5.653296468410E-01
  7.071067811865E-01 -7.071067811865E-01  5.973621228037E-01  5.973621231289E-01  5.973621230684E-01  5.973621230684E-01
  3.709051039706E-01 -3.353049415808E-01  2.248132964633E-03  2.486822872465E-03  2.248133454850E-03  2.486823393893E-03
  3.946912207468E-01 -3.568080225864E-01  4.900173160737E-02  5.420435341640E-02  4.900175292240E-02  5.420439131240E-02
  4.466253472990E-01 -4.037574149868E-01  1.427240605041E-01  1.578774614497E-01  1.427240356574E-01  1.578774026861E-01
  5.175425818674E-01 -4.678678813554E-01  2.574324826041E-01  2.847646862847E-01  2.574324972637E-01  2.847647479123E-01
  5.951727300445E-01 -5.380469433871E-01  3.713498702289E-01  4.107770602535E-01  3.713498679358E-01  4.107770101057E-01
  6.660899646129E-01 -6.021574097557E-01  4.682808961995E-01  5.179994113035E-01  4.682808929411E-01  5.179994439239E-01
  7.180240911651E-01 -6.491068021561E-01  5.361504886384E-01  5.930749425748E-01  5.361504916976E-01  5.930749273466E-01
  7.418102079413E-01 -6.706098831617E-01  5.665296304810E-01  6.266794963257E-01  5.665296306223E-01  6.266794952611E-01
  4.054642402832E-01 -2.925726402991E-01  1.961624723837E-03  2.718534008933E-03  1.961624357605E-03  2.718533520647E-03
  4.314666319049E-01 -3.113353019965E-01  4.275680092179E-02  5.925485455176E-02  4.275681761264E-02  5.925489325494E-02
  4.882397281547E-01 -3.523013182749E-01  1.245348605327E-01  1.725877147117E-01  1.245348420740E-01  1.725876523475E-01
  5.657646862355E-01 -4.082413480515E-01  2.246244941271E-01  3.112976821535E-01  2.246245017092E-01  3.112977441821E-01
  6.506280346142E-01 -4.694765728457E-01  3.240238865289E-01  4.490512672062E-01  3.240238894914E-01  4.490512169967E-01
  7.281529926949E-01 -5.254166026223E-01  4.086017312803E-01  5.662640834964E-01  4.086017241603E-01  5.662641164796E-01
  7.849260889447E-01 -5.663826189007E-01  4.678218064356E-01  6.483347817294E-01  4.678218108390E-01  6.483347688487E-01
  8.109284805664E-01 -5.851452805981E-01  4.943293381558E-01  6.850704458060E-01  4.943293381164E-01  6.850704472031E-01
  4.446713534462E-01 -2.286206189833E-01  1.532842224412E-03  2.981406641286E-03  1.532842491321E-03  2.981407137583E-03
  4.731880943238E-01 -2.432820423025E-01  3.341080294367E-02  6.498461223694E-02  3.341081414300E-02  6.498465453719E-02
  5.354509699132E-01 -2.752934976090E-01  9.731338907500E-02  1.892763967368E-01  9.731338053636E-02  1.892763339718E-01
  6.204723469194E-01 -3.190058701001E-01  1.755249328223E-01  3.413991903749E-01  1.755249314053E-01  3.413992541821E-01
  7.135417134193E-01 -3.668559868497E-01  2.531970827681E-01  4.924731019616E-01  2.531970935668E-01  4.924730533305E-01
  7.985630904255E-01 -4.105683593408E-01  3.192874851019E-01  6.210200395782E-01  3.192874733593E-01  6.210200704929E-01
  8.608259660149E-01 -4.425798146473E-01  3.655629248854E-01  7.110267100150E-01  3.655629311701E-01  7.110266960875E-01
  8.893427068925E-01 -4.572412379666E-01  3.862763082149E-01  7.513145998123E-01  3.862763078128E-01  7.513145986710E-01
  4.760893194234E-01 -1.527709394191E-01  1.024290062496E-03  3.192057045514E-03  1.024289884359E-03  3.192056524567E-03
  5.066208921261E-01 -1.625681284201E-01  2.232607302610E-02  6.957606090565E-02  2.232607665083E-02  6.957610314179E-02
  5.732829107945E-01 -1.839591128426E-01  6.502762652296E-02  2.026495954104E-01  6.502762799218E-02  2.026495305471E-01
  6.643114180315E-01 -2.131689900593E-01  1.172908705126E-01  3.655205356874E-01  1.172908584602E-01  3.655205969882E-01
  7.639565402386E-01 -2.451438281979E-01  1.691936350737E-01  5.272684643510E-01  1.691936537238E-01  5.272684173994E-01
  8.549850474757E-01 -2.743537054146E-01  2.133571817123E-01  6.648978116249E-01  2.133571655382E-01  6.648978406588E-01
  9.216470661440E-01 -2.957446898372E-01  2.442797613971E-01  7.612638369385E-01  2.442797708274E-01  7.612638259890E-01
  9.521786388467E-01 -3.055418788382E-01  2.581210498565E-01  8.043982428770E-01  2.581210508586E-01  8.043982441909E-01
  4.935866117780E-01 -7.982641588779E-02  5.352155020213E-04  3.309370825568E-03  5.352156019295E-04  3.309371372736E-03
  5.252402845402E-01 -8.494567801117E-02  1.166590346509E-02  7.213312935615E-02  1.166590116320E-02  7.213317251491E-02
  5.943522737960E-01 -9.612297144970E-02  3.397845655514E-02  2.100973935626E-01  3.397846799947E-02  2.100973306485E-01
  6.887262717609E-01 -1.113858206250E-01  6.128725858746E-02  3.789541945277E-01  6.128723750004E-02  3.789542542584E-01
  7.920335635732E-01 -1.280934270383E-01  8.840764610085E-02  5.466466934494E-01  8.840767111264E-02  5.466466501642E-01
  8.864075615381E-01 -1.433562762137E-01  1.114841681823E-01  6.893342210424E-01  1.114841467471E-01  6.893342466636E-01
  9.555195507939E-01 -1.545335696522E-01  1.276419274569E-01  7.892418975383E-01  1.276419367007E-01  7.892418863632E-01
  9.871732235560E-01 -1.596528317756E-01  1.348743329032E-01  8.339615868602E-01  1.348743316862E-01  8.339615859294E-01
  4.993659121515E-01 -2.517311623718E-02  1.687793214399E-04  3.348120750019E-03  1.687792744981E-04  3.348120096372E-03
  5.313902110175E-01 -2.678746631225E-02  3.678828162803E-03  7.297772217559E-02  3.678820885626E-03  7.297776444854E-02
  6.013114178165E-01 -3.031220563338E-02  1.071503052588E-02  2.125573772074E-01  1.071504858385E-02  2.125573154871E-01
  6.967904207970E-01 -3.512531758546E-02  1.932684731185E-02  3.833912920969E-01  1.932681977872E-02  3.833913488046E-01
  8.013073156575E-01 -4.039403112607E-02  2.787916958353E-02  5.530472593470E-01  2.787919959109E-02  5.530472192114E-01
  8.967863186381E-01 -4.520714307816E-02  3.515634764125E-02  6.974054903260E-01  3.515632455067E-02  6.974055143482E-01
  9.667075254371E-01 -4.873188239929E-02  4.025164241005E-02  7.984829596979E-01  4.025165446263E-02  7.984829512944E-01
  9.987318243030E-01 -5.034623247436E-02  4.253237635002E-02  8.437262632347E-01  4.253237717352E-02  8.437262642858E-01
  5.000000000000E-01  1.387778780781E-17 -1.445347688743E-17  3.352371559234E-03 -9.304700044971E-20  3.352371492426E-03
  5.320649628726E-01  1.476776930944E-17  9.440370067108E-09  7.307038870802E-02 -2.028111861585E-18  7.307043059279E-02
  6.020749546417E-01  1.671093692983E-17 -2.122322661005E-08  2.128272783665E-01 -5.907141936500E-18  2.128272177924E-01
  6.976751955244E-01  1.936437664453E-17  3.029530545025E-08  3.838781184703E-01 -1.065475967941E-17  3.838781737752E-01
  8.023248044756E-01  2.226898677892E-17 -3.193990819347E-08  5.537495095594E-01 -1.536963530981E-17  5.537494708325E-01
  8.979250453583E-01  2.492242649361E-17  2.451380575953E-08  6.982910477503E-01 -1.938147059823E-17  6.982910701127E-01
  9.679350371274E-01  2.686559411401E-17 -1.203531928518E-08  7.994968623362E-01 -2.219049537939E-17  7.994968537742E-01
  1.000000000000E+00  2.775557561563E-17 -2.299441505995E-10  8.447976159469E-01 -2.344784411333E-17  8.447976160914E-01
  1.000000000000E+00  2.775557561563E-17 -2.299441505995E-10  8.447976159469E-01 -2.344784411333E-17  8.447976160914E-01
  1.032064962873E+00  2.953553861887E-17  1.357125482294E-10  8.895233234618E-01 -2.545629531680E-17  8.895233237501E-01
  1.102074954642E+00  3.342187385967E-17 -1.009812284646E-09  9.854213083152E-01 -2.988419845870E-17  9.854213081877E-01
  1.197675195524E+00  3.872875328905E-17  1.378245753371E-09  1.113125361234E+00 -3.599469845401E-17  1.113125361589E+00
  1.302324804476E+00  4.453797355784E-17  4.042966733576E-10  1.249511941823E+00 -4.273183588595E-17  1.249511941597E+00
  1.397925045358E+00  4.984485298722E-17  3.510153340845E-09  1.371651974650E+00 -4.890805215815E-17  1.371651974761E+00
  1.467935037127E+00  5.373118822801E-17  8.413168969524E-10  1.459885578614E+00 -5.343655190993E-17  1.459885578539E+00
  1.500000000000E+00  5.551115123126E-17 -5.551115123126E-17  1.500000000000E+00 -5.551115123126E-17  1.500000000000E+00
  9.987318243030E-01  5.034623247436E-02 -4.253237802625E-02  8.437262649387E-01 -4.253237717352E-02  8.437262642858E-01
  1.030756123169E+00  5.196058254943E-02 -4.478414869598E-02  8.883952525849E-01 -4.478414804889E-02  8.883952518890E-01
  1.100677329968E+00  5.548532187056E-02 -4.961225250015E-02  9.841716222308E-01 -4.961225026721E-02  9.841716208334E-01
  1.196156332949E+00  6.029843382264E-02 -5.604166886858E-02  1.111713724428E+00 -5.604166822764E-02  1.111713723057E+00
  1.300673227809E+00  6.556714736325E-02 -6.290822148242E-02  1.247927342826E+00 -6.290821869114E-02  1.247927340920E+00
  1.396152230790E+00  7.038025931534E-02 -6.905750907723E-02  1.369912480812E+00 -6.905750919521E-02  1.369912479061E+00
  1.466073437589E+00  7.390499863647E-02 -7.349973919306E-02  1.458034188607E+00 -7.349973872311E-02  1.458034187128E+00
  1.498097736455E+00  7.551934871154E-02 -7.551934871154E-02  1.498097736455E+00 -7.551934871154E-02  1.498097736455E+00
  9.871732235560E-01  1.596528317756E-01 -1.348743306705E-01  8.339615849694E-01 -1.348743316862E-01  8.339615859294E-01
  1.018826896318E+00  1.647720938990E-01 -1.420149159870E-01  8.781136056228E-01 -1.420149175671E-01  8.781136069346E-01
  1.087938885574E+00  1.759493873375E-01 -1.573253016299E-01  9.727815275374E-01 -1.573253023442E-01  9.727815293645E-01
  1.182312883539E+00  1.912122365128E-01 -1.777136130754E-01  1.098847548011E+00 -1.777136160988E-01  1.098847551421E+00
  1.285620175351E+00  2.079198429261E-01 -1.994881193888E-01  1.233484726041E+00 -1.994881198134E-01  1.233484731258E+00
  1.379994173316E+00  2.231826921014E-01 -2.189881203272E-01  1.354058095195E+00 -2.189881219811E-01  1.354058101521E+00
  1.449106162572E+00  2.343599855400E-01 -2.330748669974E-01  1.441159948747E+00 -2.330748666821E-01  1.441159952590E+00
  1.480759835334E+00  2.394792476634E-01 -2.394792476634E-01  1.480759835334E+00 -2.394792476634E-01  1.480759835334E+00
  9.521786388467E-01  3.055418788382E-01 -2.581210513812E-01  8.043982452822E-01 -2.581210508586E-01  8.043982441909E-01
  9.827102115494E-01  3.153390678391E-01 -2.717866278953E-01  8.469851091337E-01 -2.717866276090E-01  8.469851076308E-01
  1.049372230218E+00  3.367300522617E-01 -3.010874798834E-01  9.382971225980E-01 -3.010874779508E-01  9.382971199207E-01
  1.140400737455E+00  3.659399294784E-01 -3.401064148938E-01  1.059894196537E+00 -3.401064143622E-01  1.059894191663E+00
  1.240045859662E+00  3.979147676170E-01 -3.817782297657E-01  1.189758587188E+00 -3.817782262663E-01  1.189758579773E+00
  1.331074366899E+00  4.271246448337E-01 -4.190971229882E-01  1.306057719155E+00 -4.190971214804E-01  1.306057710299E+00
  1.397736385567E+00  4.485156292563E-01 -4.460561842593E-01  1.390071867946E+00 -4.460561825557E-01  1.390071863046E+00
  1.428267958270E+00  4.583128182573E-01 -4.583128182573E-01  1.428267958270E+00 -4.583128182573E-01  1.428267958270E+00
  8.893427068925E-01  4.572412379666E-01 -3.862763075923E-01  7.513145970334E-01 -3.862763078128E-01  7.513145986710E-01
  9.178594477700E-01  4.719026612858E-01 -4.067267449768E-01  7.910910785815E-01 -4.067267457516E-01  7.910910805879E-01
  9.801223233594E-01  5.039141165923E-01 -4.505752588722E-01  8.763772503923E-01 -4.505752588744E-01  8.763772536532E-01
  1.065143700366E+00  5.476264890834E-01 -5.089668153723E-01  9.899499174936E-01 -5.089668183447E-01  9.899499221858E-01
  1.158213066866E+00  5.954766058330E-01 -5.713283847708E-01  1.111244324882E+00 -5.713283870299E-01  1.111244332434E+00
  1.243234443872E+00  6.391889783241E-01 -6.271758418255E-01  1.219868672480E+00 -6.271758469988E-01  1.219868680148E+00
  1.305497319461E+00  6.712004336306E-01 -6.675198870455E-01  1.298338587571E+00 -6.675198892209E-01  1.298338592171E+00
  1.334014060339E+00  6.858618569498E-01 -6.858618569498E-01  1.334014060339E+00 -6.858618569498E-01  1.334014060339E+00
  8.109284805664E-01  5.851452805981E-01 -4.943293379141E-01  6.850704487218E-01 -4.943293381164E-01  6.850704472031E-01
  8.369308721881E-01  6.039079422956E-01 -5.205003743514E-01  7.213397993085E-01 -5.205003748743E-01  7.213397973570E-01
  8.937039684379E-01  6.448739585740E-01 -5.766146287909E-01  7.991062065425E-01 -5.766146278869E-01  7.991062041664E-01
  9.712289265187E-01  7.008139883505E-01 -6.513400517750E-01  9.026650623972E-01 -6.513400520476E-01  9.026650581529E-01
  1.056092274897E+00  7.620492131448E-01 -7.311460190777E-01  1.013264824637E+00 -7.311460156766E-01  1.013264820249E+00
  1.133617232978E+00  8.179892429213E-01 -8.026156826316E-01  1.112311657140E+00 -8.026156796542E-01  1.112311651759E+00
  1.190390329228E+00  8.589552591997E-01 -8.542451594699E-01  1.183862796595E+00 -8.542451564956E-01  1.183862794006E+00
  1.216392720850E+00  8.777179208972E-01 -8.777179208972E-01  1.216392720850E+00 -8.777179208972E-01  1.216392720850E+00
  7.418102079413E-01  6.706098831617E-01 -5.665296304613E-01  6.266794939355E-01 -5.665296306223E-01  6.266794952611E-01
  7.655963247174E-01  6.921129641672E-01 -5.965231316772E-01  6.598574803661E-01 -5.965231322096E-01  6.598574817597E-01
  8.175304512697E-01  7.390623565677E-01 -6.608332689717E-01  7.309955831870E-01 -6.608332683488E-01  7.309955855365E-01
  8.884476858381E-01  8.031728229362E-01 -7.464728675234E-01  8.257277540497E-01 -7.464728686792E-01  8.257277559447E-01
  9.660778340152E-01  8.733518849679E-01 -8.379350579681E-01  9.269007102513E-01 -8.379350571636E-01  9.269007132213E-01
  1.036995068584E+00  9.374623513365E-01 -9.198433690273E-01  1.017505435289E+00 -9.198433705327E-01  1.017505436620E+00
  1.088929195136E+00  9.844117437369E-01 -9.790136966084E-01  1.082958023284E+00 -9.790136972537E-01  1.082958024587E+00
  1.112715311912E+00  1.005914824742E+00 -1.005914824742E+00  1.112715311912E+00 -1.005914824742E+00  1.112715311912E+00
  7.071067811865E-01  7.071067811865E-01 -5.973621231289E-01  5.973621228037E-01 -5.973621230684E-01  5.973621230684E-01
  7.297801338723E-01  7.297801338723E-01 -6.289879739474E-01  6.289879741394E-01 -6.289879742473E-01  6.289879742473E-01
  7.792846738030E-01  7.792846738030E-01 -6.967980901494E-01  6.967980887213E-01 -6.967980893452E-01  6.967980893452E-01
  8.468842524142E-01  8.468842524142E-01 -7.870984902645E-01  7.870984922137E-01 -7.870984914900E-01  7.870984914900E-01
  9.208827005522E-01  9.208827005522E-01 -8.835383669505E-01  8.835383675222E-01 -8.835383670769E-01  8.835383670769E-01
  9.884822791634E-01  9.884822791634E-01 -9.699044102207E-01  9.699044151848E-01 -9.699044127811E-01  9.699044127811E-01
  1.037986819094E+00  1.037986819094E+00 -1.032294991800E+00  1.032294992989E+00 -1.032294992342E+00  1.032294992342E+00
  1.060660171780E+00  1.060660171780E+00 -1.060660171780E+00  1.060660171780E+00 -1.060660171780E+00  1.060660171780E+00
  7.071067811865E-01  7.071067811865E-01 -5.973621231289E-01  5.973621228037E-01 -5.973621230684E-01  5.973621230684E-01
  7.297801338723E-01  7.297801338723E-01 -6.289879739474E-01  6.289879741394E-01 -6.289879742473E-01  6.289879742473E-01
  7.792846738030E-01  7.792846738030E-01 -6.967980901494E-01  6.967980887213E-01 -6.967980893452E-01  6.967980893452E-01
  8.468842524142E-01  8.468842524142E-01 -7.870984902645E-01  7.870984922137E-01 -7.870984914900E-01  7.870984914900E-01
  9.208827005522E-01  9.208827005522E-01 -8.835383669505E-01  8.835383675222E-01 -8.835383670769E-01  8.835383670769E-01
  9.884822791634E-01  9.884822791634E-01 -9.699044102207E-01  9.699044151848E-01 -9.699044127811E-01  9.699044127811E-01
  1.037986819094E+00  1.037986819094E+00 -1.032294991800E+00  1.032294992989E+00 -1.032294992342E+00  1.032294992342E+00
  1.060660171780E+00  1.060660171780E+00 -1.060660171780E+00  1.060660171780E+00 -1.060660171780E+00  1.060660171780E+00
  6.706098831617E-01  7.418102079413E-01 -6.266794963257E-01  5.665296304810E-01 -6.266794952611E-01  5.665296306223E-01
  6.921129641672E-01  7.655963247174E-01 -6.598574827093E-01  5.965231322441E-01 -6.598574817597E-01  5.965231322096E-01
  7.390623565677E-01  8.175304512697E-01 -7.309955881036E-01  6.608332677580E-01 -7.309955855365E-01  6.608332683488E-01
  8.031728229362E-01  8.884476858381E-01 -8.257277573670E-01  7.464728691950E-01 -8.257277559447E-01  7.464728686792E-01
  8.733518849679E-01  9.660778340152E-01 -9.269007165430E-01  8.379350565378E-01 -9.269007132213E-01  8.379350571636E-01
  9.374623513365E-01  1.036995068584E+00 -1.017505437774E+00  9.198433718538E-01 -1.017505436620E+00  9.198433705327E-01
  9.844117437369E-01  1.088929195136E+00 -1.082958025965E+00  9.790136979669E-01 -1.082958024587E+00  9.790136972537E-01
  1.005914824742E+00  1.112715311912E+00 -1.112715311912E+00  1.005914824742E+00 -1.112715311912E+00  1.005914824742E+00
  5.851452805981E-01  8.109284805664E-01 -6.850704458060E-01  4.943293381558E-01 -6.850704472031E-01  4.943293381164E-01
  6.039079422956E-01  8.369308721881E-01 -7.213397953121E-01  5.205003750640E-01 -7.213397973570E-01  5.205003748743E-01
  6.448739585740E-01  8.937039684379E-01 -7.991062023695E-01  5.766146271000E-01 -7.991062041664E-01  5.766146278869E-01
  7.008139883505E-01  9.712289265187E-01 -9.026650536038E-01  6.513400517742E-01 -9.026650581529E-01  6.513400520476E-01
  7.620492131448E-01  1.056092274897E+00 -1.013264816260E+00  7.311460122878E-01 -1.013264820249E+00  7.311460156766E-01
  8.179892429213E-01  1.133617232978E+00 -1.112311646116E+00  8.026156763503E-01 -1.112311651759E+00  8.026156796542E-01
  8.589552591997E-01  1.190390329228E+00 -1.183862791512E+00  8.542451535557E-01 -1.183862794006E+00  8.542451564956E-01
  8.777179208972E-01  1.216392720850E+00 -1.216392720850E+00  8.777179208972E-01 -1.216392720850E+00  8.777179208972E-01
  4.572412379666E-01  8.893427068925E-01 -7.513145998123E-01  3.862763082149E-01 -7.513145986710E-01  3.862763078128E-01
  4.719026612858E-01  9.178594477700E-01 -7.910910818531E-01  4.067267466119E-01 -7.910910805879E-01  4.067267457516E-01
  5.039141165923E-01  9.801223233594E-01 -8.763772569128E-01  4.505752594009E-01 -8.763772536532E-01  4.505752588744E-01
  5.476264890834E-01  1.065143700366E+00 -9.899499260080E-01  5.089668214152E-01 -9.899499221858E-01  5.089668183447E-01
  5.954766058330E-01  1.158213066866E+00 -1.111244340152E+00  5.713283897989E-01 -1.111244332434E+00  5.713283870299E-01
  6.391889783241E-01  1.243234443872E+00 -1.219868687477E+00  6.271758521951E-01 -1.219868680148E+00  6.271758469988E-01
  6.712004336306E-01  1.305497319461E+00 -1.298338596841E+00  6.675198914815E-01 -1.298338592171E+00  6.675198892209E-01
  6.858618569498E-01  1.334014060339E+00 -1.334014060339E+00  6.858618569498E-01 -1.334014060339E+00  6.858618569498E-01
  3.055418788382E-01  9.521786388467E-01 -8.043982428770E-01  2.581210498565E-01 -8.043982441909E-01  2.581210508586E-01
  3.153390678391E-01  9.827102115494E-01 -8.469851056642E-01  2.717866267381E-01 -8.469851076308E-01  2.717866276090E-01
  3.367300522617E-01  1.049372230218E+00 -9.382971176135E-01  3.010874756466E-01 -9.382971199207E-01  3.010874779508E-01
  3.659399294784E-01  1.140400737455E+00 -1.059894186243E+00  3.401064131461E-01 -1.059894191663E+00  3.401064143622E-01
  3.979147676170E-01  1.240045859662E+00 -1.189758572835E+00  3.817782225236E-01 -1.189758579773E+00  3.817782262663E-01
  4.271246448337E-01  1.331074366899E+00 -1.306057701219E+00  4.190971197164E-01 -1.306057710299E+00  4.190971214804E-01
  4.485156292563E-01  1.397736385567E+00 -1.390071858254E+00  4.460561808408E-01 -1.390071863046E+00  4.460561825557E-01
  4.583128182573E-01  1.428267958270E+00 -1.428267958270E+00  4.583128182573E-01 -1.428267958270E+00  4.583128182573E-01
  1.596528317756E-01  9.871732235560E-01 -8.339615868602E-01  1.348743329032E-01 -8.339615859294E-01  1.348743316862E-01
  1.647720938990E-01  1.018826896318E+00 -8.781136079448E-01  1.420149193168E-01 -8.781136069346E-01  1.420149175671E-01
  1.759493873375E-01  1.087938885574E+00 -9.727815316839E-01  1.573253033851E-01 -9.727815293645E-01  1.573253023442E-01
  1.912122365128E-01  1.182312883539E+00 -1.098847554230E+00  1.777136192927E-01 -1.098847551421E+00  1.777136160988E-01
  2.079198429261E-01  1.285620175351E+00 -1.233484736766E+00  1.994881205111E-01 -1.233484731258E+00  1.994881198134E-01
  2.231826921014E-01  1.379994173316E+00 -1.354058107432E+00  2.189881236812E-01 -1.354058101521E+00  2.189881219811E-01
  2.343599855400E-01  1.449106162572E+00 -1.441159956523E+00  2.330748664096E-01 -1.441159952590E+00  2.330748666821E-01
  2.394792476634E-01  1.480759835334E+00 -1.480759835334E+00  2.394792476634E-01 -1.480759835334E+00  2.394792476634E-01
  5.034623247436E-02  9.987318243030E-01 -8.437262632347E-01  4.253237635002E-02 -8.437262642858E-01  4.253237717352E-02
  5.196058254943E-02  1.030756123169E+00 -8.883952505271E-01  4.478414744001E-02 -8.883952518890E-01  4.478414804889E-02
  5.548532187056E-02  1.100677329968E+00 -9.841716196125E-01  4.961224816538E-02 -9.841716208334E-01  4.961225026721E-02
  6.029843382264E-02  1.196156332949E+00 -1.111713720900E+00  5.604166770494E-02 -1.111713723057E+00  5.604166822764E-02
  6.556714736325E-02  1.300673227809E+00 -1.247927339388E+00  6.290821602214E-02 -1.247927340920E+00  6.290821869114E-02
  7.038025931534E-02  1.396152230790E+00 -1.369912477056E+00  6.905750931866E-02 -1.369912479061E+00  6.905750919521E-02
  7.390499863647E-02  1.466073437589E+00 -1.458034185751E+00  7.349973825809E-02 -1.458034187128E+00  7.349973872311E-02
  7.551934871154E-02  1.498097736455E+00 -1.498097736455E+00  7.551934871154E-02 -1.498097736455E+00  7.551934871154E-02
  6.123233995737E-17  1.000000000000E+00 -8.447976159469E-01 -2.299438313593E-10 -8.447976160914E-01  5.172893482368E-17
  7.031560467768E-17  1.032064962873E+00 -8.895233234618E-01  1.357128271451E-10 -8.895233237501E-01  6.060410210061E-17
  9.014782125728E-17  1.102074954642E+00 -9.854213083152E-01 -1.009811865533E-09 -9.854213081877E-01  8.060575515256E-17
  1.172291654245E-16  1.197675195524E+00 -1.113125361234E+00  1.378246248073E-09 -1.113125361589E+00  1.089533770421E-16
  1.468739869314E-16  1.302324804476E+00 -1.249511941823E+00  4.042972538767E-10 -1.249511941597E+00  1.409178416552E-16
  1.739553310987E-16  1.397925045358E+00 -1.371651974650E+00  3.510153894386E-09 -1.371651974761E+00  1.706859564566E-16
  1.937875476782E-16  1.467935037127E+00 -1.459885578614E+00  8.413172292287E-10 -1.459885578539E+00  1.927249088009E-16
  2.028708123986E-16  1.500000000000E+00 -1.500000000000E+00  2.028708123986E-16 -1.500000000000E+00  2.028708123986E-16
  6.123233995737E-17  1.000000000000E+00 -8.447976159469E-01 -2.299438313593E-10 -8.447976160914E-01  5.172893482368E-17
  7.031560467768E-17  1.032064962873E+00 -8.895233234618E-01  1.357128271451E-10 -8.895233237501E-01  6.060410210061E-17
  9.014782125728E-17  1.102074954642E+00 -9.854213083152E-01 -1.009811865533E-09 -9.854213081877E-01  8.060575515256E-17
  1.172291654245E-16  1.197675195524E+00 -1.113125361234E+00  1.378246248073E-09 -1.113125361589E+00  1.089533770421E-16
  1.468739869314E-16  1.302324804476E+00 -1.249511941823E+00  4.042972538767E-10 -1.249511941597E+00  1.409178416552E-16
  1.739553310987E-16  1.397925045358E+00 -1.371651974650E+00  3.510153894386E-09 -1.371651974761E+00  1.706859564566E-16
  1.937875476782E-16  1.467935037127E+00 -1.459885578614E+00  8.413172292287E-10 -1.459885578539E+00  1.927249088009E-16
  2.028708123986E-16  1.500000000000E+00 -1.500000000000E+00  2.028708123986E-16 -1.500000000000E+00  2.028708123986E-16
 -5.034623247436E-02  9.987318243030E-01 -8.437262649387E-01 -4.253237802625E-02 -8.437262642858E-01 -4.253237717352E-02
 -5.196058254943E-02  1.030756123169E+00 -8.883952525849E-01 -4.478414869598E-02 -8.883952518890E-01 -4.478414804889E-02
 -5.548532187056E-02  1.100677329968E+00 -9.841716222308E-01 -4.961225250015E-02 -9.841716208334E-01 -4.961225026721E-02
 -6.029843382264E-02  1.196156332949E+00 -1.111713724428E+00 -5.604166886858E-02 -1.111713723057E+00 -5.604166822764E-02
 -6.556714736325E-02  1.300673227809E+00 -1.247927342826E+00 -6.290822148242E-02 -1.247927340920E+00 -6.290821869114E-02
 -7.038025931534E-02  1.396152230790E+00 -1.369912480812E+00 -6.905750907723E-02 -1.369912479061E+00 -6.905750919521E-02
 -7.390499863647E-02  1.466073437589E+00 -1.458034188607E+00 -7.349973919306E-02 -1.458034187128E+00 -7.349973872311E-02
 -7.551934871154E-02  1.498097736455E+00 -1.498097736455E+00 -7.551934871154E-02 -1.498097736455E+00 -7.551934871154E-02
 -1.596528317756E-01  9.871732235560E-01 -8.339615849694E-01 -1.348743306705E-01 -8.339615859294E-01 -1.348743316862E-01
 -1.647720938990E-01  1.018826896318E+00 -8.781136056228E-01 -1.420149159870E-01 -8.781136069346E-01 -1.420149175671E-01
 -1.759493873375E-01  1.087938885574E+00 -9.727815275374E-01 -1.573253016299E-01 -9.727815293645E-01 -1.573253023442E-01
 -1.912122365128E-01  1.182312883539E+00 -1.098847548011E+00 -1.777136130754E-01 -1.098847551421E+00 -1.777136160988E-01
 -2.079198429261E-01  1.285620175351E+00 -1.233484726041E+00 -1.994881193888E-01 -1.233484731258E+00 -1.994881198134E-01
 -2.231826921014E-01  1.379994173316E+00 -1.354058095195E+00 -2.189881203272E-01 -1.354058101521E+00 -2.189881219811E-01
 -2.343599855400E-01  1.449106162572E+00 -1.441159948747E+00 -2.330748669974E-01 -1.441159952590E+00 -2.330748666821E-01
 -2.394792476634E-01  1.480759835334E+00 -1.480759835334E+00 -2.394792476634E-01 -1.480759835334E+00 -2.394792476634E-01
 -3.055418788382E-01  9.521786388467E-01 -8.043982452822E-01 -2.581210513812E-01 -8.043982441909E-01 -2.581210508586E-01
 -3.153390678391E-01  9.827102115494E-01 -8.469851091337E-01 -2.717866278953E-01 -8.469851076308E-01 -2.717866276090E-01
 -3.367300522617E-01  1.049372230218E+00 -9.382971225980E-01 -3.010874798834E-01 -9.382971199207E-01 -3.010874779508E-01
 -3.659399294784E-01  1.140400737455E+00 -1.059894196537E+00 -3.401064148938E-01 -1.059894191663E+00 -3.401064143622E-01
 -3.979147676170E-01  1.240045859662E+00 -1.189758587188E+00 -3.817782297657E-01 -1.189758579773E+00 -3.817782262663E-01
 -4.271246448337E-01  1.331074366899E+00 -1.306057719155E+00 -4.190971229882E-01 -1.306057710299E+00 -4.190971214804E-01
 -4.485156292563E-01  1.397736385567E+00 -1.390071867946E+00 -4.460561842593E-01 -1.390071863046E+00 -4.460561825557E-01
 -4.583128182573E-01  1.428267958270E+00 -1.428267958270E+00 -4.583128182573E-01 -1.428267958270E+00 -4.583128182573E-01
 -4.572412379666E-01  8.893427068925E-01 -7.513145970334E-01 -3.862763075923E-01 -7.513145986710E-01 -3.862763078128E-01
 -4.719026612858E-01  9.178594477700E-01 -7.910910785815E-01 -4.067267449768E-01 -7.910910805879E-01 -4.067267457516E-01
 -5.039141165923E-01  9.801223233594E-01 -8.763772503923E-01 -4.505752588722E-01 -8.763772536532E-01 -4.505752588744E-01
 -5.476264890834E-01  1.065143700366E+00 -9.899499174936E-01 -5.089668153723E-01 -9.899499221858E-01 -5.089668183447E-01
 -5.954766058330E-01  1.158213066866E+00 -1.111244324882E+00 -5.713283847708E-01 -1.111244332434E+00 -5.713283870299E-01
 -6.391889783241E-01  1.243234443872E+00 -1.219868672480E+00 -6.271758418255E-01 -1.219868680148E+00 -6.271758469988E-01
 -6.712004336306E-01  1.305497319461E+00 -1.298338587571E+00 -6.675198870455E-01 -1.298338592171E+00 -6.675198892209E-01
 -6.858618569498E-01  1.334014060339E+00 -1.334014060339E+00 -6.858618569498E-01 -1.334014060339E+00 -6.858618569498E-01
 -5.851452805981E-01  8.109284805664E-01 -6.850704487218E-01 -4.943293379141E-01 -6.850704472031E-01 -4.943293381164E-01
 -6.039079422956E-01  8.369308721881E-01 -7.213397993085E-01 -5.205003743514E-01 -7.213397973570E-01 -5.205003748743E-01
 -6.448739585740E-01  8.937039684379E-01 -7.991062065425E-01 -5.766146287909E-01 -7.991062041664E-01 -5.766146278869E-01
 -7.008139883505E-01  9.712289265187E-01 -9.026650623972E-01 -6.513400517750E-01 -9.026650581529E-01 -6.513400520476E-01
 -7.620492131448E-01  1.056092274897E+00 -1.013264824637E+00 -7.311460190777E-01 -1.013264820249E+00 -7.311460156766E-01
 -8.179892429213E-01  1.133617232978E+00 -1.112311657140E+00 -8.026156826316E-01 -1.112311651759E+00 -8.026156796542E-01
 -8.589552591997E-01  1.190390329228E+00 -1.183862796595E+00 -8.542451594699E-01 -1.183862794006E+00 -8.542451564956E-01
 -8.777179208972E-01  1.216392720850E+00 -1.216392720850E+00 -8.777179208972E-01 -1.216392720850E+00 -8.777179208972E-01
 -6.706098831617E-01  7.418102079413E-01 -6.266794939355E-01 -5.665296304613E-01 -6.266794952611E-01 -5.665296306223E-01
 -6.921129641672E-01  7.655963247174E-01 -6.598574803661E-01 -5.965231316772E-01 -6.598574817597E-01 -5.965231322096E-01
 -7.390623565677E-01  8.175304512697E-01 -7.309955831870E-01 -6.608332689717E-01 -7.309955855365E-01 -6.608332683488E-01
 -8.031728229362E-01  8.884476858381E-01 -8.257277540497E-01 -7.464728675234E-01 -8.257277559447E-01 -7.464728686792E-01
 -8.733518849679E-01  9.660778340152E-01 -9.269007102513E-01 -8.379350579681E-01 -9.269007132213E-01 -8.379350571636E-01
 -9.374623513365E-01  1.036995068584E+00 -1.017505435289E+00 -9.198433690273E-01 -1.017505436620E+00 -9.198433705327E-01
 -9.844117437369E-01  1.088929195136E+00 -1.082958023284E+00 -9.790136966084E-01 -1.082958024587E+00 -9.790136972537E-01
 -1.005914824742E+00  1.112715311912E+00 -1.112715311912E+00 -1.005914824742E+00 -1.112715311912E+00 -1.005914824742E+00
 -7.071067811865E-01  7.071067811865E-01 -5.973621228037E-01 -5.973621231289E-01 -5.973621230684E-01 -5.973621230684E-01
 -7.297801338723E-01  7.297801338723E-01 -6.289879741394E-01 -6.289879739474E-01 -6.289879742473E-01 -6.289879742473E-01
 -7.792846738030E-01  7.792846738030E-01 -6.967980887213E-01 -6.967980901494E-01 -6.967980893452E-01 -6.967980893452E-01
 -8.468842524142E-01  8.468842524142E-01 -7.870984922137E-01 -7.870984902645E-01 -7.870984914900E-01 -7.870984914900E-01
 -9.208827005522E-01  9.208827005522E-01 -8.835383675222E-01 -8.835383669505E-01 -8.835383670769E-01 -8.835383670769E-01
 -9.884822791634E-01  9.884822791634E-01 -9.699044151848E-01 -9.699044102207E-01 -9.699044127811E-01 -9.699044127811E-01
 -1.037986819094E+00  1.037986819094E+00 -1.032294992989E+00 -1.032294991800E+00 -1.032294992342E+00 -1.032294992342E+00
 -1.060660171780E+00  1.060660171780E+00 -1.060660171780E+00 -1.060660171780E+00 -1.060660171780E+00 -1.060660171780E+00
 -7.071067811865E-01  7.071067811865E-01 -5.973621228037E-01 -5.973621231289E-01 -5.973621230684E-01 -5.973621230684E-01
 -7.297801338723E-01  7.297801338723E-01 -6.289879741394E-01 -6.289879739474E-01 -6.289879742473E-01 -6.289879742473E-01
 -7.792846738030E-01  7.792846738030E-01 -6.967980887213E-01 -6.967980901494E-01 -6.967980893452E-01 -6.967980893452E-01
 -8.468842524142E-01  8.468842524142E-01 -7.870984922137E-01 -7.870984902645E-01 -7.870984914900E-01 -7.870984914900E-01
 -9.208827005522E-01  9.208827005522E-01 -8.835383675222E-01 -8.835383669505E-01 -8.835383670769E-01 -8.835383670769E-01
 -9.884822791634E-01  9.884822791634E-01 -9.699044151848E-01 -9.699044102207E-01 -9.699044127811E-01 -9.699044127811E-01
 -1.037986819094E+00  1.037986819094E+00 -1.032294992989E+00 -1.032294991800E+00 -1.032294992342E+00 -1.032294992342E+00
 -1.060660171780E+00  1.060660171780E+00 -1.060660171780E+00 -1.060660171780E+00 -1.060660171780E+00 -1.060660171780E+00
 -7.418102079413E-01  6.706098831617E-01 -5.665296304810E-01 -6.266794963257E-01 -5.665296306223E-01 -6.266794952611E-01
 -7.655963247174E-01  6.921129641672E-01 -5.965231322441E-01 -6.598574827093E-01 -5.965231322096E-01 -6.598574817597E-01
 -8.175304512697E-01  7.390623565677E-01 -6.608332677580E-01 -7.309955881036E-01 -6.608332683488E-01 -7.309955855365E-01
 -8.884476858381E-01  8.031728229362E-01 -7.464728691950E-01 -8.257277573670E-01 -7.464728686792E-01 -8.257277559447E-01
 -9.660778340152E-01  8.733518849679E-01 -8.379350565378E-01 -9.269007165430E-01 -8.379350571636E-01 -9.269007132213E-01
 -1.036995068584E+00  9.374623513365E-01 -9.198433718538E-01 -1.017505437774E+00 -9.198433705327E-01 -1.017505436620E+00
 -1.088929195136E+00  9.844117437369E-01 -9.790136979669E-01 -1.082958025965E+00 -9.790136972537E-01 -1.082958024587E+00
 -1.112715311912E+00  1.005914824742E+00 -1.005914824742E+00 -1.112715311912E+00 -1.005914824742E+00 -1.112715311912E+00
 -8.109284805664E-01  5.851452805981E-01 -4.943293381558E-01 -6.850704458060E-01 -4.943293381164E-01 -6.850704472031E-01
 -8.369308721881E-01  6.039079422956E-01 -5.205003750640E-01 -7.213397953121E-01 -5.205003748743E-01 -7.213397973570E-01
 -8.937039684379E-01  6.448739585740E-01 -5.766146271000E-01 -7.991062023695E-01 -5.766146278869E-01 -7.991062041664E-01
 -9.712289265187E-01  7.008139883505E-01 -6.513400517742E-01 -9.026650536038E-01 -6.513400520476E-01 -9.026650581529E-01
 -1.056092274897E+00  7.620492131448E-01 -7.311460122878E-01 -1.013264816260E+00 -7.311460156766E-01 -1.013264820249E+00
 -1.133617232978E+00  8.179892429213E-01 -8.026156763503E-01 -1.112311646116E+00 -8.026156796542E-01 -1.112311651759E+00
 -1.190390329228E+00  8.589552591997E-01 -8.542451535557E-01 -1.183862791512E+00 -8.542451564956E-01 -1.183862794006E+00
 -1.216392720850E+00  8.777179208972E-01 -8.777179208972E-01 -1.216392720850E+00 -8.777179208972E-01 -1.216392720850E+00
 -8.893427068925E-01  4.572412379666E-01 -3.862763082149E-01 -7.513145998123E-01 -3.862763078128E-01 -7.513145986710E-01
 -9.178594477700E-01  4.719026612858E-01 -4.067267466119E-01 -7.910910818531E-01 -4.067267457516E-01 -7.910910805879E-01
 -9.801223233594E-01  5.039141165923E-01 -4.505752594009E-01 -8.763772569128E-01 -4.505752588744E-01 -8.763772536532E-01
 -1.065143700366E+00  5.476264890834E-01 -5.089668214152E-01 -9.899499260080E-01 -5.089668183447E-01 -9.899499221858E-01
 -1.158213066866E+00  5.954766058330E-01 -5.713283897989E-01 -1.111244340152E+00 -5.713283870299E-01 -1.111244332434E+00
 -1.243234443872E+00  6.391889783241E-01 -6.271758521951E-01 -1.219868687477E+00 -6.271758469988E-01 -1.219868680148E+00
 -1.305497319461E+00  6.712004336306E-01 -6.675198914815E-01 -1.298338596841E+00 -6.675198892209E-01 -1.298338592171E+00
 -1.334014060339E+00  6.858618569498E-01 -6.858618569498E-01 -1.334014060339E+00 -6.858618569498E-01 -1.334014060339E+00
 -9.521786388467E-01  3.055418788382E-01 -2.581210498565E-01 -8.043982428770E-01 -2.581210508586E-01 -8.043982441909E-01
 -9.827102115494E-01  3.153390678391E-01 -2.717866267381E-01 -8.469851056642E-01 -2.717866276090E-01 -8.469851076308E-01
 -1.049372230218E+00  3.367300522617E-01 -3.010874756466E-01 -9.382971176135E-01 -3.010874779508E-01 -9.382971199207E-01
 -1.140400737455E+00  3.659399294784E-01 -3.401064131461E-01 -1.059894186243E+00 -3.401064143622E-01 -1.059894191663E+00
 -1.240045859662E+00  3.979147676170E-01 -3.817782225236E-01 -1.189758572835E+00 -3.817782262663E-01 -1.189758579773E+00
 -1.331074366899E+00  4.271246448337E-01 -4.190971197164E-01 -1.306057701219E+00 -4.190971214804E-01 -1.306057710299E+00
 -1.397736385567E+00  4.485156292563E-01 -4.460561808408E-01 -1.390071858254E+00 -4.460561825557E-01 -1.390071863046E+00
 -1.428267958270E+00  4.583128182573E-01 -4.583128182573E-01 -1.428267958270E+00 -4.583128182573E-01 -1.428267958270E+00
 -9.871732235560E-01  1.596528317756E-01 -1.348743329032E-01 -8.339615868602E-01 -1.348743316862E-01 -8.339615859294E-01
 -1.018826896318E+00  1.647720938990E-01 -1.420149193168E-01 -8.781136079448E-01 -1.420149175671E-01 -8.781136069346E-01
 -1.087938885574E+00  1.759493873375E-01 -1.573253033851E-01 -9.727815316839E-01 -1.573253023442E-01 -9.727815293645E-01
 -1.182312883539E+00  1.912122365128E-01 -1.777136192927E-01 -1.098847554230E+00 -1.777136160988E-01 -1.098847551421E+00
 -1.285620175351E+00  2.079198429261E-01 -1.994881205111E-01 -1.233484736766E+00 -1.994881198134E-01 -1.233484731258E+00
 -1.379994173316E+00  2.231826921014E-01 -2.189881236812E-01 -1.354058107432E+00 -2.189881219811E-01 -1.354058101521E+00
 -1.449106162572E+00  2.343599855400E-01 -2.330748664096E-01 -1.441159956523E+00 -2.330748666821E-01 -1.441159952590E+00
 -1.480759835334E+00  2.394792476634E-01 -2.394792476634E-01 -1.480759835334E+00 -2.394792476634E-01 -1.480759835334E+00
 -9.987318243030E-01  5.034623247436E-02 -4.253237635002E-02 -8.437262632347E-01 -4.253237717352E-02 -8.437262642858E-01
 -1.030756123169E+00  5.196058254943E-02 -4.478414744001E-02 -8.883952505271E-01 -4.478414804889E-02 -8.883952518890E-01
 -1.100677329968E+00  5.548532187056E-02 -4.961224816538E-02 -9.841716196125E-01 -4.961225026721E-02 -9.841716208334E-01
 -1.196156332949E+00  6.029843382265E-02 -5.604166770494E-02 -1.111713720900E+00 -5.604166822764E-02 -1.111713723057E+00
 -1.300673227809E+00  6.556714736326E-02 -6.290821602214E-02 -1.247927339388E+00 -6.290821869114E-02 -1.247927340920E+00
 -1.396152230790E+00  7.038025931534E-02 -6.905750931866E-02 -1.369912477056E+00 -6.905750919521E-02 -1.369912479061E+00
 -1.466073437589E+00  7.390499863647E-02 -7.349973825809E-02 -1.458034185751E+00 -7.349973872311E-02 -1.458034187128E+00
 -1.498097736455E+00  7.551934871154E-02 -7.551934871154E-02 -1.498097736455E+00 -7.551934871154E-02 -1.498097736455E+00
 -1.000000000000E+00  1.665334536938E-16  2.299438635652E-10 -8.447976159469E-01 -1.406870646800E-16 -8.447976160914E-01
 -1.032064962873E+00  1.807731577197E-16 -1.357128138586E-10 -8.895233234618E-01 -1.558060256712E-16 -8.895233237501E-01
 -1.102074954642E+00  2.118638396461E-16  1.009812063787E-09 -9.854213083152E-01 -1.894382420564E-16 -9.854213081877E-01
 -1.197675195524E+00  2.543188750812E-16 -1.378246126213E-09 -1.113125361234E+00 -2.363652439671E-16 -1.113125361589E+00
 -1.302324804476E+00  3.007926372314E-16 -4.042971716563E-10 -1.249511941823E+00 -2.885946661490E-16 -1.249511941597E+00
 -1.397925045358E+00  3.432476726665E-16 -3.510153852509E-09 -1.371651974650E+00 -3.367965611663E-16 -1.371651974761E+00
 -1.467935037127E+00  3.743383545928E-16 -8.413173532012E-10 -1.459885578614E+00 -3.722856608380E-16 -1.459885578539E+00
 -1.500000000000E+00  3.885780586188E-16 -3.885780586188E-16 -1.500000000000E+00 -3.885780586188E-16 -1.500000000000E+00
 -1.000000000000E+00  1.665334536938E-16  2.299438635652E-10 -8.447976159469E-01 -1.406870646800E-16 -8.447976160914E-01
 -1.032064962873E+00  1.807731577197E-16 -1.357128138586E-10 -8.895233234618E-01 -1.558060256712E-16 -8.895233237501E-01
 -1.102074954642E+00  2.118638396461E-16  1.009812063787E-09 -9.854213083152E-01 -1.894382420564E-16 -9.854213081877E-01
 -1.197675195524E+00  2.543188750812E-16 -1.378246126213E-09 -1.113125361234E+00 -2.363652439671E-16 -1.113125361589E+00
 -1.302324804476E+00  3.007926372314E-16 -4.042971716563E-10 -1.249511941823E+00 -2.885946661490E-16 -1.249511941597E+00
 -1.397925045358E+00  3.432476726665E-16 -3.510153852509E-09 -1.371651974650E+00 -3.367965611663E-16 -1.371651974761E+00
 -1.467935037127E+00  3.743383545928E-16 -8.413173532012E-10 -1.459885578614E+00 -3.722856608380E-16 -1.459885578539E+00
 -1.500000000000E+00  3.885780586188E-16 -3.885780586188E-16 -1.500000000000E+00 -3.885780586188E-16 -1.500000000000E+00
 -9.987318243030E-01 -5.034623247436E-02  4.253237802625E-02 -8.437262649387E-01  4.253237717352E-02 -8.437262642858E-01
 -1.030756123169E+00 -5.196058254943E-02  4.478414869598E-02 -8.883952525849E-01  4.478414804889E-02 -8.883952518890E-01
 -1.100677329968E+00 -5.548532187056E-02  4.961225250015E-02 -9.841716222308E-01  4.961225026721E-02 -9.841716208334E-01
 -1.196156332949E+00 -6.029843382264E-02  5.604166886858E-02 -1.111713724428E+00  5.604166822764E-02 -1.111713723057E+00
 -1.300673227809E+00 -6.556714736325E-02  6.290822148242E-02 -1.247927342826E+00  6.290821869114E-02 -1.247927340920E+00
 -1.396152230790E+00 -7.038025931534E-02  6.905750907723E-02 -1.369912480812E+00  6.905750919521E-02 -1.369912479061E+00
 -1.466073437589E+00 -7.390499863647E-02  7.349973919306E-02 -1.458034188607E+00  7.349973872311E-02 -1.458034187128E+00
 -1.498097736455E+00 -7.551934871154E-02  7.551934871154E-02 -1.498097736455E+00  7.551934871154E-02 -1.498097736455E+00
 -9.871732235560E-01 -1.596528317756E-01  1.348743306705E-01 -8.339615849694E-01  1.348743316862E-01 -8.339615859294E-01
 -1.018826896318E+00 -1.647720938990E-01  1.420149159870E-01 -8.781136056228E-01  1.420149175671E-01 -8.781136069346E-01
 -1.087938885574E+00 -1.759493873375E-01  1.573253016299E-01 -9.727815275374E-01  1.573253023442E-01 -9.727815293645E-01
 -1.182312883539E+00 -1.912122365128E-01  1.777136130754E-01 -1.098847548011E+00  1.777136160988E-01 -1.098847551421E+00
 -1.285620175351E+00 -2.079198429261E-01  1.994881193888E-01 -1.233484726041E+00  1.994881198134E-01 -1.233484731258E+00
 -1.379994173316E+00 -2.231826921014E-01  2.189881203272E-01 -1.354058095195E+00  2.189881219811E-01 -1.354058101521E+00
 -1.449106162572E+00 -2.343599855400E-01  2.330748669974E-01 -1.441159948747E+00  2.330748666821E-01 -1.441159952590E+00
 -1.480759835334E+00 -2.394792476634E-01  2.394792476634E-01 -1.480759835334E+00  2.394792476634E-01 -1.480759835334E+00
 -9.521786388467E-01 -3.055418788382E-01  2.581210513812E-01 -8.043982452822E-01  2.581210508586E-01 -8.043982441909E-01
 -9.827102115494E-01 -3.153390678391E-01  2.717866278953E-01 -8.469851091337E-01  2.717866276090E-01 -8.469851076308E-01
 -1.049372230218E+00 -3.367300522617E-01  3.010874798834E-01 -9.382971225980E-01  3.010874779508E-01 -9.382971199207E-01
 -1.140400737455E+00 -3.659399294784E-01  3.401064148938E-01 -1.059894196537E+00  3.401064143622E-01 -1.059894191663E+00
 -1.240045859662E+00 -3.979147676170E-01  3.817782297657E-01 -1.189758587188E+00  3.817782262663E-01 -1.189758579773E+00
 -1.331074366899E+00 -4.271246448337E-01  4.190971229882E-01 -1.306057719155E+00  4.190971214804E-01 -1.306057710299E+00
 -1.397736385567E+00 -4.485156292563E-01  4.460561842593E-01 -1.390071867946E+00  4.460561825557E-01 -1.390071863046E+00
 -1.428267958270E+00 -4.583128182573E-01  4.583128182573E-01 -1.428267958270E+00  4.583128182573E-01 -1.428267958270E+00
 -8.893427068925E-01 -4.572412379666E-01  3.862763075923E-01 -7.513145970334E-01  3.862763078128E-01 -7.513145986710E-01
 -9.178594477700E-01 -4.719026612858E-01  4.067267449768E-01 -7.910910785815E-01  4.067267457516E-01 -7.910910805879E-01
 -9.801223233594E-01 -5.039141165923E-01  4.505752588722E-01 -8.763772503923E-01  4.505752588744E-01 -8.763772536532E-01
 -1.065143700366E+00 -5.476264890834E-01  5.089668153723E-01 -9.899499174936E-01  5.089668183447E-01 -9.899499221858E-01
 -1.158213066866E+00 -5.954766058330E-01  5.713283847708E-01 -1.111244324882E+00  5.713283870299E-01 -1.111244332434E+00
 -1.243234443872E+00 -6.391889783241E-01  6.271758418255E-01 -1.219868672480E+00  6.271758469988E-01 -1.219868680148E+00
 -1.305497319461E+00 -6.712004336306E-01  6.675198870455E-01 -1.298338587571E+00  6.675198892209E-01 -1.298338592171E+00
 -1.334014060339E+00 -6.858618569498E-01  6.858618569498E-01 -1.334014060339E+00  6.858618569498E-01 -1.334014060339E+00
 -8.109284805664E-01 -5.851452805981E-01  4.943293379141E-01 -6.850704487218E-01  4.943293381164E-01 -6.850704472031E-01
 -8.369308721881E-01 -6.039079422956E-01  5.205003743514E-01 -7.213397993085E-01  5.205003748743E-01 -7.213397973570E-01
 -8.937039684379E-01 -6.448739585740E-01  5.766146287909E-01 -7.991062065425E-01  5.766146278869E-01 -7.991062041664E-01
 -9.712289265187E-01 -7.008139883505E-01  6.513400517750E-01 -9.026650623972E-01  6.513400520476E-01 -9.026650581529E-01
 -1.056092274897E+00 -7.620492131448E-01  7.311460190777E-01 -1.013264824637E+00  7.311460156766E-01 -1.013264820249E+00
 -1.133617232978E+00 -8.179892429213E-01  8.026156826316E-01 -1.112311657140E+00  8.026156796542E-01 -1.112311651759E+00
 -1.190390329228E+00 -8.589552591997E-01  8.542451594699E-01 -1.183862796595E+00  8.542451564956E-01 -1.183862794006E+00
 -1.216392720850E+00 -8.777179208972E-01  8.777179208972E-01 -1.216392720850E+00  8.777179208972E-01 -1.216392720850E+00
 -7.418102079413E-01 -6.706098831617E-01  5.665296304613E-01 -6.266794939355E-01  5.665296306223E-01 -6.266794952611E-01
 -7.655963247174E-01 -6.921129641672E-01  5.965231316772E-01 -6.598574803661E-01  5.965231322096E-01 -6.598574817597E-01
 -8.175304512697E-01 -7.390623565677E-01  6.608332689717E-01 -7.309955831870E-01  6.608332683488E-01 -7.309955855365E-01
 -8.884476858381E-01 -8.031728229362E-01  7.464728675234E-01 -8.257277540497E-01  7.464728686792E-01 -8.257277559447E-01
 -9.660778340152E-01 -8.733518849679E-01  8.379350579681E-01 -9.269007102513E-01  8.379350571636E-01 -9.269007132213E-01
 -1.036995068584E+00 -9.374623513365E-01  9.198433690273E-01 -1.017505435289E+00  9.198433705327E-01 -1.017505436620E+00
 -1.088929195136E+00 -9.844117437369E-01  9.790136966084E-01 -1.082958023284E+00  9.790136972537E-01 -1.082958024587E+00
 -1.112715311912E+00 -1.005914824742E+00  1.005914824742E+00 -1.112715311912E+00  1.005914824742E+00 -1.112715311912E+00
 -7.071067811865E-01 -7.071067811865E-01  5.973621231289E-01 -5.973621228037E-01  5.973621230684E-01 -5.973621230684E-01
 -7.297801338723E-01 -7.297801338723E-01  6.289879739474E-01 -6.289879741394E-01  6.289879742473E-01 -6.289879742473E-01
 -7.792846738030E-01 -7.792846738030E-01  6.967980901494E-01 -6.967980887213E-01  6.967980893452E-01 -6.967980893452E-01
 -8.468842524142E-01 -8.468842524142E-01  7.870984902645E-01 -7.870984922137E-01  7.870984914900E-01 -7.870984914900E-01
 -9.208827005522E-01 -9.208827005522E-01  8.835383669505E-01 -8.835383675222E-01  8.835383670769E-01 -8.835383670769E-01
 -9.884822791634E-01 -9.884822791634E-01  9.699044102207E-01 -9.699044151848E-01  9.699044127811E-01 -9.699044127811E-01
 -1.037986819094E+00 -1.037986819094E+00  1.032294991800E+00 -1.032294992989E+00  1.032294992342E+00 -1.032294992342E+00
 -1.060660171780E+00 -1.060660171780E+00  1.060660171780E+00 -1.060660171780E+00  1.060660171780E+00 -1.060660171780E+00
 -7.071067811865E-01 -7.071067811865E-01  5.973621231289E-01 -5.973621228037E-01  5.973621230684E-01 -5.973621230684E-01
 -7.297801338723E-01 -7.297801338723E-01  6.289879739474E-01 -6.289879741394E-01  6.289879742473E-01 -6.289879742473E-01
 -7.792846738030E-01 -7.792846738030E-01  6.967980901494E-01 -6.967980887213E-01  6.967980893452E-01 -6.967980893452E-01
 -8.468842524142E-01 -8.468842524142E-01  7.870984902645E-01 -7.870984922137E-01  7.870984914900E-01 -7.870984914900E-01
 -9.208827005522E-01 -9.208827005522E-01  8.835383669505E-01 -8.835383675222E-01  8.835383670769E-01 -8.835383670769E-01
 -9.884822791634E-01 -9.884822791634E-01  9.699044102207E-01 -9.699044151848E-01  9.699044127811E-01 -9.699044127811E-01
 -1.037986819094E+00 -1.037986819094E+00  1.032294991800E+00 -1.032294992989E+00  1.032294992342E+00 -1.032294992342E+00
 -1.060660171780E+00 -1.060660171780E+00  1.060660171780E+00 -1.060660171780E+00  1.060660171780E+00 -1.060660171780E+00
 -6.706098831617E-01 -7.418102079413E-01  6.266794963257E-01 -5.665296304810E-01  6.266794952611E-01 -5.665296306223E-01
 -6.921129641672E-01 -7.655963247174E-01  6.598574827093E-01 -5.965231322441E-01  6.598574817597E-01 -5.965231322096E-01
 -7.390623565677E-01 -8.175304512697E-01  7.309955881036E-01 -6.608332677580E-01  7.309955855365E-01 -6.608332683488E-01
 -8.031728229362E-01 -8.884476858381E-01  8.257277573670E-01 -7.464728691950E-01  8.257277559447E-01 -7.464728686792E-01
 -8.733518849679E-01 -9.660778340152E-01  9.269007165430E-01 -8.379350565378E-01  9.269007132213E-01 -8.379350571636E-01
 -9.374623513365E-01 -1.036995068584E+00  1.017505437774E+00 -9.198433718538E-01  1.017505436620E+00 -9.198433705327E-01
 -9.844117437369E-01 -1.088929195136E+00  1.082958025965E+00 -9.790136979669E-01  1.082958024587E+00 -9.790136972537E-01
 -1.005914824742E+00 -1.112715311912E+00  1.112715311912E+00 -1.005914824742E+00  1.112715311912E+00 -1.005914824742E+00
 -5.851452805981E-01 -8.109284805664E-01  6.850704458060E-01 -4.943293381558E-01  6.850704472031E-01 -4.943293381164E-01
 -6.039079422956E-01 -8.369308721881E-01  7.213397953121E-01 -5.205003750640E-01  7.213397973570E-01 -5.205003748743E-01
 -6.448739585740E-01 -8.937039684379E-01  7.991062023695E-01 -5.766146271000E-01  7.991062041664E-01 -5.766146278869E-01
 -7.008139883505E-01 -9.712289265187E-01  9.026650536038E-01 -6.513400517742E-01  9.026650581529E-01 -6.513400520476E-01
 -7.620492131448E-01 -1.056092274897E+00  1.013264816260E+00 -7.311460122878E-01  1.013264820249E+00 -7.311460156766E-01
 -8.179892429213E-01 -1.133617232978E+00  1.112311646116E+00 -8.026156763503E-01  1.112311651759E+00 -8.026156796542E-01
 -8.589552591997E-01 -1.190390329228E+00  1.183862791512E+00 -8.542451535557E-01  1.183862794006E+00 -8.542451564956E-01
 -8.777179208972E-01 -1.216392720850E+00  1.216392720850E+00 -8.777179208972E-01  1.216392720850E+00 -8.777179208972E-01
 -4.572412379666E-01 -8.893427068925E-01  7.513145998123E-01 -3.862763082149E-01  7.513145986710E-01 -3.862763078128E-01
 -4.719026612858E-01 -9.178594477700E-01  7.910910818531E-01 -4.067267466119E-01  7.910910805879E-01 -4.067267457516E-01
 -5.039141165923E-01 -9.801223233594E-01  8.763772569128E-01 -4.505752594009E-01  8.763772536532E-01 -4.505752588744E-01
 -5.476264890834E-01 -1.065143700366E+00  9.899499260080E-01 -5.089668214152E-01  9.899499221858E-01 -5.089668183447E-01
 -5.954766058330E-01 -1.158213066866E+00  1.111244340152E+00 -5.713283897989E-01  1.111244332434E+00 -5.713283870299E-01
 -6.391889783241E-01 -1.243234443872E+00  1.219868687477E+00 -6.271758521951E-01  1.219868680148E+00 -6.271758469988E-01
 -6.712004336306E-01 -1.305497319461E+00  1.298338596841E+00 -6.675198914815E-01  1.298338592171E+00 -6.675198892209E-01
 -6.858618569498E-01 -1.334014060339E+00  1.334014060339E+00 -6.858618569498E-01  1.334014060339E+00 -6.858618569498E-01
 -3.055418788382E-01 -9.521786388467E-01  8.043982428770E-01 -2.581210498565E-01  8.043982441909E-01 -2.581210508586E-01
 -3.153390678391E-01 -9.827102115494E-01  8.469851056642E-01 -2.717866267381E-01  8.469851076308E-01 -2.717866276090E-01
 -3.367300522617E-01 -1.049372230218E+00  9.382971176135E-01 -3.010874756466E-01  9.382971199207E-01 -3.010874779508E-01
 -3.659399294784E-01 -1.140400737455E+00  1.059894186243E+00 -3.401064131461E-01  1.059894191663E+00 -3.401064143622E-01
 -3.979147676170E-01 -1.240045859662E+00  1.189758572835E+00 -3.817782225236E-01  1.189758579773E+00 -3.817782262663E-01
 -4.271246448337E-01 -1.331074366899E+00  1.306057701219E+00 -4.190971197164E-01  1.306057710299E+00 -4.190971214804E-01
 -4.485156292563E-01 -1.397736385567E+00  1.390071858254E+00 -4.460561808408E-01  1.390071863046E+00 -4.460561825557E-01
 -4.583128182573E-01 -1.428267958270E+00  1.428267958270E+00 -4.583128182573E-01  1.428267958270E+00 -4.583128182573E-01
 -1.596528317756E-01 -9.871732235560E-01  8.339615868602E-01 -1.348743329032E-01  8.339615859294E-01 -1.348743316862E-01
 -1.647720938990E-01 -1.018826896318E+00  8.781136079448E-01 -1.420149193168E-01  8.781136069346E-01 -1.420149175671E-01
 -1.759493873375E-01 -1.087938885574E+00  9.727815316839E-01 -1.573253033851E-01  9.727815293645E-01 -1.573253023442E-01
 -1.912122365128E-01 -1.182312883539E+00  1.098847554230E+00 -1.777136192927E-01  1.098847551421E+00 -1.777136160988E-01
 -2.079198429261E-01 -1.285620175351E+00  1.233484736766E+00 -1.994881205111E-01  1.233484731258E+00 -1.994881198134E-01
 -2.231826921014E-01 -1.379994173316E+00  1.354058107432E+00 -2.189881236812E-01  1.354058101521E+00 -2.189881219811E-01
 -2.343599855400E-01 -1.449106162572E+00  1.441159956523E+00 -2.330748664096E-01  1.441159952590E+00 -2.330748666821E-01
 -2.394792476634E-01 -1.480759835334E+00  1.480759835334E+00 -2.394792476634E-01  1.480759835334E+00 -2.394792476634E-01
 -5.034623247436E-02 -9.987318243030E-01  8.437262632347E-01 -4.253237635002E-02  8.437262642858E-01 -4.253237717352E-02
 -5.196058254943E-02 -1.030756123169E+00  8.883952505271E-01 -4.478414744001E-02  8.883952518890E-01 -4.478414804889E-02
 -5.548532187056E-02 -1.100677329968E+00  9.841716196125E-01 -4.961224816538E-02  9.841716208334E-01 -4.961225026721E-02
 -6.029843382264E-02 -1.196156332949E+00  1.111713720900E+00 -5.604166770494E-02  1.111713723057E+00 -5.604166822764E-02
 -6.556714736325E-02 -1.300673227809E+00  1.247927339388E+00 -6.290821602214E-02  1.247927340920E+00 -6.290821869114E-02
 -7.038025931534E-02 -1.396152230790E+00  1.369912477056E+00 -6.905750931866E-02  1.369912479061E+00 -6.905750919521E-02
 -7.390499863647E-02 -1.466073437589E+00  1.458034185751E+00 -7.349973825809E-02  1.458034187128E+00 -7.349973872311E-02
 -7.551934871154E-02 -1.498097736455E+00  1.498097736455E+00 -7.551934871154E-02  1.498097736455E+00 -7.551934871154E-02
 -2.163234161989E-16 -1.000000000000E+00  8.447976159469E-01  2.299439173963E-10  8.447976160914E-01 -1.827495063096E-16
 -2.214798555046E-16 -1.032064962873E+00  8.895233234618E-01 -1.357127891240E-10  8.895233237501E-01 -1.908905972970E-16
 -2.327383208513E-16 -1.102074954642E+00  9.854213083152E-01  1.009812015978E-09  9.854213081877E-01 -2.081031781303E-16
 -2.481120121191E-16 -1.197675195524E+00  1.113125361234E+00 -1.378246053520E-09  1.113125361589E+00 -2.305965542550E-16
 -2.649409527626E-16 -1.302324804476E+00  1.249511941823E+00 -4.042971456835E-10  1.249511941597E+00 -2.541968663710E-16
 -2.803146440303E-16 -1.397925045358E+00  1.371651974650E+00 -3.510153842112E-09  1.371651974761E+00 -2.750463169075E-16
 -2.915731093771E-16 -1.467935037127E+00  1.459885578614E+00 -8.413172601705E-10  1.459885578539E+00 -2.899742609200E-16
 -2.967295486828E-16 -1.500000000000E+00  1.500000000000E+00 -2.967295486828E-16  1.500000000000E+00 -2.967295486828E-16
 -2.163234161989E-16 -1.000000000000E+00  8.447976159469E-01  2.299439173963E-10  8.447976160914E-01 -1.827495063096E-16
 -2.214798555046E-16 -1.032064962873E+00  8.895233234618E-01 -1.357127891240E-10  8.895233237501E-01 -1.908905972970E-16
 -2.327383208513E-16 -1.102074954642E+00  9.854213083152E-01  1.009812015978E-09  9.854213081877E-01 -2.081031781303E-16
 -2.481120121191E-16 -1.197675195524E+00  1.113125361234E+00 -1.378246053520E-09  1.113125361589E+00 -2.305965542550E-16
 -2.649409527626E-16 -1.302324804476E+00  1.249511941823E+00 -4.042971456835E-10  1.249511941597E+00 -2.541968663710E-16
 -2.803146440303E-16 -1.397925045358E+00  1.371651974650E+00 -3.510153842112E-09  1.371651974761E+00 -2.750463169075E-16
 -2.915731093771E-16 -1.467935037127E+00  1.459885578614E+00 -8.413172601705E-10  1.459885578539E+00 -2.899742609200E-16
 -2.967295486828E-16 -1.500000000000E+00  1.500000000000E+00 -2.967295486828E-16  1.500000000000E+00 -2.967295486828E-16
  5.034623247436E-02 -9.987318243030E-01  8.437262649387E-01  4.253237802625E-02  8.437262642858E-01  4.253237717352E-02
  5.196058254942E-02 -1.030756123169E+00  8.883952525849E-01  4.478414869598E-02  8.883952518890E-01  4.478414804889E-02
  5.548532187056E-02 -1.100677329968E+00  9.841716222308E-01  4.961225250015E-02  9.841716208334E-01  4.961225026721E-02
  6.029843382264E-02 -1.196156332949E+00  1.111713724428E+00  5.604166886858E-02  1.111713723057E+00  5.604166822764E-02
  6.556714736325E-02 -1.300673227809E+00  1.247927342826E+00  6.290822148242E-02  1.247927340920E+00  6.290821869114E-02
  7.038025931534E-02 -1.396152230790E+00  1.369912480812E+00  6.905750907723E-02  1.369912479061E+00  6.905750919521E-02
  7.390499863647E-02 -1.466073437589E+00  1.458034188607E+00  7.349973919306E-02  1.458034187128E+00  7.349973872311E-02
  7.551934871154E-02 -1.498097736455E+00  1.498097736455E+00  7.551934871154E-02  1.498097736455E+00  7.551934871154E-02
  1.596528317756E-01 -9.871732235560E-01  8.339615849694E-01  1.348743306705E-01  8.339615859294E-01  1.348743316862E-01
  1.647720938990E-01 -1.018826896318E+00  8.781136056228E-01  1.420149159870E-01  8.781136069346E-01  1.420149175671E-01
  1.759493873375E-01 -1.087938885574E+00  9.727815275374E-01  1.573253016299E-01  9.727815293645E-01  1.573253023442E-01
  1.912122365128E-01 -1.182312883539E+00  1.098847548011E+00  1.777136130754E-01  1.098847551421E+00  1.777136160988E-01
  2.079198429261E-01 -1.285620175351E+00  1.233484726041E+00  1.994881193888E-01  1.233484731258E+00  1.994881198134E-01
  2.231826921014E-01 -1.379994173316E+00  1.354058095195E+00  2.189881203272E-01  1.354058101521E+00  2.189881219811E-01
  2.343599855400E-01 -1.449106162572E+00  1.441159948747E+00  2.330748669974E-01  1.441159952590E+00  2.330748666821E-01
  2.394792476634E-01 -1.480759835334E+00  1.480759835334E+00  2.394792476634E-01  1.480759835334E+00  2.394792476634E-01
  3.055418788382E-01 -9.521786388467E-01  8.043982452822E-01  2.581210513812E-01  8.043982441909E-01  2.581210508586E-01
  3.153390678391E-01 -9.827102115494E-01  8.469851091337E-01  2.717866278953E-01  8.469851076308E-01  2.717866276090E-01
  3.367300522617E-01 -1.049372230218E+00  9.382971225980E-01  3.010874798834E-01  9.382971199207E-01  3.010874779508E-01
  3.659399294784E-01 -1.140400737455E+00  1.059894196537E+00  3.401064148938E-01  1.059894191663E+00  3.401064143622E-01
  3.979147676170E-01 -1.240045859662E+00  1.189758587188E+00  3.817782297657E-01  1.189758579773E+00  3.817782262663E-01
  4.271246448337E-01 -1.331074366899E+00  1.306057719155E+00  4.190971229882E-01  1.306057710299E+00  4.190971214804E-01
  4.485156292563E-01 -1.397736385567E+00  1.390071867946E+00  4.460561842593E-01  1.390071863046E+00  4.460561825557E-01
  4.583128182573E-01 -1.428267958270E+00  1.428267958270E+00  4.583128182573E-01  1.428267958270E+00  4.583128182573E-01
  4.572412379666E-01 -8.893427068925E-01  7.513145970334E-01  3.862763075923E-01  7.513145986710E-01  3.862763078128E-01
  4.719026612858E-01 -9.178594477700E-01  7.910910785815E-01  4.067267449768E-01  7.910910805879E-01  4.067267457516E-01
  5.039141165923E-01 -9.801223233594E-01  8.763772503923E-01  4.505752588722E-01  8.763772536532E-01  4.505752588744E-01
  5.476264890834E-01 -1.065143700366E+00  9.899499174936E-01  5.089668153723E-01  9.899499221858E-01  5.089668183447E-01
  5.954766058330E-01 -1.158213066866E+00  1.111244324882E+00  5.713283847708E-01  1.111244332434E+00  5.713283870299E-01
  6.391889783241E-01 -1.243234443872E+00  1.219868672480E+00  6.271758418255E-01  1.219868680148E+00  6.271758469988E-01
  6.712004336306E-01 -1.305497319461E+00  1.298338587571E+00  6.675198870455E-01  1.298338592171E+00  6.675198892209E-01
  6.858618569498E-01 -1.334014060339E+00  1.334014060339E+00  6.858618569498E-01  1.334014060339E+00  6.858618569498E-01
  5.851452805981E-01 -8.109284805664E-01  6.850704487218E-01  4.943293379141E-01  6.850704472031E-01  4.943293381164E-01
  6.039079422956E-01 -8.369308721881E-01  7.213397993085E-01  5.205003743514E-01  7.213397973570E-01  5.205003748743E-01
  6.448739585740E-01 -8.937039684379E-01  7.991062065425E-01  5.766146287909E-01  7.991062041664E-01  5.766146278869E-01
  7.008139883505E-01 -9.712289265187E-01  9.026650623972E-01  6.513400517750E-01  9.026650581529E-01  6.513400520476E-01
  7.620492131448E-01 -1.056092274897E+00  1.013264824637E+00  7.311460190777E-01  1.013264820249E+00  7.311460156766E-01
  8.179892429213E-01 -1.133617232978E+00  1.112311657140E+00  8.026156826316E-01  1.112311651759E+00  8.026156796542E-01
  8.589552591997E-01 -1.190390329228E+00  1.183862796595E+00  8.542451594699E-01  1.183862794006E+00  8.542451564956E-01
  8.777179208972E-01 -1.216392720850E+00  1.216392720850E+00  8.777179208972E-01  1.216392720850E+00  8.777179208972E-01
  6.706098831617E-01 -7.418102079413E-01  6.266794939355E-01  5.665296304613E-01  6.266794952611E-01  5.665296306223E-01
  6.921129641672E-01 -7.655963247174E-01  6.598574803661E-01  5.965231316772E-01  6.598574817597E-01  5.965231322096E-01
  7.390623565677E-01 -8.175304512697E-01  7.309955831870E-01  6.608332689717E-01  7.309955855365E-01  6.608332683488E-01
  8.031728229362E-01 -8.884476858381E-01  8.257277540497E-01  7.464728675234E-01  8.257277559447E-01  7.464728686792E-01
  8.733518849679E-01 -9.660778340152E-01  9.269007102513E-01  8.379350579681E-01  9.269007132213E-01  8.379350571636E-01
  9.374623513365E-01 -1.036995068584E+00  1.017505435289E+00  9.198433690273E-01  1.017505436620E+00  9.198433705327E-01
  9.844117437369E-01 -1.088929195136E+00  1.082958023284E+00  9.790136966084E-01  1.082958024587E+00  9.790136972537E-01
  1.005914824742E+00 -1.112715311912E+00  1.112715311912E+00  1.005914824742E+00  1.112715311912E+00  1.005914824742E+00
  7.071067811865E-01 -7.071067811865E-01  5.973621228037E-01  5.973621231289E-01  5.973621230684E-01  5.973621230684E-01
  7.297801338723E-01 -7.297801338723E-01  6.289879741394E-01  6.289879739474E-01  6.289879742473E-01  6.289879742473E-01
  7.792846738030E-01 -7.792846738030E-01  6.967980887213E-01  6.967980901494E-01  6.967980893452E-01  6.967980893452E-01
  8.468842524142E-01 -8.468842524142E-01  7.870984922137E-01  7.870984902645E-01  7.870984914900E-01  7.870984914900E-01
  9.208827005522E-01 -9.208827005522E-01  8.835383675222E-01  8.835383669505E-01  8.835383670769E-01  8.835383670769E-01
  9.884822791634E-01 -9.884822791634E-01  9.699044151848E-01  9.699044102207E-01  9.699044127811E-01  9.699044127811E-01
  1.037986819094E+00 -1.037986819094E+00  1.032294992989E+00  1.032294991800E+00  1.032294992342E+00  1.032294992342E+00
  1.060660171780E+00 -1.060660171780E+00  1.060660171780E+00  1.060660171780E+00  1.060660171780E+00  1.060660171780E+00
  7.071067811865E-01 -7.071067811865E-01  5.973621228037E-01  5.973621231289E-01  5.973621230684E-01  5.973621230684E-01
  7.297801338723E-01 -7.297801338723E-01  6.289879741394E-01  6.289879739474E-01  6.289879742473E-01  6.289879742473E-01
  7.792846738030E-01 -7.792846738030E-01  6.967980887213E-01  6.967980901494E-01  6.967980893452E-01  6.967980893452E-01
  8.468842524142E-01 -8.468842524142E-01  7.870984922137E-01  7.870984902645E-01  7.870984914900E-01  7.870984914900E-01
  9.208827005522E-01 -9.208827005522E-01  8.835383675222E-01  8.835383669505E-01  8.835383670769E-01  8.835383670769E-01
  9.884822791634E-01 -9.884822791634E-01  9.699044151848E-01  9.699044102207E-01  9.699044127811E-01  9.699044127811E-01
  1.037986819094E+00 -1.037986819094E+00  1.032294992989E+00  1.032294991800E+00  1.032294992342E+00  1.032294992342E+00
  1.060660171780E+00 -1.060660171780E+00  1.060660171780E+00  1.060660171780E+00  1.060660171780E+00  1.060660171780E+00
  7.418102079413E-01 -6.706098831617E-01  5.665296304810E-01  6.266794963257E-01  5.665296306223E-01  6.266794952611E-01
  7.655963247174E-01 -6.921129641672E-01  5.965231322441E-01  6.598574827093E-01  5.965231322096E-01  6.598574817597E-01
  8.175304512697E-01 -7.390623565677E-01  6.608332677580E-01  7.309955881036E-01  6.608332683488E-01  7.309955855365E-01
  8.884476858381E-01 -8.031728229362E-01  7.464728691950E-01  8.257277573670E-01  7.464728686792E-01  8.257277559447E-01
  9.660778340152E-01 -8.733518849679E-01  8.379350565378E-01  9.269007165430E-01  8.379350571636E-01  9.269007132213E-01
  1.036995068584E+00 -9.374623513365E-01  9.198433718538E-01  1.017505437774E+00  9.198433705327E-01  1.017505436620E+00
  1.088929195136E+00 -9.844117437369E-01  9.790136979669E-01  1.082958025965E+00  9.790136972537E-01  1.082958024587E+00
  1.112715311912E+00 -1.005914824742E+00  1.005914824742E+00  1.112715311912E+00  1.005914824742E+00  1.112715311912E+00
  8.109284805664E-01 -5.851452805981E-01  4.943293381558E-01  6.850704458060E-01  4.943293381164E-01  6.850704472031E-01
  8.369308721881E-01 -6.039079422956E-01  5.205003750640E-01  7.213397953121E-01  5.205003748743E-01  7.213397973570E-01
  8.937039684379E-01 -6.448739585740E-01  5.766146271000E-01  7.991062023695E-01  5.766146278869E-01  7.991062041664E-01
  9.712289265187E-01 -7.008139883505E-01  6.513400517742E-01  9.026650536038E-01  6.513400520476E-01  9.026650581529E-01
  1.056092274897E+00 -7.620492131448E-01  7.311460122878E-01  1.013264816260E+00  7.311460156766E-01  1.013264820249E+00
  1.133617232978E+00 -8.179892429213E-01  8.026156763503E-01  1.112311646116E+00  8.026156796542E-01  1.112311651759E+00
  1.190390329228E+00 -8.589552591997E-01  8.542451535557E-01  1.183862791512E+00  8.542451564956E-01  1.183862794006E+00
  1.216392720850E+00 -8.777179208972E-01  8.777179208972E-01  1.216392720850E+00  8.777179208972E-01  1.216392720850E+00
  8.893427068925E-01 -4.572412379666E-01  3.862763082149E-01  7.513145998123E-01  3.862763078128E-01  7.513145986710E-01
  9.178594477700E-01 -4.719026612858E-01  4.067267466119E-01  7.910910818531E-01  4.067267457516E-01  7.910910805879E-01
  9.801223233594E-01 -5.039141165923E-01  4.505752594009E-01  8.763772569128E-01  4.505752588744E-01  8.763772536532E-01
  1.065143700366E+00 -5.476264890834E-01  5.089668214152E-01  9.899499260080E-01  5.089668183447E-01  9.899499221858E-01
  1.158213066866E+00 -5.954766058330E-01  5.713283897989E-01  1.111244340152E+00  5.713283870299E-01  1.111244332434E+00
  1.243234443872E+00 -6.391889783241E-01  6.271758521951E-01  1.219868687477E+00  6.271758469988E-01  1.219868680148E+00
  1.305497319461E+00 -6.712004336306E-01  6.675198914815E-01  1.298338596841E+00  6.675198892209E-01  1.298338592171E+00
  1.334014060339E+00 -6.858618569498E-01  6.858618569498E-01  1.334014060339E+00  6.858618569498E-01  1.334014060339E+00
  9.521786388467E-01 -3.055418788382E-01  2.581210498565E-01  8.043982428770E-01  2.581210508586E-01  8.043982441909E-01
  9.827102115494E-01 -3.153390678391E-01  2.717866267381E-01  8.469851056642E-01  2.717866276090E-01  8.469851076308E-01
  1.049372230218E+00 -3.367300522617E-01  3.010874756466E-01  9.382971176135E-01  3.010874779508E-01  9.382971199207E-01
  1.140400737455E+00 -3.659399294784E-01  3.401064131461E-01  1.059894186243E+00  3.401064143622E-01  1.059894191663E+00
  1.240045859662E+00 -3.979147676170E-01  3.817782225236E-01  1.189758572835E+00  3.817782262663E-01  1.189758579773E+00
  1.331074366899E+00 -4.271246448337E-01  4.190971197164E-01  1.306057701219E+00  4.190971214804E-01  1.306057710299E+00
  1.397736385567E+00 -4.485156292563E-01  4.460561808408E-01  1.390071858254E+00  4.460561825557E-01  1.390071863046E+00
  1.428267958270E+00 -4.583128182573E-01  4.583128182573E-01  1.428267958270E+00  4.583128182573E-01  1.428267958270E+00
  9.871732235560E-01 -1.596528317756E-01  1.348743329032E-01  8.339615868602E-01  1.348743316862E-01  8.339615859294E-01
  1.018826896318E+00 -1.647720938990E-01  1.420149193168E-01  8.781136079448E-01  1.420149175671E-01  8.781136069346E-01
  1.087938885574E+00 -1.759493873375E-01  1.573253033851E-01  9.727815316839E-01  1.573253023442E-01  9.727815293645E-01
  1.182312883539E+00 -1.912122365128E-01  1.777136192927E-01  1.098847554230E+00  1.777136160988E-01  1.098847551421E+00
  1.285620175351E+00 -2.079198429261E-01  1.994881205111E-01  1.233484736766E+00  1.994881198134E-01  1.233484731258E+00
  1.379994173316E+00 -2.231826921014E-01  2.189881236812E-01  1.354058107432E+00  2.189881219811E-01  1.354058101521E+00
  1.449106162572E+00 -2.343599855400E-01  2.330748664096E-01  1.441159956523E+00  2.330748666821E-01  1.441159952590E+00
  1.480759835334E+00 -2.394792476634E-01  2.394792476634E-01  1.480759835334E+00  2.394792476634E-01  1.480759835334E+00
  9.987318243030E-01 -5.034623247436E-02  4.253237635002E-02  8.437262632347E-01  4.253237717352E-02  8.437262642858E-01
  1.030756123169E+00 -5.196058254943E-02  4.478414744001E-02  8.883952505271E-01  4.478414804889E-02  8.883952518890E-01
  1.100677329968E+00 -5.548532187056E-02  4.961224816538E-02  9.841716196125E-01  4.961225026721E-02  9.841716208334E-01
  1.196156332949E+00 -6.029843382264E-02  5.604166770494E-02  1.111713720900E+00  5.604166822764E-02  1.111713723057E+00
  1.300673227809E+00 -6.556714736325E-02  6.290821602214E-02  1.247927339388E+00  6.290821869114E-02  1.247927340920E+00
  1.396152230790E+00 -7.038025931534E-02  6.905750931866E-02  1.369912477056E+00  6.905750919521E-02  1.369912479061E+00
  1.466073437589E+00 -7.390499863647E-02  7.349973825809E-02  1.458034185751E+00  7.349973872311E-02  1.458034187128E+00
  1.498097736455E+00 -7.551934871154E-02  7.551934871154E-02  1.498097736455E+00  7.551934871154E-02  1.498097736455E+00
  1.000000000000E+00  2.775557561563E-17 -2.299441505995E-10  8.447976159469E-01 -2.344784411333E-17  8.447976160914E-01
  1.032064962873E+00  2.953553861887E-17  1.357125482294E-10  8.895233234618E-01 -2.545629531680E-17  8.895233237501E-01
  1.102074954642E+00  3.342187385967E-17 -1.009812284646E-09  9.854213083152E-01 -2.988419845870E-17  9.854213081877E-01
  1.197675195524E+00  3.872875328905E-17  1.378245753371E-09  1.113125361234E+00 -3.599469845401E-17  1.113125361589E+00
  1.302324804476E+00  4.453797355784E-17  4.042966733576E-10  1.249511941823E+00 -4.273183588595E-17  1.249511941597E+00
  1.397925045358E+00  4.984485298722E-17  3.510153340845E-09  1.371651974650E+00 -4.890805215815E-17  1.371651974761E+00
  1.467935037127E+00  5.373118822801E-17  8.413168969524E-10  1.459885578614E+00 -5.343655190993E-17  1.459885578539E+00
  1.500000000000E+00  5.551115123126E-17 -5.551115123126E-17  1.500000000000E+00 -5.551115123126E-17  1.500000000000E+00
