# x y ux uy ux_exact uy_exact
  5.000000000000E-01  1.387778780781E-17 -2.063976960910E-15  4.787234045177E-01 -1.328724364578E-17  4.787234042553E-01
  5.320649628726E-01  1.476776930944E-17  3.577709672026E-09  5.124014408318E-01 -1.422199696324E-17  5.124014417929E-01
  6.020749546417E-01  1.671093692983E-17 -1.222942686822E-09  5.853994183853E-01 -1.624809775496E-17  5.853994159578E-01
  6.976751955244E-01  1.936437664453E-17  7.501311375267E-10  6.842319952637E-01 -1.899125294752E-17  6.842319975820E-01
  8.023248044756E-01  2.226898677892E-17 -1.087639736487E-09  7.916757330656E-01 -2.197341562609E-17  7.916757314056E-01
  8.979250453583E-01  2.492242649361E-17  7.285299260906E-10  8.893726399379E-01 -2.468504958520E-17  8.893726409081E-01
  9.679350371274E-01  2.686559411401E-17 -7.352326021976E-10  9.607190739874E-01 -2.666531089481E-17  9.607190736767E-01
  1.000000000000E+00  2.775557561563E-17 -1.958681062990E-10  9.933510638449E-01 -2.757103056499E-17  9.933510638298E-01
  4.993659121515E-01  2.517311623718E-02 -2.410192133125E-02  4.781162895788E-01 -2.410191980156E-02  4.781162988685E-01
  5.313902110175E-01  2.678746631225E-02 -2.579748324770E-02  5.117516248018E-01 -2.579748210870E-02  5.117516267373E-01
  6.013114178165E-01  3.031220563338E-02 -2.947265600193E-02  5.846570284554E-01 -2.947265508616E-02  5.846570266454E-01
  6.967904207970E-01  3.512531758546E-02 -3.444850236407E-02  6.833642687694E-01 -3.444850321666E-02  6.833642711916E-01
  8.013073156575E-01  4.039403112607E-02 -3.985789166645E-02  7.906717494105E-01 -3.985789041766E-02  7.906717474832E-01
  8.967863186381E-01  4.520714307816E-02 -4.477656161233E-02  8.882447598427E-01 -4.477656173550E-02  8.882447601394E-01
  9.667075254371E-01  4.873188239929E-02 -4.836858718958E-02  9.595007144267E-01 -4.836858582588E-02  9.595007130959E-01
  9.987318243030E-01  5.034623247436E-02 -5.001148477896E-02  9.920913213055E-01 -5.001148358823E-02  9.920913201521E-01
  4.935866117780E-01  7.982641588779E-02 -7.642954790643E-02  4.725829410727E-01 -7.642954712660E-02  4.725829261704E-01
  5.252402845402E-01  8.494567801117E-02 -8.180634058027E-02  5.058289852813E-01 -8.180634118812E-02  5.058289830495E-01
  5.943522737960E-01  9.612297144970E-02 -9.346067528143E-02  5.778906316726E-01 -9.346067447742E-02  5.778906285188E-01
  6.887262717609E-01  1.113858206250E-01 -1.092395744499E-01  6.754555048655E-01 -1.092395760054E-01  6.754555067132E-01
  7.920335635732E-01  1.280934270383E-01 -1.263932731716E-01  7.815210850761E-01 -1.263932723669E-01  7.815210837828E-01
  8.864075615381E-01  1.433562762137E-01 -1.419908588681E-01  8.779648553465E-01 -1.419908606247E-01  8.779648568678E-01
  9.555195507939E-01  1.545335696522E-01 -1.533815197274E-01  9.483961439381E-01 -1.533815206533E-01  9.483961448932E-01
  9.871732235560E-01  1.596528317756E-01 -1.585913088137E-01  9.806095702749E-01 -1.585913102877E-01  9.806095718037E-01
  4.760893194234E-01  1.527709394191E-01 -1.462700442012E-01  4.558301815430E-01 -1.462700483800E-01  4.558301994479E-01
  5.066208921261E-01  1.625681284201E-01 -1.565600971608E-01  4.878976994542E-01 -1.565600992448E-01  4.878977073895E-01
  5.732829107945E-01  1.839591128426E-01 -1.788640388419E-01  5.574048203559E-01 -1.788640374225E-01  5.574048190683E-01
  6.643114180315E-01  2.131689900593E-01 -2.090615285578E-01  6.515110895322E-01 -2.090615301024E-01  6.515110921130E-01
  7.639565402386E-01  2.451438281979E-01 -2.418900920115E-01  7.538167217427E-01 -2.418900904043E-01  7.538167203378E-01
  8.549850474757E-01  2.743537054146E-01 -2.717405872547E-01  8.468416307986E-01 -2.717405876903E-01  8.468416306474E-01
  9.216470661440E-01  2.957446898372E-01 -2.935399121465E-01  9.147761818236E-01 -2.935399108069E-01  9.147761798876E-01
  9.521786388467E-01  3.055418788382E-01 -3.035103514158E-01  9.458476659303E-01 -3.035103503884E-01  9.458476638544E-01
  4.446713534462E-01  2.286206189833E-01 -2.188920888198E-01  4.257491847101E-01 -2.188920820053E-01  4.257491681932E-01
  4.731880943238E-01  2.432820423025E-01 -2.342910700451E-01  4.557004896145E-01 -2.342910695812E-01  4.557004852597E-01
  5.354509699132E-01  2.752934976090E-01 -2.676687553544E-01  5.206207040332E-01 -2.676687536574E-01  5.206207012011E-01
  6.204723469194E-01  3.190058701001E-01 -3.128590840756E-01  6.085167355481E-01 -3.128590856307E-01  6.085167368720E-01
  7.135417134193E-01  3.668559868497E-01 -3.619867931853E-01  7.040710387112E-01 -3.619867914960E-01  7.040710379493E-01
  7.985630904255E-01  4.105683593408E-01 -4.066578461773E-01  7.909570702943E-01 -4.066578473424E-01  7.909570719013E-01
  8.608259660149E-01  4.425798146473E-01 -4.392803787195E-01  8.544084997419E-01 -4.392803785860E-01  8.544085015469E-01
  8.893427068925E-01  4.572412379666E-01 -4.542010696539E-01  8.834295216447E-01 -4.542010701609E-01  8.834295240009E-01
  4.054642402832E-01  2.925726402991E-01 -2.801227340876E-01  3.882104308937E-01 -2.801227407119E-01  3.882104428243E-01
  4.314666319049E-01  3.113353019965E-01 -2.998292834139E-01  4.155209186581E-01 -2.998292854368E-01  4.155209226332E-01
  4.882397281547E-01  3.523013182749E-01 -3.425437075280E-01  4.747170605545E-01 -3.425437055126E-01  4.747170589071E-01
  5.657646862355E-01  4.082413480515E-01 -4.003751217724E-01  5.548632128664E-01 -4.003751242193E-01  5.548632141541E-01
  6.506280346142E-01  4.694765728457E-01 -4.632453196382E-01  6.419923992493E-01 -4.632453179961E-01  6.419923979701E-01
  7.281529926949E-01  5.254166026223E-01 -5.204122022670E-01  7.212176052129E-01 -5.204122035205E-01  7.212176043490E-01
  7.849260889447E-01  5.663826189007E-01 -5.621602323709E-01  7.790744607194E-01 -5.621602319425E-01  7.790744586678E-01
  8.109284805664E-01  5.851452805981E-01 -5.812546870006E-01  8.055366710975E-01 -5.812546869771E-01  8.055366688605E-01
  3.709051039706E-01  3.353049415808E-01 -3.210366502141E-01  3.551219154791E-01 -3.210366461944E-01  3.551219080570E-01
  3.946912207468E-01  3.568080225864E-01 -3.436214690516E-01  3.801046178835E-01 -3.436214710126E-01  3.801046200858E-01
  4.466253472990E-01  4.037574149868E-01 -3.925746366462E-01  4.342552641728E-01 -3.925746339383E-01  4.342552624803E-01
  5.175425818674E-01  4.678678813554E-01 -4.588527378871E-01  5.075702791172E-01 -4.588527399539E-01  5.075702804064E-01
  5.951727300445E-01  5.380469433871E-01 -5.309055714613E-01  5.872731391705E-01 -5.309055697398E-01  5.872731389361E-01
  6.660899646129E-01  6.021574097557E-01 -5.964220815662E-01  6.597457026083E-01 -5.964220828066E-01  6.597457036894E-01
  7.180240911651E-01  6.491068021561E-01 -6.442677061874E-01  7.126712145094E-01 -6.442677057495E-01  7.126712158173E-01
  7.418102079413E-01  6.706098831617E-01 -6.661510406996E-01  7.368779576287E-01 -6.661510408534E-01  7.368779592183E-01
  3.535533905933E-01  3.535533905933E-01 -3.385085656472E-01  3.385085656472E-01 -3.385085654616E-01  3.385085654616E-01
  3.762267432790E-01  3.762267432790E-01 -3.623225309721E-01  3.623225360317E-01 -3.623225341815E-01  3.623225341815E-01
  4.257312832097E-01  4.257312832097E-01 -4.139398993077E-01  4.139398975782E-01 -4.139398967264E-01  4.139398967264E-01
  4.933308618209E-01  4.933308618209E-01 -4.838250832253E-01  4.838250842862E-01 -4.838250853950E-01  4.838250853950E-01
  5.673293099589E-01  5.673293099589E-01 -5.597992801206E-01  5.597992785824E-01 -5.597992781777E-01  5.597992781777E-01
  6.349288885701E-01  6.349288885701E-01 -6.288814241867E-01  6.288814252170E-01 -6.288814253879E-01  6.288814253879E-01
  6.844334285008E-01  6.844334285008E-01 -6.793309725517E-01  6.793309715119E-01 -6.793309718121E-01  6.793309718121E-01
  7.071067811865E-01  7.071067811865E-01 -7.024052734821E-01  7.024052732051E-01 -7.024052733329E-01  7.024052733329E-01
  3.535533905933E-01  3.535533905933E-01 -3.385085656472E-01  3.385085656472E-01 -3.385085654616E-01  3.385085654616E-01
  3.762267432790E-01  3.762267432790E-01 -3.623225309721E-01  3.623225360317E-01 -3.623225341815E-01  3.623225341815E-01
  4.257312832097E-01  4.257312832097E-01 -4.139398993077E-01  4.139398975782E-01 -4.139398967264E-01  4.139398967264E-01
  4.933308618209E-01  4.933308618209E-01 -4.838250832253E-01  4.838250842862E-01 -4.838250853950E-01  4.838250853950E-01
  5.673293099589E-01  5.673293099589E-01 -5.597992801206E-01  5.597992785824E-01 -5.597992781777E-01  5.597992781777E-01
  6.349288885701E-01  6.349288885701E-01 -6.288814241867E-01  6.288814252170E-01 -6.288814253879E-01  6.288814253879E-01
  6.844334285008E-01  6.844334285008E-01 -6.793309725517E-01  6.793309715119E-01 -6.793309718121E-01  6.793309718121E-01
  7.071067811865E-01  7.071067811865E-01 -7.024052734821E-01  7.024052732051E-01 -7.024052733329E-01  7.024052733329E-01
  3.353049415808E-01  3.709051039706E-01 -3.551219025698E-01  3.210366385439E-01 -3.551219080570E-01  3.210366461944E-01
  3.568080225864E-01  3.946912207468E-01 -3.801046195226E-01  3.436214688386E-01 -3.801046200858E-01  3.436214710126E-01
  4.037574149868E-01  4.466253472990E-01 -4.342552644078E-01  3.925746345707E-01 -4.342552624803E-01  3.925746339383E-01
  4.678678813554E-01  5.175425818674E-01 -5.075702780908E-01  4.588527388441E-01 -5.075702804064E-01  4.588527399539E-01
  5.380469433871E-01  5.951727300445E-01 -5.872731411820E-01  5.309055702197E-01 -5.872731389361E-01  5.309055697398E-01
  6.021574097557E-01  6.660899646129E-01 -6.597457033925E-01  5.964220826839E-01 -6.597457036894E-01  5.964220828066E-01
  6.491068021561E-01  7.180240911651E-01 -7.126712177226E-01  6.442677057263E-01 -7.126712158173E-01  6.442677057495E-01
  6.706098831617E-01  7.418102079413E-01 -7.368779608759E-01  6.661510408271E-01 -7.368779592183E-01  6.661510408534E-01
  2.925726402991E-01  4.054642402832E-01 -3.882104539132E-01  2.801227506979E-01 -3.882104428243E-01  2.801227407119E-01
  3.113353019965E-01  4.314666319049E-01 -4.155209237815E-01  2.998292874448E-01 -4.155209226332E-01  2.998292854368E-01
  3.523013182749E-01  4.882397281547E-01 -4.747170617057E-01  3.425437071741E-01 -4.747170589071E-01  3.425437055126E-01
  4.082413480515E-01  5.657646862355E-01 -5.548632117477E-01  4.003751240127E-01 -5.548632141541E-01  4.003751242193E-01
  4.694765728457E-01  6.506280346142E-01 -6.419923994536E-01  4.632453183416E-01 -6.419923979701E-01  4.632453179961E-01
  5.254166026223E-01  7.281529926949E-01 -7.212176020312E-01  5.204122036868E-01 -7.212176043490E-01  5.204122035205E-01
  5.663826189007E-01  7.849260889447E-01 -7.790744573377E-01  5.621602319219E-01 -7.790744586678E-01  5.621602319425E-01
  5.851452805981E-01  8.109284805664E-01 -8.055366667372E-01  5.812546869384E-01 -8.055366688605E-01  5.812546869771E-01
  2.286206189833E-01  4.446713534462E-01 -4.257491525777E-01  2.188920722995E-01 -4.257491681932E-01  2.188920820053E-01
  2.432820423025E-01  4.731880943238E-01 -4.557004781750E-01  2.342910654437E-01 -4.557004852597E-01  2.342910695812E-01
  2.752934976090E-01  5.354509699132E-01 -5.206207031152E-01  2.676687535642E-01 -5.206207012011E-01  2.676687536574E-01
  3.190058701001E-01  6.204723469194E-01 -6.085167339549E-01  3.128590848980E-01 -6.085167368720E-01  3.128590856307E-01
  3.668559868497E-01  7.135417134193E-01 -7.040710400793E-01  3.619867913529E-01 -7.040710379493E-01  3.619867914960E-01
  4.105683593408E-01  7.985630904255E-01 -7.909570717001E-01  4.066578477573E-01 -7.909570719013E-01  4.066578473424E-01
  4.425798146473E-01  8.608259660149E-01 -8.544085038631E-01  4.392803790077E-01 -8.544085015469E-01  4.392803785860E-01
  4.572412379666E-01  8.893427068925E-01 -8.834295261952E-01  4.542010709024E-01 -8.834295240009E-01  4.542010701609E-01
  1.527709394191E-01  4.760893194234E-01 -4.558302159457E-01  1.462700552406E-01 -4.558301994479E-01  1.462700483800E-01
  1.625681284201E-01  5.066208921261E-01 -4.878977107967E-01  1.565601019961E-01 -4.878977073895E-01  1.565600992448E-01
  1.839591128426E-01  5.732829107945E-01 -5.574048222709E-01  1.788640382251E-01 -5.574048190683E-01  1.788640374225E-01
  2.131689900593E-01  6.643114180315E-01 -6.515110900773E-01  2.090615302659E-01 -6.515110921130E-01  2.090615301024E-01
  2.451438281979E-01  7.639565402386E-01 -7.538167220710E-01  2.418900897484E-01 -7.538167203378E-01  2.418900904043E-01
  2.743537054146E-01  8.549850474757E-01 -8.468416286872E-01  2.717405873779E-01 -8.468416306474E-01  2.717405876903E-01
  2.957446898372E-01  9.216470661440E-01 -9.147761787057E-01  2.935399094361E-01 -9.147761798876E-01  2.935399108069E-01
  3.055418788382E-01  9.521786388467E-01 -9.458476618299E-01  3.035103490809E-01 -9.458476638544E-01  3.035103503884E-01
  7.982641588779E-02  4.935866117780E-01 -4.725829130502E-01  7.642954337442E-02 -4.725829261704E-01  7.642954712660E-02
  8.494567801117E-02  5.252402845402E-01 -5.058289788082E-01  8.180633980772E-02 -5.058289830495E-01  8.180634118812E-02
  9.612297144970E-02  5.943522737960E-01 -5.778906311088E-01  9.346067421718E-02 -5.778906285188E-01  9.346067447742E-02
  1.113858206250E-01  6.887262717609E-01 -6.754555040725E-01  1.092395768251E-01 -6.754555067132E-01  1.092395760054E-01
  1.280934270383E-01  7.920335635732E-01 -7.815210858485E-01  1.263932721103E-01 -7.815210837828E-01  1.263932723669E-01
  1.433562762137E-01  8.864075615381E-01 -8.779648565924E-01  1.419908621219E-01 -8.779648568678E-01  1.419908606247E-01
  1.545335696522E-01  9.555195507939E-01 -9.483961466468E-01  1.533815218011E-01 -9.483961448932E-01  1.533815206533E-01
  1.596528317756E-01  9.871732235560E-01 -9.806095734021E-01  1.585913118529E-01 -9.806095718037E-01  1.585913102877E-01
  2.517311623718E-02  4.993659121515E-01 -4.781163069590E-01  2.410192220739E-02 -4.781162988685E-01  2.410191980156E-02
  2.678746631225E-02  5.313902110175E-01 -5.117516237934E-01  2.579748193811E-02 -5.117516267373E-01  2.579748210870E-02
  3.031220563338E-02  6.013114178165E-01 -5.846570297569E-01  2.947265436816E-02 -5.846570266454E-01  2.947265508616E-02
  3.512531758546E-02  6.967904207970E-01 -6.833642688185E-01  3.444850376656E-02 -6.833642711916E-01  3.444850321666E-02
  4.039403112607E-02  8.013073156575E-01 -7.906717488662E-01  3.985788936618E-02 -7.906717474832E-01  3.985789041766E-02
  4.520714307816E-02  8.967863186381E-01 -8.882447584978E-01  4.477656184815E-02 -8.882447601394E-01  4.477656173550E-02
  4.873188239929E-02  9.667075254371E-01 -9.595007124807E-01  4.836858459142E-02 -9.595007130959E-01  4.836858582588E-02
  5.034623247436E-02  9.987318243030E-01 -9.920913189194E-01  5.001148257297E-02 -9.920913201521E-01  5.001148358823E-02
  3.061616997868E-17  5.000000000000E-01 -4.787234045177E-01  1.827127164322E-15 -4.787234042553E-01  2.931335423491E-17
  3.257958268602E-17  5.320649628726E-01 -5.124014408318E-01  3.577710490807E-09 -5.124014417929E-01  3.137553927851E-17
  3.686645830244E-17  6.020749546417E-01 -5.853994183853E-01 -1.222942901317E-09 -5.853994159578E-01  3.584537604877E-17
  4.272028475217E-17  6.976751955244E-01 -6.842319952637E-01  7.501308415162E-10 -6.842319975820E-01  4.189712628565E-17
  4.912822518388E-17  8.023248044756E-01 -7.916757330656E-01 -1.087639965000E-09 -7.916757314056E-01  4.847615752143E-17
  5.498205163361E-17  8.979250453583E-01 -8.893726399379E-01  7.285296804161E-10 -8.893726409081E-01  5.445836789687E-17
  5.926892725003E-17  9.679350371274E-01 -9.607190739874E-01 -7.352328629236E-10 -9.607190736767E-01  5.882707692290E-17
  6.123233995737E-17  1.000000000000E+00 -9.933510638449E-01 -1.958684600768E-10 -9.933510638298E-01  6.082521003744E-17
  3.061616997868E-17  5.000000000000E-01 -4.787234045177E-01  1.827127164322E-15 -4.787234042553E-01  2.931335423491E-17
  3.257958268602E-17  5.320649628726E-01 -5.124014408318E-01  3.577710490807E-09 -5.124014417929E-01  3.137553927851E-17
  3.686645830244E-17  6.020749546417E-01 -5.853994183853E-01 -1.222942901317E-09 -5.853994159578E-01  3.584537604877E-17
  4.272028475217E-17  6.976751955244E-01 -6.842319952637E-01  7.501308415162E-10 -6.842319975820E-01  4.189712628565E-17
  4.912822518388E-17  8.023248044756E-01 -7.916757330656E-01 -1.087639965000E-09 -7.916757314056E-01  4.847615752143E-17
  5.498205163361E-17  8.979250453583E-01 -8.893726399379E-01  7.285296804161E-10 -8.893726409081E-01  5.445836789687E-17
  5.926892725003E-17  9.679350371274E-01 -9.607190739874E-01 -7.352328629236E-10 -9.607190736767E-01  5.882707692290E-17
  6.123233995737E-17  1.000000000000E+00 -9.933510638449E-01 -1.958684600768E-10 -9.933510638298E-01  6.082521003744E-17
 -2.517311623718E-02  4.993659121515E-01 -4.781162895788E-01 -2.410192133125E-02 -4.781162988685E-01 -2.410191980156E-02
 -2.678746631225E-02  5.313902110175E-01 -5.117516248018E-01 -2.579748324770E-02 -5.117516267373E-01 -2.579748210870E-02
 -3.031220563338E-02  6.013114178165E-01 -5.846570284554E-01 -2.947265600193E-02 -5.846570266454E-01 -2.947265508616E-02
 -3.512531758546E-02  6.967904207970E-01 -6.833642687694E-01 -3.444850236407E-02 -6.833642711916E-01 -3.444850321666E-02
 -4.039403112607E-02  8.013073156575E-01 -7.906717494105E-01 -3.985789166645E-02 -7.906717474832E-01 -3.985789041766E-02
 -4.520714307816E-02  8.967863186381E-01 -8.882447598427E-01 -4.477656161233E-02 -8.882447601394E-01 -4.477656173550E-02
 -4.873188239929E-02  9.667075254371E-01 -9.595007144267E-01 -4.836858718958E-02 -9.595007130959E-01 -4.836858582588E-02
 -5.034623247436E-02  9.987318243030E-01 -9.920913213055E-01 -5.001148477896E-02 -9.920913201521E-01 -5.001148358823E-02
 -7.982641588779E-02  4.935866117780E-01 -4.725829410727E-01 -7.642954790643E-02 -4.725829261704E-01 -7.642954712660E-02
 -8.494567801117E-02  5.252402845402E-01 -5.058289852813E-01 -8.180634058027E-02 -5.058289830495E-01 -8.180634118812E-02
 -9.612297144970E-02  5.943522737960E-01 -5.778906316726E-01 -9.346067528143E-02 -5.778906285188E-01 -9.346067447742E-02
 -1.113858206250E-01  6.887262717609E-01 -6.754555048655E-01 -1.092395744499E-01 -6.754555067132E-01 -1.092395760054E-01
 -1.280934270383E-01  7.920335635732E-01 -7.815210850761E-01 -1.263932731716E-01 -7.815210837828E-01 -1.263932723669E-01
 -1.433562762137E-01  8.864075615381E-01 -8.779648553465E-01 -1.419908588681E-01 -8.779648568678E-01 -1.419908606247E-01
 -1.545335696522E-01  9.555195507939E-01 -9.483961439381E-01 -1.533815197274E-01 -9.483961448932E-01 -1.533815206533E-01
 -1.596528317756E-01  9.871732235560E-01 -9.806095702749E-01 -1.585913088137E-01 -9.806095718037E-01 -1.585913102877E-01
 -1.527709394191E-01  4.760893194234E-01 -4.558301815430E-01 -1.462700442012E-01 -4.558301994479E-01 -1.462700483800E-01
 -1.625681284201E-01  5.066208921261E-01 -4.878976994542E-01 -1.565600971608E-01 -4.878977073895E-01 -1.565600992448E-01
 -1.839591128426E-01  5.732829107945E-01 -5.574048203559E-01 -1.788640388419E-01 -5.574048190683E-01 -1.788640374225E-01
 -2.131689900593E-01  6.643114180315E-01 -6.515110895322E-01 -2.090615285578E-01 -6.515110921130E-01 -2.090615301024E-01
 -2.451438281979E-01  7.639565402386E-01 -7.538167217427E-01 -2.418900920115E-01 -7.538167203378E-01 -2.418900904043E-01
 -2.743537054146E-01  8.549850474757E-01 -8.468416307986E-01 -2.717405872547E-01 -8.468416306474E-01 -2.717405876903E-01
 -2.957446898372E-01  9.216470661440E-01 -9.147761818236E-01 -2.935399121465E-01 -9.147761798876E-01 -2.935399108069E-01
 -3.055418788382E-01  9.521786388467E-01 -9.458476659303E-01 -3.035103514158E-01 -9.458476638544E-01 -3.035103503884E-01
 -2.286206189833E-01  4.446713534462E-01 -4.257491847101E-01 -2.188920888198E-01 -4.257491681932E-01 -2.188920820053E-01
 -2.432820423025E-01  4.731880943238E-01 -4.557004896145E-01 -2.342910700451E-01 -4.557004852597E-01 -2.342910695812E-01
 -2.752934976090E-01  5.354509699132E-01 -5.206207040332E-01 -2.676687553544E-01 -5.206207012011E-01 -2.676687536574E-01
 -3.190058701001E-01  6.204723469194E-01 -6.085167355481E-01 -3.128590840756E-01 -6.085167368720E-01 -3.128590856307E-01
 -3.668559868497E-01  7.135417134193E-01 -7.040710387112E-01 -3.619867931853E-01 -7.040710379493E-01 -3.619867914960E-01
 -4.105683593408E-01  7.985630904255E-01 -7.909570702943E-01 -4.066578461773E-01 -7.909570719013E-01 -4.066578473424E-01
 -4.425798146473E-01  8.608259660149E-01 -8.544084997419E-01 -4.392803787195E-01 -8.544085015469E-01 -4.392803785860E-01
 -4.572412379666E-01  8.893427068925E-01 -8.834295216447E-01 -4.542010696539E-01 -8.834295240009E-01 -4.542010701609E-01
 -2.925726402991E-01  4.054642402832E-01 -3.882104308937E-01 -2.801227340876E-01 -3.882104428243E-01 -2.801227407119E-01
 -3.113353019965E-01  4.314666319049E-01 -4.155209186581E-01 -2.998292834139E-01 -4.155209226332E-01 -2.998292854368E-01
 -3.523013182749E-01  4.882397281547E-01 -4.747170605545E-01 -3.425437075280E-01 -4.747170589071E-01 -3.425437055126E-01
 -4.082413480515E-01  5.657646862355E-01 -5.548632128664E-01 -4.003751217724E-01 -5.548632141541E-01 -4.003751242193E-01
 -4.694765728457E-01  6.506280346142E-01 -6.419923992493E-01 -4.632453196382E-01 -6.419923979701E-01 -4.632453179961E-01
 -5.254166026223E-01  7.281529926949E-01 -7.212176052129E-01 -5.204122022670E-01 -7.212176043490E-01 -5.204122035205E-01
 -5.663826189007E-01  7.849260889447E-01 -7.790744607194E-01 -5.621602323709E-01 -7.790744586678E-01 -5.621602319425E-01
 -5.851452805981E-01  8.109284805664E-01 -8.055366710975E-01 -5.812546870006E-01 -8.055366688605E-01 -5.812546869771E-01
 -3.353049415808E-01  3.709051039706E-01 -3.551219154791E-01 -3.210366502141E-01 -3.551219080570E-01 -3.210366461944E-01
 -3.568080225864E-01  3.946912207468E-01 -3.801046178835E-01 -3.436214690516E-01 -3.801046200858E-01 -3.436214710126E-01
 -4.037574149868E-01  4.466253472990E-01 -4.342552641728E-01 -3.925746366462E-01 -4.342552624803E-01 -3.925746339383E-01
 -4.678678813554E-01  5.175425818674E-01 -5.075702791172E-01 -4.588527378871E-01 -5.075702804064E-01 -4.588527399539E-01
 -5.380469433871E-01  5.951727300445E-01 -5.872731391705E-01 -5.309055714613E-01 -5.872731389361E-01 -5.309055697398E-01
 -6.021574097557E-01  6.660899646129E-01 -6.597457026083E-01 -5.964220815662E-01 -6.597457036894E-01 -5.964220828066E-01
 -6.491068021561E-01  7.180240911651E-01 -7.126712145094E-01 -6.442677061874E-01 -7.126712158173E-01 -6.442677057495E-01
 -6.706098831617E-01  7.418102079413E-01 -7.368779576287E-01 -6.661510406996E-01 -7.368779592183E-01 -6.661510408534E-01
 -3.535533905933E-01  3.535533905933E-01 -3.385085656472E-01 -3.385085656472E-01 -3.385085654616E-01 -3.385085654616E-01
 -3.762267432790E-01  3.762267432790E-01 -3.623225360317E-01 -3.623225309721E-01 -3.623225341815E-01 -3.623225341815E-01
 -4.257312832097E-01  4.257312832097E-01 -4.139398975782E-01 -4.139398993077E-01 -4.139398967264E-01 -4.139398967264E-01
 -4.933308618209E-01  4.933308618209E-01 -4.838250842862E-01 -4.838250832253E-01 -4.838250853950E-01 -4.838250853950E-01
 -5.673293099589E-01  5.673293099589E-01 -5.597992785824E-01 -5.597992801206E-01 -5.597992781777E-01 -5.597992781777E-01
 -6.349288885701E-01  6.349288885701E-01 -6.288814252170E-01 -6.288814241867E-01 -6.288814253879E-01 -6.288814253879E-01
 -6.844334285008E-01  6.844334285008E-01 -6.793309715119E-01 -6.793309725517E-01 -6.793309718121E-01 -6.793309718121E-01
 -7.071067811865E-01  7.071067811865E-01 -7.024052732051E-01 -7.024052734821E-01 -7.024052733329E-01 -7.024052733329E-01
 -3.535533905933E-01  3.535533905933E-01 -3.385085656472E-01 -3.385085656472E-01 -3.385085654616E-01 -3.385085654616E-01
 -3.762267432790E-01  3.762267432790E-01 -3.623225360317E-01 -3.623225309721E-01 -3.623225341815E-01 -3.623225341815E-01
 -4.257312832097E-01  4.257312832097E-01 -4.139398975782E-01 -4.139398993077E-01 -4.139398967264E-01 -4.139398967264E-01
 -4.933308618209E-01  4.933308618209E-01 -4.838250842862E-01 -4.838250832253E-01 -4.838250853950E-01 -4.838250853950E-01
 -5.673293099589E-01  5.673293099589E-01 -5.597992785824E-01 -5.597992801206E-01 -5.597992781777E-01 -5.597992781777E-01
 -6.349288885701E-01  6.349288885701E-01 -6.288814252170E-01 -6.288814241867E-01 -6.288814253879E-01 -6.288814253879E-01
 -6.844334285008E-01  6.844334285008E-01 -6.793309715119E-01 -6.793309725517E-01 -6.793309718121E-01 -6.793309718121E-01
 -7.071067811865E-01  7.071067811865E-01 -7.024052732051E-01 -7.024052734821E-01 -7.024052733329E-01 -7.024052733329E-01
 -3.709051039706E-01  3.353049415808E-01 -3.210366385439E-01 -3.551219025698E-01 -3.210366461944E-01 -3.551219080570E-01
 -3.946912207468E-01  3.568080225864E-01 -3.436214688386E-01 -3.801046195226E-01 -3.436214710126E-01 -3.801046200858E-01
 -4.466253472990E-01  4.037574149868E-01 -3.925746345707E-01 -4.342552644078E-01 -3.925746339383E-01 -4.342552624803E-01
 -5.175425818674E-01  4.678678813554E-01 -4.588527388441E-01 -5.075702780908E-01 -4.588527399539E-01 -5.075702804064E-01
 -5.951727300445E-01  5.380469433871E-01 -5.309055702197E-01 -5.872731411820E-01 -5.309055697398E-01 -5.872731389361E-01
 -6.660899646129E-01  6.021574097557E-01 -5.964220826839E-01 -6.597457033925E-01 -5.964220828066E-01 -6.597457036894E-01
 -7.180240911651E-01  6.491068021561E-01 -6.442677057263E-01 -7.126712177226E-01 -6.442677057495E-01 -7.126712158173E-01
 -7.418102079413E-01  6.706098831617E-01 -6.661510408271E-01 -7.368779608759E-01 -6.661510408534E-01 -7.368779592183E-01
 -4.054642402832E-01  2.925726402991E-01 -2.801227506979E-01 -3.882104539132E-01 -2.801227407119E-01 -3.882104428243E-01
 -4.314666319049E-01  3.113353019965E-01 -2.998292874448E-01 -4.155209237815E-01 -2.998292854368E-01 -4.155209226332E-01
 -4.882397281547E-01  3.523013182749E-01 -3.425437071741E-01 -4.747170617057E-01 -3.425437055126E-01 -4.747170589071E-01
 -5.657646862355E-01  4.082413480515E-01 -4.003751240127E-01 -5.548632117477E-01 -4.003751242193E-01 -5.548632141541E-01
 -6.506280346142E-01  4.694765728457E-01 -4.632453183416E-01 -6.419923994536E-01 -4.632453179961E-01 -6.419923979701E-01
 -7.281529926949E-01  5.254166026223E-01 -5.204122036868E-01 -7.212176020312E-01 -5.204122035205E-01 -7.212176043490E-01
 -7.849260889447E-01  5.663826189007E-01 -5.621602319219E-01 -7.790744573377E-01 -5.621602319425E-01 -7.790744586678E-01
 -8.109284805664E-01  5.851452805981E-01 -5.812546869384E-01 -8.055366667372E-01 -5.812546869771E-01 -8.055366688605E-01
 -4.446713534462E-01  2.286206189833E-01 -2.188920722995E-01 -4.257491525777E-01 -2.188920820053E-01 -4.257491681932E-01
 -4.731880943238E-01  2.432820423025E-01 -2.342910654437E-01 -4.557004781750E-01 -2.342910695812E-01 -4.557004852597E-01
 -5.354509699132E-01  2.752934976090E-01 -2.676687535642E-01 -5.206207031152E-01 -2.676687536574E-01 -5.206207012011E-01
 -6.204723469194E-01  3.190058701001E-01 -3.128590848980E-01 -6.085167339549E-01 -3.128590856307E-01 -6.085167368720E-01
 -7.135417134193E-01  3.668559868497E-01 -3.619867913529E-01 -7.040710400793E-01 -3.619867914960E-01 -7.040710379493E-01
 -7.985630904255E-01  4.105683593408E-01 -4.066578477573E-01 -7.909570717001E-01 -4.066578473424E-01 -7.909570719013E-01
 -8.608259660149E-01  4.425798146473E-01 -4.392803790077E-01 -8.544085038631E-01 -4.392803785860E-01 -8.544085015469E-01
 -8.893427068925E-01  4.572412379666E-01 -4.542010709024E-01 -8.834295261952E-01 -4.542010701609E-01 -8.834295240009E-01
 -4.760893194234E-01  1.527709394191E-01 -1.462700552406E-01 -4.558302159457E-01 -1.462700483800E-01 -4.558301994479E-01
 -5.066208921261E-01  1.625681284201E-01 -1.565601019961E-01 -4.878977107967E-01 -1.565600992448E-01 -4.878977073895E-01
 -5.732829107945E-01  1.839591128426E-01 -1.788640382251E-01 -5.574048222709E-01 -1.788640374225E-01 -5.574048190683E-01
 -6.643114180315E-01  2.131689900593E-01 -2.090615302659E-01 -6.515110900773E-01 -2.090615301024E-01 -6.515110921130E-01
 -7.639565402386E-01  2.451438281979E-01 -2.418900897484E-01 -7.538167220710E-01 -2.418900904043E-01 -7.538167203378E-01
 -8.549850474757E-01  2.743537054146E-01 -2.717405873779E-01 -8.468416286872E-01 -2.717405876903E-01 -8.468416306474E-01
 -9.216470661440E-01  2.957446898372E-01 -2.935399094361E-01 -9.147761787057E-01 -2.935399108069E-01 -9.147761798876E-01
 -9.521786388467E-01  3.055418788382E-01 -3.035103490809E-01 -9.458476618299E-01 -3.035103503884E-01 -9.458476638544E-01
 -4.935866117780E-01  7.982641588779E-02 -7.642954337442E-02 -4.725829130502E-01 -7.642954712660E-02 -4.725829261704E-01
 -5.252402845402E-01  8.494567801117E-02 -8.180633980772E-02 -5.058289788082E-01 -8.180634118812E-02 -5.058289830495E-01
 -5.943522737960E-01  9.612297144970E-02 -9.346067421718E-02 -5.778906311088E-01 -9.346067447742E-02 -5.778906285188E-01
 -6.887262717609E-01  1.113858206250E-01 -1.092395768251E-01 -6.754555040725E-01 -1.092395760054E-01 -6.754555067132E-01
 -7.920335635732E-01  1.280934270383E-01 -1.263932721103E-01 -7.815210858485E-01 -1.263932723669E-01 -7.815210837828E-01
 -8.864075615381E-01  1.433562762137E-01 -1.419908621219E-01 -8.779648565924E-01 -1.419908606247E-01 -8.779648568678E-01
 -9.555195507939E-01  1.545335696522E-01 -1.533815218011E-01 -9.483961466468E-01 -1.533815206533E-01 -9.483961448932E-01
 -9.871732235560E-01  1.596528317756E-01 -1.585913118529E-01 -9.806095734021E-01 -1.585913102877E-01 -9.806095718037E-01
 -4.993659121515E-01  2.517311623718E-02 -2.410192220739E-02 -4.781163069590E-01 -2.410191980156E-02 -4.781162988685E-01
 -5.313902110175E-01  2.678746631225E-02 -2.579748193812E-02 -5.117516237934E-01 -2.579748210870E-02 -5.117516267373E-01
 -6.013114178165E-01  3.031220563338E-02 -2.947265436816E-02 -5.846570297569E-01 -2.947265508616E-02 -5.846570266454E-01
 -6.967904207970E-01  3.512531758546E-02 -3.444850376656E-02 -6.833642688185E-01 -3.444850321666E-02 -6.833642711916E-01
 -8.013073156575E-01  4.039403112607E-02 -3.985788936618E-02 -7.906717488662E-01 -3.985789041766E-02 -7.906717474832E-01
 -8.967863186381E-01  4.520714307816E-02 -4.477656184815E-02 -8.882447584978E-01 -4.477656173550E-02 -8.882447601394E-01
 -9.667075254371E-01  4.873188239929E-02 -4.836858459142E-02 -9.595007124807E-01 -4.836858582588E-02 -9.595007130959E-01
 -9.987318243030E-01  5.034623247436E-02 -5.001148257297E-02 -9.920913189194E-01 -5.001148358823E-02 -9.920913201521E-01
 -5.000000000000E-01  8.326672684689E-17  4.060282802537E-16 -4.787234045177E-01 -7.972346187468E-17 -4.787234042553E-01
 -5.320649628726E-01  8.860661585662E-17 -3.577710341806E-09 -5.124014408318E-01 -8.533198177944E-17 -5.124014417929E-01
 -6.020749546417E-01  1.002656215790E-16  1.222942547664E-09 -5.853994183853E-01 -9.748858652976E-17 -5.853994159578E-01
 -6.976751955244E-01  1.161862598672E-16 -7.501312900166E-10 -6.842319952637E-01 -1.139475176851E-16 -6.842319975820E-01
 -8.023248044756E-01  1.336139206735E-16  1.087639561503E-09 -7.916757330656E-01 -1.318404937565E-16 -7.916757314056E-01
 -8.979250453583E-01  1.495345589617E-16 -7.285300529364E-10 -8.893726399379E-01 -1.481102975112E-16 -8.893726409081E-01
 -9.679350371274E-01  1.611935646840E-16  7.352323510839E-10 -9.607190739874E-01 -1.599918653689E-16 -9.607190736767E-01
 -1.000000000000E+00  1.665334536938E-16  1.958677937656E-10 -9.933510638449E-01 -1.654261833900E-16 -9.933510638298E-01
 -5.000000000000E-01  8.326672684689E-17  4.060282802537E-16 -4.787234045177E-01 -7.972346187468E-17 -4.787234042553E-01
 -5.320649628726E-01  8.860661585662E-17 -3.577710341806E-09 -5.124014408318E-01 -8.533198177944E-17 -5.124014417929E-01
 -6.020749546417E-01  1.002656215790E-16  1.222942547664E-09 -5.853994183853E-01 -9.748858652976E-17 -5.853994159578E-01
 -6.976751955244E-01  1.161862598672E-16 -7.501312900166E-10 -6.842319952637E-01 -1.139475176851E-16 -6.842319975820E-01
 -8.023248044756E-01  1.336139206735E-16  1.087639561503E-09 -7.916757330656E-01 -1.318404937565E-16 -7.916757314056E-01
 -8.979250453583E-01  1.495345589617E-16 -7.285300529364E-10 -8.893726399379E-01 -1.481102975112E-16 -8.893726409081E-01
 -9.679350371274E-01  1.611935646840E-16  7.352323510839E-10 -9.607190739874E-01 -1.599918653689E-16 -9.607190736767E-01
 -1.000000000000E+00  1.665334536938E-16  1.958677937656E-10 -9.933510638449E-01 -1.654261833900E-16 -9.933510638298E-01
 -4.993659121515E-01 -2.517311623718E-02  2.410192133125E-02 -4.781162895788E-01  2.410191980156E-02 -4.781162988685E-01
 -5.313902110175E-01 -2.678746631225E-02  2.579748324770E-02 -5.117516248018E-01  2.579748210870E-02 -5.117516267373E-01
 -6.013114178165E-01 -3.031220563338E-02  2.947265600193E-02 -5.846570284554E-01  2.947265508616E-02 -5.846570266454E-01
 -6.967904207970E-01 -3.512531758546E-02  3.444850236407E-02 -6.833642687694E-01  3.444850321666E-02 -6.833642711916E-01
 -8.013073156575E-01 -4.039403112607E-02  3.985789166645E-02 -7.906717494105E-01  3.985789041766E-02 -7.906717474832E-01
 -8.967863186381E-01 -4.520714307816E-02  4.477656161233E-02 -8.882447598427E-01  4.477656173550E-02 -8.882447601394E-01
 -9.667075254371E-01 -4.873188239929E-02  4.836858718958E-02 -9.595007144267E-01  4.836858582588E-02 -9.595007130959E-01
 -9.987318243030E-01 -5.034623247436E-02  5.001148477896E-02 -9.920913213055E-01  5.001148358823E-02 -9.920913201521E-01
 -4.935866117780E-01 -7.982641588779E-02  7.642954790643E-02 -4.725829410727E-01  7.642954712660E-02 -4.725829261704E-01
 -5.252402845402E-01 -8.494567801117E-02  8.180634058027E-02 -5.058289852813E-01  8.180634118812E-02 -5.058289830495E-01
 -5.943522737960E-01 -9.612297144970E-02  9.346067528143E-02 -5.778906316726E-01  9.346067447742E-02 -5.778906285188E-01
 -6.887262717609E-01 -1.113858206250E-01  1.092395744499E-01 -6.754555048655E-01  1.092395760054E-01 -6.754555067132E-01
 -7.920335635732E-01 -1.280934270383E-01  1.263932731716E-01 -7.815210850761E-01  1.263932723669E-01 -7.815210837828E-01
 -8.864075615381E-01 -1.433562762137E-01  1.419908588681E-01 -8.779648553465E-01  1.419908606247E-01 -8.779648568678E-01
 -9.555195507939E-01 -1.545335696522E-01  1.533815197274E-01 -9.483961439381E-01  1.533815206533E-01 -9.483961448932E-01
 -9.871732235560E-01 -1.596528317756E-01  1.585913088137E-01 -9.806095702749E-01  1.585913102877E-01 -9.806095718037E-01
 -4.760893194234E-01 -1.527709394191E-01  1.462700442012E-01 -4.558301815430E-01  1.462700483800E-01 -4.558301994479E-01
 -5.066208921261E-01 -1.625681284201E-01  1.565600971608E-01 -4.878976994542E-01  1.565600992448E-01 -4.878977073895E-01
 -5.732829107945E-01 -1.839591128426E-01  1.788640388419E-01 -5.574048203559E-01  1.788640374225E-01 -5.574048190683E-01
 -6.643114180315E-01 -2.131689900593E-01  2.090615285578E-01 -6.515110895322E-01  2.090615301024E-01 -6.515110921130E-01
 -7.639565402386E-01 -2.451438281979E-01  2.418900920115E-01 -7.538167217427E-01  2.418900904043E-01 -7.538167203378E-01
 -8.549850474757E-01 -2.743537054146E-01  2.717405872547E-01 -8.468416307986E-01  2.717405876903E-01 -8.468416306474E-01
 -9.216470661440E-01 -2.957446898372E-01  2.935399121465E-01 -9.147761818236E-01  2.935399108069E-01 -9.147761798876E-01
 -9.521786388467E-01 -3.055418788382E-01  3.035103514158E-01 -9.458476659303E-01  3.035103503884E-01 -9.458476638544E-01
 -4.446713534462E-01 -2.286206189833E-01  2.188920888198E-01 -4.257491847101E-01  2.188920820053E-01 -4.257491681932E-01
 -4.731880943238E-01 -2.432820423025E-01  2.342910700451E-01 -4.557004896145E-01  2.342910695812E-01 -4.557004852597E-01
 -5.354509699132E-01 -2.752934976090E-01  2.676687553544E-01 -5.206207040332E-01  2.676687536574E-01 -5.206207012011E-01
 -6.204723469194E-01 -3.190058701001E-01  3.128590840756E-01 -6.085167355481E-01  3.128590856307E-01 -6.085167368720E-01
 -7.135417134193E-01 -3.668559868497E-01  3.619867931853E-01 -7.040710387112E-01  3.619867914960E-01 -7.040710379493E-01
 -7.985630904255E-01 -4.105683593408E-01  4.066578461773E-01 -7.909570702943E-01  4.066578473424E-01 -7.909570719013E-01
 -8.608259660149E-01 -4.425798146473E-01  4.392803787195E-01 -8.544084997419E-01  4.392803785860E-01 -8.544085015469E-01
 -8.893427068925E-01 -4.572412379666E-01  4.542010696539E-01 -8.834295216447E-01  4.542010701609E-01 -8.834295240009E-01
 -4.054642402832E-01 -2.925726402991E-01  2.801227340876E-01 -3.882104308937E-01  2.801227407119E-01 -3.882104428243E-01
 -4.314666319049E-01 -3.113353019965E-01  2.998292834139E-01 -4.155209186581E-01  2.998292854368E-01 -4.155209226332E-01
 -4.882397281547E-01 -3.523013182749E-01  3.425437075280E-01 -4.747170605545E-01  3.425437055126E-01 -4.747170589071E-01
 -5.657646862355E-01 -4.082413480515E-01  4.003751217724E-01 -5.548632128664E-01  4.003751242193E-01 -5.548632141541E-01
 -6.506280346142E-01 -4.694765728457E-01  4.632453196382E-01 -6.419923992493E-01  4.632453179961E-01 -6.419923979701E-01
 -7.281529926949E-01 -5.254166026223E-01  5.204122022670E-01 -7.212176052129E-01  5.204122035205E-01 -7.212176043490E-01
 -7.849260889447E-01 -5.663826189007E-01  5.621602323709E-01 -7.790744607194E-01  5.621602319425E-01 -7.790744586678E-01
 -8.109284805664E-01 -5.851452805981E-01  5.812546870006E-01 -8.055366710975E-01  5.812546869771E-01 -8.055366688605E-01
 -3.709051039706E-01 -3.353049415808E-01  3.210366502141E-01 -3.551219154791E-01  3.210366461944E-01 -3.551219080570E-01
 -3.946912207468E-01 -3.568080225864E-01  3.436214690516E-01 -3.801046178835E-01  3.436214710126E-01 -3.801046200858E-01
 -4.466253472990E-01 -4.037574149868E-01  3.925746366462E-01 -4.342552641728E-01  3.925746339383E-01 -4.342552624803E-01
 -5.175425818674E-01 -4.678678813554E-01  4.588527378871E-01 -5.075702791172E-01  4.588527399539E-01 -5.075702804064E-01
 -5.951727300445E-01 -5.380469433871E-01  5.309055714613E-01 -5.872731391705E-01  5.309055697398E-01 -5.872731389361E-01
 -6.660899646129E-01 -6.021574097557E-01  5.964220815662E-01 -6.597457026083E-01  5.964220828066E-01 -6.597457036894E-01
 -7.180240911651E-01 -6.491068021561E-01  6.442677061874E-01 -7.126712145094E-01  6.442677057495E-01 -7.126712158173E-01
 -7.418102079413E-01 -6.706098831617E-01  6.661510406996E-01 -7.368779576287E-01  6.661510408534E-01 -7.368779592183E-01
 -3.535533905933E-01 -3.535533905933E-01  3.385085656472E-01 -3.385085656472E-01  3.385085654616E-01 -3.385085654616E-01
 -3.762267432790E-01 -3.762267432790E-01  3.623225309721E-01 -3.623225360317E-01  3.623225341815E-01 -3.623225341815E-01
 -4.257312832097E-01 -4.257312832097E-01  4.139398993077E-01 -4.139398975782E-01  4.139398967264E-01 -4.139398967264E-01
 -4.933308618209E-01 -4.933308618209E-01  4.838250832253E-01 -4.838250842862E-01  4.838250853950E-01 -4.838250853950E-01
 -5.673293099589E-01 -5.673293099589E-01  5.597992801206E-01 -5.597992785824E-01  5.597992781777E-01 -5.597992781777E-01
 -6.349288885701E-01 -6.349288885701E-01  6.288814241867E-01 -6.288814252170E-01  6.288814253879E-01 -6.288814253879E-01
 -6.844334285008E-01 -6.844334285008E-01  6.793309725517E-01 -6.793309715119E-01  6.793309718121E-01 -6.793309718121E-01
 -7.071067811865E-01 -7.071067811865E-01  7.024052734821E-01 -7.024052732051E-01  7.024052733329E-01 -7.024052733329E-01
 -3.535533905933E-01 -3.535533905933E-01  3.385085656472E-01 -3.385085656472E-01  3.385085654616E-01 -3.385085654616E-01
 -3.762267432790E-01 -3.762267432790E-01  3.623225309721E-01 -3.623225360317E-01  3.623225341815E-01 -3.623225341815E-01
 -4.257312832097E-01 -4.257312832097E-01  4.139398993077E-01 -4.139398975782E-01  4.139398967264E-01 -4.139398967264E-01
 -4.933308618209E-01 -4.933308618209E-01  4.838250832253E-01 -4.838250842862E-01  4.838250853950E-01 -4.838250853950E-01
 -5.673293099589E-01 -5.673293099589E-01  5.597992801206E-01 -5.597992785824E-01  5.597992781777E-01 -5.597992781777E-01
 -6.349288885701E-01 -6.349288885701E-01  6.288814241867E-01 -6.288814252170E-01  6.288814253879E-01 -6.288814253879E-01
 -6.844334285008E-01 -6.844334285008E-01  6.793309725517E-01 -6.793309715119E-01  6.793309718121E-01 -6.793309718121E-01
 -7.071067811865E-01 -7.071067811865E-01  7.024052734821E-01 -7.024052732051E-01  7.024052733329E-01 -7.024052733329E-01
 -3.353049415808E-01 -3.709051039706E-01  3.551219025698E-01 -3.210366385439E-01  3.551219080570E-01 -3.210366461944E-01
 -3.568080225864E-01 -3.946912207468E-01  3.801046195226E-01 -3.436214688386E-01  3.801046200858E-01 -3.436214710126E-01
 -4.037574149868E-01 -4.466253472990E-01  4.342552644078E-01 -3.925746345707E-01  4.342552624803E-01 -3.925746339383E-01
 -4.678678813554E-01 -5.175425818674E-01  5.075702780908E-01 -4.588527388441E-01  5.075702804064E-01 -4.588527399539E-01
 -5.380469433871E-01 -5.951727300445E-01  5.872731411820E-01 -5.309055702197E-01  5.872731389361E-01 -5.309055697398E-01
 -6.021574097557E-01 -6.660899646129E-01  6.597457033925E-01 -5.964220826839E-01  6.597457036894E-01 -5.964220828066E-01
 -6.491068021561E-01 -7.180240911651E-01  7.126712177226E-01 -6.442677057263E-01  7.126712158173E-01 -6.442677057495E-01
 -6.706098831617E-01 -7.418102079413E-01  7.368779608759E-01 -6.661510408271E-01  7.368779592183E-01 -6.661510408534E-01
 -2.925726402991E-01 -4.054642402832E-01  3.882104539132E-01 -2.801227506979E-01  3.882104428243E-01 -2.801227407119E-01
 -3.113353019965E-01 -4.314666319049E-01  4.155209237815E-01 -2.998292874448E-01  4.155209226332E-01 -2.998292854368E-01
 -3.523013182749E-01 -4.882397281547E-01  4.747170617057E-01 -3.425437071741E-01  4.747170589071E-01 -3.425437055126E-01
 -4.082413480515E-01 -5.657646862355E-01  5.548632117477E-01 -4.003751240127E-01  5.548632141541E-01 -4.003751242193E-01
 -4.694765728457E-01 -6.506280346142E-01  6.419923994536E-01 -4.632453183416E-01  6.419923979701E-01 -4.632453179961E-01
 -5.254166026223E-01 -7.281529926949E-01  7.212176020312E-01 -5.204122036868E-01  7.212176043490E-01 -5.204122035205E-01
 -5.663826189007E-01 -7.849260889447E-01  7.790744573377E-01 -5.621602319219E-01  7.790744586678E-01 -5.621602319425E-01
 -5.851452805981E-01 -8.109284805664E-01  8.055366667372E-01 -5.812546869384E-01  8.055366688605E-01 -5.812546869771E-01
 -2.286206189833E-01 -4.446713534462E-01  4.257491525777E-01 -2.188920722995E-01  4.257491681932E-01 -2.188920820053E-01
 -2.432820423025E-01 -4.731880943238E-01  4.557004781750E-01 -2.342910654437E-01  4.557004852597E-01 -2.342910695812E-01
 -2.752934976090E-01 -5.354509699132E-01  5.206207031152E-01 -2.676687535642E-01  5.206207012011E-01 -2.676687536574E-01
 -3.190058701001E-01 -6.204723469194E-01  6.085167339549E-01 -3.128590848980E-01  6.085167368720E-01 -3.128590856307E-01
 -3.668559868497E-01 -7.135417134193E-01  7.040710400793E-01 -3.619867913529E-01  7.040710379493E-01 -3.619867914960E-01
 -4.105683593408E-01 -7.985630904255E-01  7.909570717001E-01 -4.066578477573E-01  7.909570719013E-01 -4.066578473424E-01
 -4.425798146473E-01 -8.608259660149E-01  8.544085038631E-01 -4.392803790077E-01  8.544085015469E-01 -4.392803785860E-01
 -4.572412379666E-01 -8.893427068925E-01  8.834295261952E-01 -4.542010709024E-01  8.834295240009E-01 -4.542010701609E-01
 -1.527709394191E-01 -4.760893194234E-01  4.558302159457E-01 -1.462700552406E-01  4.558301994479E-01 -1.462700483800E-01
 -1.625681284201E-01 -5.066208921261E-01  4.878977107967E-01 -1.565601019961E-01  4.878977073895E-01 -1.565600992448E-01
 -1.839591128426E-01 -5.732829107945E-01  5.574048222709E-01 -1.788640382251E-01  5.574048190683E-01 -1.788640374225E-01
 -2.131689900593E-01 -6.643114180315E-01  6.515110900773E-01 -2.090615302659E-01  6.515110921130E-01 -2.090615301024E-01
 -2.451438281979E-01 -7.639565402386E-01  7.538167220710E-01 -2.418900897484E-01  7.538167203378E-01 -2.418900904043E-01
 -2.743537054146E-01 -8.549850474757E-01  8.468416286872E-01 -2.717405873779E-01  8.468416306474E-01 -2.717405876903E-01
 -2.957446898372E-01 -9.216470661440E-01  9.147761787057E-01 -2.935399094361E-01  9.147761798876E-01 -2.935399108069E-01
 -3.055418788382E-01 -9.521786388467E-01  9.458476618299E-01 -3.035103490809E-01  9.458476638544E-01 -3.035103503884E-01
 -7.982641588779E-02 -4.935866117780E-01  4.725829130502E-01 -7.642954337442E-02  4.725829261704E-01 -7.642954712660E-02
 -8.494567801117E-02 -5.252402845402E-01  5.058289788082E-01 -8.180633980772E-02  5.058289830495E-01 -8.180634118812E-02
 -9.612297144970E-02 -5.943522737960E-01  5.778906311088E-01 -9.346067421718E-02  5.778906285188E-01 -9.346067447742E-02
 -1.113858206250E-01 -6.887262717609E-01  6.754555040725E-01 -1.092395768251E-01  6.754555067132E-01 -1.092395760054E-01
 -1.280934270383E-01 -7.920335635732E-01  7.815210858485E-01 -1.263932721103E-01  7.815210837828E-01 -1.263932723669E-01
 -1.433562762137E-01 -8.864075615381E-01  8.779648565924E-01 -1.419908621219E-01  8.779648568678E-01 -1.419908606247E-01
 -1.545335696522E-01 -9.555195507939E-01  9.483961466468E-01 -1.533815218011E-01  9.483961448932E-01 -1.533815206533E-01
 -1.596528317756E-01 -9.871732235560E-01  9.806095734021E-01 -1.585913118529E-01  9.806095718037E-01 -1.585913102877E-01
 -2.517311623718E-02 -4.993659121515E-01  4.781163069590E-01 -2.410192220739E-02  4.781162988685E-01 -2.410191980156E-02
 -2.678746631225E-02 -5.313902110175E-01  5.117516237934E-01 -2.579748193811E-02  5.117516267373E-01 -2.579748210870E-02
 -3.031220563338E-02 -6.013114178165E-01  5.846570297569E-01 -2.947265436816E-02  5.846570266454E-01 -2.947265508616E-02
 -3.512531758547E-02 -6.967904207970E-01  6.833642688185E-01 -3.444850376656E-02  6.833642711916E-01 -3.444850321666E-02
 -4.039403112608E-02 -8.013073156575E-01  7.906717488662E-01 -3.985788936618E-02  7.906717474832E-01 -3.985789041766E-02
 -4.520714307816E-02 -8.967863186381E-01  8.882447584978E-01 -4.477656184815E-02  8.882447601394E-01 -4.477656173550E-02
 -4.873188239929E-02 -9.667075254371E-01  9.595007124807E-01 -4.836858459142E-02  9.595007130959E-01 -4.836858582588E-02
 -5.034623247436E-02 -9.987318243030E-01  9.920913189194E-01 -5.001148257297E-02  9.920913201521E-01 -5.001148358823E-02
 -1.081617080995E-16 -5.000000000000E-01  4.787234045177E-01 -4.060282810457E-16  4.787234042553E-01 -1.035590822229E-16
 -1.150981104084E-16 -5.320649628726E-01  5.124014408318E-01 -3.577710076690E-09  5.124014417929E-01 -1.108444303539E-16
 -1.302429109959E-16 -6.020749546417E-01  5.853994183853E-01  1.222942926569E-09  5.853994159578E-01 -1.266356015008E-16
 -1.509234816931E-16 -6.976751955244E-01  6.842319952637E-01 -7.501309904363E-10  6.842319975820E-01 -1.480154031895E-16
 -1.735616426053E-16 -8.023248044756E-01  7.916757330656E-01  1.087639694232E-09  7.916757314056E-01 -1.712579987394E-16
 -1.942422133025E-16 -8.979250453583E-01  8.893726399379E-01 -7.285300948504E-10  8.893726409081E-01 -1.923921279551E-16
 -2.093870138900E-16 -9.679350371274E-01  9.607190739874E-01  7.352323371162E-10  9.607190736767E-01 -2.078260320252E-16
 -2.163234161989E-16 -1.000000000000E+00  9.933510638449E-01  1.958677256436E-10  9.933510638298E-01 -2.148850956125E-16
 -1.081617080995E-16 -5.000000000000E-01  4.787234045177E-01 -4.060282810457E-16  4.787234042553E-01 -1.035590822229E-16
 -1.150981104084E-16 -5.320649628726E-01  5.124014408318E-01 -3.577710076690E-09  5.124014417929E-01 -1.108444303539E-16
 -1.302429109959E-16 -6.020749546417E-01  5.853994183853E-01  1.222942926569E-09  5.853994159578E-01 -1.266356015008E-16
 -1.509234816931E-16 -6.976751955244E-01  6.842319952637E-01 -7.501309904363E-10  6.842319975820E-01 -1.480154031895E-16
 -1.735616426053E-16 -8.023248044756E-01  7.916757330656E-01  1.087639694232E-09  7.916757314056E-01 -1.712579987394E-16
 -1.942422133025E-16 -8.979250453583E-01  8.893726399379E-01 -7.285300948504E-10  8.893726409081E-01 -1.923921279551E-16
 -2.093870138900E-16 -9.679350371274E-01  9.607190739874E-01  7.352323371162E-10  9.607190736767E-01 -2.078260320252E-16
 -2.163234161989E-16 -1.000000000000E+00  9.933510638449E-01  1.958677256436E-10  9.933510638298E-01 -2.148850956125E-16
  2.517311623718E-02 -4.993659121515E-01  4.781162895788E-01  2.410192133125E-02  4.781162988685E-01  2.410191980156E-02
  2.678746631225E-02 -5.313902110175E-01  5.117516248018E-01  2.579748324770E-02  5.117516267373E-01  2.579748210870E-02
  3.031220563338E-02 -6.013114178165E-01  5.846570284554E-01  2.947265600193E-02  5.846570266454E-01  2.947265508616E-02
  3.512531758546E-02 -6.967904207970E-01  6.833642687694E-01  3.444850236407E-02  6.833642711916E-01  3.444850321666E-02
  4.039403112607E-02 -8.013073156575E-01  7.906717494105E-01  3.985789166645E-02  7.906717474832E-01  3.985789041766E-02
  4.520714307816E-02 -8.967863186381E-01  8.882447598427E-01  4.477656161232E-02  8.882447601394E-01  4.477656173550E-02
  4.873188239929E-02 -9.667075254371E-01  9.595007144267E-01  4.836858718958E-02  9.595007130959E-01  4.836858582588E-02
  5.034623247436E-02 -9.987318243030E-01  9.920913213055E-01  5.001148477896E-02  9.920913201521E-01  5.001148358823E-02
  7.982641588779E-02 -4.935866117780E-01  4.725829410727E-01  7.642954790643E-02  4.725829261704E-01  7.642954712660E-02
  8.494567801117E-02 -5.252402845402E-01  5.058289852813E-01  8.180634058027E-02  5.058289830495E-01  8.180634118812E-02
  9.612297144970E-02 -5.943522737960E-01  5.778906316726E-01  9.346067528143E-02  5.778906285188E-01  9.346067447742E-02
  1.113858206250E-01 -6.887262717609E-01  6.754555048655E-01  1.092395744499E-01  6.754555067132E-01  1.092395760054E-01
  1.280934270383E-01 -7.920335635732E-01  7.815210850761E-01  1.263932731716E-01  7.815210837828E-01  1.263932723669E-01
  1.433562762137E-01 -8.864075615381E-01  8.779648553465E-01  1.419908588681E-01  8.779648568678E-01  1.419908606247E-01
  1.545335696522E-01 -9.555195507939E-01  9.483961439381E-01  1.533815197274E-01  9.483961448932E-01  1.533815206533E-01
  1.596528317756E-01 -9.871732235560E-01  9.806095702749E-01  1.585913088137E-01  9.806095718037E-01  1.585913102877E-01
  1.527709394191E-01 -4.760893194234E-01  4.558301815430E-01  1.462700442012E-01  4.558301994479E-01  1.462700483800E-01
  1.625681284201E-01 -5.066208921261E-01  4.878976994542E-01  1.565600971608E-01  4.878977073895E-01  1.565600992448E-01
  1.839591128426E-01 -5.732829107945E-01  5.574048203559E-01  1.788640388419E-01  5.574048190683E-01  1.788640374225E-01
  2.131689900593E-01 -6.643114180315E-01  6.515110895322E-01  2.090615285578E-01  6.515110921130E-01  2.090615301024E-01
  2.451438281979E-01 -7.639565402386E-01  7.538167217427E-01  2.418900920115E-01  7.538167203378E-01  2.418900904043E-01
  2.743537054146E-01 -8.549850474757E-01  8.468416307986E-01  2.717405872547E-01  8.468416306474E-01  2.717405876903E-01
  2.957446898372E-01 -9.216470661440E-01  9.147761818236E-01  2.935399121465E-01  9.147761798876E-01  2.935399108069E-01
  3.055418788382E-01 -9.521786388467E-01  9.458476659303E-01  3.035103514158E-01  9.458476638544E-01  3.035103503884E-01
  2.286206189833E-01 -4.446713534462E-01  4.257491847101E-01  2.188920888198E-01  4.257491681932E-01  2.188920820053E-01
  2.432820423025E-01 -4.731880943238E-01  4.557004896145E-01  2.342910700451E-01  4.557004852597E-01  2.342910695812E-01
  2.752934976090E-01 -5.354509699132E-01  5.206207040332E-01  2.676687553544E-01  5.206207012011E-01  2.676687536574E-01
  3.190058701001E-01 -6.204723469194E-01  6.085167355481E-01  3.128590840756E-01  6.085167368720E-01  3.128590856307E-01
  3.668559868497E-01 -7.135417134193E-01  7.040710387112E-01  3.619867931853E-01  7.040710379493E-01  3.619867914960E-01
  4.105683593408E-01 -7.985630904255E-01  7.909570702943E-01  4.066578461773E-01  7.909570719013E-01  4.066578473424E-01
  4.425798146473E-01 -8.608259660149E-01  8.544084997419E-01  4.392803787195E-01  8.544085015469E-01  4.392803785860E-01
  4.572412379666E-01 -8.893427068925E-01  8.834295216447E-01  4.542010696539E-01  8.834295240009E-01  4.542010701609E-01
  2.925726402991E-01 -4.054642402832E-01  3.882104308937E-01  2.801227340876E-01  3.882104428243E-01  2.801227407119E-01
  3.113353019965E-01 -4.314666319049E-01  4.155209186581E-01  2.998292834139E-01  4.155209226332E-01  2.998292854368E-01
  3.523013182749E-01 -4.882397281547E-01  4.747170605545E-01  3.425437075280E-01  4.747170589071E-01  3.425437055126E-01
  4.082413480515E-01 -5.657646862355E-01  5.548632128664E-01  4.003751217724E-01  5.548632141541E-01  4.003751242193E-01
  4.694765728457E-01 -6.506280346142E-01  6.419923992493E-01  4.632453196382E-01  6.419923979701E-01  4.632453179961E-01
  5.254166026223E-01 -7.281529926949E-01  7.212176052129E-01  5.204122022670E-01  7.212176043490E-01  5.204122035205E-01
  5.663826189007E-01 -7.849260889447E-01  7.790744607194E-01  5.621602323709E-01  7.790744586678E-01  5.621602319425E-01
  5.851452805981E-01 -8.109284805664E-01  8.055366710975E-01  5.812546870006E-01  8.055366688605E-01  5.812546869771E-01
  3.353049415808E-01 -3.709051039706E-01  3.551219154791E-01  3.210366502141E-01  3.551219080570E-01  3.210366461944E-01
  3.568080225864E-01 -3.946912207468E-01  3.801046178835E-01  3.436214690516E-01  3.801046200858E-01  3.436214710126E-01
  4.037574149868E-01 -4.466253472990E-01  4.342552641728E-01  3.925746366462E-01  4.342552624803E-01  3.925746339383E-01
  4.678678813554E-01 -5.175425818674E-01  5.075702791172E-01  4.588527378871E-01  5.075702804064E-01  4.588527399539E-01
  5.380469433871E-01 -5.951727300445E-01  5.872731391705E-01  5.309055714613E-01  5.872731389361E-01  5.309055697398E-01
  6.021574097557E-01 -6.660899646129E-01  6.597457026083E-01  5.964220815662E-01  6.597457036894E-01  5.964220828066E-01
  6.491068021561E-01 -7.180240911651E-01  7.126712145094E-01  6.442677061874E-01  7.126712158173E-01  6.442677057495E-01
  6.706098831617E-01 -7.418102079413E-01  7.368779576287E-01  6.661510406996E-01  7.368779592183E-01  6.661510408534E-01
  3.535533905933E-01 -3.535533905933E-01  3.385085656472E-01  3.385085656472E-01  3.385085654616E-01  3.385085654616E-01
  3.762267432790E-01 -3.762267432790E-01  3.623225360317E-01  3.623225309721E-01  3.623225341815E-01  3.623225341815E-01
  4.257312832097E-01 -4.257312832097E-01  4.139398975782E-01  4.139398993077E-01  4.139398967264E-01  4.139398967264E-01
  4.933308618209E-01 -4.933308618209E-01  4.838250842862E-01  4.838250832253E-01  4.838250853950E-01  4.838250853950E-01
  5.673293099589E-01 -5.673293099589E-01  5.597992785824E-01  5.597992801206E-01  5.597992781777E-01  5.597992781777E-01
  6.349288885701E-01 -6.349288885701E-01  6.288814252170E-01  6.288814241867E-01  6.288814253879E-01  6.288814253879E-01
  6.844334285008E-01 -6.844334285008E-01  6.793309715119E-01  6.793309725517E-01  6.793309718121E-01  6.793309718121E-01
  7.071067811865E-01 -7.071067811865E-01  7.024052732051E-01  7.024052734821E-01  7.024052733329E-01  7.024052733329E-01
  3.535533905933E-01 -3.535533905933E-01  3.385085656472E-01  3.385085656472E-01  3.385085654616E-01  3.385085654616E-01
  3.762267432790E-01 -3.762267432790E-01  3.623225360317E-01  3.623225309721E-01  3.623225341815E-01  3.623225341815E-01
  4.257312832097E-01 -4.257312832097E-01  4.139398975782E-01  4.139398993077E-01  4.139398967264E-01  4.139398967264E-01
  4.933308618209E-01 -4.933308618209E-01  4.838250842862E-01  4.838250832253E-01  4.838250853950E-01  4.838250853950E-01
  5.673293099589E-01 -5.673293099589E-01  5.597992785824E-01  5.597992801206E-01  5.597992781777E-01  5.597992781777E-01
  6.349288885701E-01 -6.349288885701E-01  6.288814252170E-01  6.288814241867E-01  6.288814253879E-01  6.288814253879E-01
  6.844334285008E-01 -6.844334285008E-01  6.793309715119E-01  6.793309725517E-01  6.793309718121E-01  6.793309718121E-01
  7.071067811865E-01 -7.071067811865E-01  7.024052732051E-01  7.024052734821E-01  7.024052733329E-01  7.024052733329E-01
  3.709051039706E-01 -3.353049415808E-01  3.210366385439E-01  3.551219025698E-01  3.210366461944E-01  3.551219080570E-01
  3.946912207468E-01 -3.568080225864E-01  3.436214688386E-01  3.801046195226E-01  3.436214710126E-01  3.801046200858E-01
  4.466253472990E-01 -4.037574149868E-01  3.925746345707E-01  4.342552644078E-01  3.925746339383E-01  4.342552624803E-01
  5.175425818674E-01 -4.678678813554E-01  4.588527388441E-01  5.075702780908E-01  4.588527399539E-01  5.075702804064E-01
  5.951727300445E-01 -5.380469433871E-01  5.309055702197E-01  5.872731411820E-01  5.309055697398E-01  5.872731389361E-01
  6.660899646129E-01 -6.021574097557E-01  5.964220826839E-01  6.597457033925E-01  5.964220828066E-01  6.597457036894E-01
  7.180240911651E-01 -6.491068021561E-01  6.442677057263E-01  7.126712177226E-01  6.442677057495E-01  7.126712158173E-01
  7.418102079413E-01 -6.706098831617E-01  6.661510408271E-01  7.368779608759E-01  6.661510408534E-01  7.368779592183E-01
  4.054642402832E-01 -2.925726402991E-01  2.801227506979E-01  3.882104539132E-01  2.801227407119E-01  3.882104428243E-01
  4.314666319049E-01 -3.113353019965E-01  2.998292874448E-01  4.155209237815E-01  2.998292854368E-01  4.155209226332E-01
  4.882397281547E-01 -3.523013182749E-01  3.425437071741E-01  4.747170617057E-01  3.425437055126E-01  4.747170589071E-01
  5.657646862355E-01 -4.082413480515E-01  4.003751240127E-01  5.548632117477E-01  4.003751242193E-01  5.548632141541E-01
  6.506280346142E-01 -4.694765728457E-01  4.632453183416E-01  6.419923994536E-01  4.632453179961E-01  6.419923979701E-01
  7.281529926949E-01 -5.254166026223E-01  5.204122036868E-01  7.212176020312E-01  5.204122035205E-01  7.212176043490E-01
  7.849260889447E-01 -5.663826189007E-01  5.621602319219E-01  7.790744573377E-01  5.621602319425E-01  7.790744586678E-01
  8.109284805664E-01 -5.851452805981E-01  5.812546869384E-01  8.055366667372E-01  5.812546869771E-01  8.055366688605E-01
  4.446713534462E-01 -2.286206189833E-01  2.188920722995E-01  4.257491525777E-01  2.188920820053E-01  4.257491681932E-01
  4.731880943238E-01 -2.432820423025E-01  2.342910654437E-01  4.557004781750E-01  2.342910695812E-01  4.557004852597E-01
  5.354509699132E-01 -2.752934976090E-01  2.676687535642E-01  5.206207031152E-01  2.676687536574E-01  5.206207012011E-01
  6.204723469194E-01 -3.190058701001E-01  3.128590848980E-01  6.085167339549E-01  3.128590856307E-01  6.085167368720E-01
  7.135417134193E-01 -3.668559868497E-01  3.619867913529E-01  7.040710400793E-01  3.619867914960E-01  7.040710379493E-01
  7.985630904255E-01 -4.105683593408E-01  4.066578477573E-01  7.909570717001E-01  4.066578473424E-01  7.909570719013E-01
  8.608259660149E-01 -4.425798146473E-01  4.392803790077E-01  8.544085038631E-01  4.392803785860E-01  8.544085015469E-01
  8.893427068925E-01 -4.572412379666E-01  4.542010709024E-01  8.834295261952E-01  4.542010701609E-01  8.834295240009E-01
  4.760893194234E-01 -1.527709394191E-01  1.462700552406E-01  4.558302159457E-01  1.462700483800E-01  4.558301994479E-01
  5.066208921261E-01 -1.625681284201E-01  1.565601019961E-01  4.878977107967E-01  1.565600992448E-01  4.878977073895E-01
  5.732829107945E-01 -1.839591128426E-01  1.788640382251E-01  5.574048222709E-01  1.788640374225E-01  5.574048190683E-01
  6.643114180315E-01 -2.131689900593E-01  2.090615302659E-01  6.515110900773E-01  2.090615301024E-01  6.515110921130E-01
  7.639565402386E-01 -2.451438281979E-01  2.418900897484E-01  7.538167220710E-01  2.418900904043E-01  7.538167203378E-01
  8.549850474757E-01 -2.743537054146E-01  2.717405873779E-01  8.468416286872E-01  2.717405876903E-01  8.468416306474E-01
  9.216470661440E-01 -2.957446898372E-01  2.935399094361E-01  9.147761787057E-01  2.935399108069E-01  9.147761798876E-01
  9.521786388467E-01 -3.055418788382E-01  3.035103490809E-01  9.458476618299E-01  3.035103503884E-01  9.458476638544E-01
  4.935866117780E-01 -7.982641588779E-02  7.642954337442E-02  4.725829130502E-01  7.642954712660E-02  4.725829261704E-01
  5.252402845402E-01 -8.494567801117E-02  8.180633980772E-02  5.058289788082E-01  8.180634118812E-02  5.058289830495E-01
  5.943522737960E-01 -9.612297144970E-02  9.346067421718E-02  5.778906311088E-01  9.346067447742E-02  5.778906285188E-01
  6.887262717609E-01 -1.113858206250E-01  1.092395768251E-01  6.754555040725E-01  1.092395760054E-01  6.754555067132E-01
  7.920335635732E-01 -1.280934270383E-01  1.263932721103E-01  7.815210858485E-01  1.263932723669E-01  7.815210837828E-01
  8.864075615381E-01 -1.433562762137E-01  1.419908621219E-01  8.779648565924E-01  1.419908606247E-01  8.779648568678E-01
  9.555195507939E-01 -1.545335696522E-01  1.533815218011E-01  9.483961466468E-01  1.533815206533E-01  9.483961448932E-01
  9.871732235560E-01 -1.596528317756E-01  1.585913118529E-01  9.806095734021E-01  1.585913102877E-01  9.806095718037E-01
  4.993659121515E-01 -2.517311623718E-02  2.410192220739E-02  4.781163069590E-01  2.410191980156E-02  4.781162988685E-01
  5.313902110175E-01 -2.678746631225E-02  2.579748193812E-02  5.117516237934E-01  2.579748210870E-02  5.117516267373E-01
  6.013114178165E-01 -3.031220563338E-02  2.947265436816E-02  5.846570297569E-01  2.947265508616E-02  5.846570266454E-01
  6.967904207970E-01 -3.512531758546E-02  3.444850376656E-02  6.833642688185E-01  3.444850321666E-02  6.833642711916E-01
  8.013073156575E-01 -4.039403112607E-02  3.985788936618E-02  7.906717488662E-01  3.985789041766E-02  7.906717474832E-01
  8.967863186381E-01 -4.520714307816E-02  4.477656184815E-02  8.882447584978E-01  4.477656173550E-02  8.882447601394E-01
  9.667075254371E-01 -4.873188239929E-02  4.836858459142E-02  9.595007124807E-01  4.836858582588E-02  9.595007130959E-01
  9.987318243030E-01 -5.034623247436E-02  5.001148257297E-02  9.920913189194E-01  5.001148358823E-02  9.920913201521E-01
  5.000000000000E-01  1.387778780781E-17 -2.063976960910E-15  4.787234045177E-01 -1.328724364578E-17  4.787234042553E-01
  5.320649628726E-01  1.476776930944E-17  3.577709672026E-09  5.124014408318E-01 -1.422199696324E-17  5.124014417929E-01
  6.020749546417E-01  1.671093692983E-17 -1.222942686822E-09  5.853994183853E-01 -1.624809775496E-17  5.853994159578E-01
  6.976751955244E-01  1.936437664453E-17  7.501311375267E-10  6.842319952637E-01 -1.899125294752E-17  6.842319975820E-01
  8.023248044756E-01  2.226898677892E-17 -1.087639736487E-09  7.916757330656E-01 -2.197341562609E-17  7.916757314056E-01
  8.979250453583E-01  2.492242649361E-17  7.285299260906E-10  8.893726399379E-01 -2.468504958520E-17  8.893726409081E-01
  9.679350371274E-01  2.686559411401E-17 -7.352326021976E-10  9.607190739874E-01 -2.666531089481E-17  9.607190736767E-01
  1.000000000000E+00  2.775557561563E-17 -1.958681062990E-10  9.933510638449E-01 -2.757103056499E-17  9.933510638298E-01
  1.000000000000E+00  2.775557561563E-17 -1.958681062990E-10  9.933510638449E-01 -2.757103056499E-17  9.933510638298E-01
  1.032064962873E+00  2.953553861887E-17 -2.114073877178E-10  1.025958418350E+00 -2.936078209997E-17  1.025958418397E+00
  1.102074954642E+00  3.342187385967E-17 -2.198614490485E-10  1.097077462758E+00 -3.327031834010E-17  1.097077462788E+00
  1.197675195524E+00  3.872875328905E-17  3.238116810867E-10  1.194053044635E+00 -3.861162521649E-17  1.194053044660E+00
  1.302324804476E+00  4.453797355784E-17  1.630981381829E-09  1.300062279016E+00 -4.446059785140E-17  1.300062278956E+00
  1.397925045358E+00  4.984485298722E-17  2.790975136697E-09  1.396799495886E+00 -4.980472004106E-17  1.396799495834E+00
  1.467935037127E+00  5.373118822801E-17  1.303860141616E-09  1.467590194926E+00 -5.371856588277E-17  1.467590194896E+00
  1.500000000000E+00  5.551115123126E-17 -5.551115123126E-17  1.500000000000E+00 -5.551115123126E-17  1.500000000000E+00
  9.987318243030E-01  5.034623247436E-02 -5.001148477896E-02  9.920913213055E-01 -5.001148358823E-02  9.920913201521E-01
  1.030756123169E+00  5.196058254943E-02 -5.165314238714E-02  1.024657324186E+00 -5.165314104162E-02  1.024657322864E+00
  1.100677329968E+00  5.548532187056E-02 -5.523371876029E-02  1.095686177495E+00 -5.523371698389E-02  1.095686175812E+00
  1.196156332949E+00  6.029843382264E-02 -6.011607423188E-02  1.192538777633E+00 -6.011607217317E-02  1.192538775608E+00
  1.300673227809E+00  6.556714736325E-02 -6.545323961062E-02  1.298413573666E+00 -6.545323772748E-02  1.298413571570E+00
  1.396152230790E+00  7.038025931534E-02 -7.032359296778E-02  1.395028110730E+00 -7.032359213732E-02  1.395028108660E+00
  1.466073437589E+00  7.390499863647E-02 -7.388763718685E-02  1.465729034234E+00 -7.388763712933E-02  1.465729032678E+00
  1.498097736455E+00  7.551934871154E-02 -7.551934871154E-02  1.498097736455E+00 -7.551934871154E-02  1.498097736455E+00
  9.871732235560E-01  1.596528317756E-01 -1.585913088137E-01  9.806095702749E-01 -1.585913102877E-01  9.806095718037E-01
  1.018826896318E+00  1.647720938990E-01 -1.637971651155E-01  1.012798677277E+00 -1.637971667810E-01  1.012798679123E+00
  1.087938885574E+00  1.759493873375E-01 -1.751515216207E-01  1.083005492795E+00 -1.751515236112E-01  1.083005495431E+00
  1.182312883539E+00  1.912122365128E-01 -1.906339475446E-01  1.178737189099E+00 -1.906339498702E-01  1.178737193194E+00
  1.285620175351E+00  2.079198429261E-01 -2.075586224534E-01  1.283386664692E+00 -2.075586243200E-01  1.283386670741E+00
  1.379994173316E+00  2.231826921014E-01 -2.230029940113E-01  1.378883053950E+00 -2.230029949326E-01  1.378883060964E+00
  1.449106162572E+00  2.343599855400E-01 -2.343049303774E-01  1.448765739392E+00 -2.343049305012E-01  1.448765743555E+00
  1.480759835334E+00  2.394792476634E-01 -2.394792476634E-01  1.480759835334E+00 -2.394792476634E-01  1.480759835334E+00
  9.521786388467E-01  3.055418788382E-01 -3.035103514158E-01  9.458476659303E-01 -3.035103503884E-01  9.458476638544E-01
  9.827102115494E-01  3.153390678391E-01 -3.134732639491E-01  9.768956929008E-01 -3.134732627667E-01  9.768956903422E-01
  1.049372230218E+00  3.367300522617E-01 -3.352031108458E-01  1.044613729037E+00 -3.352031092112E-01  1.044613725227E+00
  1.140400737455E+00  3.659399294784E-01 -3.648332128659E-01  1.136951808779E+00 -3.648332106978E-01  1.136951802775E+00
  1.240045859662E+00  3.979147676170E-01 -3.972234741526E-01  1.237891539958E+00 -3.972234713190E-01  1.237891531193E+00
  1.331074366899E+00  4.271246448337E-01 -4.267807450243E-01  1.330002652396E+00 -4.267807423173E-01  1.330002642685E+00
  1.397736385567E+00  4.485156292563E-01 -4.484102669539E-01  1.397408039595E+00 -4.484102655131E-01  1.397408034161E+00
  1.428267958270E+00  4.583128182573E-01 -4.583128182573E-01  1.428267958270E+00 -4.583128182573E-01  1.428267958270E+00
  8.893427068925E-01  4.572412379666E-01 -4.542010696539E-01  8.834295216447E-01 -4.542010701609E-01  8.834295240009E-01
  9.178594477700E-01  4.719026612858E-01 -4.691104966214E-01  9.124286341465E-01 -4.691104973299E-01  9.124286369759E-01
  9.801223233594E-01  5.039141165923E-01 -5.016290560385E-01  9.756778364123E-01 -5.016290572303E-01  9.756778404264E-01
  1.065143700366E+00  5.476264890834E-01 -5.459702899904E-01  1.061922360960E+00 -5.459702923380E-01  1.061922366911E+00
  1.158213066866E+00  5.954766058330E-01 -5.944420819749E-01  1.156200898060E+00 -5.944420858636E-01  1.156200906296E+00
  1.243234443872E+00  6.391889783241E-01 -6.386743258278E-01  1.242233435848E+00 -6.386743306661E-01  1.242233444611E+00
  1.305497319461E+00  6.712004336306E-01 -6.710427547342E-01  1.305190631695E+00 -6.710427575419E-01  1.305190636538E+00
  1.334014060339E+00  6.858618569498E-01 -6.858618569498E-01  1.334014060339E+00 -6.858618569498E-01  1.334014060339E+00
  8.109284805664E-01  5.851452805981E-01 -5.812546870006E-01  8.055366710975E-01 -5.812546869771E-01  8.055366688605E-01
  8.369308721881E-01  6.039079422956E-01 -6.003347266943E-01  8.319789039533E-01 -6.003347266147E-01  8.319789013546E-01
  8.937039684379E-01  6.448739585740E-01 -6.419497001792E-01  8.896513633784E-01 -6.419496998008E-01  8.896513599621E-01
  9.712289265187E-01  7.008139883505E-01 -6.986945049346E-01  9.682916258138E-01 -6.986945038666E-01  9.682916212218E-01
  1.056092274897E+00  7.620492131448E-01 -7.607253097566E-01  1.054257534063E+00 -7.607253070149E-01  1.054257528516E+00
  1.133617232978E+00  8.179892429213E-01 -8.173306370770E-01  1.132704498287E+00 -8.173306329290E-01  1.132704492812E+00
  1.190390329228E+00  8.589552591997E-01 -8.587534792284E-01  1.190110689839E+00 -8.587534763956E-01  1.190110686841E+00
  1.216392720850E+00  8.777179208972E-01 -8.777179208972E-01  1.216392720850E+00 -8.777179208972E-01  1.216392720850E+00
  7.418102079413E-01  6.706098831617E-01 -6.661510406996E-01  7.368779576287E-01 -6.661510408534E-01  7.368779592183E-01
  7.655963247174E-01  6.921129641672E-01 -6.880178549274E-01  7.610664258753E-01 -6.880178550896E-01  7.610664276899E-01
  8.175304512697E-01  7.390623565677E-01 -7.357109890160E-01  8.138232584838E-01 -7.357109891394E-01  8.138232607983E-01
  8.884476858381E-01  8.031728229362E-01 -8.007437725843E-01  8.857607346183E-01 -8.007437727682E-01  8.857607373521E-01
  9.660778340152E-01  8.733518849679E-01 -8.718346127966E-01  9.643994668868E-01 -8.718346129938E-01  9.643994694892E-01
  1.036995068584E+00  9.374623513365E-01 -9.367075458639E-01  1.036160122536E+00 -9.367075467014E-01  1.036160124457E+00
  1.088929195136E+00  9.844117437369E-01 -9.841804880803E-01  1.088673386542E+00 -9.841804891285E-01  1.088673387649E+00
  1.112715311912E+00  1.005914824742E+00 -1.005914824742E+00  1.112715311912E+00 -1.005914824742E+00  1.112715311912E+00
  7.071067811865E-01  7.071067811865E-01 -7.024052734821E-01  7.024052732051E-01 -7.024052733329E-01  7.024052733329E-01
  7.297801338723E-01  7.297801338723E-01 -7.254621549805E-01  7.254621546816E-01 -7.254621548636E-01  7.254621548636E-01
  7.792846738030E-01  7.792846738030E-01 -7.757509135582E-01  7.757509132473E-01 -7.757509134242E-01  7.757509134242E-01
  8.468842524142E-01  8.468842524142E-01 -8.443230047290E-01  8.443230051869E-01 -8.443230049755E-01  8.443230049755E-01
  9.208827005522E-01  9.208827005522E-01 -9.192828523037E-01  9.192828546102E-01 -9.192828534149E-01  9.192828534149E-01
  9.884822791634E-01  9.884822791634E-01 -9.876863935254E-01  9.876863974724E-01 -9.876863954621E-01  9.876863954621E-01
  1.037986819094E+00  1.037986819094E+00 -1.037742977913E+00  1.037742979757E+00 -1.037742978814E+00  1.037742978814E+00
  1.060660171780E+00  1.060660171780E+00 -1.060660171780E+00  1.060660171780E+00 -1.060660171780E+00  1.060660171780E+00
  7.071067811865E-01  7.071067811865E-01 -7.024052734821E-01  7.024052732051E-01 -7.024052733329E-01  7.024052733329E-01
  7.297801338723E-01  7.297801338723E-01 -7.254621549805E-01  7.254621546816E-01 -7.254621548636E-01  7.254621548636E-01
  7.792846738030E-01  7.792846738030E-01 -7.757509135582E-01  7.757509132473E-01 -7.757509134242E-01  7.757509134242E-01
  8.468842524142E-01  8.468842524142E-01 -8.443230047290E-01  8.443230051869E-01 -8.443230049755E-01  8.443230049755E-01
  9.208827005522E-01  9.208827005522E-01 -9.192828523037E-01  9.192828546102E-01 -9.192828534149E-01  9.192828534149E-01
  9.884822791634E-01  9.884822791634E-01 -9.876863935254E-01  9.876863974724E-01 -9.876863954621E-01  9.876863954621E-01
  1.037986819094E+00  1.037986819094E+00 -1.037742977913E+00  1.037742979757E+00 -1.037742978814E+00  1.037742978814E+00
  1.060660171780E+00  1.060660171780E+00 -1.060660171780E+00  1.060660171780E+00 -1.060660171780E+00  1.060660171780E+00
  6.706098831617E-01  7.418102079413E-01 -7.368779608759E-01  6.661510408271E-01 -7.368779592183E-01  6.661510408534E-01
  6.921129641672E-01  7.655963247174E-01 -7.610664295759E-01  6.880178550729E-01 -7.610664276899E-01  6.880178550896E-01
  7.390623565677E-01  8.175304512697E-01 -8.138232632445E-01  7.357109890734E-01 -8.138232607983E-01  7.357109891394E-01
  8.031728229362E-01  8.884476858381E-01 -8.857607402396E-01  8.007437727443E-01 -8.857607373521E-01  8.007437727682E-01
  8.733518849679E-01  9.660778340152E-01 -9.643994723033E-01  8.718346131448E-01 -9.643994694892E-01  8.718346129938E-01
  9.374623513365E-01  1.036995068584E+00 -1.036160126508E+00  9.367075475781E-01 -1.036160124457E+00  9.367075467014E-01
  9.844117437369E-01  1.088929195136E+00 -1.088673388789E+00  9.841804901879E-01 -1.088673387649E+00  9.841804891285E-01
  1.005914824742E+00  1.112715311912E+00 -1.112715311912E+00  1.005914824742E+00 -1.112715311912E+00  1.005914824742E+00
  5.851452805981E-01  8.109284805664E-01 -8.055366667372E-01  5.812546869384E-01 -8.055366688605E-01  5.812546869771E-01
  6.039079422956E-01  8.369308721881E-01 -8.319788988714E-01  6.003347264868E-01 -8.319789013546E-01  6.003347266147E-01
  6.448739585740E-01  8.937039684379E-01 -8.896513566909E-01  6.419496993446E-01 -8.896513599621E-01  6.419496998008E-01
  7.008139883505E-01  9.712289265187E-01 -9.682916166816E-01  6.986945026153E-01 -9.682916212218E-01  6.986945038666E-01
  7.620492131448E-01  1.056092274897E+00 -1.054257522919E+00  7.607253040577E-01 -1.054257528516E+00  7.607253070149E-01
  8.179892429213E-01  1.133617232978E+00 -1.132704487202E+00  8.173306286210E-01 -1.132704492812E+00  8.173306329290E-01
  8.589552591997E-01  1.190390329228E+00 -1.190110683810E+00  8.587534735395E-01 -1.190110686841E+00  8.587534763956E-01
  8.777179208972E-01  1.216392720850E+00 -1.216392720850E+00  8.777179208972E-01 -1.216392720850E+00  8.777179208972E-01
  4.572412379666E-01  8.893427068925E-01 -8.834295261952E-01  4.542010709024E-01 -8.834295240009E-01  4.542010701609E-01
  4.719026612858E-01  9.178594477700E-01 -9.124286396211E-01  4.691104983030E-01 -9.124286369759E-01  4.691104973299E-01
  5.039141165923E-01  9.801223233594E-01 -9.756778442766E-01  5.016290587688E-01 -9.756778404264E-01  5.016290572303E-01
  5.476264890834E-01  1.065143700366E+00 -1.061922372689E+00  5.459702950503E-01 -1.061922366911E+00  5.459702923380E-01
  5.954766058330E-01  1.158213066866E+00 -1.156200914497E+00  5.944420900577E-01 -1.156200906296E+00  5.944420858636E-01
  6.391889783241E-01  1.243234443872E+00 -1.242233453392E+00  6.386743356188E-01 -1.242233444611E+00  6.386743306661E-01
  6.712004336306E-01  1.305497319461E+00 -1.305190641399E+00  6.710427603655E-01 -1.305190636538E+00  6.710427575419E-01
  6.858618569498E-01  1.334014060339E+00 -1.334014060339E+00  6.858618569498E-01 -1.334014060339E+00  6.858618569498E-01
  3.055418788382E-01  9.521786388467E-01 -9.458476618299E-01  3.035103490809E-01 -9.458476638544E-01  3.035103503884E-01
  3.153390678391E-01  9.827102115494E-01 -9.768956878405E-01  3.134732612670E-01 -9.768956903422E-01  3.134732627667E-01
  3.367300522617E-01  1.049372230218E+00 -1.044613721546E+00  3.352031072155E-01 -1.044613725227E+00  3.352031092112E-01
  3.659399294784E-01  1.140400737455E+00 -1.136951796907E+00  3.648332081499E-01 -1.136951802775E+00  3.648332106978E-01
  3.979147676170E-01  1.240045859662E+00 -1.237891522619E+00  3.972234682451E-01 -1.237891531193E+00  3.972234713190E-01
  4.271246448337E-01  1.331074366899E+00 -1.330002633067E+00  4.267807395420E-01 -1.330002642685E+00  4.267807423173E-01
  4.485156292563E-01  1.397736385567E+00 -1.397408028751E+00  4.484102640741E-01 -1.397408034161E+00  4.484102655131E-01
  4.583128182573E-01  1.428267958270E+00 -1.428267958270E+00  4.583128182573E-01 -1.428267958270E+00  4.583128182573E-01
  1.596528317756E-01  9.871732235560E-01 -9.806095734021E-01  1.585913118529E-01 -9.806095718037E-01  1.585913102877E-01
  1.647720938990E-01  1.018826896318E+00 -1.012798681017E+00  1.637971685622E-01 -1.012798679123E+00  1.637971667810E-01
  1.759493873375E-01  1.087938885574E+00 -1.083005498114E+00  1.751515257594E-01 -1.083005495431E+00  1.751515236112E-01
  1.912122365128E-01  1.182312883539E+00 -1.178737197196E+00  1.906339523621E-01 -1.178737193194E+00  1.906339498702E-01
  2.079198429261E-01  1.285620175351E+00 -1.283386676602E+00  2.075586263039E-01 -1.283386670741E+00  2.075586243200E-01
  2.231826921014E-01  1.379994173316E+00 -1.378883067768E+00  2.230029958704E-01 -1.378883060964E+00  2.230029949326E-01
  2.343599855400E-01  1.449106162572E+00 -1.448765747678E+00  2.343049306177E-01 -1.448765743555E+00  2.343049305012E-01
  2.394792476634E-01  1.480759835334E+00 -1.480759835334E+00  2.394792476634E-01 -1.480759835334E+00  2.394792476634E-01
  5.034623247436E-02  9.987318243030E-01 -9.920913189194E-01  5.001148257297E-02 -9.920913201521E-01  5.001148358823E-02
  5.196058254943E-02  1.030756123169E+00 -1.024657321466E+00  5.165313987327E-02 -1.024657322864E+00  5.165314104162E-02
  5.548532187056E-02  1.100677329968E+00 -1.095686174088E+00  5.523371543456E-02 -1.095686175812E+00  5.523371698389E-02
  6.029843382264E-02  1.196156332949E+00 -1.192538773545E+00  6.011607037007E-02 -1.192538775608E+00  6.011607217317E-02
  6.556714736325E-02  1.300673227809E+00 -1.298413569590E+00  6.545323602675E-02 -1.298413571570E+00  6.545323772748E-02
  7.038025931534E-02  1.396152230790E+00 -1.395028106709E+00  7.032359137155E-02 -1.395028108660E+00  7.032359213732E-02
  7.390499863647E-02  1.466073437589E+00 -1.465729031154E+00  7.388763708818E-02 -1.465729032678E+00  7.388763712933E-02
  7.551934871154E-02  1.498097736455E+00 -1.498097736455E+00  7.551934871154E-02 -1.498097736455E+00  7.551934871154E-02
  6.123233995737E-17  1.000000000000E+00 -9.933510638449E-01 -1.958684600768E-10 -9.933510638298E-01  6.082521003744E-17
  7.031560467768E-17  1.032064962873E+00 -1.025958418350E+00 -2.114075514787E-10 -1.025958418397E+00  6.989955977473E-17
  9.014782125728E-17  1.102074954642E+00 -1.097077462758E+00 -2.198614692074E-10 -1.097077462788E+00  8.973903508490E-17
  1.172291654245E-16  1.197675195524E+00 -1.194053044635E+00  3.238114634480E-10 -1.194053044660E+00  1.168746271286E-16
  1.468739869314E-16  1.302324804476E+00 -1.300062279016E+00  1.630981129067E-09 -1.300062278956E+00  1.466188231332E-16
  1.739553310987E-16  1.397925045358E+00 -1.396799495886E+00  2.790974989708E-09 -1.396799495834E+00  1.738152696978E-16
  1.937875476782E-16  1.467935037127E+00 -1.467590194926E+00  1.303860180588E-09 -1.467590194896E+00  1.937420237766E-16
  2.028708123986E-16  1.500000000000E+00 -1.500000000000E+00  2.028708123986E-16 -1.500000000000E+00  2.028708123986E-16
  6.123233995737E-17  1.000000000000E+00 -9.933510638449E-01 -1.958684600768E-10 -9.933510638298E-01  6.082521003744E-17
  7.031560467768E-17  1.032064962873E+00 -1.025958418350E+00 -2.114075514787E-10 -1.025958418397E+00  6.989955977473E-17
  9.014782125728E-17  1.102074954642E+00 -1.097077462758E+00 -2.198614692074E-10 -1.097077462788E+00  8.973903508490E-17
  1.172291654245E-16  1.197675195524E+00 -1.194053044635E+00  3.238114634480E-10 -1.194053044660E+00  1.168746271286E-16
  1.468739869314E-16  1.302324804476E+00 -1.300062279016E+00  1.630981129067E-09 -1.300062278956E+00  1.466188231332E-16
  1.739553310987E-16  1.397925045358E+00 -1.396799495886E+00  2.790974989708E-09 -1.396799495834E+00  1.738152696978E-16
  1.937875476782E-16  1.467935037127E+00 -1.467590194926E+00  1.303860180588E-09 -1.467590194896E+00  1.937420237766E-16
  2.028708123986E-16  1.500000000000E+00 -1.500000000000E+00  2.028708123986E-16 -1.500000000000E+00  2.028708123986E-16
 -5.034623247436E-02  9.987318243030E-01 -9.920913213055E-01 -5.001148477896E-02 -9.920913201521E-01 -5.001148358823E-02
 -5.196058254943E-02  1.030756123169E+00 -1.024657324186E+00 -5.165314238714E-02 -1.024657322864E+00 -5.165314104162E-02
 -5.548532187056E-02  1.100677329968E+00 -1.095686177495E+00 -5.523371876029E-02 -1.095686175812E+00 -5.523371698389E-02
 -6.029843382264E-02  1.196156332949E+00 -1.192538777633E+00 -6.011607423188E-02 -1.192538775608E+00 -6.011607217316E-02
 -6.556714736325E-02  1.300673227809E+00 -1.298413573666E+00 -6.545323961062E-02 -1.298413571570E+00 -6.545323772748E-02
 -7.038025931534E-02  1.396152230790E+00 -1.395028110730E+00 -7.032359296778E-02 -1.395028108660E+00 -7.032359213732E-02
 -7.390499863647E-02  1.466073437589E+00 -1.465729034234E+00 -7.388763718685E-02 -1.465729032678E+00 -7.388763712933E-02
 -7.551934871154E-02  1.498097736455E+00 -1.498097736455E+00 -7.551934871154E-02 -1.498097736455E+00 -7.551934871154E-02
 -1.596528317756E-01  9.871732235560E-01 -9.806095702749E-01 -1.585913088137E-01 -9.806095718037E-01 -1.585913102877E-01
 -1.647720938990E-01  1.018826896318E+00 -1.012798677277E+00 -1.637971651155E-01 -1.012798679123E+00 -1.637971667810E-01
 -1.759493873375E-01  1.087938885574E+00 -1.083005492795E+00 -1.751515216207E-01 -1.083005495431E+00 -1.751515236112E-01
 -1.912122365128E-01  1.182312883539E+00 -1.178737189099E+00 -1.906339475446E-01 -1.178737193194E+00 -1.906339498702E-01
 -2.079198429261E-01  1.285620175351E+00 -1.283386664692E+00 -2.075586224534E-01 -1.283386670741E+00 -2.075586243200E-01
 -2.231826921014E-01  1.379994173316E+00 -1.378883053950E+00 -2.230029940113E-01 -1.378883060964E+00 -2.230029949326E-01
 -2.343599855400E-01  1.449106162572E+00 -1.448765739392E+00 -2.343049303774E-01 -1.448765743555E+00 -2.343049305012E-01
 -2.394792476634E-01  1.480759835334E+00 -1.480759835334E+00 -2.394792476634E-01 -1.480759835334E+00 -2.394792476634E-01
 -3.055418788382E-01  9.521786388467E-01 -9.458476659303E-01 -3.035103514158E-01 -9.458476638544E-01 -3.035103503884E-01
 -3.153390678391E-01  9.827102115494E-01 -9.768956929008E-01 -3.134732639491E-01 -9.768956903422E-01 -3.134732627667E-01
 -3.367300522617E-01  1.049372230218E+00 -1.044613729037E+00 -3.352031108458E-01 -1.044613725227E+00 -3.352031092112E-01
 -3.659399294784E-01  1.140400737455E+00 -1.136951808779E+00 -3.648332128659E-01 -1.136951802775E+00 -3.648332106978E-01
 -3.979147676170E-01  1.240045859662E+00 -1.237891539958E+00 -3.972234741526E-01 -1.237891531193E+00 -3.972234713190E-01
 -4.271246448337E-01  1.331074366899E+00 -1.330002652396E+00 -4.267807450243E-01 -1.330002642685E+00 -4.267807423173E-01
 -4.485156292563E-01  1.397736385567E+00 -1.397408039595E+00 -4.484102669539E-01 -1.397408034161E+00 -4.484102655131E-01
 -4.583128182573E-01  1.428267958270E+00 -1.428267958270E+00 -4.583128182573E-01 -1.428267958270E+00 -4.583128182573E-01
 -4.572412379666E-01  8.893427068925E-01 -8.834295216447E-01 -4.542010696539E-01 -8.834295240009E-01 -4.542010701609E-01
 -4.719026612858E-01  9.178594477700E-01 -9.124286341465E-01 -4.691104966214E-01 -9.124286369759E-01 -4.691104973299E-01
 -5.039141165923E-01  9.801223233594E-01 -9.756778364123E-01 -5.016290560385E-01 -9.756778404264E-01 -5.016290572303E-01
 -5.476264890834E-01  1.065143700366E+00 -1.061922360960E+00 -5.459702899904E-01 -1.061922366911E+00 -5.459702923380E-01
 -5.954766058330E-01  1.158213066866E+00 -1.156200898060E+00 -5.944420819749E-01 -1.156200906296E+00 -5.944420858636E-01
 -6.391889783241E-01  1.243234443872E+00 -1.242233435848E+00 -6.386743258278E-01 -1.242233444611E+00 -6.386743306661E-01
 -6.712004336306E-01  1.305497319461E+00 -1.305190631695E+00 -6.710427547342E-01 -1.305190636538E+00 -6.710427575419E-01
 -6.858618569498E-01  1.334014060339E+00 -1.334014060339E+00 -6.858618569498E-01 -1.334014060339E+00 -6.858618569498E-01
 -5.851452805981E-01  8.109284805664E-01 -8.055366710975E-01 -5.812546870006E-01 -8.055366688605E-01 -5.812546869771E-01
 -6.039079422956E-01  8.369308721881E-01 -8.319789039533E-01 -6.003347266943E-01 -8.319789013546E-01 -6.003347266147E-01
 -6.448739585740E-01  8.937039684379E-01 -8.896513633784E-01 -6.419497001792E-01 -8.896513599621E-01 -6.419496998008E-01
 -7.008139883505E-01  9.712289265187E-01 -9.682916258138E-01 -6.986945049346E-01 -9.682916212218E-01 -6.986945038666E-01
 -7.620492131448E-01  1.056092274897E+00 -1.054257534063E+00 -7.607253097566E-01 -1.054257528516E+00 -7.607253070149E-01
 -8.179892429213E-01  1.133617232978E+00 -1.132704498287E+00 -8.173306370770E-01 -1.132704492812E+00 -8.173306329290E-01
 -8.589552591997E-01  1.190390329228E+00 -1.190110689839E+00 -8.587534792284E-01 -1.190110686841E+00 -8.587534763956E-01
 -8.777179208972E-01  1.216392720850E+00 -1.216392720850E+00 -8.777179208972E-01 -1.216392720850E+00 -8.777179208972E-01
 -6.706098831617E-01  7.418102079413E-01 -7.368779576287E-01 -6.661510406996E-01 -7.368779592183E-01 -6.661510408534E-01
 -6.921129641672E-01  7.655963247174E-01 -7.610664258753E-01 -6.880178549274E-01 -7.610664276899E-01 -6.880178550896E-01
 -7.390623565677E-01  8.175304512697E-01 -8.138232584838E-01 -7.357109890160E-01 -8.138232607983E-01 -7.357109891394E-01
 -8.031728229362E-01  8.884476858381E-01 -8.857607346183E-01 -8.007437725843E-01 -8.857607373521E-01 -8.007437727682E-01
 -8.733518849679E-01  9.660778340152E-01 -9.643994668868E-01 -8.718346127966E-01 -9.643994694892E-01 -8.718346129938E-01
 -9.374623513365E-01  1.036995068584E+00 -1.036160122536E+00 -9.367075458639E-01 -1.036160124457E+00 -9.367075467014E-01
 -9.844117437369E-01  1.088929195136E+00 -1.088673386542E+00 -9.841804880803E-01 -1.088673387649E+00 -9.841804891285E-01
 -1.005914824742E+00  1.112715311912E+00 -1.112715311912E+00 -1.005914824742E+00 -1.112715311912E+00 -1.005914824742E+00
 -7.071067811865E-01  7.071067811865E-01 -7.024052732051E-01 -7.024052734821E-01 -7.024052733329E-01 -7.024052733329E-01
 -7.297801338723E-01  7.297801338723E-01 -7.254621546816E-01 -7.254621549805E-01 -7.254621548636E-01 -7.254621548636E-01
 -7.792846738030E-01  7.792846738030E-01 -7.757509132473E-01 -7.757509135582E-01 -7.757509134242E-01 -7.757509134242E-01
 -8.468842524142E-01  8.468842524142E-01 -8.443230051869E-01 -8.443230047290E-01 -8.443230049755E-01 -8.443230049755E-01
 -9.208827005522E-01  9.208827005522E-01 -9.192828546102E-01 -9.192828523037E-01 -9.192828534149E-01 -9.192828534149E-01
 -9.884822791634E-01  9.884822791634E-01 -9.876863974724E-01 -9.876863935254E-01 -9.876863954621E-01 -9.876863954621E-01
 -1.037986819094E+00  1.037986819094E+00 -1.037742979757E+00 -1.037742977913E+00 -1.037742978814E+00 -1.037742978814E+00
 -1.060660171780E+00  1.060660171780E+00 -1.060660171780E+00 -1.060660171780E+00 -1.060660171780E+00 -1.060660171780E+00
 -7.071067811865E-01  7.071067811865E-01 -7.024052732051E-01 -7.024052734821E-01 -7.024052733329E-01 -7.024052733329E-01
 -7.297801338723E-01  7.297801338723E-01 -7.254621546816E-01 -7.254621549805E-01 -7.254621548636E-01 -7.254621548636E-01
 -7.792846738030E-01  7.792846738030E-01 -7.757509132473E-01 -7.757509135582E-01 -7.757509134242E-01 -7.757509134242E-01
 -8.468842524142E-01  8.468842524142E-01 -8.443230051869E-01 -8.443230047290E-01 -8.443230049755E-01 -8.443230049755E-01
 -9.208827005522E-01  9.208827005522E-01 -9.192828546102E-01 -9.192828523037E-01 -9.192828534149E-01 -9.192828534149E-01
 -9.884822791634E-01  9.884822791634E-01 -9.876863974724E-01 -9.876863935254E-01 -9.876863954621E-01 -9.876863954621E-01
 -1.037986819094E+00  1.037986819094E+00 -1.037742979757E+00 -1.037742977913E+00 -1.037742978814E+00 -1.037742978814E+00
 -1.060660171780E+00  1.060660171780E+00 -1.060660171780E+00 -1.060660171780E+00 -1.060660171780E+00 -1.060660171780E+00
 -7.418102079413E-01  6.706098831617E-01 -6.661510408271E-01 -7.368779608759E-01 -6.661510408534E-01 -7.368779592183E-01
 -7.655963247174E-01  6.921129641672E-01 -6.880178550729E-01 -7.610664295759E-01 -6.880178550896E-01 -7.610664276899E-01
 -8.175304512697E-01  7.390623565677E-01 -7.357109890734E-01 -8.138232632445E-01 -7.357109891394E-01 -8.138232607983E-01
 -8.884476858381E-01  8.031728229362E-01 -8.007437727443E-01 -8.857607402396E-01 -8.007437727682E-01 -8.857607373521E-01
 -9.660778340152E-01  8.733518849679E-01 -8.718346131448E-01 -9.643994723033E-01 -8.718346129938E-01 -9.643994694892E-01
 -1.036995068584E+00  9.374623513365E-01 -9.367075475781E-01 -1.036160126508E+00 -9.367075467014E-01 -1.036160124457E+00
 -1.088929195136E+00  9.844117437369E-01 -9.841804901879E-01 -1.088673388789E+00 -9.841804891285E-01 -1.088673387649E+00
 -1.112715311912E+00  1.005914824742E+00 -1.005914824742E+00 -1.112715311912E+00 -1.005914824742E+00 -1.112715311912E+00
 -8.109284805664E-01  5.851452805981E-01 -5.812546869384E-01 -8.055366667372E-01 -5.812546869771E-01 -8.055366688605E-01
 -8.369308721881E-01  6.039079422956E-01 -6.003347264868E-01 -8.319788988714E-01 -6.003347266147E-01 -8.319789013546E-01
 -8.937039684379E-01  6.448739585740E-01 -6.419496993446E-01 -8.896513566909E-01 -6.419496998008E-01 -8.896513599621E-01
 -9.712289265187E-01  7.008139883505E-01 -6.986945026153E-01 -9.682916166816E-01 -6.986945038666E-01 -9.682916212218E-01
 -1.056092274897E+00  7.620492131448E-01 -7.607253040577E-01 -1.054257522919E+00 -7.607253070149E-01 -1.054257528516E+00
 -1.133617232978E+00  8.179892429213E-01 -8.173306286210E-01 -1.132704487202E+00 -8.173306329290E-01 -1.132704492812E+00
 -1.190390329228E+00  8.589552591997E-01 -8.587534735395E-01 -1.190110683810E+00 -8.587534763956E-01 -1.190110686841E+00
 -1.216392720850E+00  8.777179208972E-01 -8.777179208972E-01 -1.216392720850E+00 -8.777179208972E-01 -1.216392720850E+00
 -8.893427068925E-01  4.572412379666E-01 -4.542010709024E-01 -8.834295261952E-01 -4.542010701609E-01 -8.834295240009E-01
 -9.178594477700E-01  4.719026612858E-01 -4.691104983030E-01 -9.124286396211E-01 -4.691104973299E-01 -9.124286369759E-01
 -9.801223233594E-01  5.039141165923E-01 -5.016290587688E-01 -9.756778442766E-01 -5.016290572303E-01 -9.756778404264E-01
 -1.065143700366E+00  5.476264890834E-01 -5.459702950503E-01 -1.061922372689E+00 -5.459702923380E-01 -1.061922366911E+00
 -1.158213066866E+00  5.954766058330E-01 -5.944420900577E-01 -1.156200914497E+00 -5.944420858636E-01 -1.156200906296E+00
 -1.243234443872E+00  6.391889783241E-01 -6.386743356188E-01 -1.242233453392E+00 -6.386743306661E-01 -1.242233444611E+00
 -1.305497319461E+00  6.712004336306E-01 -6.710427603655E-01 -1.305190641399E+00 -6.710427575419E-01 -1.305190636538E+00
 -1.334014060339E+00  6.858618569498E-01 -6.858618569498E-01 -1.334014060339E+00 -6.858618569498E-01 -1.334014060339E+00
 -9.521786388467E-01  3.055418788382E-01 -3.035103490809E-01 -9.458476618299E-01 -3.035103503884E-01 -9.458476638544E-01
 -9.827102115494E-01  3.153390678391E-01 -3.134732612670E-01 -9.768956878405E-01 -3.134732627667E-01 -9.768956903422E-01
 -1.049372230218E+00  3.367300522617E-01 -3.352031072155E-01 -1.044613721546E+00 -3.352031092112E-01 -1.044613725227E+00
 -1.140400737455E+00  3.659399294784E-01 -3.648332081499E-01 -1.136951796907E+00 -3.648332106978E-01 -1.136951802775E+00
 -1.240045859662E+00  3.979147676170E-01 -3.972234682451E-01 -1.237891522619E+00 -3.972234713190E-01 -1.237891531193E+00
 -1.331074366899E+00  4.271246448337E-01 -4.267807395420E-01 -1.330002633067E+00 -4.267807423173E-01 -1.330002642685E+00
 -1.397736385567E+00  4.485156292563E-01 -4.484102640741E-01 -1.397408028751E+00 -4.484102655131E-01 -1.397408034161E+00
 -1.428267958270E+00  4.583128182573E-01 -4.583128182573E-01 -1.428267958270E+00 -4.583128182573E-01 -1.428267958270E+00
 -9.871732235560E-01  1.596528317756E-01 -1.585913118529E-01 -9.806095734021E-01 -1.585913102877E-01 -9.806095718037E-01
 -1.018826896318E+00  1.647720938990E-01 -1.637971685622E-01 -1.012798681017E+00 -1.637971667810E-01 -1.012798679123E+00
 -1.087938885574E+00  1.759493873375E-01 -1.751515257594E-01 -1.083005498114E+00 -1.751515236112E-01 -1.083005495431E+00
 -1.182312883539E+00  1.912122365128E-01 -1.906339523621E-01 -1.178737197196E+00 -1.906339498702E-01 -1.178737193194E+00
 -1.285620175351E+00  2.079198429261E-01 -2.075586263039E-01 -1.283386676602E+00 -2.075586243200E-01 -1.283386670741E+00
 -1.379994173316E+00  2.231826921014E-01 -2.230029958704E-01 -1.378883067768E+00 -2.230029949326E-01 -1.378883060964E+00
 -1.449106162572E+00  2.343599855400E-01 -2.343049306177E-01 -1.448765747678E+00 -2.343049305012E-01 -1.448765743555E+00
 -1.480759835334E+00  2.394792476634E-01 -2.394792476634E-01 -1.480759835334E+00 -2.394792476634E-01 -1.480759835334E+00
 -9.987318243030E-01  5.034623247436E-02 -5.001148257297E-02 -9.920913189194E-01 -5.001148358823E-02 -9.920913201521E-01
 -1.030756123169E+00  5.196058254943E-02 -5.165313987327E-02 -1.024657321466E+00 -5.165314104162E-02 -1.024657322864E+00
 -1.100677329968E+00  5.548532187056E-02 -5.523371543456E-02 -1.095686174088E+00 -5.523371698389E-02 -1.095686175812E+00
 -1.196156332949E+00  6.029843382265E-02 -6.011607037007E-02 -1.192538773545E+00 -6.011607217317E-02 -1.192538775608E+00
 -1.300673227809E+00  6.556714736326E-02 -6.545323602675E-02 -1.298413569590E+00 -6.545323772748E-02 -1.298413571570E+00
 -1.396152230790E+00  7.038025931534E-02 -7.032359137155E-02 -1.395028106709E+00 -7.032359213732E-02 -1.395028108660E+00
 -1.466073437589E+00  7.390499863647E-02 -7.388763708818E-02 -1.465729031154E+00 -7.388763712933E-02 -1.465729032678E+00
 -1.498097736455E+00  7.551934871154E-02 -7.551934871154E-02 -1.498097736455E+00 -7.551934871154E-02 -1.498097736455E+00
 -1.000000000000E+00  1.665334536938E-16  1.958677937656E-10 -9.933510638449E-01 -1.654261833900E-16 -9.933510638298E-01
 -1.032064962873E+00  1.807731577197E-16  2.114070666575E-10 -1.025958418350E+00 -1.797035551585E-16 -1.025958418397E+00
 -1.102074954642E+00  2.118638396461E-16  2.198611930039E-10 -1.097077462758E+00 -2.109031175025E-16 -1.097077462788E+00
 -1.197675195524E+00  2.543188750812E-16 -3.238117405140E-10 -1.194053044635E+00 -2.535497338844E-16 -1.194053044660E+00
 -1.302324804476E+00  3.007926372314E-16 -1.630981533777E-09 -1.300062279016E+00 -3.002700709596E-16 -1.300062278956E+00
 -1.397925045358E+00  3.432476726665E-16 -2.790975428705E-09 -1.396799495886E+00 -3.429713043047E-16 -1.396799495834E+00
 -1.467935037127E+00  3.743383545928E-16 -1.303860481203E-09 -1.467590194926E+00 -3.742504163189E-16 -1.467590194896E+00
 -1.500000000000E+00  3.885780586188E-16 -3.885780586188E-16 -1.500000000000E+00 -3.885780586188E-16 -1.500000000000E+00
 -1.000000000000E+00  1.665334536938E-16  1.958677937656E-10 -9.933510638449E-01 -1.654261833900E-16 -9.933510638298E-01
 -1.032064962873E+00  1.807731577197E-16  2.114070666575E-10 -1.025958418350E+00 -1.797035551585E-16 -1.025958418397E+00
 -1.102074954642E+00  2.118638396461E-16  2.198611930039E-10 -1.097077462758E+00 -2.109031175025E-16 -1.097077462788E+00
 -1.197675195524E+00  2.543188750812E-16 -3.238117405140E-10 -1.194053044635E+00 -2.535497338844E-16 -1.194053044660E+00
 -1.302324804476E+00  3.007926372314E-16 -1.630981533777E-09 -1.300062279016E+00 -3.002700709596E-16 -1.300062278956E+00
 -1.397925045358E+00  3.432476726665E-16 -2.790975428705E-09 -1.396799495886E+00 -3.429713043047E-16 -1.396799495834E+00
 -1.467935037127E+00  3.743383545928E-16 -1.303860481203E-09 -1.467590194926E+00 -3.742504163189E-16 -1.467590194896E+00
 -1.500000000000E+00  3.885780586188E-16 -3.885780586188E-16 -1.500000000000E+00 -3.885780586188E-16 -1.500000000000E+00
 -9.987318243030E-01 -5.034623247436E-02  5.001148477896E-02 -9.920913213055E-01  5.001148358823E-02 -9.920913201521E-01
 -1.030756123169E+00 -5.196058254943E-02  5.165314238714E-02 -1.024657324186E+00  5.165314104162E-02 -1.024657322864E+00
 -1.100677329968E+00 -5.548532187056E-02  5.523371876029E-02 -1.095686177495E+00  5.523371698389E-02 -1.095686175812E+00
 -1.196156332949E+00 -6.029843382264E-02  6.011607423188E-02 -1.192538777633E+00  6.011607217316E-02 -1.192538775608E+00
 -1.300673227809E+00 -6.556714736325E-02  6.545323961062E-02 -1.298413573666E+00  6.545323772748E-02 -1.298413571570E+00
 -1.396152230790E+00 -7.038025931534E-02  7.032359296778E-02 -1.395028110730E+00  7.032359213732E-02 -1.395028108660E+00
 -1.466073437589E+00 -7.390499863647E-02  7.388763718685E-02 -1.465729034234E+00  7.388763712933E-02 -1.465729032678E+00
 -1.498097736455E+00 -7.551934871154E-02  7.551934871154E-02 -1.498097736455E+00  7.551934871154E-02 -1.498097736455E+00
 -9.871732235560E-01 -1.596528317756E-01  1.585913088137E-01 -9.806095702749E-01  1.585913102877E-01 -9.806095718037E-01
 -1.018826896318E+00 -1.647720938990E-01  1.637971651155E-01 -1.012798677277E+00  1.637971667810E-01 -1.012798679123E+00
 -1.087938885574E+00 -1.759493873375E-01  1.751515216207E-01 -1.083005492795E+00  1.751515236112E-01 -1.083005495431E+00
 -1.182312883539E+00 -1.912122365128E-01  1.906339475446E-01 -1.178737189099E+00  1.906339498702E-01 -1.178737193194E+00
 -1.285620175351E+00 -2.079198429261E-01  2.075586224534E-01 -1.283386664692E+00  2.075586243200E-01 -1.283386670741E+00
 -1.379994173316E+00 -2.231826921014E-01  2.230029940113E-01 -1.378883053950E+00  2.230029949326E-01 -1.378883060964E+00
 -1.449106162572E+00 -2.343599855400E-01  2.343049303774E-01 -1.448765739392E+00  2.343049305012E-01 -1.448765743555E+00
 -1.480759835334E+00 -2.394792476634E-01  2.394792476634E-01 -1.480759835334E+00  2.394792476634E-01 -1.480759835334E+00
 -9.521786388467E-01 -3.055418788382E-01  3.035103514158E-01 -9.458476659303E-01  3.035103503884E-01 -9.458476638544E-01
 -9.827102115494E-01 -3.153390678391E-01  3.134732639491E-01 -9.768956929008E-01  3.134732627667E-01 -9.768956903422E-01
 -1.049372230218E+00 -3.367300522617E-01  3.352031108458E-01 -1.044613729037E+00  3.352031092112E-01 -1.044613725227E+00
 -1.140400737455E+00 -3.659399294784E-01  3.648332128659E-01 -1.136951808779E+00  3.648332106978E-01 -1.136951802775E+00
 -1.240045859662E+00 -3.979147676170E-01  3.972234741526E-01 -1.237891539958E+00  3.972234713190E-01 -1.237891531193E+00
 -1.331074366899E+00 -4.271246448337E-01  4.267807450243E-01 -1.330002652396E+00  4.267807423173E-01 -1.330002642685E+00
 -1.397736385567E+00 -4.485156292563E-01  4.484102669539E-01 -1.397408039595E+00  4.484102655131E-01 -1.397408034161E+00
 -1.428267958270E+00 -4.583128182573E-01  4.583128182573E-01 -1.428267958270E+00  4.583128182573E-01 -1.428267958270E+00
 -8.893427068925E-01 -4.572412379666E-01  4.542010696539E-01 -8.834295216447E-01  4.542010701609E-01 -8.834295240009E-01
 -9.178594477700E-01 -4.719026612858E-01  4.691104966214E-01 -9.124286341465E-01  4.691104973299E-01 -9.124286369759E-01
 -9.801223233594E-01 -5.039141165923E-01  5.016290560385E-01 -9.756778364123E-01  5.016290572303E-01 -9.756778404264E-01
 -1.065143700366E+00 -5.476264890834E-01  5.459702899904E-01 -1.061922360960E+00  5.459702923380E-01 -1.061922366911E+00
 -1.158213066866E+00 -5.954766058330E-01  5.944420819749E-01 -1.156200898060E+00  5.944420858636E-01 -1.156200906296E+00
 -1.243234443872E+00 -6.391889783241E-01  6.386743258278E-01 -1.242233435848E+00  6.386743306661E-01 -1.242233444611E+00
 -1.305497319461E+00 -6.712004336306E-01  6.710427547342E-01 -1.305190631695E+00  6.710427575419E-01 -1.305190636538E+00
 -1.334014060339E+00 -6.858618569498E-01  6.858618569498E-01 -1.334014060339E+00  6.858618569498E-01 -1.334014060339E+00
 -8.109284805664E-01 -5.851452805981E-01  5.812546870006E-01 -8.055366710975E-01  5.812546869771E-01 -8.055366688605E-01
 -8.369308721881E-01 -6.039079422956E-01  6.003347266943E-01 -8.319789039533E-01  6.003347266147E-01 -8.319789013546E-01
 -8.937039684379E-01 -6.448739585740E-01  6.419497001792E-01 -8.896513633784E-01  6.419496998008E-01 -8.896513599621E-01
 -9.712289265187E-01 -7.008139883505E-01  6.986945049346E-01 -9.682916258138E-01  6.986945038666E-01 -9.682916212218E-01
 -1.056092274897E+00 -7.620492131448E-01  7.607253097566E-01 -1.054257534063E+00  7.607253070149E-01 -1.054257528516E+00
 -1.133617232978E+00 -8.179892429213E-01  8.173306370770E-01 -1.132704498287E+00  8.173306329290E-01 -1.132704492812E+00
 -1.190390329228E+00 -8.589552591997E-01  8.587534792284E-01 -1.190110689839E+00  8.587534763956E-01 -1.190110686841E+00
 -1.216392720850E+00 -8.777179208972E-01  8.777179208972E-01 -1.216392720850E+00  8.777179208972E-01 -1.216392720850E+00
 -7.418102079413E-01 -6.706098831617E-01  6.661510406996E-01 -7.368779576287E-01  6.661510408534E-01 -7.368779592183E-01
 -7.655963247174E-01 -6.921129641672E-01  6.880178549274E-01 -7.610664258753E-01  6.880178550896E-01 -7.610664276899E-01
 -8.175304512697E-01 -7.390623565677E-01  7.357109890160E-01 -8.138232584838E-01  7.357109891394E-01 -8.138232607983E-01
 -8.884476858381E-01 -8.031728229362E-01  8.007437725843E-01 -8.857607346183E-01  8.007437727682E-01 -8.857607373521E-01
 -9.660778340152E-01 -8.733518849679E-01  8.718346127966E-01 -9.643994668868E-01  8.718346129938E-01 -9.643994694892E-01
 -1.036995068584E+00 -9.374623513365E-01  9.367075458639E-01 -1.036160122536E+00  9.367075467014E-01 -1.036160124457E+00
 -1.088929195136E+00 -9.844117437369E-01  9.841804880803E-01 -1.088673386542E+00  9.841804891285E-01 -1.088673387649E+00
 -1.112715311912E+00 -1.005914824742E+00  1.005914824742E+00 -1.112715311912E+00  1.005914824742E+00 -1.112715311912E+00
 -7.071067811865E-01 -7.071067811865E-01  7.024052734821E-01 -7.024052732051E-01  7.024052733329E-01 -7.024052733329E-01
 -7.297801338723E-01 -7.297801338723E-01  7.254621549805E-01 -7.254621546816E-01  7.254621548636E-01 -7.254621548636E-01
 -7.792846738030E-01 -7.792846738030E-01  7.757509135582E-01 -7.757509132473E-01  7.757509134242E-01 -7.757509134242E-01
 -8.468842524142E-01 -8.468842524142E-01  8.443230047290E-01 -8.443230051869E-01  8.443230049755E-01 -8.443230049755E-01
 -9.208827005522E-01 -9.208827005522E-01  9.192828523037E-01 -9.192828546102E-01  9.192828534149E-01 -9.192828534149E-01
 -9.884822791634E-01 -9.884822791634E-01  9.876863935254E-01 -9.876863974724E-01  9.876863954621E-01 -9.876863954621E-01
 -1.037986819094E+00 -1.037986819094E+00  1.037742977913E+00 -1.037742979757E+00  1.037742978814E+00 -1.037742978814E+00
 -1.060660171780E+00 -1.060660171780E+00  1.060660171780E+00 -1.060660171780E+00  1.060660171780E+00 -1.060660171780E+00
 -7.071067811865E-01 -7.071067811865E-01  7.024052734821E-01 -7.024052732051E-01  7.024052733329E-01 -7.024052733329E-01
 -7.297801338723E-01 -7.297801338723E-01  7.254621549805E-01 -7.254621546816E-01  7.254621548636E-01 -7.254621548636E-01
 -7.792846738030E-01 -7.792846738030E-01  7.757509135582E-01 -7.757509132473E-01  7.757509134242E-01 -7.757509134242E-01
 -8.468842524142E-01 -8.468842524142E-01  8.443230047290E-01 -8.443230051869E-01  8.443230049755E-01 -8.443230049755E-01
 -9.208827005522E-01 -9.208827005522E-01  9.192828523037E-01 -9.192828546102E-01  9.192828534149E-01 -9.192828534149E-01
 -9.884822791634E-01 -9.884822791634E-01  9.876863935254E-01 -9.876863974724E-01  9.876863954621E-01 -9.876863954621E-01
 -1.037986819094E+00 -1.037986819094E+00  1.037742977913E+00 -1.037742979757E+00  1.037742978814E+00 -1.037742978814E+00
 -1.060660171780E+00 -1.060660171780E+00  1.060660171780E+00 -1.060660171780E+00  1.060660171780E+00 -1.060660171780E+00
 -6.706098831617E-01 -7.418102079413E-01  7.368779608759E-01 -6.661510408271E-01  7.368779592183E-01 -6.661510408534E-01
 -6.921129641672E-01 -7.655963247174E-01  7.610664295759E-01 -6.880178550729E-01  7.610664276899E-01 -6.880178550896E-01
 -7.390623565677E-01 -8.175304512697E-01  8.138232632445E-01 -7.357109890734E-01  8.138232607983E-01 -7.357109891394E-01
 -8.031728229362E-01 -8.884476858381E-01  8.857607402396E-01 -8.007437727443E-01  8.857607373521E-01 -8.007437727682E-01
 -8.733518849679E-01 -9.660778340152E-01  9.643994723033E-01 -8.718346131448E-01  9.643994694892E-01 -8.718346129938E-01
 -9.374623513365E-01 -1.036995068584E+00  1.036160126508E+00 -9.367075475781E-01  1.036160124457E+00 -9.367075467014E-01
 -9.844117437369E-01 -1.088929195136E+00  1.088673388789E+00 -9.841804901879E-01  1.088673387649E+00 -9.841804891285E-01
 -1.005914824742E+00 -1.112715311912E+00  1.112715311912E+00 -1.005914824742E+00  1.112715311912E+00 -1.005914824742E+00
 -5.851452805981E-01 -8.109284805664E-01  8.055366667372E-01 -5.812546869384E-01  8.055366688605E-01 -5.812546869771E-01
 -6.039079422956E-01 -8.369308721881E-01  8.319788988714E-01 -6.003347264868E-01  8.319789013546E-01 -6.003347266147E-01
 -6.448739585740E-01 -8.937039684379E-01  8.896513566909E-01 -6.419496993446E-01  8.896513599621E-01 -6.419496998008E-01
 -7.008139883505E-01 -9.712289265187E-01  9.682916166816E-01 -6.986945026153E-01  9.682916212218E-01 -6.986945038666E-01
 -7.620492131448E-01 -1.056092274897E+00  1.054257522919E+00 -7.607253040577E-01  1.054257528516E+00 -7.607253070149E-01
 -8.179892429213E-01 -1.133617232978E+00  1.132704487202E+00 -8.173306286210E-01  1.132704492812E+00 -8.173306329290E-01
 -8.589552591997E-01 -1.190390329228E+00  1.190110683810E+00 -8.587534735395E-01  1.190110686841E+00 -8.587534763956E-01
 -8.777179208972E-01 -1.216392720850E+00  1.216392720850E+00 -8.777179208972E-01  1.216392720850E+00 -8.777179208972E-01
 -4.572412379666E-01 -8.893427068925E-01  8.834295261952E-01 -4.542010709024E-01  8.834295240009E-01 -4.542010701609E-01
 -4.719026612858E-01 -9.178594477700E-01  9.124286396211E-01 -4.691104983030E-01  9.124286369759E-01 -4.691104973299E-01
 -5.039141165923E-01 -9.801223233594E-01  9.756778442766E-01 -5.016290587688E-01  9.756778404264E-01 -5.016290572303E-01
 -5.476264890834E-01 -1.065143700366E+00  1.061922372689E+00 -5.459702950503E-01  1.061922366911E+00 -5.459702923380E-01
 -5.954766058330E-01 -1.158213066866E+00  1.156200914497E+00 -5.944420900577E-01  1.156200906296E+00 -5.944420858636E-01
 -6.391889783241E-01 -1.243234443872E+00  1.242233453392E+00 -6.386743356188E-01  1.242233444611E+00 -6.386743306661E-01
 -6.712004336306E-01 -1.305497319461E+00  1.305190641399E+00 -6.710427603655E-01  1.305190636538E+00 -6.710427575419E-01
 -6.858618569498E-01 -1.334014060339E+00  1.334014060339E+00 -6.858618569498E-01  1.334014060339E+00 -6.858618569498E-01
 -3.055418788382E-01 -9.521786388467E-01  9.458476618299E-01 -3.035103490809E-01  9.458476638544E-01 -3.035103503884E-01
 -3.153390678391E-01 -9.827102115494E-01  9.768956878405E-01 -3.134732612670E-01  9.768956903422E-01 -3.134732627667E-01
 -3.367300522617E-01 -1.049372230218E+00  1.044613721546E+00 -3.352031072155E-01  1.044613725227E+00 -3.352031092112E-01
 -3.659399294784E-01 -1.140400737455E+00  1.136951796907E+00 -3.648332081499E-01  1.136951802775E+00 -3.648332106978E-01
 -3.979147676170E-01 -1.240045859662E+00  1.237891522619E+00 -3.972234682451E-01  1.237891531193E+00 -3.972234713190E-01
 -4.271246448337E-01 -1.331074366899E+00  1.330002633067E+00 -4.267807395420E-01  1.330002642685E+00 -4.267807423173E-01
 -4.485156292563E-01 -1.397736385567E+00  1.397408028751E+00 -4.484102640741E-01  1.397408034161E+00 -4.484102655131E-01
 -4.583128182573E-01 -1.428267958270E+00  1.428267958270E+00 -4.583128182573E-01  1.428267958270E+00 -4.583128182573E-01
 -1.596528317756E-01 -9.871732235560E-01  9.806095734021E-01 -1.585913118529E-01  9.806095718037E-01 -1.585913102877E-01
 -1.647720938990E-01 -1.018826896318E+00  1.012798681017E+00 -1.637971685622E-01  1.012798679123E+00 -1.637971667810E-01
 -1.759493873375E-01 -1.087938885574E+00  1.083005498114E+00 -1.751515257594E-01  1.083005495431E+00 -1.751515236112E-01
 -1.912122365128E-01 -1.182312883539E+00  1.178737197196E+00 -1.906339523621E-01  1.178737193194E+00 -1.906339498702E-01
 -2.079198429261E-01 -1.285620175351E+00  1.283386676602E+00 -2.075586263039E-01  1.283386670741E+00 -2.075586243200E-01
 -2.231826921014E-01 -1.379994173316E+00  1.378883067768E+00 -2.230029958704E-01  1.378883060964E+00 -2.230029949326E-01
 -2.343599855400E-01 -1.449106162572E+00  1.448765747678E+00 -2.343049306177E-01  1.448765743555E+00 -2.343049305012E-01
 -2.394792476634E-01 -1.480759835334E+00  1.480759835334E+00 -2.394792476634E-01  1.480759835334E+00 -2.394792476634E-01
 -5.034623247436E-02 -9.987318243030E-01  9.920913189194E-01 -5.001148257297E-02  9.920913201521E-01 -5.001148358823E-02
 -5.196058254943E-02 -1.030756123169E+00  1.024657321466E+00 -5.165313987327E-02  1.024657322864E+00 -5.165314104162E-02
 -5.548532187056E-02 -1.100677329968E+00  1.095686174088E+00 -5.523371543456E-02  1.095686175812E+00 -5.523371698389E-02
 -6.029843382264E-02 -1.196156332949E+00  1.192538773545E+00 -6.011607037007E-02  1.192538775608E+00 -6.011607217317E-02
 -6.556714736325E-02 -1.300673227809E+00  1.298413569590E+00 -6.545323602675E-02  1.298413571570E+00 -6.545323772748E-02
 -7.038025931534E-02 -1.396152230790E+00  1.395028106709E+00 -7.032359137155E-02  1.395028108660E+00 -7.032359213732E-02
 -7.390499863647E-02 -1.466073437589E+00  1.465729031154E+00 -7.388763708818E-02  1.465729032678E+00 -7.388763712933E-02
 -7.551934871154E-02 -1.498097736455E+00  1.498097736455E+00 -7.551934871154E-02  1.498097736455E+00 -7.551934871154E-02
 -2.163234161989E-16 -1.000000000000E+00  9.933510638449E-01  1.958677256436E-10  9.933510638298E-01 -2.148850956125E-16
 -2.214798555046E-16 -1.032064962873E+00  1.025958418350E+00  2.114070845468E-10  1.025958418397E+00 -2.201693986663E-16
 -2.327383208513E-16 -1.102074954642E+00  1.097077462758E+00  2.198613389274E-10  1.097077462788E+00 -2.316829408541E-16
 -2.481120121191E-16 -1.197675195524E+00  1.194053044635E+00 -3.238118416902E-10  1.194053044660E+00 -2.473616424508E-16
 -2.649409527626E-16 -1.302324804476E+00  1.300062279016E+00 -1.630981771742E-09  1.300062278956E+00 -2.644806715296E-16
 -2.803146440303E-16 -1.397925045358E+00  1.396799495886E+00 -2.790975425952E-09  1.396799495834E+00 -2.800889466546E-16
 -2.915731093771E-16 -1.467935037127E+00  1.467590194926E+00 -1.303860330715E-09  1.467590194896E+00 -2.915046140288E-16
 -2.967295486828E-16 -1.500000000000E+00  1.500000000000E+00 -2.967295486828E-16  1.500000000000E+00 -2.967295486828E-16
 -2.163234161989E-16 -1.000000000000E+00  9.933510638449E-01  1.958677256436E-10  9.933510638298E-01 -2.148850956125E-16
 -2.214798555046E-16 -1.032064962873E+00  1.025958418350E+00  2.114070845468E-10  1.025958418397E+00 -2.201693986663E-16
 -2.327383208513E-16 -1.102074954642E+00  1.097077462758E+00  2.198613389274E-10  1.097077462788E+00 -2.316829408541E-16
 -2.481120121191E-16 -1.197675195524E+00  1.194053044635E+00 -3.238118416902E-10  1.194053044660E+00 -2.473616424508E-16
 -2.649409527626E-16 -1.302324804476E+00  1.300062279016E+00 -1.630981771742E-09  1.300062278956E+00 -2.644806715296E-16
 -2.803146440303E-16 -1.397925045358E+00  1.396799495886E+00 -2.790975425952E-09  1.396799495834E+00 -2.800889466546E-16
 -2.915731093771E-16 -1.467935037127E+00  1.467590194926E+00 -1.303860330715E-09  1.467590194896E+00 -2.915046140288E-16
 -2.967295486828E-16 -1.500000000000E+00  1.500000000000E+00 -2.967295486828E-16  1.500000000000E+00 -2.967295486828E-16
  5.034623247436E-02 -9.987318243030E-01  9.920913213055E-01  5.001148477896E-02  9.920913201521E-01  5.001148358823E-02
  5.196058254942E-02 -1.030756123169E+00  1.024657324186E+00  5.165314238714E-02  1.024657322864E+00  5.165314104162E-02
  5.548532187056E-02 -1.100677329968E+00  1.095686177495E+00  5.523371876029E-02  1.095686175812E+00  5.523371698389E-02
  6.029843382264E-02 -1.196156332949E+00  1.192538777633E+00  6.011607423188E-02  1.192538775608E+00  6.011607217316E-02
  6.556714736325E-02 -1.300673227809E+00  1.298413573666E+00  6.545323961062E-02  1.298413571570E+00  6.545323772748E-02
  7.038025931534E-02 -1.396152230790E+00  1.395028110730E+00  7.032359296778E-02  1.395028108660E+00  7.032359213732E-02
  7.390499863647E-02 -1.466073437589E+00  1.465729034234E+00  7.388763718685E-02  1.465729032678E+00  7.388763712933E-02
  7.551934871154E-02 -1.498097736455E+00  1.498097736455E+00  7.551934871154E-02  1.498097736455E+00  7.551934871154E-02
  1.596528317756E-01 -9.871732235560E-01  9.806095702749E-01  1.585913088137E-01  9.806095718037E-01  1.585913102877E-01
  1.647720938990E-01 -1.018826896318E+00  1.012798677277E+00  1.637971651155E-01  1.012798679123E+00  1.637971667810E-01
  1.759493873375E-01 -1.087938885574E+00  1.083005492795E+00  1.751515216207E-01  1.083005495431E+00  1.751515236112E-01
  1.912122365128E-01 -1.182312883539E+00  1.178737189099E+00  1.906339475446E-01  1.178737193194E+00  1.906339498702E-01
  2.079198429261E-01 -1.285620175351E+00  1.283386664692E+00  2.075586224534E-01  1.283386670741E+00  2.075586243200E-01
  2.231826921014E-01 -1.379994173316E+00  1.378883053950E+00  2.230029940113E-01  1.378883060964E+00  2.230029949326E-01
  2.343599855400E-01 -1.449106162572E+00  1.448765739392E+00  2.343049303774E-01  1.448765743555E+00  2.343049305012E-01
  2.394792476634E-01 -1.480759835334E+00  1.480759835334E+00  2.394792476634E-01  1.480759835334E+00  2.394792476634E-01
  3.055418788382E-01 -9.521786388467E-01  9.458476659303E-01  3.035103514158E-01  9.458476638544E-01  3.035103503884E-01
  3.153390678391E-01 -9.827102115494E-01  9.768956929008E-01  3.134732639491E-01  9.768956903422E-01  3.134732627667E-01
  3.367300522617E-01 -1.049372230218E+00  1.044613729037E+00  3.352031108458E-01  1.044613725227E+00  3.352031092112E-01
  3.659399294784E-01 -1.140400737455E+00  1.136951808779E+00  3.648332128659E-01  1.136951802775E+00  3.648332106978E-01
  3.979147676170E-01 -1.240045859662E+00  1.237891539958E+00  3.972234741526E-01  1.237891531193E+00  3.972234713190E-01
  4.271246448337E-01 -1.331074366899E+00  1.330002652396E+00  4.267807450243E-01  1.330002642685E+00  4.267807423173E-01
  4.485156292563E-01 -1.397736385567E+00  1.397408039595E+00  4.484102669539E-01  1.397408034161E+00  4.484102655131E-01
  4.583128182573E-01 -1.428267958270E+00  1.428267958270E+00  4.583128182573E-01  1.428267958270E+00  4.583128182573E-01
  4.572412379666E-01 -8.893427068925E-01  8.834295216447E-01  4.542010696539E-01  8.834295240009E-01  4.542010701609E-01
  4.719026612858E-01 -9.178594477700E-01  9.124286341465E-01  4.691104966214E-01  9.124286369759E-01  4.691104973299E-01
  5.039141165923E-01 -9.801223233594E-01  9.756778364123E-01  5.016290560385E-01  9.756778404264E-01  5.016290572303E-01
  5.476264890834E-01 -1.065143700366E+00  1.061922360960E+00  5.459702899904E-01  1.061922366911E+00  5.459702923380E-01
  5.954766058330E-01 -1.158213066866E+00  1.156200898060E+00  5.944420819749E-01  1.156200906296E+00  5.944420858636E-01
  6.391889783241E-01 -1.243234443872E+00  1.242233435848E+00  6.386743258278E-01  1.242233444611E+00  6.386743306661E-01
  6.712004336306E-01 -1.305497319461E+00  1.305190631695E+00  6.710427547342E-01  1.305190636538E+00  6.710427575419E-01
  6.858618569498E-01 -1.334014060339E+00  1.334014060339E+00  6.858618569498E-01  1.334014060339E+00  6.858618569498E-01
  5.851452805981E-01 -8.109284805664E-01  8.055366710975E-01  5.812546870006E-01  8.055366688605E-01  5.812546869771E-01
  6.039079422956E-01 -8.369308721881E-01  8.319789039533E-01  6.003347266943E-01  8.319789013546E-01  6.003347266147E-01
  6.448739585740E-01 -8.937039684379E-01  8.896513633784E-01  6.419497001792E-01  8.896513599621E-01  6.419496998008E-01
  7.008139883505E-01 -9.712289265187E-01  9.682916258138E-01  6.986945049346E-01  9.682916212218E-01  6.986945038666E-01
  7.620492131448E-01 -1.056092274897E+00  1.054257534063E+00  7.607253097566E-01  1.054257528516E+00  7.607253070149E-01
  8.179892429213E-01 -1.133617232978E+00  1.132704498287E+00  8.173306370770E-01  1.132704492812E+00  8.173306329290E-01
  8.589552591997E-01 -1.190390329228E+00  1.190110689839E+00  8.587534792284E-01  1.190110686841E+00  8.587534763956E-01
  8.777179208972E-01 -1.216392720850E+00  1.216392720850E+00  8.777179208972E-01  1.216392720850E+00  8.777179208972E-01
  6.706098831617E-01 -7.418102079413E-01  7.368779576287E-01  6.661510406996E-01  7.368779592183E-01  6.661510408534E-01
  6.921129641672E-01 -7.655963247174E-01  7.610664258753E-01  6.880178549274E-01  7.610664276899E-01  6.880178550896E-01
  7.390623565677E-01 -8.175304512697E-01  8.138232584838E-01  7.357109890160E-01  8.138232607983E-01  7.357109891394E-01
  8.031728229362E-01 -8.884476858381E-01  8.857607346183E-01  8.007437725843E-01  8.857607373521E-01  8.007437727682E-01
  8.733518849679E-01 -9.660778340152E-01  9.643994668868E-01  8.718346127966E-01  9.643994694892E-01  8.718346129938E-01
  9.374623513365E-01 -1.036995068584E+00  1.036160122536E+00  9.367075458639E-01  1.036160124457E+00  9.367075467014E-01
  9.844117437369E-01 -1.088929195136E+00  1.088673386542E+00  9.841804880803E-01  1.088673387649E+00  9.841804891285E-01
  1.005914824742E+00 -1.112715311912E+00  1.112715311912E+00  1.005914824742E+00  1.112715311912E+00  1.005914824742E+00
  7.071067811865E-01 -7.071067811865E-01  7.024052732051E-01  7.024052734821E-01  7.024052733329E-01  7.024052733329E-01
  7.297801338723E-01 -7.297801338723E-01  7.254621546816E-01  7.254621549805E-01  7.254621548636E-01  7.254621548636E-01
  7.792846738030E-01 -7.792846738030E-01  7.757509132473E-01  7.757509135582E-01  7.757509134242E-01  7.757509134242E-01
  8.468842524142E-01 -8.468842524142E-01  8.443230051869E-01  8.443230047290E-01  8.443230049755E-01  8.443230049755E-01
  9.208827005522E-01 -9.208827005522E-01  9.192828546102E-01  9.192828523037E-01  9.192828534149E-01  9.192828534149E-01
  9.884822791634E-01 -9.884822791634E-01  9.876863974724E-01  9.876863935254E-01  9.876863954621E-01  9.876863954621E-01
  1.037986819094E+00 -1.037986819094E+00  1.037742979757E+00  1.037742977913E+00  1.037742978814E+00  1.037742978814E+00
  1.060660171780E+00 -1.060660171780E+00  1.060660171780E+00  1.060660171780E+00  1.060660171780E+00  1.060660171780E+00
  7.071067811865E-01 -7.071067811865E-01  7.024052732051E-01  7.024052734821E-01  7.024052733329E-01  7.024052733329E-01
  7.297801338723E-01 -7.297801338723E-01  7.254621546816E-01  7.254621549805E-01  7.254621548636E-01  7.254621548636E-01
  7.792846738030E-01 -7.792846738030E-01  7.757509132473E-01  7.757509135582E-01  7.757509134242E-01  7.757509134242E-01
  8.468842524142E-01 -8.468842524142E-01  8.443230051869E-01  8.443230047290E-01  8.443230049755E-01  8.443230049755E-01
  9.208827005522E-01 -9.208827005522E-01  9.192828546102E-01  9.192828523037E-01  9.192828534149E-01  9.192828534149E-01
  9.884822791634E-01 -9.884822791634E-01  9.876863974724E-01  9.876863935254E-01  9.876863954621E-01  9.876863954621E-01
  1.037986819094E+00 -1.037986819094E+00  1.037742979757E+00  1.037742977913E+00  1.037742978814E+00  1.037742978814E+00
  1.060660171780E+00 -1.060660171780E+00  1.060660171780E+00  1.060660171780E+00  1.060660171780E+00  1.060660171780E+00
  7.418102079413E-01 -6.706098831617E-01  6.661510408271E-01  7.368779608759E-01  6.661510408534E-01  7.368779592183E-01
  7.655963247174E-01 -6.921129641672E-01  6.880178550729E-01  7.610664295759E-01  6.880178550896E-01  7.610664276899E-01
  8.175304512697E-01 -7.390623565677E-01  7.357109890734E-01  8.138232632445E-01  7.357109891394E-01  8.138232607983E-01
  8.884476858381E-01 -8.031728229362E-01  8.007437727443E-01  8.857607402396E-01  8.007437727682E-01  8.857607373521E-01
  9.660778340152E-01 -8.733518849679E-01  8.718346131448E-01  9.643994723033E-01  8.718346129938E-01  9.643994694892E-01
  1.036995068584E+00 -9.374623513365E-01  9.367075475781E-01  1.036160126508E+00  9.367075467014E-01  1.036160124457E+00
  1.088929195136E+00 -9.844117437369E-01  9.841804901879E-01  1.088673388789E+00  9.841804891285E-01  1.088673387649E+00
  1.112715311912E+00 -1.005914824742E+00  1.005914824742E+00  1.112715311912E+00  1.005914824742E+00  1.112715311912E+00
  8.109284805664E-01 -5.851452805981E-01  5.812546869384E-01  8.055366667372E-01  5.812546869771E-01  8.055366688605E-01
  8.369308721881E-01 -6.039079422956E-01  6.003347264868E-01  8.319788988714E-01  6.003347266147E-01  8.319789013546E-01
  8.937039684379E-01 -6.448739585740E-01  6.419496993446E-01  8.896513566909E-01  6.419496998008E-01  8.896513599621E-01
  9.712289265187E-01 -7.008139883505E-01  6.986945026153E-01  9.682916166816E-01  6.986945038666E-01  9.682916212218E-01
  1.056092274897E+00 -7.620492131448E-01  7.607253040577E-01  1.054257522919E+00  7.607253070149E-01  1.054257528516E+00
  1.133617232978E+00 -8.179892429213E-01  8.173306286210E-01  1.132704487202E+00  8.173306329290E-01  1.132704492812E+00
  1.190390329228E+00 -8.589552591997E-01  8.587534735395E-01  1.190110683810E+00  8.587534763956E-01  1.190110686841E+00
  1.216392720850E+00 -8.777179208972E-01  8.777179208972E-01  1.216392720850E+00  8.777179208972E-01  1.216392720850E+00
  8.893427068925E-01 -4.572412379666E-01  4.542010709024E-01  8.834295261952E-01  4.542010701609E-01  8.834295240009E-01
  9.178594477700E-01 -4.719026612858E-01  4.691104983030E-01  9.124286396211E-01  4.691104973299E-01  9.124286369759E-01
  9.801223233594E-01 -5.039141165923E-01  5.016290587688E-01  9.756778442766E-01  5.016290572303E-01  9.756778404264E-01
  1.065143700366E+00 -5.476264890834E-01  5.459702950503E-01  1.061922372689E+00  5.459702923380E-01  1.061922366911E+00
  1.158213066866E+00 -5.954766058330E-01  5.944420900577E-01  1.156200914497E+00  5.944420858636E-01  1.156200906296E+00
  1.243234443872E+00 -6.391889783241E-01  6.386743356188E-01  1.242233453392E+00  6.386743306661E-01  1.242233444611E+00
  1.305497319461E+00 -6.712004336306E-01  6.710427603655E-01  1.305190641399E+00  6.710427575419E-01  1.305190636538E+00
  1.334014060339E+00 -6.858618569498E-01  6.858618569498E-01  1.334014060339E+00  6.858618569498E-01  1.334014060339E+00
  9.521786388467E-01 -3.055418788382E-01  3.035103490809E-01  9.458476618299E-01  3.035103503884E-01  9.458476638544E-01
  9.827102115494E-01 -3.153390678391E-01  3.134732612670E-01  9.768956878405E-01  3.134732627667E-01  9.768956903422E-01
  1.049372230218E+00 -3.367300522617E-01  3.352031072155E-01  1.044613721546E+00  3.352031092112E-01  1.044613725227E+00
  1.140400737455E+00 -3.659399294784E-01  3.648332081499E-01  1.136951796907E+00  3.648332106978E-01  1.136951802775E+00
  1.240045859662E+00 -3.979147676170E-01  3.972234682451E-01  1.237891522619E+00  3.972234713190E-01  1.237891531193E+00
  1.331074366899E+00 -4.271246448337E-01  4.267807395420E-01  1.330002633067E+00  4.267807423173E-01  1.330002642685E+00
  1.397736385567E+00 -4.485156292563E-01  4.484102640741E-01  1.397408028751E+00  4.484102655131E-01  1.397408034161E+00
  1.428267958270E+00 -4.583128182573E-01  4.583128182573E-01  1.428267958270E+00  4.583128182573E-01  1.428267958270E+00
  9.871732235560E-01 -1.596528317756E-01  1.585913118529E-01  9.806095734021E-01  1.585913102877E-01  9.806095718037E-01
  1.018826896318E+00 -1.647720938990E-01  1.637971685622E-01  1.012798681017E+00  1.637971667810E-01  1.012798679123E+00
  1.087938885574E+00 -1.759493873375E-01  1.751515257594E-01  1.083005498114E+00  1.751515236112E-01  1.083005495431E+00
  1.182312883539E+00 -1.912122365128E-01  1.906339523621E-01  1.178737197196E+00  1.906339498702E-01  1.178737193194E+00
  1.285620175351E+00 -2.079198429261E-01  2.075586263039E-01  1.283386676602E+00  2.075586243200E-01  1.283386670741E+00
  1.379994173316E+00 -2.231826921014E-01  2.230029958704E-01  1.378883067768E+00  2.230029949326E-01  1.378883060964E+00
  1.449106162572E+00 -2.343599855400E-01  2.343049306177E-01  1.448765747678E+00  2.343049305012E-01  1.448765743555E+00
  1.480759835334E+00 -2.394792476634E-01  2.394792476634E-01  1.480759835334E+00  2.394792476634E-01  1.480759835334E+00
  9.987318243030E-01 -5.034623247436E-02  5.001148257297E-02  9.920913189194E-01  5.001148358823E-02  9.920913201521E-01
  1.030756123169E+00 -5.196058254943E-02  5.165313987327E-02  1.024657321466E+00  5.165314104162E-02  1.024657322864E+00
  1.100677329968E+00 -5.548532187056E-02  5.523371543456E-02  1.095686174088E+00  5.523371698389E-02  1.095686175812E+00
  1.196156332949E+00 -6.029843382264E-02  6.011607037007E-02  1.192538773545E+00  6.011607217317E-02  1.192538775608E+00
  1.300673227809E+00 -6.556714736325E-02  6.545323602675E-02  1.298413569590E+00  6.545323772748E-02  1.298413571570E+00
  1.396152230790E+00 -7.038025931534E-02  7.032359137155E-02  1.395028106709E+00  7.032359213732E-02  1.395028108660E+00
  1.466073437589E+00 -7.390499863647E-02  7.388763708818E-02  1.465729031154E+00  7.388763712933E-02  1.465729032678E+00
  1.498097736455E+00 -7.551934871154E-02  7.551934871154E-02  1.498097736455E+00  7.551934871154E-02  1.498097736455E+00
  1.000000000000E+00  2.775557561563E-17 -1.958681062990E-10  9.933510638449E-01 -2.757103056499E-17  9.933510638298E-01
  1.032064962873E+00  2.953553861887E-17 -2.114073877178E-10  1.025958418350E+00 -2.936078209997E-17  1.025958418397E+00
  1.102074954642E+00  3.342187385967E-17 -2.198614490485E-10  1.097077462758E+00 -3.327031834010E-17  1.097077462788E+00
  1.197675195524E+00  3.872875328905E-17  3.238116810867E-10  1.194053044635E+00 -3.861162521649E-17  1.194053044660E+00
  1.302324804476E+00  4.453797355784E-17  1.630981381829E-09  1.300062279016E+00 -4.446059785140E-17  1.300062278956E+00
  1.397925045358E+00  4.984485298722E-17  2.790975136697E-09  1.396799495886E+00 -4.980472004106E-17  1.396799495834E+00
  1.467935037127E+00  5.373118822801E-17  1.303860141616E-09  1.467590194926E+00 -5.371856588277E-17  1.467590194896E+00
  1.500000000000E+00  5.551115123126E-17 -5.551115123126E-17  1.500000000000E+00 -5.551115123126E-17  1.500000000000E+00
