# x y ux uy ux_exact uy_exact
  5.000000000000E-01  1.387778780781E-17 -4.839457202622E-18  1.122474461651E-03 -3.115492398861E-20  1.122474432527E-03
  5.320649628726E-01  1.476776930944E-17  9.306425324465E-09  7.100955001759E-02 -1.970912102527E-18  7.100959208417E-02
  6.020749546417E-01  1.671093692983E-17 -2.135396773045E-08  2.110795961032E-01 -5.858634001882E-18  2.110795352622E-01
  6.976751955244E-01  1.936437664453E-17  3.048105735984E-08  3.824692016855E-01 -1.061565438996E-17  3.824692572395E-01
  8.023248044756E-01  2.226898677892E-17 -3.212465847205E-08  5.526334319070E-01 -1.533865792731E-17  5.526333930063E-01
  8.979250453583E-01  2.492242649361E-17  2.465446436936E-08  6.973947115162E-01 -1.935659227294E-17  6.973947339804E-01
  9.679350371274E-01  2.686559411401E-17 -1.209549751222E-08  7.987405921568E-01 -2.216950466419E-17  7.987405835571E-01
  1.000000000000E+00  2.775557561563E-17 -2.311905958663E-10  8.441007731153E-01 -2.342850283943E-17  8.441007732602E-01
  4.993659121515E-01  2.517311623718E-02 -5.651235021389E-05  1.121050675931E-03 -5.651235872652E-05  1.121050937731E-03
  5.313902110175E-01  2.678746631225E-02 -3.575053644551E-03  7.091949734936E-02 -3.575065430979E-03  7.091953944524E-02
  6.013114178165E-01  3.031220563338E-02 -1.062708347588E-02  2.108119087095E-01 -1.062705935289E-02  2.108118493255E-01
  6.967904207970E-01  3.512531758546E-02 -1.925585272565E-02  3.819841648400E-01 -1.925588613928E-02  3.819842190226E-01
  8.013073156575E-01  4.039403112607E-02 -2.782304331274E-02  5.519325940077E-01 -2.782300927739E-02  5.519325567679E-01
  8.967863186381E-01  4.520714307816E-02 -3.511117188028E-02  6.965102940735E-01 -3.511119740337E-02  6.965103149276E-01
  9.667075254371E-01  4.873188239929E-02 -4.021359210562E-02  7.977276487997E-01 -4.021357910647E-02  7.977276401608E-01
  9.987318243030E-01  5.034623247436E-02 -4.249729461271E-02  8.430303058232E-01 -4.249729376234E-02  8.430303051737E-01
  4.935866117780E-01  7.982641588779E-02 -1.792062522466E-04  1.108076916129E-03 -1.792062217486E-04  1.108076703917E-03
  5.252402845402E-01  8.494567801117E-02 -1.133686673489E-02  7.009872850762E-02 -1.133688245947E-02  7.009876792113E-02
  5.943522737960E-01  9.612297144970E-02 -3.369947672970E-02  2.083721226555E-01 -3.369944553449E-02  2.083720652515E-01
  6.887262717609E-01  1.113858206250E-01 -6.106226127399E-02  3.775633601431E-01 -6.106229998539E-02  3.775634095802E-01
  7.920335635732E-01  1.280934270383E-01 -8.822952393921E-02  5.455449215719E-01 -8.822948612719E-02  5.455448880187E-01
  8.864075615381E-01  1.433562762137E-01 -1.113410156263E-01  6.884493892726E-01 -1.113410441453E-01  6.884494076345E-01
  9.555195507939E-01  1.545335696522E-01 -1.275212083209E-01  7.884953226790E-01 -1.275211960190E-01  7.884953166551E-01
  9.871732235560E-01  1.596528317756E-01 -1.347630777400E-01  8.332736803875E-01 -1.347630787549E-01  8.332736813454E-01
  4.760893194234E-01  1.527709394191E-01 -3.429628911698E-04  1.068795991676E-03 -3.429629470621E-04  1.068796177304E-03
  5.066208921261E-01  1.625681284201E-01 -2.169638215239E-02  6.761377886401E-02 -2.169640418093E-02  6.761381673577E-02
  5.732829107945E-01  1.839591128426E-01 -6.449367635341E-02  2.009854752183E-01 -6.449363778831E-02  2.009854245744E-01
  6.643114180315E-01  2.131689900593E-01 -1.168603290879E-01  3.641790124624E-01 -1.168603754548E-01  3.641790567590E-01
  7.639565402386E-01  2.451438281979E-01 -1.688526874656E-01  5.262057387917E-01 -1.688526452078E-01  5.262057119340E-01
  8.549850474757E-01  2.743537054146E-01 -2.130832669781E-01  6.640443549300E-01 -2.130832973122E-01  6.640443685404E-01
  9.216470661440E-01  2.957446898372E-01 -2.440487129716E-01  7.605437270577E-01 -2.440486986043E-01  7.605437216430E-01
  9.521786388467E-01  3.055418788382E-01 -2.579081367112E-01  8.037347264194E-01 -2.579081361907E-01  8.037347253323E-01
  4.446713534462E-01  2.286206189833E-01 -5.132416825035E-04  9.982646200840E-04 -5.132415991143E-04  9.982644502408E-04
  4.731880943238E-01  2.432820423025E-01 -3.246848631875E-02  6.315183013176E-02 -3.246851379207E-02  6.315186283947E-02
  5.354509699132E-01  2.752934976090E-01 -9.651431515968E-02  1.877220902520E-01 -9.651426801271E-02  1.877220452597E-01
  6.204723469194E-01  3.190058701001E-01 -1.748806645205E-01  3.401462095692E-01 -1.748807166643E-01  3.401462445365E-01
  7.135417134193E-01  3.668559868497E-01 -2.526868233969E-01  4.914804977336E-01 -2.526867767598E-01  4.914804776553E-01
  7.985630904255E-01  4.105683593408E-01 -3.188775993741E-01  6.202229113759E-01 -3.188776315166E-01  6.202229204907E-01
  8.608259660149E-01  4.425798146473E-01 -3.652171477314E-01  7.103541137658E-01 -3.652171332398E-01  7.103541126855E-01
  8.893427068925E-01  4.572412379666E-01 -3.859576823142E-01  7.506948649455E-01 -3.859576825340E-01  7.506948665812E-01
  4.054642402832E-01  2.925726402991E-01 -6.568105056923E-04  9.102463256359E-04 -6.568106167850E-04  9.102464860435E-04
  4.314666319049E-01  3.113353019965E-01 -4.155089537682E-02  5.758367169758E-02 -4.155092768525E-02  5.758370061446E-02
  4.882397281547E-01  3.523013182749E-01 -1.235122467147E-01  1.711704433604E-01 -1.235121938895E-01  1.711704068089E-01
  5.657646862355E-01  4.082413480515E-01 -2.238000234103E-01  3.101551862103E-01 -2.238000808476E-01  3.101552136366E-01
  6.506280346142E-01  4.694765728457E-01 -3.233708703634E-01  4.481461706511E-01 -3.233708218185E-01  4.481461577008E-01
  7.281529926949E-01  5.254166026223E-01 -4.080772038484E-01  5.655372490251E-01 -4.080772373026E-01  5.655372519818E-01
  7.849260889447E-01  5.663826189007E-01 -4.673792974087E-01  6.477214891413E-01 -4.673792828906E-01  6.477214877907E-01
  8.109284805664E-01  5.851452805981E-01 -4.939215836180E-01  6.845053590203E-01 -4.939215838224E-01  6.845053575048E-01
  3.709051039706E-01  3.353049415808E-01 -7.527426043152E-04  8.326631720361E-04 -7.527424480487E-04  8.326629922014E-04
  3.946912207468E-01  3.568080225864E-01 -4.761969907555E-02  5.267561544605E-02 -4.761973425092E-02  5.267564026979E-02
  4.466253472990E-01  4.037574149868E-01 -1.415520791688E-01  1.565809849334E-01 -1.415520224800E-01  1.565809539450E-01
  5.175425818674E-01  4.678678813554E-01 -2.564876040348E-01  2.837195785548E-01 -2.564876639103E-01  2.837195992440E-01
  5.951727300445E-01  5.380469433871E-01 -3.706014649728E-01  4.099490993475E-01 -3.706014151152E-01  4.099490921813E-01
  6.660899646129E-01  6.021574097557E-01 -4.676797675793E-01  5.173345319953E-01 -4.676798010722E-01  5.173345326312E-01
  7.180240911651E-01  6.491068021561E-01 -5.356433439557E-01  5.925139157821E-01 -5.356433294157E-01  5.925139183796E-01
  7.418102079413E-01  6.706098831617E-01 -5.660623207704E-01  6.261625688117E-01 -5.660623209327E-01  6.261625701355E-01
  3.535533905933E-01  3.535533905933E-01 -7.937093035421E-04  7.937093035421E-04 -7.937092829483E-04  7.937092829483E-04
  3.762267432790E-01  3.762267432790E-01 -5.021132776580E-02  5.021134092708E-02 -5.021136409201E-02  5.021136409201E-02
  4.257312832097E-01  4.257312832097E-01 -1.492558288742E-01  1.492557986752E-01 -1.492557707536E-01  1.492557707536E-01
  4.933308618209E-01  4.933308618209E-01 -2.704465445534E-01  2.704465876602E-01 -2.704466053894E-01  2.704466053894E-01
  5.673293099589E-01  5.673293099589E-01 -3.907708699274E-01  3.907708244963E-01 -3.907708197049E-01  3.907708197049E-01
  6.349288885701E-01  6.349288885701E-01 -4.931325122434E-01  4.931325471101E-01 -4.931325455613E-01  4.931325455613E-01
  6.844334285008E-01  6.844334285008E-01 -5.647948976758E-01  5.647948805702E-01 -5.647948830421E-01  5.647948830421E-01
  7.071067811865E-01  7.071067811865E-01 -5.968693808381E-01  5.968693805112E-01 -5.968693807771E-01  5.968693807771E-01
  3.535533905933E-01  3.535533905933E-01 -7.937093035421E-04  7.937093035421E-04 -7.937092829483E-04  7.937092829483E-04
  3.762267432790E-01  3.762267432790E-01 -5.021132776580E-02  5.021134092708E-02 -5.021136409201E-02  5.021136409201E-02
  4.257312832097E-01  4.257312832097E-01 -1.492558288742E-01  1.492557986752E-01 -1.492557707536E-01  1.492557707536E-01
  4.933308618209E-01  4.933308618209E-01 -2.704465445534E-01  2.704465876602E-01 -2.704466053894E-01  2.704466053894E-01
  5.673293099589E-01  5.673293099589E-01 -3.907708699274E-01  3.907708244963E-01 -3.907708197049E-01  3.907708197049E-01
  6.349288885701E-01  6.349288885701E-01 -4.931325122434E-01  4.931325471101E-01 -4.931325455613E-01  4.931325455613E-01
  6.844334285008E-01  6.844334285008E-01 -5.647948976758E-01  5.647948805702E-01 -5.647948830421E-01  5.647948830421E-01
  7.071067811865E-01  7.071067811865E-01 -5.968693808381E-01  5.968693805112E-01 -5.968693807771E-01  5.968693807771E-01
  3.353049415808E-01  3.709051039706E-01 -8.326628010617E-04  7.527422689477E-04 -8.326629922016E-04  7.527424480488E-04
  3.568080225864E-01  3.946912207468E-01 -5.267560216924E-02  4.761971281891E-02 -5.267564026979E-02  4.761973425092E-02
  4.037574149868E-01  4.466253472990E-01 -1.565810129934E-01  1.415520474133E-01 -1.565809539450E-01  1.415520224800E-01
  4.678678813554E-01  5.175425818674E-01 -2.837195373041E-01  2.564876492244E-01 -2.837195992440E-01  2.564876639103E-01
  5.380469433871E-01  5.951727300445E-01 -4.099491425804E-01  3.706014173810E-01 -4.099490921813E-01  3.706014151152E-01
  6.021574097557E-01  6.660899646129E-01 -5.173344998375E-01  4.676798043736E-01 -5.173345326312E-01  4.676798010722E-01
  6.491068021561E-01  7.180240911651E-01 -5.925139336800E-01  5.356433263325E-01 -5.925139183796E-01  5.356433294157E-01
  6.706098831617E-01  7.418102079413E-01 -6.261625711961E-01  5.660623207906E-01 -6.261625701355E-01  5.660623209327E-01
  2.925726402991E-01  4.054642402832E-01 -9.102466576660E-04  6.568107452768E-04 -9.102464860437E-04  6.568106167852E-04
  3.113353019965E-01  4.314666319049E-01 -5.758366162594E-02  4.155091093464E-02 -5.758370061446E-02  4.155092768525E-02
  3.523013182749E-01  4.882397281547E-01 -1.711704694579E-01  1.235122124219E-01 -1.711704068089E-01  1.235121938895E-01
  4.082413480515E-01  5.657646862355E-01 -3.101551513062E-01  2.238000732633E-01 -3.101552136366E-01  2.238000808476E-01
  4.694765728457E-01  6.506280346142E-01 -4.481462081637E-01  3.233708188071E-01 -4.481461577008E-01  3.233708218185E-01
  5.254166026223E-01  7.281529926949E-01 -5.655372188320E-01  4.080772444849E-01 -5.655372519818E-01  4.080772373026E-01
  5.663826189007E-01  7.849260889447E-01 -6.477215007490E-01  4.673792784514E-01 -6.477214877907E-01  4.673792828906E-01
  5.851452805981E-01  8.109284805664E-01 -6.845053561098E-01  4.939215838628E-01 -6.845053575048E-01  4.939215838224E-01
  2.286206189833E-01  4.446713534462E-01 -9.982642794605E-04  5.132415073775E-04 -9.982644502410E-04  5.132415991144E-04
  2.432820423025E-01  4.731880943238E-01 -6.315182048356E-02  3.246850258922E-02 -6.315186283947E-02  3.246851379207E-02
  2.752934976090E-01  5.354509699132E-01 -1.877221083400E-01  9.651427655373E-02 -1.877220452597E-01  9.651426801271E-02
  3.190058701001E-01  6.204723469194E-01 -3.401461804278E-01  1.748807181283E-01 -3.401462445365E-01  1.748807166643E-01
  3.668559868497E-01  7.135417134193E-01 -4.914805265274E-01  2.526867658704E-01 -4.914804776553E-01  2.526867767598E-01
  4.105683593408E-01  7.985630904255E-01 -6.202228894172E-01  3.188776433420E-01 -6.202229204907E-01  3.188776315166E-01
  4.425798146473E-01  8.608259660149E-01 -7.103541266735E-01  3.652171269093E-01 -7.103541126855E-01  3.652171332398E-01
  4.572412379666E-01  8.893427068925E-01 -7.506948677180E-01  3.859576829346E-01 -7.506948665812E-01  3.859576825340E-01
  1.527709394191E-01  4.760893194234E-01 -1.068796356366E-03  3.429630081941E-04 -1.068796177304E-03  3.429629470621E-04
  1.625681284201E-01  5.066208921261E-01 -6.761377418136E-02  2.169640047966E-02 -6.761381673577E-02  2.169640418093E-02
  1.839591128426E-01  5.732829107945E-01 -2.009854897267E-01  6.449363626473E-02 -2.009854245744E-01  6.449363778831E-02
  2.131689900593E-01  6.643114180315E-01 -3.641789951621E-01  1.168603876004E-01 -3.641790567590E-01  1.168603754548E-01
  2.451438281979E-01  7.639565402386E-01 -5.262057591088E-01  1.688526264279E-01 -5.262057119340E-01  1.688526452078E-01
  2.743537054146E-01  8.549850474757E-01 -6.640443393671E-01  2.130833135952E-01 -6.640443685404E-01  2.130832973122E-01
  2.957446898372E-01  9.216470661440E-01 -7.605437326541E-01  2.440486891211E-01 -7.605437216431E-01  2.440486986043E-01
  3.055418788382E-01  9.521786388467E-01 -8.037347240203E-01  2.579081351895E-01 -8.037347253323E-01  2.579081361907E-01
  7.982641588779E-02  4.935866117780E-01 -1.108076511937E-03  1.792061868777E-04 -1.108076703917E-03  1.792062217486E-04
  8.494567801117E-02  5.252402845402E-01 -7.009872462830E-02  1.133688485766E-02 -7.009876792113E-02  1.133688245947E-02
  9.612297144970E-02  5.943522737960E-01 -2.083721284504E-01  3.369943402730E-02 -2.083720652515E-01  3.369944553449E-02
  1.113858206250E-01  6.887262717609E-01 -3.775633495726E-01  6.106232120638E-02 -3.775634095802E-01  6.106229998539E-02
  1.280934270383E-01  7.920335635732E-01 -5.455449315023E-01  8.822946095797E-02 -5.455448880187E-01  8.822948612719E-02
  1.433562762137E-01  8.864075615381E-01 -6.884493818881E-01  1.113410657103E-01 -6.884494076345E-01  1.113410441453E-01
  1.545335696522E-01  9.555195507939E-01 -7.884953278759E-01  1.275211867082E-01 -7.884953166551E-01  1.275211960190E-01
  1.596528317756E-01  9.871732235560E-01 -8.332736822725E-01  1.347630799711E-01 -8.332736813454E-01  1.347630787549E-01
  2.517311623718E-02  4.993659121515E-01 -1.121051175390E-03  5.651237539171E-05 -1.121050937731E-03  5.651235872652E-05
  2.678746631225E-02  5.313902110175E-01 -7.091949701946E-02  3.575072750693E-03 -7.091953944524E-02  3.575065430979E-03
  3.031220563338E-02  6.013114178165E-01 -2.108119113226E-01  1.062704117999E-02 -2.108118493255E-01  1.062705935289E-02
  3.512531758546E-02  6.967904207970E-01 -3.819841620548E-01  1.925591384816E-02 -3.819842190226E-01  1.925588613928E-02
  4.039403112607E-02  8.013073156575E-01 -5.519325970899E-01  2.782297909001E-02 -5.519325567679E-01  2.782300927739E-02
  4.520714307816E-02  8.967863186381E-01 -6.965102907950E-01  3.511122063679E-02 -6.965103149276E-01  3.511119740337E-02
  4.873188239929E-02  9.667075254371E-01 -7.977276486054E-01  4.021356698841E-02 -7.977276401608E-01  4.021357910647E-02
  5.034623247436E-02  9.987318243030E-01 -8.430303041229E-01  4.249729294102E-02 -8.430303051737E-01  4.249729376234E-02
  3.061616997868E-17  5.000000000000E-01 -1.122474461651E-03  4.284109698389E-18 -1.122474432527E-03  6.873173604594E-20
  3.257958268602E-17  5.320649628726E-01 -7.100955001759E-02  9.306425385775E-09 -7.100959208417E-02  4.348083482732E-18
  3.686645830244E-17  6.020749546417E-01 -2.110795961032E-01 -2.135396761014E-08 -2.110795352622E-01  1.292489386122E-17
  4.272028475217E-17  6.976751955244E-01 -3.824692016855E-01  3.048105737736E-08 -3.824692572395E-01  2.341948758253E-17
  4.912822518388E-17  8.023248044756E-01 -5.526334319070E-01 -3.212465845993E-08 -5.526333930063E-01  3.383903579235E-17
  5.498205163361E-17  8.979250453583E-01 -6.973947115162E-01  2.465446437966E-08 -6.973947339804E-01  4.270311143557E-17
  5.926892725003E-17  9.679350371274E-01 -7.987405921568E-01 -1.209549757836E-08 -7.987405835571E-01  4.890875495011E-17
  6.123233995737E-17  1.000000000000E+00 -8.441007731153E-01 -2.311906984721E-10 -8.441007732602E-01  5.168626550654E-17
  3.061616997868E-17  5.000000000000E-01 -1.122474461651E-03  4.284109698389E-18 -1.122474432527E-03  6.873173604594E-20
  3.257958268602E-17  5.320649628726E-01 -7.100955001759E-02  9.306425385775E-09 -7.100959208417E-02  4.348083482732E-18
  3.686645830244E-17  6.020749546417E-01 -2.110795961032E-01 -2.135396761014E-08 -2.110795352622E-01  1.292489386122E-17
  4.272028475217E-17  6.976751955244E-01 -3.824692016855E-01  3.048105737736E-08 -3.824692572395E-01  2.341948758253E-17
  4.912822518388E-17  8.023248044756E-01 -5.526334319070E-01 -3.212465845993E-08 -5.526333930063E-01  3.383903579235E-17
  5.498205163361E-17  8.979250453583E-01 -6.973947115162E-01  2.465446437966E-08 -6.973947339804E-01  4.270311143557E-17
  5.926892725003E-17  9.679350371274E-01 -7.987405921568E-01 -1.209549757836E-08 -7.987405835571E-01  4.890875495011E-17
  6.123233995737E-17  1.000000000000E+00 -8.441007731153E-01 -2.311906984721E-10 -8.441007732602E-01  5.168626550654E-17
 -2.517311623718E-02  4.993659121515E-01 -1.121050675931E-03 -5.651235021389E-05 -1.121050937731E-03 -5.651235872652E-05
 -2.678746631225E-02  5.313902110175E-01 -7.091949734936E-02 -3.575053644551E-03 -7.091953944524E-02 -3.575065430979E-03
 -3.031220563338E-02  6.013114178165E-01 -2.108119087095E-01 -1.062708347588E-02 -2.108118493255E-01 -1.062705935289E-02
 -3.512531758546E-02  6.967904207970E-01 -3.819841648400E-01 -1.925585272565E-02 -3.819842190226E-01 -1.925588613928E-02
 -4.039403112607E-02  8.013073156575E-01 -5.519325940077E-01 -2.782304331274E-02 -5.519325567679E-01 -2.782300927739E-02
 -4.520714307816E-02  8.967863186381E-01 -6.965102940735E-01 -3.511117188028E-02 -6.965103149276E-01 -3.511119740337E-02
 -4.873188239929E-02  9.667075254371E-01 -7.977276487997E-01 -4.021359210562E-02 -7.977276401608E-01 -4.021357910647E-02
 -5.034623247436E-02  9.987318243030E-01 -8.430303058232E-01 -4.249729461271E-02 -8.430303051737E-01 -4.249729376234E-02
 -7.982641588779E-02  4.935866117780E-01 -1.108076916129E-03 -1.792062522466E-04 -1.108076703917E-03 -1.792062217486E-04
 -8.494567801117E-02  5.252402845402E-01 -7.009872850762E-02 -1.133686673489E-02 -7.009876792113E-02 -1.133688245947E-02
 -9.612297144970E-02  5.943522737960E-01 -2.083721226555E-01 -3.369947672970E-02 -2.083720652515E-01 -3.369944553449E-02
 -1.113858206250E-01  6.887262717609E-01 -3.775633601431E-01 -6.106226127399E-02 -3.775634095802E-01 -6.106229998539E-02
 -1.280934270383E-01  7.920335635732E-01 -5.455449215719E-01 -8.822952393921E-02 -5.455448880187E-01 -8.822948612719E-02
 -1.433562762137E-01  8.864075615381E-01 -6.884493892726E-01 -1.113410156263E-01 -6.884494076345E-01 -1.113410441453E-01
 -1.545335696522E-01  9.555195507939E-01 -7.884953226790E-01 -1.275212083209E-01 -7.884953166551E-01 -1.275211960190E-01
 -1.596528317756E-01  9.871732235560E-01 -8.332736803875E-01 -1.347630777400E-01 -8.332736813454E-01 -1.347630787549E-01
 -1.527709394191E-01  4.760893194234E-01 -1.068795991676E-03 -3.429628911698E-04 -1.068796177304E-03 -3.429629470621E-04
 -1.625681284201E-01  5.066208921261E-01 -6.761377886401E-02 -2.169638215239E-02 -6.761381673577E-02 -2.169640418093E-02
 -1.839591128426E-01  5.732829107945E-01 -2.009854752183E-01 -6.449367635341E-02 -2.009854245744E-01 -6.449363778831E-02
 -2.131689900593E-01  6.643114180315E-01 -3.641790124624E-01 -1.168603290879E-01 -3.641790567590E-01 -1.168603754548E-01
 -2.451438281979E-01  7.639565402386E-01 -5.262057387917E-01 -1.688526874656E-01 -5.262057119340E-01 -1.688526452078E-01
 -2.743537054146E-01  8.549850474757E-01 -6.640443549300E-01 -2.130832669781E-01 -6.640443685404E-01 -2.130832973122E-01
 -2.957446898372E-01  9.216470661440E-01 -7.605437270577E-01 -2.440487129716E-01 -7.605437216431E-01 -2.440486986043E-01
 -3.055418788382E-01  9.521786388467E-01 -8.037347264194E-01 -2.579081367112E-01 -8.037347253323E-01 -2.579081361907E-01
 -2.286206189833E-01  4.446713534462E-01 -9.982646200839E-04 -5.132416825035E-04 -9.982644502410E-04 -5.132415991144E-04
 -2.432820423025E-01  4.731880943238E-01 -6.315183013176E-02 -3.246848631875E-02 -6.315186283947E-02 -3.246851379207E-02
 -2.752934976090E-01  5.354509699132E-01 -1.877220902520E-01 -9.651431515968E-02 -1.877220452597E-01 -9.651426801271E-02
 -3.190058701001E-01  6.204723469194E-01 -3.401462095692E-01 -1.748806645205E-01 -3.401462445365E-01 -1.748807166643E-01
 -3.668559868497E-01  7.135417134193E-01 -4.914804977336E-01 -2.526868233969E-01 -4.914804776553E-01 -2.526867767598E-01
 -4.105683593408E-01  7.985630904255E-01 -6.202229113759E-01 -3.188775993741E-01 -6.202229204907E-01 -3.188776315166E-01
 -4.425798146473E-01  8.608259660149E-01 -7.103541137658E-01 -3.652171477314E-01 -7.103541126855E-01 -3.652171332398E-01
 -4.572412379666E-01  8.893427068925E-01 -7.506948649455E-01 -3.859576823142E-01 -7.506948665812E-01 -3.859576825340E-01
 -2.925726402991E-01  4.054642402832E-01 -9.102463256359E-04 -6.568105056923E-04 -9.102464860437E-04 -6.568106167852E-04
 -3.113353019965E-01  4.314666319049E-01 -5.758367169758E-02 -4.155089537682E-02 -5.758370061446E-02 -4.155092768525E-02
 -3.523013182749E-01  4.882397281547E-01 -1.711704433604E-01 -1.235122467147E-01 -1.711704068089E-01 -1.235121938895E-01
 -4.082413480515E-01  5.657646862355E-01 -3.101551862103E-01 -2.238000234103E-01 -3.101552136366E-01 -2.238000808476E-01
 -4.694765728457E-01  6.506280346142E-01 -4.481461706511E-01 -3.233708703634E-01 -4.481461577008E-01 -3.233708218185E-01
 -5.254166026223E-01  7.281529926949E-01 -5.655372490251E-01 -4.080772038484E-01 -5.655372519818E-01 -4.080772373026E-01
 -5.663826189007E-01  7.849260889447E-01 -6.477214891413E-01 -4.673792974087E-01 -6.477214877907E-01 -4.673792828906E-01
 -5.851452805981E-01  8.109284805664E-01 -6.845053590203E-01 -4.939215836180E-01 -6.845053575048E-01 -4.939215838224E-01
 -3.353049415808E-01  3.709051039706E-01 -8.326631720361E-04 -7.527426043153E-04 -8.326629922016E-04 -7.527424480488E-04
 -3.568080225864E-01  3.946912207468E-01 -5.267561544605E-02 -4.761969907555E-02 -5.267564026979E-02 -4.761973425092E-02
 -4.037574149868E-01  4.466253472990E-01 -1.565809849334E-01 -1.415520791688E-01 -1.565809539450E-01 -1.415520224800E-01
 -4.678678813554E-01  5.175425818674E-01 -2.837195785548E-01 -2.564876040348E-01 -2.837195992440E-01 -2.564876639103E-01
 -5.380469433871E-01  5.951727300445E-01 -4.099490993475E-01 -3.706014649728E-01 -4.099490921813E-01 -3.706014151152E-01
 -6.021574097557E-01  6.660899646129E-01 -5.173345319953E-01 -4.676797675793E-01 -5.173345326312E-01 -4.676798010722E-01
 -6.491068021561E-01  7.180240911651E-01 -5.925139157821E-01 -5.356433439557E-01 -5.925139183796E-01 -5.356433294157E-01
 -6.706098831617E-01  7.418102079413E-01 -6.261625688117E-01 -5.660623207704E-01 -6.261625701355E-01 -5.660623209327E-01
 -3.535533905933E-01  3.535533905933E-01 -7.937093035421E-04 -7.937093035421E-04 -7.937092829483E-04 -7.937092829483E-04
 -3.762267432790E-01  3.762267432790E-01 -5.021134092708E-02 -5.021132776580E-02 -5.021136409201E-02 -5.021136409201E-02
 -4.257312832097E-01  4.257312832097E-01 -1.492557986752E-01 -1.492558288742E-01 -1.492557707536E-01 -1.492557707536E-01
 -4.933308618209E-01  4.933308618209E-01 -2.704465876602E-01 -2.704465445534E-01 -2.704466053894E-01 -2.704466053894E-01
 -5.673293099589E-01  5.673293099589E-01 -3.907708244963E-01 -3.907708699274E-01 -3.907708197049E-01 -3.907708197049E-01
 -6.349288885701E-01  6.349288885701E-01 -4.931325471101E-01 -4.931325122434E-01 -4.931325455613E-01 -4.931325455613E-01
 -6.844334285008E-01  6.844334285008E-01 -5.647948805702E-01 -5.647948976758E-01 -5.647948830421E-01 -5.647948830421E-01
 -7.071067811865E-01  7.071067811865E-01 -5.968693805112E-01 -5.968693808381E-01 -5.968693807771E-01 -5.968693807771E-01
 -3.535533905933E-01  3.535533905933E-01 -7.937093035421E-04 -7.937093035421E-04 -7.937092829483E-04 -7.937092829483E-04
 -3.762267432790E-01  3.762267432790E-01 -5.021134092708E-02 -5.021132776580E-02 -5.021136409201E-02 -5.021136409201E-02
 -4.257312832097E-01  4.257312832097E-01 -1.492557986752E-01 -1.492558288742E-01 -1.492557707536E-01 -1.492557707536E-01
 -4.933308618209E-01  4.933308618209E-01 -2.704465876602E-01 -2.704465445534E-01 -2.704466053894E-01 -2.704466053894E-01
 -5.673293099589E-01  5.673293099589E-01 -3.907708244963E-01 -3.907708699274E-01 -3.907708197049E-01 -3.907708197049E-01
 -6.349288885701E-01  6.349288885701E-01 -4.931325471101E-01 -4.931325122434E-01 -4.931325455613E-01 -4.931325455613E-01
 -6.844334285008E-01  6.844334285008E-01 -5.647948805702E-01 -5.647948976758E-01 -5.647948830421E-01 -5.647948830421E-01
 -7.071067811865E-01  7.071067811865E-01 -5.968693805112E-01 -5.968693808381E-01 -5.968693807771E-01 -5.968693807771E-01
 -3.709051039706E-01  3.353049415808E-01 -7.527422689477E-04 -8.326628010617E-04 -7.527424480488E-04 -8.326629922016E-04
 -3.946912207468E-01  3.568080225864E-01 -4.761971281891E-02 -5.267560216924E-02 -4.761973425092E-02 -5.267564026979E-02
 -4.466253472990E-01  4.037574149868E-01 -1.415520474133E-01 -1.565810129934E-01 -1.415520224800E-01 -1.565809539450E-01
 -5.175425818674E-01  4.678678813554E-01 -2.564876492244E-01 -2.837195373041E-01 -2.564876639103E-01 -2.837195992440E-01
 -5.951727300445E-01  5.380469433871E-01 -3.706014173810E-01 -4.099491425804E-01 -3.706014151152E-01 -4.099490921813E-01
 -6.660899646129E-01  6.021574097557E-01 -4.676798043736E-01 -5.173344998375E-01 -4.676798010722E-01 -5.173345326312E-01
 -7.180240911651E-01  6.491068021561E-01 -5.356433263325E-01 -5.925139336800E-01 -5.356433294157E-01 -5.925139183796E-01
 -7.418102079413E-01  6.706098831617E-01 -5.660623207906E-01 -6.261625711961E-01 -5.660623209327E-01 -6.261625701355E-01
 -4.054642402832E-01  2.925726402991E-01 -6.568107452768E-04 -9.102466576660E-04 -6.568106167852E-04 -9.102464860437E-04
 -4.314666319049E-01  3.113353019965E-01 -4.155091093464E-02 -5.758366162594E-02 -4.155092768525E-02 -5.758370061446E-02
 -4.882397281547E-01  3.523013182749E-01 -1.235122124219E-01 -1.711704694579E-01 -1.235121938895E-01 -1.711704068089E-01
 -5.657646862355E-01  4.082413480515E-01 -2.238000732633E-01 -3.101551513062E-01 -2.238000808476E-01 -3.101552136366E-01
 -6.506280346142E-01  4.694765728457E-01 -3.233708188071E-01 -4.481462081637E-01 -3.233708218185E-01 -4.481461577008E-01
 -7.281529926949E-01  5.254166026223E-01 -4.080772444849E-01 -5.655372188320E-01 -4.080772373026E-01 -5.655372519818E-01
 -7.849260889447E-01  5.663826189007E-01 -4.673792784514E-01 -6.477215007490E-01 -4.673792828906E-01 -6.477214877907E-01
 -8.109284805664E-01  5.851452805981E-01 -4.939215838628E-01 -6.845053561098E-01 -4.939215838224E-01 -6.845053575048E-01
 -4.446713534462E-01  2.286206189833E-01 -5.132415073774E-04 -9.982642794604E-04 -5.132415991144E-04 -9.982644502410E-04
 -4.731880943238E-01  2.432820423025E-01 -3.246850258922E-02 -6.315182048356E-02 -3.246851379207E-02 -6.315186283947E-02
 -5.354509699132E-01  2.752934976090E-01 -9.651427655373E-02 -1.877221083400E-01 -9.651426801271E-02 -1.877220452597E-01
 -6.204723469194E-01  3.190058701001E-01 -1.748807181283E-01 -3.401461804278E-01 -1.748807166643E-01 -3.401462445365E-01
 -7.135417134193E-01  3.668559868497E-01 -2.526867658704E-01 -4.914805265274E-01 -2.526867767598E-01 -4.914804776553E-01
 -7.985630904255E-01  4.105683593408E-01 -3.188776433420E-01 -6.202228894172E-01 -3.188776315166E-01 -6.202229204907E-01
 -8.608259660149E-01  4.425798146473E-01 -3.652171269093E-01 -7.103541266735E-01 -3.652171332398E-01 -7.103541126855E-01
 -8.893427068925E-01  4.572412379666E-01 -3.859576829346E-01 -7.506948677180E-01 -3.859576825340E-01 -7.506948665812E-01
 -4.760893194234E-01  1.527709394191E-01 -3.429630081941E-04 -1.068796356366E-03 -3.429629470621E-04 -1.068796177304E-03
 -5.066208921261E-01  1.625681284201E-01 -2.169640047966E-02 -6.761377418136E-02 -2.169640418093E-02 -6.761381673577E-02
 -5.732829107945E-01  1.839591128426E-01 -6.449363626473E-02 -2.009854897267E-01 -6.449363778831E-02 -2.009854245744E-01
 -6.643114180315E-01  2.131689900593E-01 -1.168603876004E-01 -3.641789951621E-01 -1.168603754548E-01 -3.641790567590E-01
 -7.639565402386E-01  2.451438281979E-01 -1.688526264279E-01 -5.262057591088E-01 -1.688526452078E-01 -5.262057119340E-01
 -8.549850474757E-01  2.743537054146E-01 -2.130833135952E-01 -6.640443393671E-01 -2.130832973122E-01 -6.640443685404E-01
 -9.216470661440E-01  2.957446898372E-01 -2.440486891211E-01 -7.605437326541E-01 -2.440486986043E-01 -7.605437216431E-01
 -9.521786388467E-01  3.055418788382E-01 -2.579081351895E-01 -8.037347240203E-01 -2.579081361907E-01 -8.037347253323E-01
 -4.935866117780E-01  7.982641588779E-02 -1.792061868777E-04 -1.108076511937E-03 -1.792062217486E-04 -1.108076703917E-03
 -5.252402845402E-01  8.494567801117E-02 -1.133688485766E-02 -7.009872462830E-02 -1.133688245947E-02 -7.009876792113E-02
 -5.943522737960E-01  9.612297144970E-02 -3.369943402730E-02 -2.083721284504E-01 -3.369944553449E-02 -2.083720652515E-01
 -6.887262717609E-01  1.113858206250E-01 -6.106232120638E-02 -3.775633495726E-01 -6.106229998539E-02 -3.775634095802E-01
 -7.920335635732E-01  1.280934270383E-01 -8.822946095797E-02 -5.455449315023E-01 -8.822948612719E-02 -5.455448880187E-01
 -8.864075615381E-01  1.433562762137E-01 -1.113410657103E-01 -6.884493818881E-01 -1.113410441453E-01 -6.884494076345E-01
 -9.555195507939E-01  1.545335696522E-01 -1.275211867082E-01 -7.884953278759E-01 -1.275211960190E-01 -7.884953166551E-01
 -9.871732235560E-01  1.596528317756E-01 -1.347630799711E-01 -8.332736822725E-01 -1.347630787549E-01 -8.332736813454E-01
 -4.993659121515E-01  2.517311623718E-02 -5.651237539171E-05 -1.121051175390E-03 -5.651235872652E-05 -1.121050937731E-03
 -5.313902110175E-01  2.678746631225E-02 -3.575072750693E-03 -7.091949701946E-02 -3.575065430979E-03 -7.091953944524E-02
 -6.013114178165E-01  3.031220563338E-02 -1.062704117999E-02 -2.108119113226E-01 -1.062705935289E-02 -2.108118493255E-01
 -6.967904207970E-01  3.512531758546E-02 -1.925591384816E-02 -3.819841620548E-01 -1.925588613928E-02 -3.819842190226E-01
 -8.013073156575E-01  4.039403112607E-02 -2.782297909001E-02 -5.519325970899E-01 -2.782300927739E-02 -5.519325567679E-01
 -8.967863186381E-01  4.520714307816E-02 -3.511122063679E-02 -6.965102907950E-01 -3.511119740337E-02 -6.965103149276E-01
 -9.667075254371E-01  4.873188239929E-02 -4.021356698841E-02 -7.977276486054E-01 -4.021357910647E-02 -7.977276401608E-01
 -9.987318243030E-01  5.034623247436E-02 -4.249729294102E-02 -8.430303041229E-01 -4.249729376234E-02 -8.430303051737E-01
 -5.000000000000E-01  8.326672684689E-17  9.520244278677E-19 -1.122474461651E-03 -1.869295439317E-19 -1.122474432527E-03
 -5.320649628726E-01  8.860661585662E-17 -9.306425395259E-09 -7.100955001759E-02 -1.182547261516E-17 -7.100959208417E-02
 -6.020749546417E-01  1.002656215790E-16  2.135396758338E-08 -2.110795961032E-01 -3.515180401129E-17 -2.110795352622E-01
 -6.976751955244E-01  1.161862598672E-16 -3.048105752413E-08 -3.824692016855E-01 -6.369392633979E-17 -3.824692572395E-01
 -8.023248044756E-01  1.336139206735E-16  3.212465831338E-08 -5.526334319070E-01 -9.203194756384E-17 -5.526333930063E-01
 -8.979250453583E-01  1.495345589617E-16 -2.465446450712E-08 -6.973947115162E-01 -1.161395536376E-16 -6.973947339804E-01
 -9.679350371274E-01  1.611935646840E-16  1.209549742586E-08 -7.987405921568E-01 -1.330170279851E-16 -7.987405835571E-01
 -1.000000000000E+00  1.665334536938E-16  2.311905367832E-10 -8.441007731153E-01 -1.405710170366E-16 -8.441007732602E-01
 -5.000000000000E-01  8.326672684689E-17  9.520244278677E-19 -1.122474461651E-03 -1.869295439317E-19 -1.122474432527E-03
 -5.320649628726E-01  8.860661585662E-17 -9.306425395259E-09 -7.100955001759E-02 -1.182547261516E-17 -7.100959208417E-02
 -6.020749546417E-01  1.002656215790E-16  2.135396758338E-08 -2.110795961032E-01 -3.515180401129E-17 -2.110795352622E-01
 -6.976751955244E-01  1.161862598672E-16 -3.048105752413E-08 -3.824692016855E-01 -6.369392633979E-17 -3.824692572395E-01
 -8.023248044756E-01  1.336139206735E-16  3.212465831338E-08 -5.526334319070E-01 -9.203194756384E-17 -5.526333930063E-01
 -8.979250453583E-01  1.495345589617E-16 -2.465446450712E-08 -6.973947115162E-01 -1.161395536376E-16 -6.973947339804E-01
 -9.679350371274E-01  1.611935646840E-16  1.209549742586E-08 -7.987405921568E-01 -1.330170279851E-16 -7.987405835571E-01
 -1.000000000000E+00  1.665334536938E-16  2.311905367832E-10 -8.441007731153E-01 -1.405710170366E-16 -8.441007732602E-01
 -4.993659121515E-01 -2.517311623718E-02  5.651235021389E-05 -1.121050675931E-03  5.651235872652E-05 -1.121050937731E-03
 -5.313902110175E-01 -2.678746631225E-02  3.575053644551E-03 -7.091949734936E-02  3.575065430979E-03 -7.091953944524E-02
 -6.013114178165E-01 -3.031220563338E-02  1.062708347588E-02 -2.108119087095E-01  1.062705935289E-02 -2.108118493255E-01
 -6.967904207970E-01 -3.512531758546E-02  1.925585272565E-02 -3.819841648400E-01  1.925588613928E-02 -3.819842190226E-01
 -8.013073156575E-01 -4.039403112607E-02  2.782304331274E-02 -5.519325940077E-01  2.782300927739E-02 -5.519325567679E-01
 -8.967863186381E-01 -4.520714307816E-02  3.511117188028E-02 -6.965102940735E-01  3.511119740337E-02 -6.965103149276E-01
 -9.667075254371E-01 -4.873188239929E-02  4.021359210562E-02 -7.977276487997E-01  4.021357910647E-02 -7.977276401608E-01
 -9.987318243030E-01 -5.034623247436E-02  4.249729461271E-02 -8.430303058232E-01  4.249729376234E-02 -8.430303051737E-01
 -4.935866117780E-01 -7.982641588779E-02  1.792062522466E-04 -1.108076916129E-03  1.792062217486E-04 -1.108076703917E-03
 -5.252402845402E-01 -8.494567801117E-02  1.133686673489E-02 -7.009872850762E-02  1.133688245947E-02 -7.009876792113E-02
 -5.943522737960E-01 -9.612297144970E-02  3.369947672970E-02 -2.083721226555E-01  3.369944553449E-02 -2.083720652515E-01
 -6.887262717609E-01 -1.113858206250E-01  6.106226127399E-02 -3.775633601431E-01  6.106229998539E-02 -3.775634095802E-01
 -7.920335635732E-01 -1.280934270383E-01  8.822952393921E-02 -5.455449215719E-01  8.822948612719E-02 -5.455448880187E-01
 -8.864075615381E-01 -1.433562762137E-01  1.113410156263E-01 -6.884493892726E-01  1.113410441453E-01 -6.884494076345E-01
 -9.555195507939E-01 -1.545335696522E-01  1.275212083209E-01 -7.884953226790E-01  1.275211960190E-01 -7.884953166551E-01
 -9.871732235560E-01 -1.596528317756E-01  1.347630777400E-01 -8.332736803875E-01  1.347630787549E-01 -8.332736813454E-01
 -4.760893194234E-01 -1.527709394191E-01  3.429628911698E-04 -1.068795991676E-03  3.429629470621E-04 -1.068796177304E-03
 -5.066208921261E-01 -1.625681284201E-01  2.169638215239E-02 -6.761377886401E-02  2.169640418093E-02 -6.761381673577E-02
 -5.732829107945E-01 -1.839591128426E-01  6.449367635341E-02 -2.009854752183E-01  6.449363778831E-02 -2.009854245744E-01
 -6.643114180315E-01 -2.131689900593E-01  1.168603290879E-01 -3.641790124624E-01  1.168603754548E-01 -3.641790567590E-01
 -7.639565402386E-01 -2.451438281979E-01  1.688526874656E-01 -5.262057387917E-01  1.688526452078E-01 -5.262057119340E-01
 -8.549850474757E-01 -2.743537054146E-01  2.130832669781E-01 -6.640443549300E-01  2.130832973122E-01 -6.640443685404E-01
 -9.216470661440E-01 -2.957446898372E-01  2.440487129716E-01 -7.605437270577E-01  2.440486986043E-01 -7.605437216431E-01
 -9.521786388467E-01 -3.055418788382E-01  2.579081367112E-01 -8.037347264194E-01  2.579081361907E-01 -8.037347253323E-01
 -4.446713534462E-01 -2.286206189833E-01  5.132416825035E-04 -9.982646200839E-04  5.132415991144E-04 -9.982644502410E-04
 -4.731880943238E-01 -2.432820423025E-01  3.246848631875E-02 -6.315183013176E-02  3.246851379207E-02 -6.315186283947E-02
 -5.354509699132E-01 -2.752934976090E-01  9.651431515968E-02 -1.877220902520E-01  9.651426801271E-02 -1.877220452597E-01
 -6.204723469194E-01 -3.190058701001E-01  1.748806645205E-01 -3.401462095692E-01  1.748807166643E-01 -3.401462445365E-01
 -7.135417134193E-01 -3.668559868497E-01  2.526868233969E-01 -4.914804977336E-01  2.526867767598E-01 -4.914804776553E-01
 -7.985630904255E-01 -4.105683593408E-01  3.188775993741E-01 -6.202229113759E-01  3.188776315166E-01 -6.202229204907E-01
 -8.608259660149E-01 -4.425798146473E-01  3.652171477314E-01 -7.103541137658E-01  3.652171332398E-01 -7.103541126855E-01
 -8.893427068925E-01 -4.572412379666E-01  3.859576823142E-01 -7.506948649455E-01  3.859576825340E-01 -7.506948665812E-01
 -4.054642402832E-01 -2.925726402991E-01  6.568105056923E-04 -9.102463256359E-04  6.568106167852E-04 -9.102464860437E-04
 -4.314666319049E-01 -3.113353019965E-01  4.155089537682E-02 -5.758367169758E-02  4.155092768525E-02 -5.758370061446E-02
 -4.882397281547E-01 -3.523013182749E-01  1.235122467147E-01 -1.711704433604E-01  1.235121938895E-01 -1.711704068089E-01
 -5.657646862355E-01 -4.082413480515E-01  2.238000234103E-01 -3.101551862103E-01  2.238000808476E-01 -3.101552136366E-01
 -6.506280346142E-01 -4.694765728457E-01  3.233708703634E-01 -4.481461706511E-01  3.233708218185E-01 -4.481461577008E-01
 -7.281529926949E-01 -5.254166026223E-01  4.080772038484E-01 -5.655372490251E-01  4.080772373026E-01 -5.655372519818E-01
 -7.849260889447E-01 -5.663826189007E-01  4.673792974087E-01 -6.477214891413E-01  4.673792828906E-01 -6.477214877907E-01
 -8.109284805664E-01 -5.851452805981E-01  4.939215836180E-01 -6.845053590203E-01  4.939215838224E-01 -6.845053575048E-01
 -3.709051039706E-01 -3.353049415808E-01  7.527426043153E-04 -8.326631720361E-04  7.527424480488E-04 -8.326629922016E-04
 -3.946912207468E-01 -3.568080225864E-01  4.761969907555E-02 -5.267561544605E-02  4.761973425092E-02 -5.267564026979E-02
 -4.466253472990E-01 -4.037574149868E-01  1.415520791688E-01 -1.565809849334E-01  1.415520224800E-01 -1.565809539450E-01
 -5.175425818674E-01 -4.678678813554E-01  2.564876040348E-01 -2.837195785548E-01  2.564876639103E-01 -2.837195992440E-01
 -5.951727300445E-01 -5.380469433871E-01  3.706014649728E-01 -4.099490993475E-01  3.706014151152E-01 -4.099490921813E-01
 -6.660899646129E-01 -6.021574097557E-01  4.676797675793E-01 -5.173345319953E-01  4.676798010722E-01 -5.173345326312E-01
 -7.180240911651E-01 -6.491068021561E-01  5.356433439557E-01 -5.925139157821E-01  5.356433294157E-01 -5.925139183796E-01
 -7.418102079413E-01 -6.706098831617E-01  5.660623207704E-01 -6.261625688117E-01  5.660623209327E-01 -6.261625701355E-01
 -3.535533905933E-01 -3.535533905933E-01  7.937093035421E-04 -7.937093035421E-04  7.937092829483E-04 -7.937092829483E-04
 -3.762267432790E-01 -3.762267432790E-01  5.021132776580E-02 -5.021134092708E-02  5.021136409201E-02 -5.021136409201E-02
 -4.257312832097E-01 -4.257312832097E-01  1.492558288742E-01 -1.492557986752E-01  1.492557707536E-01 -1.492557707536E-01
 -4.933308618209E-01 -4.933308618209E-01  2.704465445534E-01 -2.704465876602E-01  2.704466053894E-01 -2.704466053894E-01
 -5.673293099589E-01 -5.673293099589E-01  3.907708699274E-01 -3.907708244963E-01  3.907708197049E-01 -3.907708197049E-01
 -6.349288885701E-01 -6.349288885701E-01  4.931325122434E-01 -4.931325471101E-01  4.931325455613E-01 -4.931325455613E-01
 -6.844334285008E-01 -6.844334285008E-01  5.647948976758E-01 -5.647948805702E-01  5.647948830421E-01 -5.647948830421E-01
 -7.071067811865E-01 -7.071067811865E-01  5.968693808381E-01 -5.968693805112E-01  5.968693807771E-01 -5.968693807771E-01
 -3.535533905933E-01 -3.535533905933E-01  7.937093035421E-04 -7.937093035421E-04  7.937092829483E-04 -7.937092829483E-04
 -3.762267432790E-01 -3.762267432790E-01  5.021132776580E-02 -5.021134092708E-02  5.021136409201E-02 -5.021136409201E-02
 -4.257312832097E-01 -4.257312832097E-01  1.492558288742E-01 -1.492557986752E-01  1.492557707536E-01 -1.492557707536E-01
 -4.933308618209E-01 -4.933308618209E-01  2.704465445534E-01 -2.704465876602E-01  2.704466053894E-01 -2.704466053894E-01
 -5.673293099589E-01 -5.673293099589E-01  3.907708699274E-01 -3.907708244963E-01  3.907708197049E-01 -3.907708197049E-01
 -6.349288885701E-01 -6.349288885701E-01  4.931325122434E-01 -4.931325471101E-01  4.931325455613E-01 -4.931325455613E-01
 -6.844334285008E-01 -6.844334285008E-01  5.647948976758E-01 -5.647948805702E-01  5.647948830421E-01 -5.647948830421E-01
 -7.071067811865E-01 -7.071067811865E-01  5.968693808381E-01 -5.968693805112E-01  5.968693807771E-01 -5.968693807771E-01
 -3.353049415808E-01 -3.709051039706E-01  8.326628010617E-04 -7.527422689477E-04  8.326629922016E-04 -7.527424480488E-04
 -3.568080225864E-01 -3.946912207468E-01  5.267560216924E-02 -4.761971281891E-02  5.267564026979E-02 -4.761973425092E-02
 -4.037574149868E-01 -4.466253472990E-01  1.565810129934E-01 -1.415520474133E-01  1.565809539450E-01 -1.415520224800E-01
 -4.678678813554E-01 -5.175425818674E-01  2.837195373041E-01 -2.564876492244E-01  2.837195992440E-01 -2.564876639103E-01
 -5.380469433871E-01 -5.951727300445E-01  4.099491425804E-01 -3.706014173810E-01  4.099490921813E-01 -3.706014151152E-01
 -6.021574097557E-01 -6.660899646129E-01  5.173344998375E-01 -4.676798043736E-01  5.173345326312E-01 -4.676798010722E-01
 -6.491068021561E-01 -7.180240911651E-01  5.925139336800E-01 -5.356433263325E-01  5.925139183796E-01 -5.356433294157E-01
 -6.706098831617E-01 -7.418102079413E-01  6.261625711960E-01 -5.660623207906E-01  6.261625701355E-01 -5.660623209327E-01
 -2.925726402991E-01 -4.054642402832E-01  9.102466576660E-04 -6.568107452768E-04  9.102464860437E-04 -6.568106167852E-04
 -3.113353019965E-01 -4.314666319049E-01  5.758366162594E-02 -4.155091093464E-02  5.758370061446E-02 -4.155092768525E-02
 -3.523013182749E-01 -4.882397281547E-01  1.711704694579E-01 -1.235122124219E-01  1.711704068089E-01 -1.235121938895E-01
 -4.082413480515E-01 -5.657646862355E-01  3.101551513062E-01 -2.238000732633E-01  3.101552136366E-01 -2.238000808476E-01
 -4.694765728457E-01 -6.506280346142E-01  4.481462081637E-01 -3.233708188071E-01  4.481461577008E-01 -3.233708218185E-01
 -5.254166026223E-01 -7.281529926949E-01  5.655372188320E-01 -4.080772444849E-01  5.655372519818E-01 -4.080772373026E-01
 -5.663826189007E-01 -7.849260889447E-01  6.477215007490E-01 -4.673792784514E-01  6.477214877907E-01 -4.673792828906E-01
 -5.851452805981E-01 -8.109284805664E-01  6.845053561098E-01 -4.939215838628E-01  6.845053575048E-01 -4.939215838224E-01
 -2.286206189833E-01 -4.446713534462E-01  9.982642794605E-04 -5.132415073774E-04  9.982644502408E-04 -5.132415991143E-04
 -2.432820423025E-01 -4.731880943238E-01  6.315182048356E-02 -3.246850258922E-02  6.315186283947E-02 -3.246851379207E-02
 -2.752934976090E-01 -5.354509699132E-01  1.877221083400E-01 -9.651427655373E-02  1.877220452597E-01 -9.651426801271E-02
 -3.190058701001E-01 -6.204723469194E-01  3.401461804278E-01 -1.748807181283E-01  3.401462445365E-01 -1.748807166643E-01
 -3.668559868497E-01 -7.135417134193E-01  4.914805265274E-01 -2.526867658704E-01  4.914804776553E-01 -2.526867767598E-01
 -4.105683593408E-01 -7.985630904255E-01  6.202228894172E-01 -3.188776433420E-01  6.202229204907E-01 -3.188776315166E-01
 -4.425798146473E-01 -8.608259660149E-01  7.103541266735E-01 -3.652171269093E-01  7.103541126855E-01 -3.652171332398E-01
 -4.572412379666E-01 -8.893427068925E-01  7.506948677180E-01 -3.859576829346E-01  7.506948665812E-01 -3.859576825340E-01
 -1.527709394191E-01 -4.760893194234E-01  1.068796356366E-03 -3.429630081941E-04  1.068796177304E-03 -3.429629470621E-04
 -1.625681284201E-01 -5.066208921261E-01  6.761377418136E-02 -2.169640047966E-02  6.761381673577E-02 -2.169640418093E-02
 -1.839591128426E-01 -5.732829107945E-01  2.009854897267E-01 -6.449363626473E-02  2.009854245744E-01 -6.449363778831E-02
 -2.131689900593E-01 -6.643114180315E-01  3.641789951621E-01 -1.168603876004E-01  3.641790567590E-01 -1.168603754548E-01
 -2.451438281979E-01 -7.639565402386E-01  5.262057591088E-01 -1.688526264279E-01  5.262057119340E-01 -1.688526452078E-01
 -2.743537054146E-01 -8.549850474757E-01  6.640443393671E-01 -2.130833135952E-01  6.640443685404E-01 -2.130832973122E-01
 -2.957446898372E-01 -9.216470661440E-01  7.605437326541E-01 -2.440486891211E-01  7.605437216431E-01 -2.440486986043E-01
 -3.055418788382E-01 -9.521786388467E-01  8.037347240203E-01 -2.579081351895E-01  8.037347253323E-01 -2.579081361907E-01
 -7.982641588779E-02 -4.935866117780E-01  1.108076511937E-03 -1.792061868777E-04  1.108076703917E-03 -1.792062217486E-04
 -8.494567801117E-02 -5.252402845402E-01  7.009872462830E-02 -1.133688485766E-02  7.009876792113E-02 -1.133688245947E-02
 -9.612297144970E-02 -5.943522737960E-01  2.083721284504E-01 -3.369943402730E-02  2.083720652515E-01 -3.369944553449E-02
 -1.113858206250E-01 -6.887262717609E-01  3.775633495726E-01 -6.106232120638E-02  3.775634095802E-01 -6.106229998539E-02
 -1.280934270383E-01 -7.920335635732E-01  5.455449315023E-01 -8.822946095797E-02  5.455448880187E-01 -8.822948612719E-02
 -1.433562762137E-01 -8.864075615381E-01  6.884493818881E-01 -1.113410657103E-01  6.884494076345E-01 -1.113410441453E-01
 -1.545335696522E-01 -9.555195507939E-01  7.884953278759E-01 -1.275211867082E-01  7.884953166551E-01 -1.275211960190E-01
 -1.596528317756E-01 -9.871732235560E-01  8.332736822725E-01 -1.347630799711E-01  8.332736813454E-01 -1.347630787549E-01
 -2.517311623718E-02 -4.993659121515E-01  1.121051175390E-03 -5.651237539171E-05  1.121050937731E-03 -5.651235872652E-05
 -2.678746631225E-02 -5.313902110175E-01  7.091949701946E-02 -3.575072750693E-03  7.091953944524E-02 -3.575065430979E-03
 -3.031220563338E-02 -6.013114178165E-01  2.108119113226E-01 -1.062704117999E-02  2.108118493255E-01 -1.062705935289E-02
 -3.512531758547E-02 -6.967904207970E-01  3.819841620548E-01 -1.925591384816E-02  3.819842190226E-01 -1.925588613928E-02
 -4.039403112608E-02 -8.013073156575E-01  5.519325970899E-01 -2.782297909001E-02  5.519325567679E-01 -2.782300927739E-02
 -4.520714307816E-02 -8.967863186381E-01  6.965102907950E-01 -3.511122063679E-02  6.965103149276E-01 -3.511119740337E-02
 -4.873188239929E-02 -9.667075254371E-01  7.977276486054E-01 -4.021356698841E-02  7.977276401608E-01 -4.021357910647E-02
 -5.034623247436E-02 -9.987318243030E-01  8.430303041229E-01 -4.249729294102E-02  8.430303051737E-01 -4.249729376234E-02
 -1.081617080995E-16 -5.000000000000E-01  1.122474461651E-03 -9.520244297247E-19  1.122474432527E-03 -2.428175038402E-19
 -1.150981104084E-16 -5.320649628726E-01  7.100955001759E-02 -9.306425348728E-09  7.100959208417E-02 -1.536103754254E-17
 -1.302429109959E-16 -6.020749546417E-01  2.110795961032E-01  2.135396768794E-08  2.110795352622E-01 -4.566144615761E-17
 -1.509234816931E-16 -6.976751955244E-01  3.824692016855E-01 -3.048105738172E-08  3.824692572395E-01 -8.273705631711E-17
 -1.735616426053E-16 -8.023248044756E-01  5.526334319070E-01  3.212465844512E-08  5.526333930063E-01 -1.195475434807E-16
 -1.942422133025E-16 -8.979250453583E-01  6.973947115162E-01 -2.465446443815E-08  6.973947339804E-01 -1.508628112938E-16
 -2.093870138900E-16 -9.679350371274E-01  7.987405921568E-01  1.209549745480E-08  7.987405835571E-01 -1.727862916918E-16
 -2.163234161989E-16 -1.000000000000E+00  8.441007731153E-01  2.311904894073E-10  8.441007732602E-01 -1.825987628878E-16
 -1.081617080995E-16 -5.000000000000E-01  1.122474461651E-03 -9.520244297247E-19  1.122474432527E-03 -2.428175038402E-19
 -1.150981104084E-16 -5.320649628726E-01  7.100955001759E-02 -9.306425348728E-09  7.100959208417E-02 -1.536103754254E-17
 -1.302429109959E-16 -6.020749546417E-01  2.110795961032E-01  2.135396768794E-08  2.110795352622E-01 -4.566144615761E-17
 -1.509234816931E-16 -6.976751955244E-01  3.824692016855E-01 -3.048105738172E-08  3.824692572395E-01 -8.273705631711E-17
 -1.735616426053E-16 -8.023248044756E-01  5.526334319070E-01  3.212465844512E-08  5.526333930063E-01 -1.195475434807E-16
 -1.942422133025E-16 -8.979250453583E-01  6.973947115162E-01 -2.465446443815E-08  6.973947339804E-01 -1.508628112938E-16
 -2.093870138900E-16 -9.679350371274E-01  7.987405921568E-01  1.209549745480E-08  7.987405835571E-01 -1.727862916918E-16
 -2.163234161989E-16 -1.000000000000E+00  8.441007731153E-01  2.311904894073E-10  8.441007732602E-01 -1.825987628878E-16
  2.517311623718E-02 -4.993659121515E-01  1.121050675931E-03  5.651235021389E-05  1.121050937731E-03  5.651235872651E-05
  2.678746631225E-02 -5.313902110175E-01  7.091949734936E-02  3.575053644551E-03  7.091953944524E-02  3.575065430979E-03
  3.031220563338E-02 -6.013114178165E-01  2.108119087095E-01  1.062708347588E-02  2.108118493255E-01  1.062705935289E-02
  3.512531758546E-02 -6.967904207970E-01  3.819841648400E-01  1.925585272565E-02  3.819842190226E-01  1.925588613928E-02
  4.039403112607E-02 -8.013073156575E-01  5.519325940077E-01  2.782304331274E-02  5.519325567679E-01  2.782300927739E-02
  4.520714307816E-02 -8.967863186381E-01  6.965102940735E-01  3.511117188028E-02  6.965103149276E-01  3.511119740337E-02
  4.873188239929E-02 -9.667075254371E-01  7.977276487997E-01  4.021359210562E-02  7.977276401608E-01  4.021357910647E-02
  5.034623247436E-02 -9.987318243030E-01  8.430303058232E-01  4.249729461271E-02  8.430303051737E-01  4.249729376234E-02
  7.982641588779E-02 -4.935866117780E-01  1.108076916129E-03  1.792062522466E-04  1.108076703917E-03  1.792062217486E-04
  8.494567801117E-02 -5.252402845402E-01  7.009872850762E-02  1.133686673489E-02  7.009876792113E-02  1.133688245947E-02
  9.612297144970E-02 -5.943522737960E-01  2.083721226555E-01  3.369947672970E-02  2.083720652515E-01  3.369944553449E-02
  1.113858206250E-01 -6.887262717609E-01  3.775633601431E-01  6.106226127399E-02  3.775634095802E-01  6.106229998539E-02
  1.280934270383E-01 -7.920335635732E-01  5.455449215719E-01  8.822952393921E-02  5.455448880187E-01  8.822948612719E-02
  1.433562762137E-01 -8.864075615381E-01  6.884493892726E-01  1.113410156263E-01  6.884494076345E-01  1.113410441453E-01
  1.545335696522E-01 -9.555195507939E-01  7.884953226790E-01  1.275212083209E-01  7.884953166551E-01  1.275211960190E-01
  1.596528317756E-01 -9.871732235560E-01  8.332736803875E-01  1.347630777400E-01  8.332736813454E-01  1.347630787549E-01
  1.527709394191E-01 -4.760893194234E-01  1.068795991676E-03  3.429628911698E-04  1.068796177304E-03  3.429629470621E-04
  1.625681284201E-01 -5.066208921261E-01  6.761377886401E-02  2.169638215239E-02  6.761381673577E-02  2.169640418093E-02
  1.839591128426E-01 -5.732829107945E-01  2.009854752183E-01  6.449367635341E-02  2.009854245744E-01  6.449363778831E-02
  2.131689900593E-01 -6.643114180315E-01  3.641790124624E-01  1.168603290879E-01  3.641790567590E-01  1.168603754548E-01
  2.451438281979E-01 -7.639565402386E-01  5.262057387917E-01  1.688526874656E-01  5.262057119340E-01  1.688526452078E-01
  2.743537054146E-01 -8.549850474757E-01  6.640443549300E-01  2.130832669781E-01  6.640443685404E-01  2.130832973122E-01
  2.957446898372E-01 -9.216470661440E-01  7.605437270577E-01  2.440487129716E-01  7.605437216431E-01  2.440486986043E-01
  3.055418788382E-01 -9.521786388467E-01  8.037347264194E-01  2.579081367112E-01  8.037347253323E-01  2.579081361907E-01
  2.286206189833E-01 -4.446713534462E-01  9.982646200840E-04  5.132416825035E-04  9.982644502410E-04  5.132415991144E-04
  2.432820423025E-01 -4.731880943238E-01  6.315183013176E-02  3.246848631875E-02  6.315186283947E-02  3.246851379207E-02
  2.752934976090E-01 -5.354509699132E-01  1.877220902520E-01  9.651431515968E-02  1.877220452597E-01  9.651426801271E-02
  3.190058701001E-01 -6.204723469194E-01  3.401462095692E-01  1.748806645205E-01  3.401462445365E-01  1.748807166643E-01
  3.668559868497E-01 -7.135417134193E-01  4.914804977336E-01  2.526868233969E-01  4.914804776553E-01  2.526867767598E-01
  4.105683593408E-01 -7.985630904255E-01  6.202229113759E-01  3.188775993741E-01  6.202229204907E-01  3.188776315166E-01
  4.425798146473E-01 -8.608259660149E-01  7.103541137658E-01  3.652171477314E-01  7.103541126855E-01  3.652171332398E-01
  4.572412379666E-01 -8.893427068925E-01  7.506948649455E-01  3.859576823142E-01  7.506948665812E-01  3.859576825340E-01
  2.925726402991E-01 -4.054642402832E-01  9.102463256359E-04  6.568105056923E-04  9.102464860437E-04  6.568106167852E-04
  3.113353019965E-01 -4.314666319049E-01  5.758367169758E-02  4.155089537682E-02  5.758370061446E-02  4.155092768525E-02
  3.523013182749E-01 -4.882397281547E-01  1.711704433604E-01  1.235122467147E-01  1.711704068089E-01  1.235121938895E-01
  4.082413480515E-01 -5.657646862355E-01  3.101551862103E-01  2.238000234103E-01  3.101552136366E-01  2.238000808476E-01
  4.694765728457E-01 -6.506280346142E-01  4.481461706511E-01  3.233708703634E-01  4.481461577008E-01  3.233708218185E-01
  5.254166026223E-01 -7.281529926949E-01  5.655372490251E-01  4.080772038484E-01  5.655372519818E-01  4.080772373026E-01
  5.663826189007E-01 -7.849260889447E-01  6.477214891413E-01  4.673792974087E-01  6.477214877907E-01  4.673792828906E-01
  5.851452805981E-01 -8.109284805664E-01  6.845053590203E-01  4.939215836180E-01  6.845053575048E-01  4.939215838224E-01
  3.353049415808E-01 -3.709051039706E-01  8.326631720361E-04  7.527426043153E-04  8.326629922016E-04  7.527424480488E-04
  3.568080225864E-01 -3.946912207468E-01  5.267561544605E-02  4.761969907555E-02  5.267564026979E-02  4.761973425092E-02
  4.037574149868E-01 -4.466253472990E-01  1.565809849334E-01  1.415520791688E-01  1.565809539450E-01  1.415520224800E-01
  4.678678813554E-01 -5.175425818674E-01  2.837195785548E-01  2.564876040348E-01  2.837195992440E-01  2.564876639103E-01
  5.380469433871E-01 -5.951727300445E-01  4.099490993475E-01  3.706014649728E-01  4.099490921813E-01  3.706014151152E-01
  6.021574097557E-01 -6.660899646129E-01  5.173345319953E-01  4.676797675793E-01  5.173345326312E-01  4.676798010722E-01
  6.491068021561E-01 -7.180240911651E-01  5.925139157821E-01  5.356433439557E-01  5.925139183796E-01  5.356433294157E-01
  6.706098831617E-01 -7.418102079413E-01  6.261625688117E-01  5.660623207704E-01  6.261625701355E-01  5.660623209327E-01
  3.535533905933E-01 -3.535533905933E-01  7.937093035421E-04  7.937093035421E-04  7.937092829483E-04  7.937092829483E-04
  3.762267432790E-01 -3.762267432790E-01  5.021134092708E-02  5.021132776580E-02  5.021136409201E-02  5.021136409201E-02
  4.257312832097E-01 -4.257312832097E-01  1.492557986752E-01  1.492558288742E-01  1.492557707536E-01  1.492557707536E-01
  4.933308618209E-01 -4.933308618209E-01  2.704465876602E-01  2.704465445534E-01  2.704466053894E-01  2.704466053894E-01
  5.673293099589E-01 -5.673293099589E-01  3.907708244963E-01  3.907708699274E-01  3.907708197049E-01  3.907708197049E-01
  6.349288885701E-01 -6.349288885701E-01  4.931325471101E-01  4.931325122434E-01  4.931325455613E-01  4.931325455613E-01
  6.844334285008E-01 -6.844334285008E-01  5.647948805702E-01  5.647948976758E-01  5.647948830421E-01  5.647948830421E-01
  7.071067811865E-01 -7.071067811865E-01  5.968693805112E-01  5.968693808381E-01  5.968693807771E-01  5.968693807771E-01
  3.535533905933E-01 -3.535533905933E-01  7.937093035421E-04  7.937093035421E-04  7.937092829483E-04  7.937092829483E-04
  3.762267432790E-01 -3.762267432790E-01  5.021134092708E-02  5.021132776580E-02  5.021136409201E-02  5.021136409201E-02
  4.257312832097E-01 -4.257312832097E-01  1.492557986752E-01  1.492558288742E-01  1.492557707536E-01  1.492557707536E-01
  4.933308618209E-01 -4.933308618209E-01  2.704465876602E-01  2.704465445534E-01  2.704466053894E-01  2.704466053894E-01
  5.673293099589E-01 -5.673293099589E-01  3.907708244963E-01  3.907708699274E-01  3.907708197049E-01  3.907708197049E-01
  6.349288885701E-01 -6.349288885701E-01  4.931325471101E-01  4.931325122434E-01  4.931325455613E-01  4.931325455613E-01
  6.844334285008E-01 -6.844334285008E-01  5.647948805702E-01  5.647948976758E-01  5.647948830421E-01  5.647948830421E-01
  7.071067811865E-01 -7.071067811865E-01  5.968693805112E-01  5.968693808381E-01  5.968693807771E-01  5.968693807771E-01
  3.709051039706E-01 -3.353049415808E-01  7.527422689477E-04  8.326628010617E-04  7.527424480488E-04  8.326629922016E-04
  3.946912207468E-01 -3.568080225864E-01  4.761971281891E-02  5.267560216924E-02  4.761973425092E-02  5.267564026979E-02
  4.466253472990E-01 -4.037574149868E-01  1.415520474133E-01  1.565810129934E-01  1.415520224800E-01  1.565809539450E-01
  5.175425818674E-01 -4.678678813554E-01  2.564876492244E-01  2.837195373041E-01  2.564876639103E-01  2.837195992440E-01
  5.951727300445E-01 -5.380469433871E-01  3.706014173810E-01  4.099491425804E-01  3.706014151152E-01  4.099490921813E-01
  6.660899646129E-01 -6.021574097557E-01  4.676798043736E-01  5.173344998375E-01  4.676798010722E-01  5.173345326312E-01
  7.180240911651E-01 -6.491068021561E-01  5.356433263325E-01  5.925139336800E-01  5.356433294157E-01  5.925139183796E-01
  7.418102079413E-01 -6.706098831617E-01  5.660623207906E-01  6.261625711960E-01  5.660623209327E-01  6.261625701355E-01
  4.054642402832E-01 -2.925726402991E-01  6.568107452768E-04  9.102466576660E-04  6.568106167852E-04  9.102464860437E-04
  4.314666319049E-01 -3.113353019965E-01  4.155091093464E-02  5.758366162594E-02  4.155092768525E-02  5.758370061446E-02
  4.882397281547E-01 -3.523013182749E-01  1.235122124219E-01  1.711704694579E-01  1.235121938895E-01  1.711704068089E-01
  5.657646862355E-01 -4.082413480515E-01  2.238000732633E-01  3.101551513062E-01  2.238000808476E-01  3.101552136366E-01
  6.506280346142E-01 -4.694765728457E-01  3.233708188071E-01  4.481462081637E-01  3.233708218185E-01  4.481461577008E-01
  7.281529926949E-01 -5.254166026223E-01  4.080772444849E-01  5.655372188320E-01  4.080772373026E-01  5.655372519818E-01
  7.849260889447E-01 -5.663826189007E-01  4.673792784514E-01  6.477215007490E-01  4.673792828906E-01  6.477214877907E-01
  8.109284805664E-01 -5.851452805981E-01  4.939215838628E-01  6.845053561098E-01  4.939215838224E-01  6.845053575048E-01
  4.446713534462E-01 -2.286206189833E-01  5.132415073774E-04  9.982642794604E-04  5.132415991144E-04  9.982644502410E-04
  4.731880943238E-01 -2.432820423025E-01  3.246850258922E-02  6.315182048356E-02  3.246851379207E-02  6.315186283947E-02
  5.354509699132E-01 -2.752934976090E-01  9.651427655373E-02  1.877221083400E-01  9.651426801271E-02  1.877220452597E-01
  6.204723469194E-01 -3.190058701001E-01  1.748807181283E-01  3.401461804278E-01  1.748807166643E-01  3.401462445365E-01
  7.135417134193E-01 -3.668559868497E-01  2.526867658704E-01  4.914805265274E-01  2.526867767598E-01  4.914804776553E-01
  7.985630904255E-01 -4.105683593408E-01  3.188776433420E-01  6.202228894172E-01  3.188776315166E-01  6.202229204907E-01
  8.608259660149E-01 -4.425798146473E-01  3.652171269093E-01  7.103541266735E-01  3.652171332398E-01  7.103541126855E-01
  8.893427068925E-01 -4.572412379666E-01  3.859576829346E-01  7.506948677180E-01  3.859576825340E-01  7.506948665812E-01
  4.760893194234E-01 -1.527709394191E-01  3.429630081942E-04  1.068796356366E-03  3.429629470621E-04  1.068796177304E-03
  5.066208921261E-01 -1.625681284201E-01  2.169640047966E-02  6.761377418136E-02  2.169640418093E-02  6.761381673577E-02
  5.732829107945E-01 -1.839591128426E-01  6.449363626473E-02  2.009854897267E-01  6.449363778831E-02  2.009854245744E-01
  6.643114180315E-01 -2.131689900593E-01  1.168603876004E-01  3.641789951621E-01  1.168603754548E-01  3.641790567590E-01
  7.639565402386E-01 -2.451438281979E-01  1.688526264279E-01  5.262057591088E-01  1.688526452078E-01  5.262057119340E-01
  8.549850474757E-01 -2.743537054146E-01  2.130833135952E-01  6.640443393671E-01  2.130832973122E-01  6.640443685404E-01
  9.216470661440E-01 -2.957446898372E-01  2.440486891211E-01  7.605437326541E-01  2.440486986043E-01  7.605437216431E-01
  9.521786388467E-01 -3.055418788382E-01  2.579081351895E-01  8.037347240203E-01  2.579081361907E-01  8.037347253323E-01
  4.935866117780E-01 -7.982641588779E-02  1.792061868777E-04  1.108076511937E-03  1.792062217486E-04  1.108076703917E-03
  5.252402845402E-01 -8.494567801117E-02  1.133688485766E-02  7.009872462830E-02  1.133688245947E-02  7.009876792113E-02
  5.943522737960E-01 -9.612297144970E-02  3.369943402730E-02  2.083721284504E-01  3.369944553449E-02  2.083720652515E-01
  6.887262717609E-01 -1.113858206250E-01  6.106232120638E-02  3.775633495726E-01  6.106229998539E-02  3.775634095802E-01
  7.920335635732E-01 -1.280934270383E-01  8.822946095797E-02  5.455449315023E-01  8.822948612719E-02  5.455448880187E-01
  8.864075615381E-01 -1.433562762137E-01  1.113410657103E-01  6.884493818881E-01  1.113410441453E-01  6.884494076345E-01
  9.555195507939E-01 -1.545335696522E-01  1.275211867082E-01  7.884953278759E-01  1.275211960190E-01  7.884953166551E-01
  9.871732235560E-01 -1.596528317756E-01  1.347630799711E-01  8.332736822725E-01  1.347630787549E-01  8.332736813454E-01
  4.993659121515E-01 -2.517311623718E-02  5.651237539171E-05  1.121051175390E-03  5.651235872652E-05  1.121050937731E-03
  5.313902110175E-01 -2.678746631225E-02  3.575072750693E-03  7.091949701946E-02  3.575065430979E-03  7.091953944524E-02
  6.013114178165E-01 -3.031220563338E-02  1.062704117999E-02  2.108119113226E-01  1.062705935289E-02  2.108118493255E-01
  6.967904207970E-01 -3.512531758546E-02  1.925591384816E-02  3.819841620548E-01  1.925588613928E-02  3.819842190226E-01
  8.013073156575E-01 -4.039403112607E-02  2.782297909001E-02  5.519325970899E-01  2.782300927739E-02  5.519325567679E-01
  8.967863186381E-01 -4.520714307816E-02  3.511122063679E-02  6.965102907950E-01  3.511119740337E-02  6.965103149276E-01
  9.667075254371E-01 -4.873188239929E-02  4.021356698841E-02  7.977276486054E-01  4.021357910647E-02  7.977276401608E-01
  9.987318243030E-01 -5.034623247436E-02  4.249729294102E-02  8.430303041229E-01  4.249729376234E-02  8.430303051737E-01
  5.000000000000E-01  1.387778780781E-17 -4.839457202622E-18  1.122474461651E-03 -3.115492398861E-20  1.122474432527E-03
  5.320649628726E-01  1.476776930944E-17  9.306425324465E-09  7.100955001759E-02 -1.970912102527E-18  7.100959208417E-02
  6.020749546417E-01  1.671093692983E-17 -2.135396773045E-08  2.110795961032E-01 -5.858634001882E-18  2.110795352622E-01
  6.976751955244E-01  1.936437664453E-17  3.048105735984E-08  3.824692016855E-01 -1.061565438996E-17  3.824692572395E-01
  8.023248044756E-01  2.226898677892E-17 -3.212465847205E-08  5.526334319070E-01 -1.533865792731E-17  5.526333930063E-01
  8.979250453583E-01  2.492242649361E-17  2.465446436936E-08  6.973947115162E-01 -1.935659227294E-17  6.973947339804E-01
  9.679350371274E-01  2.686559411401E-17 -1.209549751222E-08  7.987405921568E-01 -2.216950466419E-17  7.987405835571E-01
  1.000000000000E+00  2.775557561563E-17 -2.311905958663E-10  8.441007731153E-01 -2.342850283943E-17  8.441007732602E-01
  1.000000000000E+00  2.775557561563E-17 -2.311905958663E-10  8.441007731153E-01 -2.342850283943E-17  8.441007732602E-01
  1.032064962873E+00  2.953553861887E-17  1.377847797489E-10  8.888833260781E-01 -2.543797993156E-17  8.888833263681E-01
  1.102074954642E+00  3.342187385967E-17 -1.013521461398E-09  9.848975453730E-01 -2.986831465795E-17  9.848975452453E-01
  1.197675195524E+00  3.872875328905E-17  1.384598633671E-09  1.112745741124E+00 -3.598242282741E-17  1.112745741481E+00
  1.302324804476E+00  4.453797355784E-17  3.978420192644E-10  1.249274817470E+00 -4.272372651252E-17  1.249274817244E+00
  1.397925045358E+00  4.984485298722E-17  3.514418108925E-09  1.371534011249E+00 -4.890384601823E-17  1.371534011361E+00
  1.467935037127E+00  5.373118822801E-17  8.388706793035E-10  1.459849437368E+00 -5.343522902299E-17  1.459849437294E+00
  1.500000000000E+00  5.551115123126E-17 -5.551115123126E-17  1.500000000000E+00 -5.551115123126E-17  1.500000000000E+00
  9.987318243030E-01  5.034623247436E-02 -4.249729461271E-02  8.430303058232E-01 -4.249729376234E-02  8.430303051737E-01
  1.030756123169E+00  5.196058254943E-02 -4.475192723466E-02  8.877560668285E-01 -4.475192659191E-02  8.877560661362E-01
  1.100677329968E+00  5.548532187056E-02 -4.958588301150E-02  9.836485235101E-01 -4.958588077635E-02  9.836485221144E-01
  1.196156332949E+00  6.029843382264E-02 -5.602255641848E-02  1.111334585742E+00 -5.602255578546E-02  1.111334584375E+00
  1.300673227809E+00  6.556714736325E-02 -6.289628316971E-02  1.247690519187E+00 -6.289628037333E-02  1.247690517282E+00
  1.396152230790E+00  7.038025931534E-02 -6.905157005925E-02  1.369794667009E+00 -6.905157018245E-02  1.369794665260E+00
  1.466073437589E+00  7.390499863647E-02 -7.349791961976E-02  1.457998093194E+00 -7.349791914754E-02  1.457998091716E+00
  1.498097736455E+00  7.551934871154E-02 -7.551934871154E-02  1.498097736455E+00 -7.551934871154E-02  1.498097736455E+00
  9.871732235560E-01  1.596528317756E-01 -1.347630777400E-01  8.332736803875E-01 -1.347630787549E-01  8.332736813454E-01
  1.018826896318E+00  1.647720938990E-01 -1.419127385917E-01  8.774818173462E-01 -1.419127401728E-01  8.774818186560E-01
  1.087938885574E+00  1.759493873375E-01 -1.572416813988E-01  9.722644827882E-01 -1.572416821072E-01  9.722644846122E-01
  1.182312883539E+00  1.912122365128E-01 -1.776530056454E-01  1.098472797209E+00 -1.776530086737E-01  1.098472800616E+00
  1.285620175351E+00  2.079198429261E-01 -1.994502618217E-01  1.233250643232E+00 -1.994502622389E-01  1.233250648446E+00
  1.379994173316E+00  2.231826921014E-01 -2.189692871321E-01  1.353941644888E+00 -2.189692887902E-01  1.353941651212E+00
  1.449106162572E+00  2.343599855400E-01 -2.330690969475E-01  1.441124271078E+00 -2.330690966299E-01  1.441124274920E+00
  1.480759835334E+00  2.394792476634E-01 -2.394792476634E-01  1.480759835334E+00 -2.394792476634E-01  1.480759835334E+00
  9.521786388467E-01  3.055418788382E-01 -2.579081367112E-01  8.037347264194E-01 -2.579081361907E-01  8.037347253323E-01
  9.827102115494E-01  3.153390678391E-01 -2.715910818884E-01  8.463757172932E-01 -2.715910816064E-01  8.463757157948E-01
  1.049372230218E+00  3.367300522617E-01 -3.009274483719E-01  9.377984067072E-01 -3.009274464373E-01  9.377984040352E-01
  1.140400737455E+00  3.659399294784E-01 -3.399904250442E-01  1.059532730375E+00 -3.399904245213E-01  1.059532725506E+00
  1.240045859662E+00  3.979147676170E-01 -3.817057783493E-01  1.189532802438E+00 -3.817057748459E-01  1.189532795029E+00
  1.331074366899E+00  4.271246448337E-01 -4.190610802231E-01  1.305945396922E+00 -4.190610787215E-01  1.305945388069E+00
  1.397736385567E+00  4.485156292563E-01 -4.460451415967E-01  1.390037455022E+00 -4.460451398915E-01  1.390037450123E+00
  1.428267958270E+00  4.583128182573E-01 -4.583128182573E-01  1.428267958270E+00 -4.583128182573E-01  1.428267958270E+00
  8.893427068925E-01  4.572412379666E-01 -3.859576823142E-01  7.506948649455E-01 -3.859576825340E-01  7.506948665812E-01
  9.178594477700E-01  4.719026612858E-01 -4.064341117804E-01  7.905219015801E-01 -4.064341125564E-01  7.905219035838E-01
  9.801223233594E-01  5.039141165923E-01 -4.503357728615E-01  8.759114456416E-01 -4.503357728582E-01  8.759114489002E-01
  1.065143700366E+00  5.476264890834E-01 -5.087932374000E-01  9.896123051252E-01 -5.087932403768E-01  9.896123098118E-01
  1.158213066866E+00  5.954766058330E-01 -5.712199617461E-01  1.111033440070E+00 -5.712199639971E-01  1.111033447620E+00
  1.243234443872E+00  6.391889783241E-01 -6.271219040919E-01  1.219763762595E+00 -6.271219092677E-01  1.219763770258E+00
  1.305497319461E+00  6.712004336306E-01 -6.675033617807E-01  1.298306445618E+00 -6.675033639529E-01  1.298306450218E+00
  1.334014060339E+00  6.858618569498E-01 -6.858618569498E-01  1.334014060339E+00 -6.858618569498E-01  1.334014060339E+00
  8.109284805664E-01  5.851452805981E-01 -4.939215836180E-01  6.845053590203E-01 -4.939215838224E-01  6.845053575048E-01
  8.369308721881E-01  6.039079422956E-01 -5.201258828997E-01  7.208208072014E-01 -5.201258834267E-01  7.208208052525E-01
  8.937039684379E-01  6.448739585740E-01 -5.763081513793E-01  7.986814722505E-01 -5.763081504730E-01  7.986814698793E-01
  9.712289265187E-01  7.008139883505E-01 -6.511179188533E-01  9.023572176395E-01 -6.511179191333E-01  9.023572133960E-01
  1.056092274897E+00  7.620492131448E-01 -7.310072668853E-01  1.013072533740E+00 -7.310072634804E-01  1.013072529358E+00
  1.133617232978E+00  8.179892429213E-01 -8.025466568988E-01  1.112215997260E+00 -8.025466539274E-01  1.112215991878E+00
  1.190390329228E+00  8.589552591997E-01 -8.542240115915E-01  1.183833488627E+00 -8.542240086161E-01  1.183833486040E+00
  1.216392720850E+00  8.777179208972E-01 -8.777179208972E-01  1.216392720850E+00 -8.777179208972E-01  1.216392720850E+00
  7.418102079413E-01  6.706098831617E-01 -5.660623207704E-01  6.261625688117E-01 -5.660623209327E-01  6.261625701355E-01
  7.655963247174E-01  6.921129641672E-01 -5.960939431048E-01  6.593827237776E-01 -5.960939436401E-01  6.593827251687E-01
  8.175304512697E-01  7.390623565677E-01 -6.604820283693E-01  7.306070504891E-01 -6.604820277431E-01  7.306070528393E-01
  8.884476858381E-01  8.031728229362E-01 -7.462182905217E-01  8.254461479834E-01 -7.462182916832E-01  8.254461498738E-01
  9.660778340152E-01  8.733518849679E-01 -8.377760400384E-01  9.267248089831E-01 -8.377760392288E-01  9.267248119556E-01
  1.036995068584E+00  9.374623513365E-01 -9.197642616016E-01  1.017417928838E+00 -9.197642631107E-01  1.017417930166E+00
  1.088929195136E+00  9.844117437369E-01 -9.789894599339E-01  1.082931213338E+00 -9.789894605770E-01  1.082931214642E+00
  1.112715311912E+00  1.005914824742E+00 -1.005914824742E+00  1.112715311912E+00 -1.005914824742E+00  1.112715311912E+00
  7.071067811865E-01  7.071067811865E-01 -5.968693808381E-01  5.968693805112E-01 -5.968693807771E-01  5.968693807771E-01
  7.297801338723E-01  7.297801338723E-01 -6.285354274561E-01  6.285354276509E-01 -6.285354277586E-01  6.285354277586E-01
  7.792846738030E-01  7.792846738030E-01 -6.964277338239E-01  6.964277323906E-01 -6.964277330169E-01  6.964277330169E-01
  8.468842524142E-01  8.468842524142E-01 -7.868300583064E-01  7.868300602645E-01 -7.868300595377E-01  7.868300595377E-01
  9.208827005522E-01  9.208827005522E-01 -8.833706947173E-01  8.833706952800E-01 -8.833706948388E-01  8.833706948388E-01
  9.884822791634E-01  9.884822791634E-01 -9.698209974970E-01  9.698210024671E-01 -9.698210000610E-01  9.698210000610E-01
  1.037986819094E+00  1.037986819094E+00 -1.032269436081E+00  1.032269437268E+00 -1.032269436622E+00  1.032269436622E+00
  1.060660171780E+00  1.060660171780E+00 -1.060660171780E+00  1.060660171780E+00 -1.060660171780E+00  1.060660171780E+00
  7.071067811865E-01  7.071067811865E-01 -5.968693808381E-01  5.968693805112E-01 -5.968693807771E-01  5.968693807771E-01
  7.297801338723E-01  7.297801338723E-01 -6.285354274561E-01  6.285354276509E-01 -6.285354277586E-01  6.285354277586E-01
  7.792846738030E-01  7.792846738030E-01 -6.964277338239E-01  6.964277323906E-01 -6.964277330169E-01  6.964277330169E-01
  8.468842524142E-01  8.468842524142E-01 -7.868300583064E-01  7.868300602645E-01 -7.868300595377E-01  7.868300595377E-01
  9.208827005522E-01  9.208827005522E-01 -8.833706947173E-01  8.833706952800E-01 -8.833706948388E-01  8.833706948388E-01
  9.884822791634E-01  9.884822791634E-01 -9.698209974970E-01  9.698210024671E-01 -9.698210000610E-01  9.698210000610E-01
  1.037986819094E+00  1.037986819094E+00 -1.032269436081E+00  1.032269437268E+00 -1.032269436622E+00  1.032269436622E+00
  1.060660171780E+00  1.060660171780E+00 -1.060660171780E+00  1.060660171780E+00 -1.060660171780E+00  1.060660171780E+00
  6.706098831617E-01  7.418102079413E-01 -6.261625711961E-01  5.660623207906E-01 -6.261625701355E-01  5.660623209327E-01
  6.921129641672E-01  7.655963247174E-01 -6.593827261128E-01  5.960939436752E-01 -6.593827251687E-01  5.960939436401E-01
  7.390623565677E-01  8.175304512697E-01 -7.306070554067E-01  6.604820271496E-01 -7.306070528393E-01  6.604820277431E-01
  8.031728229362E-01  8.884476858381E-01 -8.254461512882E-01  7.462182922024E-01 -8.254461498738E-01  7.462182916832E-01
  8.733518849679E-01  9.660778340152E-01 -9.267248152801E-01  8.377760385986E-01 -9.267248119556E-01  8.377760392288E-01
  9.374623513365E-01  1.036995068584E+00 -1.017417931315E+00  9.197642644344E-01 -1.017417930166E+00  9.197642631107E-01
  9.844117437369E-01  1.088929195136E+00 -1.082931216021E+00  9.789894612884E-01 -1.082931214642E+00  9.789894605770E-01
  1.005914824742E+00  1.112715311912E+00 -1.112715311912E+00  1.005914824742E+00 -1.112715311912E+00  1.005914824742E+00
  5.851452805981E-01  8.109284805664E-01 -6.845053561098E-01  4.939215838628E-01 -6.845053575048E-01  4.939215838224E-01
  6.039079422956E-01  8.369308721881E-01 -7.208208032083E-01  5.201258836184E-01 -7.208208052525E-01  5.201258834267E-01
  6.448739585740E-01  8.937039684379E-01 -7.986814680886E-01  5.763081496841E-01 -7.986814698793E-01  5.763081504730E-01
  7.008139883505E-01  9.712289265187E-01 -9.023572088453E-01  6.511179188652E-01 -9.023572133960E-01  6.511179191333E-01
  7.620492131448E-01  1.056092274897E+00 -1.013072525376E+00  7.310072600887E-01 -1.013072529358E+00  7.310072634804E-01
  8.179892429213E-01  1.133617232978E+00 -1.112215986234E+00  8.025466506286E-01 -1.112215991878E+00  8.025466539274E-01
  8.589552591997E-01  1.190390329228E+00 -1.183833483549E+00  8.542240056754E-01 -1.183833486040E+00  8.542240086161E-01
  8.777179208972E-01  1.216392720850E+00 -1.216392720850E+00  8.777179208972E-01 -1.216392720850E+00  8.777179208972E-01
  4.572412379666E-01  8.893427068925E-01 -7.506948677180E-01  3.859576829346E-01 -7.506948665812E-01  3.859576825340E-01
  4.719026612858E-01  9.178594477700E-01 -7.905219048427E-01  4.064341134165E-01 -7.905219035838E-01  4.064341125564E-01
  5.039141165923E-01  9.801223233594E-01 -8.759114521575E-01  4.503357733797E-01 -8.759114489002E-01  4.503357728582E-01
  5.476264890834E-01  1.065143700366E+00 -9.896123136246E-01  5.087932434501E-01 -9.896123098118E-01  5.087932403768E-01
  5.954766058330E-01  1.158213066866E+00 -1.111033455337E+00  5.712199667589E-01 -1.111033447620E+00  5.712199639971E-01
  6.391889783241E-01  1.243234443872E+00 -1.219763777580E+00  6.271219144660E-01 -1.219763770258E+00  6.271219092677E-01
  6.712004336306E-01  1.305497319461E+00 -1.298306454887E+00  6.675033662107E-01 -1.298306450218E+00  6.675033639529E-01
  6.858618569498E-01  1.334014060339E+00 -1.334014060339E+00  6.858618569498E-01 -1.334014060339E+00  6.858618569498E-01
  3.055418788382E-01  9.521786388467E-01 -8.037347240203E-01  2.579081351895E-01 -8.037347253323E-01  2.579081361907E-01
  3.153390678391E-01  9.827102115494E-01 -8.463757138292E-01  2.715910807384E-01 -8.463757157948E-01  2.715910816064E-01
  3.367300522617E-01  1.049372230218E+00 -9.377984017334E-01  3.009274441308E-01 -9.377984040352E-01  3.009274464373E-01
  3.659399294784E-01  1.140400737455E+00 -1.059532720087E+00  3.399904233122E-01 -1.059532725506E+00  3.399904245213E-01
  3.979147676170E-01  1.240045859662E+00 -1.189532788099E+00  3.817057710990E-01 -1.189532795029E+00  3.817057748459E-01
  4.271246448337E-01  1.331074366899E+00 -1.305945378991E+00  4.190610769628E-01 -1.305945388069E+00  4.190610787215E-01
  4.485156292563E-01  1.397736385567E+00 -1.390037445335E+00  4.460451381750E-01 -1.390037450123E+00  4.460451398915E-01
  4.583128182573E-01  1.428267958270E+00 -1.428267958270E+00  4.583128182573E-01 -1.428267958270E+00  4.583128182573E-01
  1.596528317756E-01  9.871732235560E-01 -8.332736822725E-01  1.347630799711E-01 -8.332736813454E-01  1.347630787549E-01
  1.647720938990E-01  1.018826896318E+00 -8.774818196615E-01  1.419127419235E-01 -8.774818186560E-01  1.419127401728E-01
  1.759493873375E-01  1.087938885574E+00 -9.722644869297E-01  1.572416831430E-01 -9.722644846122E-01  1.572416821072E-01
  1.912122365128E-01  1.182312883539E+00 -1.098472803419E+00  1.776530118723E-01 -1.098472800616E+00  1.776530086737E-01
  2.079198429261E-01  1.285620175351E+00 -1.233250653952E+00  1.994502629299E-01 -1.233250648446E+00  1.994502622389E-01
  2.231826921014E-01  1.379994173316E+00 -1.353941657118E+00  2.189692904947E-01 -1.353941651212E+00  2.189692887902E-01
  2.343599855400E-01  1.449106162572E+00 -1.441124278853E+00  2.330690963552E-01 -1.441124274920E+00  2.330690966299E-01
  2.394792476634E-01  1.480759835334E+00 -1.480759835334E+00  2.394792476634E-01 -1.480759835334E+00  2.394792476634E-01
  5.034623247436E-02  9.987318243030E-01 -8.430303041229E-01  4.249729294102E-02 -8.430303051737E-01  4.249729376234E-02
  5.196058254943E-02  1.030756123169E+00 -8.877560647740E-01  4.475192598676E-02 -8.877560661362E-01  4.475192659191E-02
  5.548532187056E-02  1.100677329968E+00 -9.836485208953E-01  4.958587867183E-02 -9.836485221144E-01  4.958588077635E-02
  6.029843382264E-02  1.196156332949E+00 -1.111334582217E+00  5.602255527004E-02 -1.111334584375E+00  5.602255578546E-02
  6.556714736325E-02  1.300673227809E+00 -1.247690515753E+00  6.289627769893E-02 -1.247690517282E+00  6.289628037333E-02
  7.038025931534E-02  1.396152230790E+00 -1.369794663254E+00  6.905157031083E-02 -1.369794665260E+00  6.905157018245E-02
  7.390499863647E-02  1.466073437589E+00 -1.457998090339E+00  7.349791868022E-02 -1.457998091716E+00  7.349791914754E-02
  7.551934871154E-02  1.498097736455E+00 -1.498097736455E+00  7.551934871154E-02 -1.498097736455E+00  7.551934871154E-02
  6.123233995737E-17  1.000000000000E+00 -8.441007731153E-01 -2.311906984721E-10 -8.441007732602E-01  5.168626550654E-17
  7.031560467768E-17  1.032064962873E+00 -8.888833260781E-01  1.377846754947E-10 -8.888833263681E-01  6.056049844723E-17
  9.014782125728E-17  1.102074954642E+00 -9.848975453730E-01 -1.013521500713E-09 -9.848975452453E-01  8.056291225162E-17
  1.172291654245E-16  1.197675195524E+00 -1.112745741124E+00  1.384598792728E-09 -1.112745741481E+00  1.089162195986E-16
  1.468739869314E-16  1.302324804476E+00 -1.249274817470E+00  3.978423223123E-10 -1.249274817244E+00  1.408910991721E-16
  1.739553310987E-16  1.397925045358E+00 -1.371534011249E+00  3.514418271886E-09 -1.371534011361E+00  1.706712772988E-16
  1.937875476782E-16  1.467935037127E+00 -1.459849437368E+00  8.388708472816E-10 -1.459849437294E+00  1.927201376610E-16
  2.028708123986E-16  1.500000000000E+00 -1.500000000000E+00  2.028708123986E-16 -1.500000000000E+00  2.028708123986E-16
  6.123233995737E-17  1.000000000000E+00 -8.441007731153E-01 -2.311906984721E-10 -8.441007732602E-01  5.168626550654E-17
  7.031560467768E-17  1.032064962873E+00 -8.888833260781E-01  1.377846754947E-10 -8.888833263681E-01  6.056049844723E-17
  9.014782125728E-17  1.102074954642E+00 -9.848975453730E-01 -1.013521500713E-09 -9.848975452453E-01  8.056291225162E-17
  1.172291654245E-16  1.197675195524E+00 -1.112745741124E+00  1.384598792728E-09 -1.112745741481E+00  1.089162195986E-16
  1.468739869314E-16  1.302324804476E+00 -1.249274817470E+00  3.978423223123E-10 -1.249274817244E+00  1.408910991721E-16
  1.739553310987E-16  1.397925045358E+00 -1.371534011249E+00  3.514418271886E-09 -1.371534011361E+00  1.706712772988E-16
  1.937875476782E-16  1.467935037127E+00 -1.459849437368E+00  8.388708472816E-10 -1.459849437294E+00  1.927201376610E-16
  2.028708123986E-16  1.500000000000E+00 -1.500000000000E+00  2.028708123986E-16 -1.500000000000E+00  2.028708123986E-16
 -5.034623247436E-02  9.987318243030E-01 -8.430303058232E-01 -4.249729461271E-02 -8.430303051737E-01 -4.249729376234E-02
 -5.196058254943E-02  1.030756123169E+00 -8.877560668285E-01 -4.475192723466E-02 -8.877560661362E-01 -4.475192659191E-02
 -5.548532187056E-02  1.100677329968E+00 -9.836485235101E-01 -4.958588301150E-02 -9.836485221144E-01 -4.958588077635E-02
 -6.029843382264E-02  1.196156332949E+00 -1.111334585742E+00 -5.602255641848E-02 -1.111334584375E+00 -5.602255578546E-02
 -6.556714736325E-02  1.300673227809E+00 -1.247690519187E+00 -6.289628316971E-02 -1.247690517282E+00 -6.289628037333E-02
 -7.038025931534E-02  1.396152230790E+00 -1.369794667009E+00 -6.905157005925E-02 -1.369794665260E+00 -6.905157018245E-02
 -7.390499863647E-02  1.466073437589E+00 -1.457998093194E+00 -7.349791961976E-02 -1.457998091716E+00 -7.349791914754E-02
 -7.551934871154E-02  1.498097736455E+00 -1.498097736455E+00 -7.551934871154E-02 -1.498097736455E+00 -7.551934871154E-02
 -1.596528317756E-01  9.871732235560E-01 -8.332736803875E-01 -1.347630777400E-01 -8.332736813454E-01 -1.347630787549E-01
 -1.647720938990E-01  1.018826896318E+00 -8.774818173462E-01 -1.419127385917E-01 -8.774818186560E-01 -1.419127401728E-01
 -1.759493873375E-01  1.087938885574E+00 -9.722644827882E-01 -1.572416813988E-01 -9.722644846122E-01 -1.572416821072E-01
 -1.912122365128E-01  1.182312883539E+00 -1.098472797209E+00 -1.776530056454E-01 -1.098472800616E+00 -1.776530086737E-01
 -2.079198429261E-01  1.285620175351E+00 -1.233250643232E+00 -1.994502618217E-01 -1.233250648446E+00 -1.994502622389E-01
 -2.231826921014E-01  1.379994173316E+00 -1.353941644888E+00 -2.189692871321E-01 -1.353941651212E+00 -2.189692887902E-01
 -2.343599855400E-01  1.449106162572E+00 -1.441124271078E+00 -2.330690969475E-01 -1.441124274920E+00 -2.330690966299E-01
 -2.394792476634E-01  1.480759835334E+00 -1.480759835334E+00 -2.394792476634E-01 -1.480759835334E+00 -2.394792476634E-01
 -3.055418788382E-01  9.521786388467E-01 -8.037347264194E-01 -2.579081367112E-01 -8.037347253323E-01 -2.579081361907E-01
 -3.153390678391E-01  9.827102115494E-01 -8.463757172932E-01 -2.715910818884E-01 -8.463757157948E-01 -2.715910816064E-01
 -3.367300522617E-01  1.049372230218E+00 -9.377984067072E-01 -3.009274483719E-01 -9.377984040352E-01 -3.009274464373E-01
 -3.659399294784E-01  1.140400737455E+00 -1.059532730375E+00 -3.399904250442E-01 -1.059532725506E+00 -3.399904245213E-01
 -3.979147676170E-01  1.240045859662E+00 -1.189532802438E+00 -3.817057783493E-01 -1.189532795029E+00 -3.817057748459E-01
 -4.271246448337E-01  1.331074366899E+00 -1.305945396922E+00 -4.190610802231E-01 -1.305945388069E+00 -4.190610787215E-01
 -4.485156292563E-01  1.397736385567E+00 -1.390037455022E+00 -4.460451415967E-01 -1.390037450123E+00 -4.460451398915E-01
 -4.583128182573E-01  1.428267958270E+00 -1.428267958270E+00 -4.583128182573E-01 -1.428267958270E+00 -4.583128182573E-01
 -4.572412379666E-01  8.893427068925E-01 -7.506948649455E-01 -3.859576823142E-01 -7.506948665812E-01 -3.859576825340E-01
 -4.719026612858E-01  9.178594477700E-01 -7.905219015801E-01 -4.064341117804E-01 -7.905219035838E-01 -4.064341125564E-01
 -5.039141165923E-01  9.801223233594E-01 -8.759114456416E-01 -4.503357728615E-01 -8.759114489002E-01 -4.503357728582E-01
 -5.476264890834E-01  1.065143700366E+00 -9.896123051252E-01 -5.087932374000E-01 -9.896123098118E-01 -5.087932403768E-01
 -5.954766058330E-01  1.158213066866E+00 -1.111033440070E+00 -5.712199617461E-01 -1.111033447620E+00 -5.712199639971E-01
 -6.391889783241E-01  1.243234443872E+00 -1.219763762595E+00 -6.271219040919E-01 -1.219763770258E+00 -6.271219092677E-01
 -6.712004336306E-01  1.305497319461E+00 -1.298306445618E+00 -6.675033617807E-01 -1.298306450218E+00 -6.675033639529E-01
 -6.858618569498E-01  1.334014060339E+00 -1.334014060339E+00 -6.858618569498E-01 -1.334014060339E+00 -6.858618569498E-01
 -5.851452805981E-01  8.109284805664E-01 -6.845053590203E-01 -4.939215836180E-01 -6.845053575048E-01 -4.939215838224E-01
 -6.039079422956E-01  8.369308721881E-01 -7.208208072014E-01 -5.201258828997E-01 -7.208208052525E-01 -5.201258834267E-01
 -6.448739585740E-01  8.937039684379E-01 -7.986814722505E-01 -5.763081513793E-01 -7.986814698793E-01 -5.763081504730E-01
 -7.008139883505E-01  9.712289265187E-01 -9.023572176395E-01 -6.511179188533E-01 -9.023572133960E-01 -6.511179191333E-01
 -7.620492131448E-01  1.056092274897E+00 -1.013072533740E+00 -7.310072668853E-01 -1.013072529358E+00 -7.310072634804E-01
 -8.179892429213E-01  1.133617232978E+00 -1.112215997260E+00 -8.025466568988E-01 -1.112215991878E+00 -8.025466539274E-01
 -8.589552591997E-01  1.190390329228E+00 -1.183833488627E+00 -8.542240115915E-01 -1.183833486040E+00 -8.542240086161E-01
 -8.777179208972E-01  1.216392720850E+00 -1.216392720850E+00 -8.777179208972E-01 -1.216392720850E+00 -8.777179208972E-01
 -6.706098831617E-01  7.418102079413E-01 -6.261625688117E-01 -5.660623207704E-01 -6.261625701355E-01 -5.660623209327E-01
 -6.921129641672E-01  7.655963247174E-01 -6.593827237776E-01 -5.960939431048E-01 -6.593827251687E-01 -5.960939436401E-01
 -7.390623565677E-01  8.175304512697E-01 -7.306070504891E-01 -6.604820283693E-01 -7.306070528393E-01 -6.604820277431E-01
 -8.031728229362E-01  8.884476858381E-01 -8.254461479834E-01 -7.462182905217E-01 -8.254461498738E-01 -7.462182916832E-01
 -8.733518849679E-01  9.660778340152E-01 -9.267248089831E-01 -8.377760400384E-01 -9.267248119556E-01 -8.377760392288E-01
 -9.374623513365E-01  1.036995068584E+00 -1.017417928838E+00 -9.197642616016E-01 -1.017417930166E+00 -9.197642631107E-01
 -9.844117437369E-01  1.088929195136E+00 -1.082931213338E+00 -9.789894599339E-01 -1.082931214642E+00 -9.789894605770E-01
 -1.005914824742E+00  1.112715311912E+00 -1.112715311912E+00 -1.005914824742E+00 -1.112715311912E+00 -1.005914824742E+00
 -7.071067811865E-01  7.071067811865E-01 -5.968693805112E-01 -5.968693808381E-01 -5.968693807771E-01 -5.968693807771E-01
 -7.297801338723E-01  7.297801338723E-01 -6.285354276509E-01 -6.285354274561E-01 -6.285354277586E-01 -6.285354277586E-01
 -7.792846738030E-01  7.792846738030E-01 -6.964277323906E-01 -6.964277338239E-01 -6.964277330169E-01 -6.964277330169E-01
 -8.468842524142E-01  8.468842524142E-01 -7.868300602645E-01 -7.868300583064E-01 -7.868300595377E-01 -7.868300595377E-01
 -9.208827005522E-01  9.208827005522E-01 -8.833706952800E-01 -8.833706947173E-01 -8.833706948388E-01 -8.833706948388E-01
 -9.884822791634E-01  9.884822791634E-01 -9.698210024671E-01 -9.698209974970E-01 -9.698210000610E-01 -9.698210000610E-01
 -1.037986819094E+00  1.037986819094E+00 -1.032269437268E+00 -1.032269436081E+00 -1.032269436622E+00 -1.032269436622E+00
 -1.060660171780E+00  1.060660171780E+00 -1.060660171780E+00 -1.060660171780E+00 -1.060660171780E+00 -1.060660171780E+00
 -7.071067811865E-01  7.071067811865E-01 -5.968693805112E-01 -5.968693808381E-01 -5.968693807771E-01 -5.968693807771E-01
 -7.297801338723E-01  7.297801338723E-01 -6.285354276509E-01 -6.285354274561E-01 -6.285354277586E-01 -6.285354277586E-01
 -7.792846738030E-01  7.792846738030E-01 -6.964277323906E-01 -6.964277338239E-01 -6.964277330169E-01 -6.964277330169E-01
 -8.468842524142E-01  8.468842524142E-01 -7.868300602645E-01 -7.868300583064E-01 -7.868300595377E-01 -7.868300595377E-01
 -9.208827005522E-01  9.208827005522E-01 -8.833706952800E-01 -8.833706947173E-01 -8.833706948388E-01 -8.833706948388E-01
 -9.884822791634E-01  9.884822791634E-01 -9.698210024671E-01 -9.698209974970E-01 -9.698210000610E-01 -9.698210000610E-01
 -1.037986819094E+00  1.037986819094E+00 -1.032269437268E+00 -1.032269436081E+00 -1.032269436622E+00 -1.032269436622E+00
 -1.060660171780E+00  1.060660171780E+00 -1.060660171780E+00 -1.060660171780E+00 -1.060660171780E+00 -1.060660171780E+00
 -7.418102079413E-01  6.706098831617E-01 -5.660623207906E-01 -6.261625711961E-01 -5.660623209327E-01 -6.261625701355E-01
 -7.655963247174E-01  6.921129641672E-01 -5.960939436752E-01 -6.593827261128E-01 -5.960939436401E-01 -6.593827251687E-01
 -8.175304512697E-01  7.390623565677E-01 -6.604820271496E-01 -7.306070554067E-01 -6.604820277431E-01 -7.306070528393E-01
 -8.884476858381E-01  8.031728229362E-01 -7.462182922024E-01 -8.254461512882E-01 -7.462182916832E-01 -8.254461498738E-01
 -9.660778340152E-01  8.733518849679E-01 -8.377760385986E-01 -9.267248152801E-01 -8.377760392288E-01 -9.267248119556E-01
 -1.036995068584E+00  9.374623513365E-01 -9.197642644344E-01 -1.017417931315E+00 -9.197642631107E-01 -1.017417930166E+00
 -1.088929195136E+00  9.844117437369E-01 -9.789894612884E-01 -1.082931216021E+00 -9.789894605770E-01 -1.082931214642E+00
 -1.112715311912E+00  1.005914824742E+00 -1.005914824742E+00 -1.112715311912E+00 -1.005914824742E+00 -1.112715311912E+00
 -8.109284805664E-01  5.851452805981E-01 -4.939215838628E-01 -6.845053561098E-01 -4.939215838224E-01 -6.845053575048E-01
 -8.369308721881E-01  6.039079422956E-01 -5.201258836184E-01 -7.208208032083E-01 -5.201258834267E-01 -7.208208052525E-01
 -8.937039684379E-01  6.448739585740E-01 -5.763081496841E-01 -7.986814680886E-01 -5.763081504730E-01 -7.986814698793E-01
 -9.712289265187E-01  7.008139883505E-01 -6.511179188652E-01 -9.023572088453E-01 -6.511179191333E-01 -9.023572133960E-01
 -1.056092274897E+00  7.620492131448E-01 -7.310072600887E-01 -1.013072525376E+00 -7.310072634804E-01 -1.013072529358E+00
 -1.133617232978E+00  8.179892429213E-01 -8.025466506286E-01 -1.112215986234E+00 -8.025466539274E-01 -1.112215991878E+00
 -1.190390329228E+00  8.589552591997E-01 -8.542240056754E-01 -1.183833483549E+00 -8.542240086161E-01 -1.183833486040E+00
 -1.216392720850E+00  8.777179208972E-01 -8.777179208972E-01 -1.216392720850E+00 -8.777179208972E-01 -1.216392720850E+00
 -8.893427068925E-01  4.572412379666E-01 -3.859576829346E-01 -7.506948677180E-01 -3.859576825340E-01 -7.506948665812E-01
 -9.178594477700E-01  4.719026612858E-01 -4.064341134165E-01 -7.905219048427E-01 -4.064341125564E-01 -7.905219035838E-01
 -9.801223233594E-01  5.039141165923E-01 -4.503357733797E-01 -8.759114521575E-01 -4.503357728582E-01 -8.759114489002E-01
 -1.065143700366E+00  5.476264890834E-01 -5.087932434501E-01 -9.896123136246E-01 -5.087932403768E-01 -9.896123098118E-01
 -1.158213066866E+00  5.954766058330E-01 -5.712199667589E-01 -1.111033455337E+00 -5.712199639971E-01 -1.111033447620E+00
 -1.243234443872E+00  6.391889783241E-01 -6.271219144660E-01 -1.219763777580E+00 -6.271219092677E-01 -1.219763770258E+00
 -1.305497319461E+00  6.712004336306E-01 -6.675033662107E-01 -1.298306454887E+00 -6.675033639529E-01 -1.298306450218E+00
 -1.334014060339E+00  6.858618569498E-01 -6.858618569498E-01 -1.334014060339E+00 -6.858618569498E-01 -1.334014060339E+00
 -9.521786388467E-01  3.055418788382E-01 -2.579081351895E-01 -8.037347240203E-01 -2.579081361907E-01 -8.037347253323E-01
 -9.827102115494E-01  3.153390678391E-01 -2.715910807384E-01 -8.463757138292E-01 -2.715910816064E-01 -8.463757157948E-01
 -1.049372230218E+00  3.367300522617E-01 -3.009274441308E-01 -9.377984017334E-01 -3.009274464373E-01 -9.377984040352E-01
 -1.140400737455E+00  3.659399294784E-01 -3.399904233122E-01 -1.059532720087E+00 -3.399904245213E-01 -1.059532725506E+00
 -1.240045859662E+00  3.979147676170E-01 -3.817057710990E-01 -1.189532788099E+00 -3.817057748459E-01 -1.189532795029E+00
 -1.331074366899E+00  4.271246448337E-01 -4.190610769628E-01 -1.305945378991E+00 -4.190610787215E-01 -1.305945388069E+00
 -1.397736385567E+00  4.485156292563E-01 -4.460451381750E-01 -1.390037445335E+00 -4.460451398915E-01 -1.390037450123E+00
 -1.428267958270E+00  4.583128182573E-01 -4.583128182573E-01 -1.428267958270E+00 -4.583128182573E-01 -1.428267958270E+00
 -9.871732235560E-01  1.596528317756E-01 -1.347630799711E-01 -8.332736822725E-01 -1.347630787549E-01 -8.332736813454E-01
 -1.018826896318E+00  1.647720938990E-01 -1.419127419235E-01 -8.774818196615E-01 -1.419127401728E-01 -8.774818186560E-01
 -1.087938885574E+00  1.759493873375E-01 -1.572416831430E-01 -9.722644869297E-01 -1.572416821072E-01 -9.722644846122E-01
 -1.182312883539E+00  1.912122365128E-01 -1.776530118723E-01 -1.098472803419E+00 -1.776530086737E-01 -1.098472800616E+00
 -1.285620175351E+00  2.079198429261E-01 -1.994502629299E-01 -1.233250653952E+00 -1.994502622389E-01 -1.233250648446E+00
 -1.379994173316E+00  2.231826921014E-01 -2.189692904947E-01 -1.353941657118E+00 -2.189692887902E-01 -1.353941651212E+00
 -1.449106162572E+00  2.343599855400E-01 -2.330690963552E-01 -1.441124278853E+00 -2.330690966299E-01 -1.441124274920E+00
 -1.480759835334E+00  2.394792476634E-01 -2.394792476634E-01 -1.480759835334E+00 -2.394792476634E-01 -1.480759835334E+00
 -9.987318243030E-01  5.034623247436E-02 -4.249729294102E-02 -8.430303041229E-01 -4.249729376234E-02 -8.430303051737E-01
 -1.030756123169E+00  5.196058254943E-02 -4.475192598676E-02 -8.877560647740E-01 -4.475192659191E-02 -8.877560661362E-01
 -1.100677329968E+00  5.548532187056E-02 -4.958587867183E-02 -9.836485208953E-01 -4.958588077635E-02 -9.836485221144E-01
 -1.196156332949E+00  6.029843382265E-02 -5.602255527004E-02 -1.111334582217E+00 -5.602255578546E-02 -1.111334584375E+00
 -1.300673227809E+00  6.556714736326E-02 -6.289627769893E-02 -1.247690515753E+00 -6.289628037333E-02 -1.247690517282E+00
 -1.396152230790E+00  7.038025931534E-02 -6.905157031083E-02 -1.369794663254E+00 -6.905157018245E-02 -1.369794665260E+00
 -1.466073437589E+00  7.390499863647E-02 -7.349791868022E-02 -1.457998090339E+00 -7.349791914754E-02 -1.457998091716E+00
 -1.498097736455E+00  7.551934871154E-02 -7.551934871154E-02 -1.498097736455E+00 -7.551934871154E-02 -1.498097736455E+00
 -1.000000000000E+00  1.665334536938E-16  2.311905367832E-10 -8.441007731153E-01 -1.405710170366E-16 -8.441007732602E-01
 -1.032064962873E+00  1.807731577197E-16 -1.377849040684E-10 -8.888833260781E-01 -1.556939258017E-16 -8.888833263681E-01
 -1.102074954642E+00  2.118638396461E-16  1.013521296678E-09 -9.848975453730E-01 -1.893375534167E-16 -9.848975452453E-01
 -1.197675195524E+00  2.543188750812E-16 -1.384599101458E-09 -1.112745741124E+00 -2.362846339995E-16 -1.112745741481E+00
 -1.302324804476E+00  3.007926372314E-16 -3.978425144899E-10 -1.249274817470E+00 -2.885398985063E-16 -1.249274817244E+00
 -1.397925045358E+00  3.432476726665E-16 -3.514418413816E-09 -1.371534011249E+00 -3.367675963354E-16 -1.371534011361E+00
 -1.467935037127E+00  3.743383545928E-16 -8.388710529612E-10 -1.459849437368E+00 -3.722764444530E-16 -1.459849437294E+00
 -1.500000000000E+00  3.885780586188E-16 -3.885780586188E-16 -1.500000000000E+00 -3.885780586188E-16 -1.500000000000E+00
 -1.000000000000E+00  1.665334536938E-16  2.311905367832E-10 -8.441007731153E-01 -1.405710170366E-16 -8.441007732602E-01
 -1.032064962873E+00  1.807731577197E-16 -1.377849040684E-10 -8.888833260781E-01 -1.556939258017E-16 -8.888833263681E-01
 -1.102074954642E+00  2.118638396461E-16  1.013521296678E-09 -9.848975453730E-01 -1.893375534167E-16 -9.848975452453E-01
 -1.197675195524E+00  2.543188750812E-16 -1.384599101458E-09 -1.112745741124E+00 -2.362846339995E-16 -1.112745741481E+00
 -1.302324804476E+00  3.007926372314E-16 -3.978425144899E-10 -1.249274817470E+00 -2.885398985063E-16 -1.249274817244E+00
 -1.397925045358E+00  3.432476726665E-16 -3.514418413816E-09 -1.371534011249E+00 -3.367675963354E-16 -1.371534011361E+00
 -1.467935037127E+00  3.743383545928E-16 -8.388710529612E-10 -1.459849437368E+00 -3.722764444530E-16 -1.459849437294E+00
 -1.500000000000E+00  3.885780586188E-16 -3.885780586188E-16 -1.500000000000E+00 -3.885780586188E-16 -1.500000000000E+00
 -9.987318243030E-01 -5.034623247436E-02  4.249729461271E-02 -8.430303058232E-01  4.249729376234E-02 -8.430303051737E-01
 -1.030756123169E+00 -5.196058254943E-02  4.475192723466E-02 -8.877560668285E-01  4.475192659191E-02 -8.877560661362E-01
 -1.100677329968E+00 -5.548532187056E-02  4.958588301150E-02 -9.836485235101E-01  4.958588077635E-02 -9.836485221144E-01
 -1.196156332949E+00 -6.029843382264E-02  5.602255641848E-02 -1.111334585742E+00  5.602255578546E-02 -1.111334584375E+00
 -1.300673227809E+00 -6.556714736325E-02  6.289628316971E-02 -1.247690519187E+00  6.289628037333E-02 -1.247690517282E+00
 -1.396152230790E+00 -7.038025931534E-02  6.905157005925E-02 -1.369794667009E+00  6.905157018245E-02 -1.369794665260E+00
 -1.466073437589E+00 -7.390499863647E-02  7.349791961976E-02 -1.457998093194E+00  7.349791914754E-02 -1.457998091716E+00
 -1.498097736455E+00 -7.551934871154E-02  7.551934871154E-02 -1.498097736455E+00  7.551934871154E-02 -1.498097736455E+00
 -9.871732235560E-01 -1.596528317756E-01  1.347630777400E-01 -8.332736803875E-01  1.347630787549E-01 -8.332736813454E-01
 -1.018826896318E+00 -1.647720938990E-01  1.419127385917E-01 -8.774818173462E-01  1.419127401728E-01 -8.774818186560E-01
 -1.087938885574E+00 -1.759493873375E-01  1.572416813988E-01 -9.722644827882E-01  1.572416821072E-01 -9.722644846122E-01
 -1.182312883539E+00 -1.912122365128E-01  1.776530056454E-01 -1.098472797209E+00  1.776530086737E-01 -1.098472800616E+00
 -1.285620175351E+00 -2.079198429261E-01  1.994502618217E-01 -1.233250643232E+00  1.994502622389E-01 -1.233250648446E+00
 -1.379994173316E+00 -2.231826921014E-01  2.189692871321E-01 -1.353941644888E+00  2.189692887902E-01 -1.353941651212E+00
 -1.449106162572E+00 -2.343599855400E-01  2.330690969475E-01 -1.441124271078E+00  2.330690966299E-01 -1.441124274920E+00
 -1.480759835334E+00 -2.394792476634E-01  2.394792476634E-01 -1.480759835334E+00  2.394792476634E-01 -1.480759835334E+00
 -9.521786388467E-01 -3.055418788382E-01  2.579081367112E-01 -8.037347264194E-01  2.579081361907E-01 -8.037347253323E-01
 -9.827102115494E-01 -3.153390678391E-01  2.715910818884E-01 -8.463757172932E-01  2.715910816064E-01 -8.463757157948E-01
 -1.049372230218E+00 -3.367300522617E-01  3.009274483719E-01 -9.377984067072E-01  3.009274464373E-01 -9.377984040352E-01
 -1.140400737455E+00 -3.659399294784E-01  3.399904250442E-01 -1.059532730375E+00  3.399904245213E-01 -1.059532725506E+00
 -1.240045859662E+00 -3.979147676170E-01  3.817057783493E-01 -1.189532802438E+00  3.817057748459E-01 -1.189532795029E+00
 -1.331074366899E+00 -4.271246448337E-01  4.190610802231E-01 -1.305945396922E+00  4.190610787215E-01 -1.305945388069E+00
 -1.397736385567E+00 -4.485156292563E-01  4.460451415967E-01 -1.390037455022E+00  4.460451398915E-01 -1.390037450123E+00
 -1.428267958270E+00 -4.583128182573E-01  4.583128182573E-01 -1.428267958270E+00  4.583128182573E-01 -1.428267958270E+00
 -8.893427068925E-01 -4.572412379666E-01  3.859576823142E-01 -7.506948649455E-01  3.859576825340E-01 -7.506948665812E-01
 -9.178594477700E-01 -4.719026612858E-01  4.064341117804E-01 -7.905219015801E-01  4.064341125564E-01 -7.905219035838E-01
 -9.801223233594E-01 -5.039141165923E-01  4.503357728615E-01 -8.759114456416E-01  4.503357728582E-01 -8.759114489002E-01
 -1.065143700366E+00 -5.476264890834E-01  5.087932374000E-01 -9.896123051252E-01  5.087932403768E-01 -9.896123098118E-01
 -1.158213066866E+00 -5.954766058330E-01  5.712199617461E-01 -1.111033440070E+00  5.712199639971E-01 -1.111033447620E+00
 -1.243234443872E+00 -6.391889783241E-01  6.271219040919E-01 -1.219763762595E+00  6.271219092677E-01 -1.219763770258E+00
 -1.305497319461E+00 -6.712004336306E-01  6.675033617807E-01 -1.298306445618E+00  6.675033639529E-01 -1.298306450218E+00
 -1.334014060339E+00 -6.858618569498E-01  6.858618569498E-01 -1.334014060339E+00  6.858618569498E-01 -1.334014060339E+00
 -8.109284805664E-01 -5.851452805981E-01  4.939215836180E-01 -6.845053590203E-01  4.939215838224E-01 -6.845053575048E-01
 -8.369308721881E-01 -6.039079422956E-01  5.201258828997E-01 -7.208208072014E-01  5.201258834267E-01 -7.208208052525E-01
 -8.937039684379E-01 -6.448739585740E-01  5.763081513793E-01 -7.986814722505E-01  5.763081504730E-01 -7.986814698793E-01
 -9.712289265187E-01 -7.008139883505E-01  6.511179188533E-01 -9.023572176395E-01  6.511179191333E-01 -9.023572133960E-01
 -1.056092274897E+00 -7.620492131448E-01  7.310072668853E-01 -1.013072533740E+00  7.310072634804E-01 -1.013072529358E+00
 -1.133617232978E+00 -8.179892429213E-01  8.025466568988E-01 -1.112215997260E+00  8.025466539274E-01 -1.112215991878E+00
 -1.190390329228E+00 -8.589552591997E-01  8.542240115915E-01 -1.183833488627E+00  8.542240086161E-01 -1.183833486040E+00
 -1.216392720850E+00 -8.777179208972E-01  8.777179208972E-01 -1.216392720850E+00  8.777179208972E-01 -1.216392720850E+00
 -7.418102079413E-01 -6.706098831617E-01  5.660623207704E-01 -6.261625688117E-01  5.660623209327E-01 -6.261625701355E-01
 -7.655963247174E-01 -6.921129641672E-01  5.960939431048E-01 -6.593827237776E-01  5.960939436401E-01 -6.593827251687E-01
 -8.175304512697E-01 -7.390623565677E-01  6.604820283693E-01 -7.306070504891E-01  6.604820277431E-01 -7.306070528393E-01
 -8.884476858381E-01 -8.031728229362E-01  7.462182905217E-01 -8.254461479834E-01  7.462182916832E-01 -8.254461498738E-01
 -9.660778340152E-01 -8.733518849679E-01  8.377760400384E-01 -9.267248089831E-01  8.377760392288E-01 -9.267248119556E-01
 -1.036995068584E+00 -9.374623513365E-01  9.197642616016E-01 -1.017417928838E+00  9.197642631107E-01 -1.017417930166E+00
 -1.088929195136E+00 -9.844117437369E-01  9.789894599339E-01 -1.082931213338E+00  9.789894605770E-01 -1.082931214642E+00
 -1.112715311912E+00 -1.005914824742E+00  1.005914824742E+00 -1.112715311912E+00  1.005914824742E+00 -1.112715311912E+00
 -7.071067811865E-01 -7.071067811865E-01  5.968693808381E-01 -5.968693805112E-01  5.968693807771E-01 -5.968693807771E-01
 -7.297801338723E-01 -7.297801338723E-01  6.285354274561E-01 -6.285354276509E-01  6.285354277586E-01 -6.285354277586E-01
 -7.792846738030E-01 -7.792846738030E-01  6.964277338239E-01 -6.964277323906E-01  6.964277330169E-01 -6.964277330169E-01
 -8.468842524142E-01 -8.468842524142E-01  7.868300583064E-01 -7.868300602645E-01  7.868300595377E-01 -7.868300595377E-01
 -9.208827005522E-01 -9.208827005522E-01  8.833706947173E-01 -8.833706952800E-01  8.833706948388E-01 -8.833706948388E-01
 -9.884822791634E-01 -9.884822791634E-01  9.698209974970E-01 -9.698210024671E-01  9.698210000610E-01 -9.698210000610E-01
 -1.037986819094E+00 -1.037986819094E+00  1.032269436081E+00 -1.032269437268E+00  1.032269436622E+00 -1.032269436622E+00
 -1.060660171780E+00 -1.060660171780E+00  1.060660171780E+00 -1.060660171780E+00  1.060660171780E+00 -1.060660171780E+00
 -7.071067811865E-01 -7.071067811865E-01  5.968693808381E-01 -5.968693805112E-01  5.968693807771E-01 -5.968693807771E-01
 -7.297801338723E-01 -7.297801338723E-01  6.285354274561E-01 -6.285354276509E-01  6.285354277586E-01 -6.285354277586E-01
 -7.792846738030E-01 -7.792846738030E-01  6.964277338239E-01 -6.964277323906E-01  6.964277330169E-01 -6.964277330169E-01
 -8.468842524142E-01 -8.468842524142E-01  7.868300583064E-01 -7.868300602645E-01  7.868300595377E-01 -7.868300595377E-01
 -9.208827005522E-01 -9.208827005522E-01  8.833706947173E-01 -8.833706952800E-01  8.833706948388E-01 -8.833706948388E-01
 -9.884822791634E-01 -9.884822791634E-01  9.698209974970E-01 -9.698210024671E-01  9.698210000610E-01 -9.698210000610E-01
 -1.037986819094E+00 -1.037986819094E+00  1.032269436081E+00 -1.032269437268E+00  1.032269436622E+00 -1.032269436622E+00
 -1.060660171780E+00 -1.060660171780E+00  1.060660171780E+00 -1.060660171780E+00  1.060660171780E+00 -1.060660171780E+00
 -6.706098831617E-01 -7.418102079413E-01  6.261625711960E-01 -5.660623207906E-01  6.261625701355E-01 -5.660623209327E-01
 -6.921129641672E-01 -7.655963247174E-01  6.593827261128E-01 -5.960939436752E-01  6.593827251687E-01 -5.960939436401E-01
 -7.390623565677E-01 -8.175304512697E-01  7.306070554067E-01 -6.604820271496E-01  7.306070528393E-01 -6.604820277431E-01
 -8.031728229362E-01 -8.884476858381E-01  8.254461512882E-01 -7.462182922024E-01  8.254461498738E-01 -7.462182916832E-01
 -8.733518849679E-01 -9.660778340152E-01  9.267248152801E-01 -8.377760385986E-01  9.267248119556E-01 -8.377760392288E-01
 -9.374623513365E-01 -1.036995068584E+00  1.017417931315E+00 -9.197642644344E-01  1.017417930166E+00 -9.197642631107E-01
 -9.844117437369E-01 -1.088929195136E+00  1.082931216021E+00 -9.789894612884E-01  1.082931214642E+00 -9.789894605770E-01
 -1.005914824742E+00 -1.112715311912E+00  1.112715311912E+00 -1.005914824742E+00  1.112715311912E+00 -1.005914824742E+00
 -5.851452805981E-01 -8.109284805664E-01  6.845053561098E-01 -4.939215838628E-01  6.845053575048E-01 -4.939215838224E-01
 -6.039079422956E-01 -8.369308721881E-01  7.208208032083E-01 -5.201258836184E-01  7.208208052525E-01 -5.201258834267E-01
 -6.448739585740E-01 -8.937039684379E-01  7.986814680886E-01 -5.763081496841E-01  7.986814698793E-01 -5.763081504730E-01
 -7.008139883505E-01 -9.712289265187E-01  9.023572088453E-01 -6.511179188652E-01  9.023572133960E-01 -6.511179191333E-01
 -7.620492131448E-01 -1.056092274897E+00  1.013072525376E+00 -7.310072600887E-01  1.013072529358E+00 -7.310072634804E-01
 -8.179892429213E-01 -1.133617232978E+00  1.112215986234E+00 -8.025466506286E-01  1.112215991878E+00 -8.025466539274E-01
 -8.589552591997E-01 -1.190390329228E+00  1.183833483549E+00 -8.542240056754E-01  1.183833486040E+00 -8.542240086161E-01
 -8.777179208972E-01 -1.216392720850E+00  1.216392720850E+00 -8.777179208972E-01  1.216392720850E+00 -8.777179208972E-01
 -4.572412379666E-01 -8.893427068925E-01  7.506948677180E-01 -3.859576829346E-01  7.506948665812E-01 -3.859576825340E-01
 -4.719026612858E-01 -9.178594477700E-01  7.905219048427E-01 -4.064341134165E-01  7.905219035838E-01 -4.064341125564E-01
 -5.039141165923E-01 -9.801223233594E-01  8.759114521575E-01 -4.503357733797E-01  8.759114489002E-01 -4.503357728582E-01
 -5.476264890834E-01 -1.065143700366E+00  9.896123136246E-01 -5.087932434501E-01  9.896123098118E-01 -5.087932403768E-01
 -5.954766058330E-01 -1.158213066866E+00  1.111033455337E+00 -5.712199667589E-01  1.111033447620E+00 -5.712199639971E-01
 -6.391889783241E-01 -1.243234443872E+00  1.219763777580E+00 -6.271219144660E-01  1.219763770258E+00 -6.271219092677E-01
 -6.712004336306E-01 -1.305497319461E+00  1.298306454887E+00 -6.675033662107E-01  1.298306450218E+00 -6.675033639529E-01
 -6.858618569498E-01 -1.334014060339E+00  1.334014060339E+00 -6.858618569498E-01  1.334014060339E+00 -6.858618569498E-01
 -3.055418788382E-01 -9.521786388467E-01  8.037347240203E-01 -2.579081351895E-01  8.037347253323E-01 -2.579081361907E-01
 -3.153390678391E-01 -9.827102115494E-01  8.463757138292E-01 -2.715910807384E-01  8.463757157948E-01 -2.715910816064E-01
 -3.367300522617E-01 -1.049372230218E+00  9.377984017334E-01 -3.009274441308E-01  9.377984040352E-01 -3.009274464373E-01
 -3.659399294784E-01 -1.140400737455E+00  1.059532720087E+00 -3.399904233122E-01  1.059532725506E+00 -3.399904245213E-01
 -3.979147676170E-01 -1.240045859662E+00  1.189532788099E+00 -3.817057710990E-01  1.189532795029E+00 -3.817057748459E-01
 -4.271246448337E-01 -1.331074366899E+00  1.305945378991E+00 -4.190610769628E-01  1.305945388069E+00 -4.190610787215E-01
 -4.485156292563E-01 -1.397736385567E+00  1.390037445335E+00 -4.460451381750E-01  1.390037450123E+00 -4.460451398915E-01
 -4.583128182573E-01 -1.428267958270E+00  1.428267958270E+00 -4.583128182573E-01  1.428267958270E+00 -4.583128182573E-01
 -1.596528317756E-01 -9.871732235560E-01  8.332736822725E-01 -1.347630799711E-01  8.332736813454E-01 -1.347630787549E-01
 -1.647720938990E-01 -1.018826896318E+00  8.774818196615E-01 -1.419127419235E-01  8.774818186560E-01 -1.419127401728E-01
 -1.759493873375E-01 -1.087938885574E+00  9.722644869297E-01 -1.572416831430E-01  9.722644846122E-01 -1.572416821072E-01
 -1.912122365128E-01 -1.182312883539E+00  1.098472803419E+00 -1.776530118723E-01  1.098472800616E+00 -1.776530086737E-01
 -2.079198429261E-01 -1.285620175351E+00  1.233250653952E+00 -1.994502629299E-01  1.233250648446E+00 -1.994502622389E-01
 -2.231826921014E-01 -1.379994173316E+00  1.353941657118E+00 -2.189692904947E-01  1.353941651212E+00 -2.189692887902E-01
 -2.343599855400E-01 -1.449106162572E+00  1.441124278853E+00 -2.330690963552E-01  1.441124274920E+00 -2.330690966299E-01
 -2.394792476634E-01 -1.480759835334E+00  1.480759835334E+00 -2.394792476634E-01  1.480759835334E+00 -2.394792476634E-01
 -5.034623247436E-02 -9.987318243030E-01  8.430303041229E-01 -4.249729294102E-02  8.430303051737E-01 -4.249729376234E-02
 -5.196058254943E-02 -1.030756123169E+00  8.877560647740E-01 -4.475192598676E-02  8.877560661362E-01 -4.475192659191E-02
 -5.548532187056E-02 -1.100677329968E+00  9.836485208953E-01 -4.958587867183E-02  9.836485221144E-01 -4.958588077635E-02
 -6.029843382264E-02 -1.196156332949E+00  1.111334582217E+00 -5.602255527004E-02  1.111334584375E+00 -5.602255578546E-02
 -6.556714736325E-02 -1.300673227809E+00  1.247690515753E+00 -6.289627769893E-02  1.247690517282E+00 -6.289628037333E-02
 -7.038025931534E-02 -1.396152230790E+00  1.369794663254E+00 -6.905157031083E-02  1.369794665260E+00 -6.905157018245E-02
 -7.390499863647E-02 -1.466073437589E+00  1.457998090339E+00 -7.349791868022E-02  1.457998091716E+00 -7.349791914754E-02
 -7.551934871154E-02 -1.498097736455E+00  1.498097736455E+00 -7.551934871154E-02  1.498097736455E+00 -7.551934871154E-02
 -2.163234161989E-16 -1.000000000000E+00  8.441007731153E-01  2.311904894073E-10  8.441007732602E-01 -1.825987628878E-16
 -2.214798555046E-16 -1.032064962873E+00  8.888833260781E-01 -1.377849145068E-10  8.888833263681E-01 -1.907532546561E-16
 -2.327383208513E-16 -1.102074954642E+00  9.848975453730E-01  1.013521364219E-09  9.848975452453E-01 -2.079925688589E-16
 -2.481120121191E-16 -1.197675195524E+00  1.112745741124E+00 -1.384599030700E-09  1.112745741481E+00 -2.305179116404E-16
 -2.649409527626E-16 -1.302324804476E+00  1.249274817470E+00 -3.978425543872E-10  1.249274817244E+00 -2.541486265219E-16
 -2.803146440303E-16 -1.397925045358E+00  1.371534011249E+00 -3.514418490010E-09  1.371534011361E+00 -2.750226626575E-16
 -2.915731093771E-16 -1.467935037127E+00  1.459849437368E+00 -8.388710148588E-10  1.459849437294E+00 -2.899670822539E-16
 -2.967295486828E-16 -1.500000000000E+00  1.500000000000E+00 -2.967295486828E-16  1.500000000000E+00 -2.967295486828E-16
 -2.163234161989E-16 -1.000000000000E+00  8.441007731153E-01  2.311904894073E-10  8.441007732602E-01 -1.825987628878E-16
 -2.214798555046E-16 -1.032064962873E+00  8.888833260781E-01 -1.377849145068E-10  8.888833263681E-01 -1.907532546561E-16
 -2.327383208513E-16 -1.102074954642E+00  9.848975453730E-01  1.013521364219E-09  9.848975452453E-01 -2.079925688589E-16
 -2.481120121191E-16 -1.197675195524E+00  1.112745741124E+00 -1.384599030700E-09  1.112745741481E+00 -2.305179116404E-16
 -2.649409527626E-16 -1.302324804476E+00  1.249274817470E+00 -3.978425543872E-10  1.249274817244E+00 -2.541486265219E-16
 -2.803146440303E-16 -1.397925045358E+00  1.371534011249E+00 -3.514418490010E-09  1.371534011361E+00 -2.750226626575E-16
 -2.915731093771E-16 -1.467935037127E+00  1.459849437368E+00 -8.388710148588E-10  1.459849437294E+00 -2.899670822539E-16
 -2.967295486828E-16 -1.500000000000E+00  1.500000000000E+00 -2.967295486828E-16  1.500000000000E+00 -2.967295486828E-16
  5.034623247436E-02 -9.987318243030E-01  8.430303058232E-01  4.249729461271E-02  8.430303051737E-01  4.249729376234E-02
  5.196058254942E-02 -1.030756123169E+00  8.877560668285E-01  4.475192723466E-02  8.877560661362E-01  4.475192659191E-02
  5.548532187056E-02 -1.100677329968E+00  9.836485235101E-01  4.958588301150E-02  9.836485221144E-01  4.958588077634E-02
  6.029843382264E-02 -1.196156332949E+00  1.111334585742E+00  5.602255641848E-02  1.111334584375E+00  5.602255578546E-02
  6.556714736325E-02 -1.300673227809E+00  1.247690519187E+00  6.289628316971E-02  1.247690517282E+00  6.289628037333E-02
  7.038025931534E-02 -1.396152230790E+00  1.369794667009E+00  6.905157005925E-02  1.369794665260E+00  6.905157018245E-02
  7.390499863647E-02 -1.466073437589E+00  1.457998093194E+00  7.349791961976E-02  1.457998091716E+00  7.349791914754E-02
  7.551934871154E-02 -1.498097736455E+00  1.498097736455E+00  7.551934871154E-02  1.498097736455E+00  7.551934871154E-02
  1.596528317756E-01 -9.871732235560E-01  8.332736803875E-01  1.347630777400E-01  8.332736813454E-01  1.347630787549E-01
  1.647720938990E-01 -1.018826896318E+00  8.774818173462E-01  1.419127385917E-01  8.774818186560E-01  1.419127401728E-01
  1.759493873375E-01 -1.087938885574E+00  9.722644827882E-01  1.572416813988E-01  9.722644846122E-01  1.572416821072E-01
  1.912122365128E-01 -1.182312883539E+00  1.098472797209E+00  1.776530056454E-01  1.098472800616E+00  1.776530086737E-01
  2.079198429261E-01 -1.285620175351E+00  1.233250643232E+00  1.994502618217E-01  1.233250648446E+00  1.994502622389E-01
  2.231826921014E-01 -1.379994173316E+00  1.353941644888E+00  2.189692871321E-01  1.353941651212E+00  2.189692887902E-01
  2.343599855400E-01 -1.449106162572E+00  1.441124271078E+00  2.330690969475E-01  1.441124274920E+00  2.330690966299E-01
  2.394792476634E-01 -1.480759835334E+00  1.480759835334E+00  2.394792476634E-01  1.480759835334E+00  2.394792476634E-01
  3.055418788382E-01 -9.521786388467E-01  8.037347264194E-01  2.579081367112E-01  8.037347253323E-01  2.579081361907E-01
  3.153390678391E-01 -9.827102115494E-01  8.463757172932E-01  2.715910818884E-01  8.463757157948E-01  2.715910816064E-01
  3.367300522617E-01 -1.049372230218E+00  9.377984067072E-01  3.009274483719E-01  9.377984040352E-01  3.009274464373E-01
  3.659399294784E-01 -1.140400737455E+00  1.059532730375E+00  3.399904250442E-01  1.059532725506E+00  3.399904245213E-01
  3.979147676170E-01 -1.240045859662E+00  1.189532802438E+00  3.817057783493E-01  1.189532795029E+00  3.817057748459E-01
  4.271246448337E-01 -1.331074366899E+00  1.305945396922E+00  4.190610802231E-01  1.305945388069E+00  4.190610787215E-01
  4.485156292563E-01 -1.397736385567E+00  1.390037455022E+00  4.460451415967E-01  1.390037450123E+00  4.460451398915E-01
  4.583128182573E-01 -1.428267958270E+00  1.428267958270E+00  4.583128182573E-01  1.428267958270E+00  4.583128182573E-01
  4.572412379666E-01 -8.893427068925E-01  7.506948649455E-01  3.859576823142E-01  7.506948665812E-01  3.859576825340E-01
  4.719026612858E-01 -9.178594477700E-01  7.905219015801E-01  4.064341117804E-01  7.905219035838E-01  4.064341125564E-01
  5.039141165923E-01 -9.801223233594E-01  8.759114456416E-01  4.503357728615E-01  8.759114489002E-01  4.503357728582E-01
  5.476264890834E-01 -1.065143700366E+00  9.896123051252E-01  5.087932374000E-01  9.896123098118E-01  5.087932403768E-01
  5.954766058330E-01 -1.158213066866E+00  1.111033440070E+00  5.712199617461E-01  1.111033447620E+00  5.712199639971E-01
  6.391889783241E-01 -1.243234443872E+00  1.219763762595E+00  6.271219040919E-01  1.219763770258E+00  6.271219092677E-01
  6.712004336306E-01 -1.305497319461E+00  1.298306445618E+00  6.675033617807E-01  1.298306450218E+00  6.675033639529E-01
  6.858618569498E-01 -1.334014060339E+00  1.334014060339E+00  6.858618569498E-01  1.334014060339E+00  6.858618569498E-01
  5.851452805981E-01 -8.109284805664E-01  6.845053590203E-01  4.939215836180E-01  6.845053575048E-01  4.939215838224E-01
  6.039079422956E-01 -8.369308721881E-01  7.208208072014E-01  5.201258828997E-01  7.208208052525E-01  5.201258834267E-01
  6.448739585740E-01 -8.937039684379E-01  7.986814722505E-01  5.763081513793E-01  7.986814698793E-01  5.763081504730E-01
  7.008139883505E-01 -9.712289265187E-01  9.023572176395E-01  6.511179188533E-01  9.023572133960E-01  6.511179191333E-01
  7.620492131448E-01 -1.056092274897E+00  1.013072533740E+00  7.310072668853E-01  1.013072529358E+00  7.310072634804E-01
  8.179892429213E-01 -1.133617232978E+00  1.112215997260E+00  8.025466568988E-01  1.112215991878E+00  8.025466539274E-01
  8.589552591997E-01 -1.190390329228E+00  1.183833488627E+00  8.542240115915E-01  1.183833486040E+00  8.542240086161E-01
  8.777179208972E-01 -1.216392720850E+00  1.216392720850E+00  8.777179208972E-01  1.216392720850E+00  8.777179208972E-01
  6.706098831617E-01 -7.418102079413E-01  6.261625688117E-01  5.660623207704E-01  6.261625701355E-01  5.660623209327E-01
  6.921129641672E-01 -7.655963247174E-01  6.593827237776E-01  5.960939431048E-01  6.593827251687E-01  5.960939436401E-01
  7.390623565677E-01 -8.175304512697E-01  7.306070504891E-01  6.604820283693E-01  7.306070528393E-01  6.604820277431E-01
  8.031728229362E-01 -8.884476858381E-01  8.254461479834E-01  7.462182905217E-01  8.254461498738E-01  7.462182916832E-01
  8.733518849679E-01 -9.660778340152E-01  9.267248089831E-01  8.377760400384E-01  9.267248119556E-01  8.377760392288E-01
  9.374623513365E-01 -1.036995068584E+00  1.017417928838E+00  9.197642616016E-01  1.017417930166E+00  9.197642631107E-01
  9.844117437369E-01 -1.088929195136E+00  1.082931213338E+00  9.789894599339E-01  1.082931214642E+00  9.789894605770E-01
  1.005914824742E+00 -1.112715311912E+00  1.112715311912E+00  1.005914824742E+00  1.112715311912E+00  1.005914824742E+00
  7.071067811865E-01 -7.071067811865E-01  5.968693805112E-01  5.968693808381E-01  5.968693807771E-01  5.968693807771E-01
  7.297801338723E-01 -7.297801338723E-01  6.285354276509E-01  6.285354274561E-01  6.285354277586E-01  6.285354277586E-01
  7.792846738030E-01 -7.792846738030E-01  6.964277323906E-01  6.964277338239E-01  6.964277330169E-01  6.964277330169E-01
  8.468842524142E-01 -8.468842524142E-01  7.868300602645E-01  7.868300583064E-01  7.868300595377E-01  7.868300595377E-01
  9.208827005522E-01 -9.208827005522E-01  8.833706952800E-01  8.833706947173E-01  8.833706948388E-01  8.833706948388E-01
  9.884822791634E-01 -9.884822791634E-01  9.698210024671E-01  9.698209974970E-01  9.698210000610E-01  9.698210000610E-01
  1.037986819094E+00 -1.037986819094E+00  1.032269437268E+00  1.032269436081E+00  1.032269436622E+00  1.032269436622E+00
  1.060660171780E+00 -1.060660171780E+00  1.060660171780E+00  1.060660171780E+00  1.060660171780E+00  1.060660171780E+00
  7.071067811865E-01 -7.071067811865E-01  5.968693805112E-01  5.968693808381E-01  5.968693807771E-01  5.968693807771E-01
  7.297801338723E-01 -7.297801338723E-01  6.285354276509E-01  6.285354274561E-01  6.285354277586E-01  6.285354277586E-01
  7.792846738030E-01 -7.792846738030E-01  6.964277323906E-01  6.964277338239E-01  6.964277330169E-01  6.964277330169E-01
  8.468842524142E-01 -8.468842524142E-01  7.868300602645E-01  7.868300583064E-01  7.868300595377E-01  7.868300595377E-01
  9.208827005522E-01 -9.208827005522E-01  8.833706952800E-01  8.833706947173E-01  8.833706948388E-01  8.833706948388E-01
  9.884822791634E-01 -9.884822791634E-01  9.698210024671E-01  9.698209974970E-01  9.698210000610E-01  9.698210000610E-01
  1.037986819094E+00 -1.037986819094E+00  1.032269437268E+00  1.032269436081E+00  1.032269436622E+00  1.032269436622E+00
  1.060660171780E+00 -1.060660171780E+00  1.060660171780E+00  1.060660171780E+00  1.060660171780E+00  1.060660171780E+00
  7.418102079413E-01 -6.706098831617E-01  5.660623207906E-01  6.261625711960E-01  5.660623209327E-01  6.261625701355E-01
  7.655963247174E-01 -6.921129641672E-01  5.960939436752E-01  6.593827261128E-01  5.960939436401E-01  6.593827251687E-01
  8.175304512697E-01 -7.390623565677E-01  6.604820271496E-01  7.306070554067E-01  6.604820277431E-01  7.306070528393E-01
  8.884476858381E-01 -8.031728229362E-01  7.462182922024E-01  8.254461512882E-01  7.462182916832E-01  8.254461498738E-01
  9.660778340152E-01 -8.733518849679E-01  8.377760385986E-01  9.267248152801E-01  8.377760392288E-01  9.267248119556E-01
  1.036995068584E+00 -9.374623513365E-01  9.197642644344E-01  1.017417931315E+00  9.197642631107E-01  1.017417930166E+00
  1.088929195136E+00 -9.844117437369E-01  9.789894612884E-01  1.082931216021E+00  9.789894605770E-01  1.082931214642E+00
  1.112715311912E+00 -1.005914824742E+00  1.005914824742E+00  1.112715311912E+00  1.005914824742E+00  1.112715311912E+00
  8.109284805664E-01 -5.851452805981E-01  4.939215838628E-01  6.845053561098E-01  4.939215838224E-01  6.845053575048E-01
  8.369308721881E-01 -6.039079422956E-01  5.201258836184E-01  7.208208032083E-01  5.201258834267E-01  7.208208052525E-01
  8.937039684379E-01 -6.448739585740E-01  5.763081496841E-01  7.986814680886E-01  5.763081504730E-01  7.986814698793E-01
  9.712289265187E-01 -7.008139883505E-01  6.511179188652E-01  9.023572088453E-01  6.511179191333E-01  9.023572133960E-01
  1.056092274897E+00 -7.620492131448E-01  7.310072600887E-01  1.013072525376E+00  7.310072634804E-01  1.013072529358E+00
  1.133617232978E+00 -8.179892429213E-01  8.025466506286E-01  1.112215986234E+00  8.025466539274E-01  1.112215991878E+00
  1.190390329228E+00 -8.589552591997E-01  8.542240056754E-01  1.183833483549E+00  8.542240086161E-01  1.183833486040E+00
  1.216392720850E+00 -8.777179208972E-01  8.777179208972E-01  1.216392720850E+00  8.777179208972E-01  1.216392720850E+00
  8.893427068925E-01 -4.572412379666E-01  3.859576829346E-01  7.506948677180E-01  3.859576825340E-01  7.506948665812E-01
  9.178594477700E-01 -4.719026612858E-01  4.064341134165E-01  7.905219048427E-01  4.064341125564E-01  7.905219035838E-01
  9.801223233594E-01 -5.039141165923E-01  4.503357733797E-01  8.759114521575E-01  4.503357728582E-01  8.759114489002E-01
  1.065143700366E+00 -5.476264890834E-01  5.087932434501E-01  9.896123136246E-01  5.087932403768E-01  9.896123098118E-01
  1.158213066866E+00 -5.954766058330E-01  5.712199667589E-01  1.111033455337E+00  5.712199639971E-01  1.111033447620E+00
  1.243234443872E+00 -6.391889783241E-01  6.271219144660E-01  1.219763777580E+00  6.271219092677E-01  1.219763770258E+00
  1.305497319461E+00 -6.712004336306E-01  6.675033662107E-01  1.298306454887E+00  6.675033639529E-01  1.298306450218E+00
  1.334014060339E+00 -6.858618569498E-01  6.858618569498E-01  1.334014060339E+00  6.858618569498E-01  1.334014060339E+00
  9.521786388467E-01 -3.055418788382E-01  2.579081351895E-01  8.037347240203E-01  2.579081361907E-01  8.037347253323E-01
  9.827102115494E-01 -3.153390678391E-01  2.715910807384E-01  8.463757138292E-01  2.715910816064E-01  8.463757157948E-01
  1.049372230218E+00 -3.367300522617E-01  3.009274441308E-01  9.377984017334E-01  3.009274464373E-01  9.377984040352E-01
  1.140400737455E+00 -3.659399294784E-01  3.399904233122E-01  1.059532720087E+00  3.399904245213E-01  1.059532725506E+00
  1.240045859662E+00 -3.979147676170E-01  3.817057710990E-01  1.189532788099E+00  3.817057748459E-01  1.189532795029E+00
  1.331074366899E+00 -4.271246448337E-01  4.190610769628E-01  1.305945378991E+00  4.190610787215E-01  1.305945388069E+00
  1.397736385567E+00 -4.485156292563E-01  4.460451381750E-01  1.390037445335E+00  4.460451398915E-01  1.390037450123E+00
  1.428267958270E+00 -4.583128182573E-01  4.583128182573E-01  1.428267958270E+00  4.583128182573E-01  1.428267958270E+00
  9.871732235560E-01 -1.596528317756E-01  1.347630799711E-01  8.332736822725E-01  1.347630787549E-01  8.332736813454E-01
  1.018826896318E+00 -1.647720938990E-01  1.419127419235E-01  8.774818196615E-01  1.419127401728E-01  8.774818186560E-01
  1.087938885574E+00 -1.759493873375E-01  1.572416831430E-01  9.722644869297E-01  1.572416821072E-01  9.722644846122E-01
  1.182312883539E+00 -1.912122365128E-01  1.776530118723E-01  1.098472803419E+00  1.776530086737E-01  1.098472800616E+00
  1.285620175351E+00 -2.079198429261E-01  1.994502629299E-01  1.233250653952E+00  1.994502622389E-01  1.233250648446E+00
  1.379994173316E+00 -2.231826921014E-01  2.189692904947E-01  1.353941657118E+00  2.189692887902E-01  1.353941651212E+00
  1.449106162572E+00 -2.343599855400E-01  2.330690963552E-01  1.441124278853E+00  2.330690966299E-01  1.441124274920E+00
  1.480759835334E+00 -2.394792476634E-01  2.394792476634E-01  1.480759835334E+00  2.394792476634E-01  1.480759835334E+00
  9.987318243030E-01 -5.034623247436E-02  4.249729294102E-02  8.430303041229E-01  4.249729376234E-02  8.430303051737E-01
  1.030756123169E+00 -5.196058254943E-02  4.475192598676E-02  8.877560647740E-01  4.475192659191E-02  8.877560661362E-01
  1.100677329968E+00 -5.548532187056E-02  4.958587867183E-02  9.836485208953E-01  4.958588077635E-02  9.836485221144E-01
  1.196156332949E+00 -6.029843382264E-02  5.602255527004E-02  1.111334582217E+00  5.602255578546E-02  1.111334584375E+00
  1.300673227809E+00 -6.556714736325E-02  6.289627769893E-02  1.247690515753E+00  6.289628037333E-02  1.247690517282E+00
  1.396152230790E+00 -7.038025931534E-02  6.905157031083E-02  1.369794663254E+00  6.905157018245E-02  1.369794665260E+00
  1.466073437589E+00 -7.390499863647E-02  7.349791868022E-02  1.457998090339E+00  7.349791914754E-02  1.457998091716E+00
  1.498097736455E+00 -7.551934871154E-02  7.551934871154E-02  1.498097736455E+00  7.551934871154E-02  1.498097736455E+00
  1.000000000000E+00  2.775557561563E-17 -2.311905958663E-10  8.441007731153E-01 -2.342850283943E-17  8.441007732602E-01
  1.032064962873E+00  2.953553861887E-17  1.377847797489E-10  8.888833260781E-01 -2.543797993156E-17  8.888833263681E-01
  1.102074954642E+00  3.342187385967E-17 -1.013521461398E-09  9.848975453730E-01 -2.986831465795E-17  9.848975452453E-01
  1.197675195524E+00  3.872875328905E-17  1.384598633671E-09  1.112745741124E+00 -3.598242282741E-17  1.112745741481E+00
  1.302324804476E+00  4.453797355784E-17  3.978420192644E-10  1.249274817470E+00 -4.272372651252E-17  1.249274817244E+00
  1.397925045358E+00  4.984485298722E-17  3.514418108925E-09  1.371534011249E+00 -4.890384601823E-17  1.371534011361E+00
  1.467935037127E+00  5.373118822801E-17  8.388706793035E-10  1.459849437368E+00 -5.343522902299E-17  1.459849437294E+00
  1.500000000000E+00  5.551115123126E-17 -5.551115123126E-17  1.500000000000E+00 -5.551115123126E-17  1.500000000000E+00
