# x y ux uy ux_exact uy_exact
  5.000000000000E-01  1.387778780781E-17  0.000000000000E+00  0.000000000000E+00 -0.000000000000E+00  0.000000000000E+00
  5.320649628726E-01  1.476776930944E-17  9.224990389837E-09  6.997217534446E-02 -1.942119173812E-18  6.997221749990E-02
  6.020749546417E-01  1.671093692983E-17 -2.142180021774E-08  2.101998565431E-01 -5.834216320295E-18  2.101997955686E-01
  6.976751955244E-01  1.936437664453E-17  3.057501063379E-08  3.817599881989E-01 -1.059596976489E-17  3.817600438784E-01
  8.023248044756E-01  2.226898677892E-17 -3.221681827793E-08  5.520716263188E-01 -1.532306468739E-17  5.520715873304E-01
  8.979250453583E-01  2.492242649361E-17  2.472613265376E-08  6.969435182640E-01 -1.934406914594E-17  6.969435407798E-01
  9.679350371274E-01  2.686559411401E-17 -1.212380757051E-08  7.983599046549E-01 -2.215893846293E-17  7.983598960366E-01
  1.000000000000E+00  2.775557561563E-17 -2.305653365126E-10  8.437499998551E-01 -2.341876692569E-17  8.437500000000E-01
  4.993659121515E-01  2.517311623718E-02  0.000000000000E+00  0.000000000000E+00 -0.000000000000E+00  0.000000000000E+00
  5.313902110175E-01  2.678746631225E-02 -3.522825715265E-03  6.988343822070E-02 -3.522837528996E-03  6.988348043420E-02
  6.013114178165E-01  3.031220563338E-02 -1.058279196862E-02  2.099332848118E-01 -1.058276777376E-02  2.099332252964E-01
  6.967904207970E-01  3.512531758546E-02 -1.922014640227E-02  3.812758507656E-01 -1.922017991852E-02  3.812759050686E-01
  8.013073156575E-01  4.039403112607E-02 -2.779475861211E-02  5.513715008798E-01 -2.779472447823E-02  5.513714635604E-01
  8.967863186381E-01  4.520714307816E-02 -3.508845592431E-02  6.960596730192E-01 -3.508848152560E-02  6.960596939192E-01
  9.667075254371E-01  4.873188239929E-02 -4.019442595593E-02  7.973474440751E-01 -4.019441292406E-02  7.973474354190E-01
  9.987318243030E-01  5.034623247436E-02 -4.247963449810E-02  8.426799774032E-01 -4.247963365024E-02  8.426799767557E-01
  4.935866117780E-01  7.982641588779E-02  0.000000000000E+00  0.000000000000E+00 -0.000000000000E+00  0.000000000000E+00
  5.252402845402E-01  8.494567801117E-02 -1.117124685708E-02  6.907465997101E-02 -1.117126266948E-02  6.907469950874E-02
  5.943522737960E-01  9.612297144970E-02 -3.355902386919E-02  2.075036673145E-01 -3.355899260118E-02  2.075036097823E-01
  6.887262717609E-01  1.113858206250E-01 -6.094903324559E-02  3.768632435954E-01 -6.094907206395E-02  3.768632931403E-01
  7.920335635732E-01  1.280934270383E-01 -8.813983017902E-02  5.449903221250E-01 -8.813979226014E-02  5.449902884987E-01
  8.864075615381E-01  1.433562762137E-01 -1.112689812714E-01  6.880039833895E-01 -1.112690098732E-01  6.880040017882E-01
  9.555195507939E-01  1.545335696522E-01 -1.274604305199E-01  7.881195181671E-01 -1.274604181783E-01  7.881195121283E-01
  9.871732235560E-01  1.596528317756E-01 -1.347070757950E-01  8.329274064187E-01 -1.347070768106E-01  8.329274073754E-01
  4.760893194234E-01  1.527709394191E-01  0.000000000000E+00  0.000000000000E+00 -0.000000000000E+00  0.000000000000E+00
  5.066208921261E-01  1.625681284201E-01 -2.137942075901E-02  6.662601292696E-02 -2.137944280139E-02  6.662605081614E-02
  5.732829107945E-01  1.839591128426E-01 -6.422487914788E-02  2.001478059878E-01 -6.422484046944E-02  2.001477552304E-01
  6.643114180315E-01  2.131689900593E-01 -1.166436345809E-01  3.635037145592E-01 -1.166436810719E-01  3.635037589462E-01
  7.639565402386E-01  2.451438281979E-01 -1.686810324215E-01  5.256707994817E-01 -1.686809900461E-01  5.256707725703E-01
  8.549850474757E-01  2.743537054146E-01 -2.129454084730E-01  6.636147383755E-01 -2.129454388940E-01  6.636147520128E-01
  9.216470661440E-01  2.957446898372E-01 -2.439323970284E-01  7.601812445378E-01 -2.439323826241E-01  7.601812391179E-01
  9.521786388467E-01  3.055418788382E-01 -2.578009607884E-01  8.034007276120E-01 -2.578009602697E-01  8.034007265269E-01
  4.446713534462E-01  2.286206189833E-01  0.000000000000E+00  0.000000000000E+00  1.015279500397E-16 -1.974737499949E-16
  4.731880943238E-01  2.432820423025E-01 -3.199415579314E-02  6.222924846501E-02 -3.199418335292E-02  6.222928131863E-02
  5.354509699132E-01  2.752934976090E-01 -9.611206201571E-02  1.869397002535E-01 -9.611201474611E-02  1.869396551792E-01
  6.204723469194E-01  3.190058701001E-01 -1.745563827862E-01  3.395154757664E-01 -1.745564350691E-01  3.395155108062E-01
  7.135417134193E-01  3.668559868497E-01 -2.524299427993E-01  4.909808599862E-01 -2.524298960371E-01  4.909808398749E-01
  7.985630904255E-01  4.105683593408E-01 -3.186712951472E-01  6.198216459829E-01 -3.186713273790E-01  6.198216551083E-01
  8.608259660149E-01  4.425798146473E-01 -3.650430817383E-01  7.100155520992E-01 -3.650430672066E-01  7.100155510155E-01
  8.893427068925E-01  4.572412379666E-01 -3.857972943140E-01  7.503829073059E-01 -3.857972945343E-01  7.503829089405E-01
  4.054642402832E-01  2.925726402991E-01  0.000000000000E+00  0.000000000000E+00  1.299283526542E-16 -1.800622940898E-16
  4.314666319049E-01  3.113353019965E-01 -4.094388044978E-02  5.674243509403E-02 -4.094391284305E-02  5.674246401905E-02
  4.882397281547E-01  3.523013182749E-01 -1.229974713071E-01  1.704570374677E-01 -1.229974183597E-01  1.704570008358E-01
  5.657646862355E-01  4.082413480515E-01 -2.233850304125E-01  3.095800648459E-01 -2.233850879964E-01  3.095800923232E-01
  6.506280346142E-01  4.694765728457E-01 -3.230421325494E-01  4.476905864427E-01 -3.230420838787E-01  4.476905734778E-01
  7.281529926949E-01  5.254166026223E-01 -4.078131901845E-01  5.651713636105E-01 -4.078132237307E-01  5.651713665652E-01
  7.849260889447E-01  5.663826189007E-01 -4.671565399420E-01  6.474127787813E-01 -4.671565253846E-01  6.474127774381E-01
  8.109284805664E-01  5.851452805981E-01 -4.937163302982E-01  6.842209069923E-01 -4.937163305047E-01  6.842209054779E-01
  3.709051039706E-01  3.353049415808E-01  0.000000000000E+00  0.000000000000E+00  1.489053065655E-16 -1.647149545517E-16
  3.946912207468E-01  3.568080225864E-01 -4.692402535940E-02  5.190608035130E-02 -4.692406060217E-02  5.190610521371E-02
  4.466253472990E-01  4.037574149868E-01 -1.409621171763E-01  1.559283851056E-01 -1.409620603469E-01  1.559283540600E-01
  5.175425818674E-01  4.678678813554E-01 -2.560119983897E-01  2.831934768139E-01 -2.560120584211E-01  2.831934975331E-01
  5.951727300445E-01  5.380469433871E-01 -3.702247126640E-01  4.095323461650E-01 -3.702246626765E-01  4.095323389961E-01
  6.660899646129E-01  6.021574097557E-01 -4.673771928682E-01  5.169998322854E-01 -4.673772264526E-01  5.169998329092E-01
  7.180240911651E-01  6.491068021561E-01 -5.353880511788E-01  5.922315178853E-01 -5.353880366020E-01  5.922315204909E-01
  7.418102079413E-01  6.706098831617E-01 -5.658270887535E-01  6.259023616284E-01 -5.658270889177E-01  6.259023629505E-01
  3.535533905933E-01  3.535533905933E-01  0.000000000000E+00  0.000000000000E+00 -0.000000000000E+00  0.000000000000E+00
  3.762267432790E-01  3.762267432790E-01 -4.947779315739E-02  4.947780620349E-02 -4.947782948884E-02  4.947782948884E-02
  4.257312832097E-01  4.257312832097E-01 -1.486337591136E-01  1.486337288186E-01 -1.486337008506E-01  1.486337008506E-01
  4.933308618209E-01  4.933308618209E-01 -2.699450548214E-01  2.699450980609E-01 -2.699451158125E-01  2.699451158125E-01
  5.673293099589E-01  5.673293099589E-01 -3.903736134514E-01  3.903735678900E-01 -3.903735631018E-01  3.903735631018E-01
  6.349288885701E-01  6.349288885701E-01 -4.928134703845E-01  4.928135053525E-01 -4.928135037896E-01  4.928135037896E-01
  6.844334285008E-01  6.844334285008E-01 -5.645257109818E-01  5.645256938361E-01 -5.645256963148E-01  5.645256963148E-01
  7.071067811865E-01  7.071067811865E-01 -5.966213466867E-01  5.966213463606E-01 -5.966213466261E-01  5.966213466261E-01
  3.535533905933E-01  3.535533905933E-01  0.000000000000E+00  0.000000000000E+00 -0.000000000000E+00  0.000000000000E+00
  3.762267432790E-01  3.762267432790E-01 -4.947779315739E-02  4.947780620349E-02 -4.947782948884E-02  4.947782948884E-02
  4.257312832097E-01  4.257312832097E-01 -1.486337591136E-01  1.486337288186E-01 -1.486337008506E-01  1.486337008506E-01
  4.933308618209E-01  4.933308618209E-01 -2.699450548214E-01  2.699450980609E-01 -2.699451158125E-01  2.699451158125E-01
  5.673293099589E-01  5.673293099589E-01 -3.903736134514E-01  3.903735678900E-01 -3.903735631018E-01  3.903735631018E-01
  6.349288885701E-01  6.349288885701E-01 -4.928134703845E-01  4.928135053525E-01 -4.928135037896E-01  4.928135037896E-01
  6.844334285008E-01  6.844334285008E-01 -5.645257109818E-01  5.645256938361E-01 -5.645256963148E-01  5.645256963148E-01
  7.071067811865E-01  7.071067811865E-01 -5.966213466867E-01  5.966213463606E-01 -5.966213466261E-01  5.966213466261E-01
  3.353049415808E-01  3.709051039706E-01  0.000000000000E+00  0.000000000000E+00 -0.000000000000E+00  0.000000000000E+00
  3.568080225864E-01  3.946912207468E-01 -5.190606701069E-02  4.692403910629E-02 -5.190610521371E-02  4.692406060217E-02
  4.037574149868E-01  4.466253472990E-01 -1.559284132521E-01  1.409620853223E-01 -1.559283540600E-01  1.409620603469E-01
  4.678678813554E-01  5.175425818674E-01 -2.831934354355E-01  2.560120437226E-01 -2.831934975331E-01  2.560120584211E-01
  5.380469433871E-01  5.951727300445E-01 -4.095323895212E-01  3.702246649290E-01 -4.095323389961E-01  3.702246626765E-01
  6.021574097557E-01  6.660899646129E-01 -5.169998000278E-01  4.673772297769E-01 -5.169998329092E-01  4.673772264526E-01
  6.491068021561E-01  7.180240911651E-01 -5.922315358266E-01  5.353880335079E-01 -5.922315204909E-01  5.353880366020E-01
  6.706098831617E-01  7.418102079413E-01 -6.259023640079E-01  5.658270887760E-01 -6.259023629505E-01  5.658270889177E-01
  2.925726402991E-01  4.054642402832E-01  0.000000000000E+00  0.000000000000E+00 -0.000000000000E+00  0.000000000000E+00
  3.113353019965E-01  4.314666319049E-01 -5.674242488061E-02  4.094389606670E-02 -5.674246401905E-02  4.094391284305E-02
  3.523013182749E-01  4.882397281547E-01 -1.704570636271E-01  1.229974369313E-01 -1.704570008358E-01  1.229974183597E-01
  4.082413480515E-01  5.657646862355E-01 -3.095800298410E-01  2.233850804116E-01 -3.095800923232E-01  2.233850879964E-01
  4.694765728457E-01  6.506280346142E-01 -4.476906240679E-01  3.230420808434E-01 -4.476905734778E-01  3.230420838787E-01
  5.254166026223E-01  7.281529926949E-01 -5.651713333308E-01  4.078132309453E-01 -5.651713665652E-01  4.078132237307E-01
  5.663826189007E-01  7.849260889447E-01 -6.474127904351E-01  4.671565209279E-01 -6.474127774381E-01  4.671565253846E-01
  5.851452805981E-01  8.109284805664E-01 -6.842209040833E-01  4.937163305463E-01 -6.842209054779E-01  4.937163305047E-01
  2.286206189833E-01  4.446713534462E-01  0.000000000000E+00  0.000000000000E+00 -0.000000000000E+00  0.000000000000E+00
  2.432820423025E-01  4.731880943238E-01 -6.222923894061E-02  3.199417214754E-02 -6.222928131863E-02  3.199418335292E-02
  2.752934976090E-01  5.354509699132E-01 -1.869397184199E-01  9.611202328720E-02 -1.869396551792E-01  9.611201474611E-02
  3.190058701001E-01  6.204723469194E-01 -3.395154465457E-01  1.745564365569E-01 -3.395155108062E-01  1.745564350691E-01
  3.668559868497E-01  7.135417134193E-01 -4.909808888681E-01  2.524298851025E-01 -4.909808398749E-01  2.524298960371E-01
  4.105683593408E-01  7.985630904255E-01 -6.198216239545E-01  3.186713392468E-01 -6.198216551083E-01  3.186713273790E-01
  4.425798146473E-01  8.608259660149E-01 -7.100155650334E-01  3.650430608536E-01 -7.100155510155E-01  3.650430672066E-01
  4.572412379666E-01  8.893427068925E-01 -7.503829100745E-01  3.857972949348E-01 -7.503829089405E-01  3.857972945343E-01
  1.527709394191E-01  4.760893194234E-01  0.000000000000E+00  0.000000000000E+00 -0.000000000000E+00  0.000000000000E+00
  1.625681284201E-01  5.066208921261E-01 -6.662600809742E-02  2.137943905808E-02 -6.662605081614E-02  2.137944280139E-02
  1.839591128426E-01  5.732829107945E-01 -2.001478205273E-01  6.422483891707E-02 -2.001477552304E-01  6.422484046944E-02
  2.131689900593E-01  6.643114180315E-01 -3.635036971997E-01  1.166436932647E-01 -3.635037589462E-01  1.166436810719E-01
  2.451438281979E-01  7.639565402386E-01 -5.256708198570E-01  1.686809712011E-01 -5.256707725703E-01  1.686809900461E-01
  2.743537054146E-01  8.549850474757E-01 -6.636147227688E-01  2.129454552326E-01 -6.636147520128E-01  2.129454388940E-01
  2.957446898372E-01  9.216470661440E-01 -7.601812501596E-01  2.439323731148E-01 -7.601812391179E-01  2.439323826241E-01
  3.055418788382E-01  9.521786388467E-01 -8.034007252154E-01  2.578009592697E-01 -8.034007265269E-01  2.578009602697E-01
  7.982641588779E-02  4.935866117780E-01  0.000000000000E+00  0.000000000000E+00 -0.000000000000E+00  0.000000000000E+00
  8.494567801117E-02  5.252402845402E-01 -6.907465615016E-02  1.117126512189E-02 -6.907469950874E-02  1.117126266948E-02
  9.612297144970E-02  5.943522737960E-01 -2.075036731244E-01  3.355898106431E-02 -2.075036097823E-01  3.355899260118E-02
  1.113858206250E-01  6.887262717609E-01 -3.768632329929E-01  6.094909335247E-02 -3.768632931403E-01  6.094907206395E-02
  1.280934270383E-01  7.920335635732E-01 -5.449903320816E-01  8.813976701237E-02 -5.449902884987E-01  8.813979226014E-02
  1.433562762137E-01  8.864075615381E-01 -6.880039759783E-01  1.112690315047E-01 -6.880040017882E-01  1.112690098732E-01
  1.545335696522E-01  9.555195507939E-01 -7.881195233718E-01  1.274604088345E-01 -7.881195121283E-01  1.274604181783E-01
  1.596528317756E-01  9.871732235560E-01 -8.329274083003E-01  1.347070780275E-01 -8.329274073754E-01  1.347070768106E-01
  2.517311623718E-02  4.993659121515E-01  0.000000000000E+00  0.000000000000E+00 -0.000000000000E+00  0.000000000000E+00
  2.678746631225E-02  5.313902110175E-01 -6.988343793342E-02  3.522844869014E-03 -6.988348043420E-02  3.522837528996E-03
  3.031220563338E-02  6.013114178165E-01 -2.099332874335E-01  1.058274954187E-02 -2.099332252964E-01  1.058276777376E-02
  3.512531758546E-02  6.967904207970E-01 -3.812758479694E-01  1.922020771644E-02 -3.812759050686E-01  1.922017991852E-02
  4.039403112607E-02  8.013073156575E-01 -5.513715039761E-01  2.779469420094E-02 -5.513714635604E-01  2.779472447823E-02
  4.520714307816E-02  8.967863186381E-01 -6.960596697304E-01  3.508850483223E-02 -6.960596939192E-01  3.508848152560E-02
  4.873188239929E-02  9.667075254371E-01 -7.973474438839E-01  4.019440077429E-02 -7.973474354190E-01  4.019441292406E-02
  5.034623247436E-02  9.987318243030E-01 -8.426799757048E-01  4.247963283146E-02 -8.426799767557E-01  4.247963365024E-02
  3.061616997868E-17  5.000000000000E-01  0.000000000000E+00  0.000000000000E+00 -0.000000000000E+00  0.000000000000E+00
  3.257958268602E-17  5.320649628726E-01 -6.997217534445E-02  9.224990500936E-09 -6.997221749990E-02  4.284562609525E-18
  3.686645830244E-17  6.020749546417E-01 -2.101998565431E-01 -2.142180006974E-08 -2.101997955686E-01  1.287102534123E-17
  4.272028475217E-17  6.976751955244E-01 -3.817599881989E-01  3.057501074816E-08 -3.817600438784E-01  2.337606078890E-17
  4.912822518388E-17  8.023248044756E-01 -5.520716263188E-01 -3.221681818171E-08 -5.520715873304E-01  3.380463511622E-17
  5.498205163361E-17  8.979250453583E-01 -6.969435182640E-01  2.472613267920E-08 -6.969435407798E-01  4.267548382012E-17
  5.926892725003E-17  9.679350371274E-01 -7.983599046549E-01 -1.212380752292E-08 -7.983598960366E-01  4.888544456244E-17
  6.123233995737E-17  1.000000000000E+00 -8.437499998551E-01 -2.305652854104E-10 -8.437500000000E-01  5.166478683903E-17
  3.061616997868E-17  5.000000000000E-01  0.000000000000E+00  0.000000000000E+00 -0.000000000000E+00  0.000000000000E+00
  3.257958268602E-17  5.320649628726E-01 -6.997217534445E-02  9.224990500936E-09 -6.997221749990E-02  4.284562609525E-18
  3.686645830244E-17  6.020749546417E-01 -2.101998565431E-01 -2.142180006974E-08 -2.101997955686E-01  1.287102534123E-17
  4.272028475217E-17  6.976751955244E-01 -3.817599881989E-01  3.057501074816E-08 -3.817600438784E-01  2.337606078890E-17
  4.912822518388E-17  8.023248044756E-01 -5.520716263188E-01 -3.221681818171E-08 -5.520715873304E-01  3.380463511622E-17
  5.498205163361E-17  8.979250453583E-01 -6.969435182640E-01  2.472613267920E-08 -6.969435407798E-01  4.267548382012E-17
  5.926892725003E-17  9.679350371274E-01 -7.983599046549E-01 -1.212380752292E-08 -7.983598960366E-01  4.888544456244E-17
  6.123233995737E-17  1.000000000000E+00 -8.437499998551E-01 -2.305652854104E-10 -8.437500000000E-01  5.166478683903E-17
 -2.517311623718E-02  4.993659121515E-01  0.000000000000E+00  0.000000000000E+00 -0.000000000000E+00 -0.000000000000E+00
 -2.678746631225E-02  5.313902110175E-01 -6.988343822070E-02 -3.522825715265E-03 -6.988348043420E-02 -3.522837528996E-03
 -3.031220563338E-02  6.013114178165E-01 -2.099332848118E-01 -1.058279196862E-02 -2.099332252964E-01 -1.058276777376E-02
 -3.512531758546E-02  6.967904207970E-01 -3.812758507656E-01 -1.922014640227E-02 -3.812759050686E-01 -1.922017991852E-02
 -4.039403112607E-02  8.013073156575E-01 -5.513715008798E-01 -2.779475861211E-02 -5.513714635604E-01 -2.779472447823E-02
 -4.520714307816E-02  8.967863186381E-01 -6.960596730192E-01 -3.508845592431E-02 -6.960596939192E-01 -3.508848152560E-02
 -4.873188239929E-02  9.667075254371E-01 -7.973474440751E-01 -4.019442595593E-02 -7.973474354190E-01 -4.019441292406E-02
 -5.034623247436E-02  9.987318243030E-01 -8.426799774032E-01 -4.247963449810E-02 -8.426799767557E-01 -4.247963365024E-02
 -7.982641588779E-02  4.935866117780E-01  0.000000000000E+00  0.000000000000E+00 -0.000000000000E+00 -0.000000000000E+00
 -8.494567801117E-02  5.252402845402E-01 -6.907465997101E-02 -1.117124685708E-02 -6.907469950874E-02 -1.117126266948E-02
 -9.612297144970E-02  5.943522737960E-01 -2.075036673145E-01 -3.355902386919E-02 -2.075036097823E-01 -3.355899260118E-02
 -1.113858206250E-01  6.887262717609E-01 -3.768632435954E-01 -6.094903324559E-02 -3.768632931403E-01 -6.094907206395E-02
 -1.280934270383E-01  7.920335635732E-01 -5.449903221250E-01 -8.813983017902E-02 -5.449902884987E-01 -8.813979226014E-02
 -1.433562762137E-01  8.864075615381E-01 -6.880039833895E-01 -1.112689812714E-01 -6.880040017882E-01 -1.112690098732E-01
 -1.545335696522E-01  9.555195507939E-01 -7.881195181671E-01 -1.274604305199E-01 -7.881195121283E-01 -1.274604181783E-01
 -1.596528317756E-01  9.871732235560E-01 -8.329274064187E-01 -1.347070757950E-01 -8.329274073754E-01 -1.347070768106E-01
 -1.527709394191E-01  4.760893194234E-01  0.000000000000E+00  0.000000000000E+00 -0.000000000000E+00 -0.000000000000E+00
 -1.625681284201E-01  5.066208921261E-01 -6.662601292696E-02 -2.137942075901E-02 -6.662605081614E-02 -2.137944280139E-02
 -1.839591128426E-01  5.732829107945E-01 -2.001478059878E-01 -6.422487914788E-02 -2.001477552304E-01 -6.422484046944E-02
 -2.131689900593E-01  6.643114180315E-01 -3.635037145592E-01 -1.166436345809E-01 -3.635037589462E-01 -1.166436810719E-01
 -2.451438281979E-01  7.639565402386E-01 -5.256707994817E-01 -1.686810324215E-01 -5.256707725703E-01 -1.686809900461E-01
 -2.743537054146E-01  8.549850474757E-01 -6.636147383755E-01 -2.129454084730E-01 -6.636147520128E-01 -2.129454388940E-01
 -2.957446898372E-01  9.216470661440E-01 -7.601812445378E-01 -2.439323970284E-01 -7.601812391179E-01 -2.439323826241E-01
 -3.055418788382E-01  9.521786388467E-01 -8.034007276120E-01 -2.578009607884E-01 -8.034007265269E-01 -2.578009602697E-01
 -2.286206189833E-01  4.446713534462E-01  0.000000000000E+00  0.000000000000E+00 -0.000000000000E+00 -0.000000000000E+00
 -2.432820423025E-01  4.731880943238E-01 -6.222924846501E-02 -3.199415579314E-02 -6.222928131863E-02 -3.199418335292E-02
 -2.752934976090E-01  5.354509699132E-01 -1.869397002535E-01 -9.611206201571E-02 -1.869396551792E-01 -9.611201474611E-02
 -3.190058701001E-01  6.204723469194E-01 -3.395154757664E-01 -1.745563827862E-01 -3.395155108062E-01 -1.745564350691E-01
 -3.668559868497E-01  7.135417134193E-01 -4.909808599862E-01 -2.524299427993E-01 -4.909808398749E-01 -2.524298960371E-01
 -4.105683593408E-01  7.985630904255E-01 -6.198216459829E-01 -3.186712951472E-01 -6.198216551083E-01 -3.186713273790E-01
 -4.425798146473E-01  8.608259660149E-01 -7.100155520992E-01 -3.650430817383E-01 -7.100155510155E-01 -3.650430672066E-01
 -4.572412379666E-01  8.893427068925E-01 -7.503829073059E-01 -3.857972943140E-01 -7.503829089405E-01 -3.857972945343E-01
 -2.925726402991E-01  4.054642402832E-01  0.000000000000E+00  0.000000000000E+00 -0.000000000000E+00 -0.000000000000E+00
 -3.113353019965E-01  4.314666319049E-01 -5.674243509403E-02 -4.094388044978E-02 -5.674246401906E-02 -4.094391284305E-02
 -3.523013182749E-01  4.882397281547E-01 -1.704570374677E-01 -1.229974713071E-01 -1.704570008358E-01 -1.229974183597E-01
 -4.082413480515E-01  5.657646862355E-01 -3.095800648459E-01 -2.233850304125E-01 -3.095800923232E-01 -2.233850879964E-01
 -4.694765728457E-01  6.506280346142E-01 -4.476905864427E-01 -3.230421325494E-01 -4.476905734778E-01 -3.230420838787E-01
 -5.254166026223E-01  7.281529926949E-01 -5.651713636105E-01 -4.078131901845E-01 -5.651713665652E-01 -4.078132237307E-01
 -5.663826189007E-01  7.849260889447E-01 -6.474127787813E-01 -4.671565399420E-01 -6.474127774381E-01 -4.671565253846E-01
 -5.851452805981E-01  8.109284805664E-01 -6.842209069923E-01 -4.937163302982E-01 -6.842209054779E-01 -4.937163305047E-01
 -3.353049415808E-01  3.709051039706E-01  0.000000000000E+00  0.000000000000E+00 -0.000000000000E+00 -0.000000000000E+00
 -3.568080225864E-01  3.946912207468E-01 -5.190608035130E-02 -4.692402535940E-02 -5.190610521371E-02 -4.692406060217E-02
 -4.037574149868E-01  4.466253472990E-01 -1.559283851056E-01 -1.409621171763E-01 -1.559283540600E-01 -1.409620603469E-01
 -4.678678813554E-01  5.175425818674E-01 -2.831934768139E-01 -2.560119983897E-01 -2.831934975331E-01 -2.560120584211E-01
 -5.380469433871E-01  5.951727300445E-01 -4.095323461650E-01 -3.702247126640E-01 -4.095323389961E-01 -3.702246626765E-01
 -6.021574097557E-01  6.660899646129E-01 -5.169998322854E-01 -4.673771928682E-01 -5.169998329092E-01 -4.673772264526E-01
 -6.491068021561E-01  7.180240911651E-01 -5.922315178853E-01 -5.353880511788E-01 -5.922315204909E-01 -5.353880366020E-01
 -6.706098831617E-01  7.418102079413E-01 -6.259023616284E-01 -5.658270887535E-01 -6.259023629505E-01 -5.658270889177E-01
 -3.535533905933E-01  3.535533905933E-01  0.000000000000E+00  0.000000000000E+00 -0.000000000000E+00 -0.000000000000E+00
 -3.762267432790E-01  3.762267432790E-01 -4.947780620349E-02 -4.947779315739E-02 -4.947782948884E-02 -4.947782948884E-02
 -4.257312832097E-01  4.257312832097E-01 -1.486337288186E-01 -1.486337591136E-01 -1.486337008506E-01 -1.486337008506E-01
 -4.933308618209E-01  4.933308618209E-01 -2.699450980609E-01 -2.699450548214E-01 -2.699451158125E-01 -2.699451158125E-01
 -5.673293099589E-01  5.673293099589E-01 -3.903735678900E-01 -3.903736134514E-01 -3.903735631018E-01 -3.903735631018E-01
 -6.349288885701E-01  6.349288885701E-01 -4.928135053525E-01 -4.928134703845E-01 -4.928135037896E-01 -4.928135037896E-01
 -6.844334285008E-01  6.844334285008E-01 -5.645256938361E-01 -5.645257109818E-01 -5.645256963148E-01 -5.645256963148E-01
 -7.071067811865E-01  7.071067811865E-01 -5.966213463606E-01 -5.966213466867E-01 -5.966213466261E-01 -5.966213466261E-01
 -3.535533905933E-01  3.535533905933E-01  0.000000000000E+00  0.000000000000E+00 -0.000000000000E+00 -0.000000000000E+00
 -3.762267432790E-01  3.762267432790E-01 -4.947780620349E-02 -4.947779315739E-02 -4.947782948884E-02 -4.947782948884E-02
 -4.257312832097E-01  4.257312832097E-01 -1.486337288186E-01 -1.486337591136E-01 -1.486337008506E-01 -1.486337008506E-01
 -4.933308618209E-01  4.933308618209E-01 -2.699450980609E-01 -2.699450548214E-01 -2.699451158125E-01 -2.699451158125E-01
 -5.673293099589E-01  5.673293099589E-01 -3.903735678900E-01 -3.903736134514E-01 -3.903735631018E-01 -3.903735631018E-01
 -6.349288885701E-01  6.349288885701E-01 -4.928135053525E-01 -4.928134703845E-01 -4.928135037896E-01 -4.928135037896E-01
 -6.844334285008E-01  6.844334285008E-01 -5.645256938361E-01 -5.645257109818E-01 -5.645256963148E-01 -5.645256963148E-01
 -7.071067811865E-01  7.071067811865E-01 -5.966213463606E-01 -5.966213466867E-01 -5.966213466261E-01 -5.966213466261E-01
 -3.709051039706E-01  3.353049415808E-01  0.000000000000E+00  0.000000000000E+00 -0.000000000000E+00 -0.000000000000E+00
 -3.946912207468E-01  3.568080225864E-01 -4.692403910629E-02 -5.190606701069E-02 -4.692406060217E-02 -5.190610521371E-02
 -4.466253472990E-01  4.037574149868E-01 -1.409620853223E-01 -1.559284132521E-01 -1.409620603469E-01 -1.559283540600E-01
 -5.175425818674E-01  4.678678813554E-01 -2.560120437226E-01 -2.831934354355E-01 -2.560120584211E-01 -2.831934975331E-01
 -5.951727300445E-01  5.380469433871E-01 -3.702246649290E-01 -4.095323895212E-01 -3.702246626765E-01 -4.095323389961E-01
 -6.660899646129E-01  6.021574097557E-01 -4.673772297769E-01 -5.169998000278E-01 -4.673772264526E-01 -5.169998329092E-01
 -7.180240911651E-01  6.491068021561E-01 -5.353880335079E-01 -5.922315358266E-01 -5.353880366020E-01 -5.922315204909E-01
 -7.418102079413E-01  6.706098831617E-01 -5.658270887760E-01 -6.259023640079E-01 -5.658270889177E-01 -6.259023629505E-01
 -4.054642402832E-01  2.925726402991E-01  0.000000000000E+00  0.000000000000E+00 -0.000000000000E+00 -0.000000000000E+00
 -4.314666319049E-01  3.113353019965E-01 -4.094389606670E-02 -5.674242488061E-02 -4.094391284305E-02 -5.674246401905E-02
 -4.882397281547E-01  3.523013182749E-01 -1.229974369313E-01 -1.704570636271E-01 -1.229974183597E-01 -1.704570008358E-01
 -5.657646862355E-01  4.082413480515E-01 -2.233850804116E-01 -3.095800298410E-01 -2.233850879964E-01 -3.095800923232E-01
 -6.506280346142E-01  4.694765728457E-01 -3.230420808434E-01 -4.476906240679E-01 -3.230420838787E-01 -4.476905734778E-01
 -7.281529926949E-01  5.254166026223E-01 -4.078132309453E-01 -5.651713333308E-01 -4.078132237307E-01 -5.651713665652E-01
 -7.849260889447E-01  5.663826189007E-01 -4.671565209279E-01 -6.474127904351E-01 -4.671565253846E-01 -6.474127774381E-01
 -8.109284805664E-01  5.851452805981E-01 -4.937163305463E-01 -6.842209040833E-01 -4.937163305047E-01 -6.842209054779E-01
 -4.446713534462E-01  2.286206189833E-01  0.000000000000E+00  0.000000000000E+00 -0.000000000000E+00 -0.000000000000E+00
 -4.731880943238E-01  2.432820423025E-01 -3.199417214754E-02 -6.222923894061E-02 -3.199418335292E-02 -6.222928131863E-02
 -5.354509699132E-01  2.752934976090E-01 -9.611202328720E-02 -1.869397184199E-01 -9.611201474611E-02 -1.869396551792E-01
 -6.204723469194E-01  3.190058701001E-01 -1.745564365569E-01 -3.395154465457E-01 -1.745564350691E-01 -3.395155108062E-01
 -7.135417134193E-01  3.668559868497E-01 -2.524298851025E-01 -4.909808888681E-01 -2.524298960371E-01 -4.909808398749E-01
 -7.985630904255E-01  4.105683593408E-01 -3.186713392468E-01 -6.198216239545E-01 -3.186713273790E-01 -6.198216551083E-01
 -8.608259660149E-01  4.425798146473E-01 -3.650430608536E-01 -7.100155650334E-01 -3.650430672066E-01 -7.100155510155E-01
 -8.893427068925E-01  4.572412379666E-01 -3.857972949348E-01 -7.503829100745E-01 -3.857972945343E-01 -7.503829089405E-01
 -4.760893194234E-01  1.527709394191E-01  0.000000000000E+00  0.000000000000E+00 -0.000000000000E+00 -0.000000000000E+00
 -5.066208921261E-01  1.625681284201E-01 -2.137943905808E-02 -6.662600809742E-02 -2.137944280139E-02 -6.662605081614E-02
 -5.732829107945E-01  1.839591128426E-01 -6.422483891707E-02 -2.001478205273E-01 -6.422484046944E-02 -2.001477552304E-01
 -6.643114180315E-01  2.131689900593E-01 -1.166436932647E-01 -3.635036971997E-01 -1.166436810719E-01 -3.635037589462E-01
 -7.639565402386E-01  2.451438281979E-01 -1.686809712011E-01 -5.256708198570E-01 -1.686809900461E-01 -5.256707725703E-01
 -8.549850474757E-01  2.743537054146E-01 -2.129454552326E-01 -6.636147227688E-01 -2.129454388940E-01 -6.636147520128E-01
 -9.216470661440E-01  2.957446898372E-01 -2.439323731148E-01 -7.601812501596E-01 -2.439323826241E-01 -7.601812391179E-01
 -9.521786388467E-01  3.055418788382E-01 -2.578009592697E-01 -8.034007252154E-01 -2.578009602697E-01 -8.034007265269E-01
 -4.935866117780E-01  7.982641588779E-02  0.000000000000E+00  0.000000000000E+00 -0.000000000000E+00 -0.000000000000E+00
 -5.252402845402E-01  8.494567801117E-02 -1.117126512189E-02 -6.907465615016E-02 -1.117126266948E-02 -6.907469950874E-02
 -5.943522737960E-01  9.612297144970E-02 -3.355898106431E-02 -2.075036731244E-01 -3.355899260118E-02 -2.075036097823E-01
 -6.887262717609E-01  1.113858206250E-01 -6.094909335247E-02 -3.768632329929E-01 -6.094907206395E-02 -3.768632931403E-01
 -7.920335635732E-01  1.280934270383E-01 -8.813976701237E-02 -5.449903320816E-01 -8.813979226014E-02 -5.449902884987E-01
 -8.864075615381E-01  1.433562762137E-01 -1.112690315047E-01 -6.880039759783E-01 -1.112690098732E-01 -6.880040017882E-01
 -9.555195507939E-01  1.545335696522E-01 -1.274604088345E-01 -7.881195233718E-01 -1.274604181783E-01 -7.881195121283E-01
 -9.871732235560E-01  1.596528317756E-01 -1.347070780275E-01 -8.329274083003E-01 -1.347070768106E-01 -8.329274073754E-01
 -4.993659121515E-01  2.517311623718E-02  0.000000000000E+00  0.000000000000E+00 -0.000000000000E+00 -0.000000000000E+00
 -5.313902110175E-01  2.678746631225E-02 -3.522844869014E-03 -6.988343793342E-02 -3.522837528996E-03 -6.988348043420E-02
 -6.013114178165E-01  3.031220563338E-02 -1.058274954187E-02 -2.099332874335E-01 -1.058276777376E-02 -2.099332252964E-01
 -6.967904207970E-01  3.512531758546E-02 -1.922020771644E-02 -3.812758479694E-01 -1.922017991852E-02 -3.812759050686E-01
 -8.013073156575E-01  4.039403112607E-02 -2.779469420094E-02 -5.513715039761E-01 -2.779472447823E-02 -5.513714635604E-01
 -8.967863186381E-01  4.520714307816E-02 -3.508850483223E-02 -6.960596697304E-01 -3.508848152560E-02 -6.960596939192E-01
 -9.667075254371E-01  4.873188239929E-02 -4.019440077429E-02 -7.973474438839E-01 -4.019441292406E-02 -7.973474354190E-01
 -9.987318243030E-01  5.034623247436E-02 -4.247963283146E-02 -8.426799757048E-01 -4.247963365024E-02 -8.426799767557E-01
 -5.000000000000E-01  8.326672684689E-17  0.000000000000E+00  0.000000000000E+00 -0.000000000000E+00 -0.000000000000E+00
 -5.320649628726E-01  8.860661585662E-17 -9.224990511597E-09 -6.997217534446E-02 -1.165271504287E-17 -6.997221749990E-02
 -6.020749546417E-01  1.002656215790E-16  2.142180003754E-08 -2.101998565431E-01 -3.500529792177E-17 -2.101997955686E-01
 -6.976751955244E-01  1.161862598672E-16 -3.057501079936E-08 -3.817599881989E-01 -6.357581858935E-17 -3.817600438784E-01
 -8.023248044756E-01  1.336139206735E-16  3.221681815732E-08 -5.520716263188E-01 -9.193838812434E-17 -5.520715873304E-01
 -8.979250453583E-01  1.495345589617E-16 -2.472613269379E-08 -6.969435182640E-01 -1.160644148756E-16 -6.969435407798E-01
 -9.679350371274E-01  1.611935646840E-16  1.212380746788E-08 -7.983599046549E-01 -1.329536307776E-16 -7.983598960366E-01
 -1.000000000000E+00  1.665334536938E-16  2.305652548269E-10 -8.437499998551E-01 -1.405126015541E-16 -8.437500000000E-01
 -5.000000000000E-01  8.326672684689E-17  0.000000000000E+00  0.000000000000E+00 -0.000000000000E+00 -0.000000000000E+00
 -5.320649628726E-01  8.860661585662E-17 -9.224990511597E-09 -6.997217534446E-02 -1.165271504287E-17 -6.997221749990E-02
 -6.020749546417E-01  1.002656215790E-16  2.142180003754E-08 -2.101998565431E-01 -3.500529792177E-17 -2.101997955686E-01
 -6.976751955244E-01  1.161862598672E-16 -3.057501079936E-08 -3.817599881989E-01 -6.357581858935E-17 -3.817600438784E-01
 -8.023248044756E-01  1.336139206735E-16  3.221681815732E-08 -5.520716263188E-01 -9.193838812434E-17 -5.520715873304E-01
 -8.979250453583E-01  1.495345589617E-16 -2.472613269379E-08 -6.969435182640E-01 -1.160644148756E-16 -6.969435407798E-01
 -9.679350371274E-01  1.611935646840E-16  1.212380746788E-08 -7.983599046549E-01 -1.329536307776E-16 -7.983598960366E-01
 -1.000000000000E+00  1.665334536938E-16  2.305652548269E-10 -8.437499998551E-01 -1.405126015541E-16 -8.437500000000E-01
 -4.993659121515E-01 -2.517311623718E-02  0.000000000000E+00  0.000000000000E+00  0.000000000000E+00 -0.000000000000E+00
 -5.313902110175E-01 -2.678746631225E-02  3.522825715265E-03 -6.988343822070E-02  3.522837528996E-03 -6.988348043420E-02
 -6.013114178165E-01 -3.031220563338E-02  1.058279196862E-02 -2.099332848118E-01  1.058276777376E-02 -2.099332252964E-01
 -6.967904207970E-01 -3.512531758546E-02  1.922014640227E-02 -3.812758507656E-01  1.922017991852E-02 -3.812759050686E-01
 -8.013073156575E-01 -4.039403112607E-02  2.779475861211E-02 -5.513715008798E-01  2.779472447823E-02 -5.513714635604E-01
 -8.967863186381E-01 -4.520714307816E-02  3.508845592431E-02 -6.960596730192E-01  3.508848152560E-02 -6.960596939192E-01
 -9.667075254371E-01 -4.873188239929E-02  4.019442595593E-02 -7.973474440751E-01  4.019441292406E-02 -7.973474354190E-01
 -9.987318243030E-01 -5.034623247436E-02  4.247963449810E-02 -8.426799774032E-01  4.247963365024E-02 -8.426799767557E-01
 -4.935866117780E-01 -7.982641588779E-02  0.000000000000E+00  0.000000000000E+00  0.000000000000E+00 -0.000000000000E+00
 -5.252402845402E-01 -8.494567801117E-02  1.117124685708E-02 -6.907465997101E-02  1.117126266948E-02 -6.907469950874E-02
 -5.943522737960E-01 -9.612297144970E-02  3.355902386919E-02 -2.075036673145E-01  3.355899260118E-02 -2.075036097823E-01
 -6.887262717609E-01 -1.113858206250E-01  6.094903324559E-02 -3.768632435954E-01  6.094907206395E-02 -3.768632931403E-01
 -7.920335635732E-01 -1.280934270383E-01  8.813983017902E-02 -5.449903221250E-01  8.813979226014E-02 -5.449902884987E-01
 -8.864075615381E-01 -1.433562762137E-01  1.112689812714E-01 -6.880039833895E-01  1.112690098732E-01 -6.880040017882E-01
 -9.555195507939E-01 -1.545335696522E-01  1.274604305199E-01 -7.881195181671E-01  1.274604181783E-01 -7.881195121283E-01
 -9.871732235560E-01 -1.596528317756E-01  1.347070757950E-01 -8.329274064187E-01  1.347070768106E-01 -8.329274073754E-01
 -4.760893194234E-01 -1.527709394191E-01  0.000000000000E+00  0.000000000000E+00  0.000000000000E+00 -0.000000000000E+00
 -5.066208921261E-01 -1.625681284201E-01  2.137942075901E-02 -6.662601292696E-02  2.137944280139E-02 -6.662605081614E-02
 -5.732829107945E-01 -1.839591128426E-01  6.422487914788E-02 -2.001478059878E-01  6.422484046944E-02 -2.001477552304E-01
 -6.643114180315E-01 -2.131689900593E-01  1.166436345809E-01 -3.635037145592E-01  1.166436810719E-01 -3.635037589462E-01
 -7.639565402386E-01 -2.451438281979E-01  1.686810324215E-01 -5.256707994817E-01  1.686809900461E-01 -5.256707725703E-01
 -8.549850474757E-01 -2.743537054146E-01  2.129454084730E-01 -6.636147383755E-01  2.129454388940E-01 -6.636147520128E-01
 -9.216470661440E-01 -2.957446898372E-01  2.439323970284E-01 -7.601812445378E-01  2.439323826241E-01 -7.601812391179E-01
 -9.521786388467E-01 -3.055418788382E-01  2.578009607884E-01 -8.034007276120E-01  2.578009602697E-01 -8.034007265269E-01
 -4.446713534462E-01 -2.286206189833E-01  0.000000000000E+00  0.000000000000E+00  0.000000000000E+00 -0.000000000000E+00
 -4.731880943238E-01 -2.432820423025E-01  3.199415579314E-02 -6.222924846501E-02  3.199418335292E-02 -6.222928131863E-02
 -5.354509699132E-01 -2.752934976090E-01  9.611206201572E-02 -1.869397002535E-01  9.611201474612E-02 -1.869396551792E-01
 -6.204723469194E-01 -3.190058701001E-01  1.745563827862E-01 -3.395154757664E-01  1.745564350691E-01 -3.395155108062E-01
 -7.135417134193E-01 -3.668559868497E-01  2.524299427993E-01 -4.909808599862E-01  2.524298960371E-01 -4.909808398749E-01
 -7.985630904255E-01 -4.105683593408E-01  3.186712951472E-01 -6.198216459829E-01  3.186713273790E-01 -6.198216551083E-01
 -8.608259660149E-01 -4.425798146473E-01  3.650430817383E-01 -7.100155520992E-01  3.650430672066E-01 -7.100155510155E-01
 -8.893427068925E-01 -4.572412379666E-01  3.857972943140E-01 -7.503829073059E-01  3.857972945343E-01 -7.503829089405E-01
 -4.054642402832E-01 -2.925726402991E-01  0.000000000000E+00  0.000000000000E+00  0.000000000000E+00 -0.000000000000E+00
 -4.314666319049E-01 -3.113353019965E-01  4.094388044978E-02 -5.674243509403E-02  4.094391284305E-02 -5.674246401906E-02
 -4.882397281547E-01 -3.523013182749E-01  1.229974713071E-01 -1.704570374677E-01  1.229974183597E-01 -1.704570008358E-01
 -5.657646862355E-01 -4.082413480515E-01  2.233850304125E-01 -3.095800648459E-01  2.233850879964E-01 -3.095800923232E-01
 -6.506280346142E-01 -4.694765728457E-01  3.230421325494E-01 -4.476905864427E-01  3.230420838787E-01 -4.476905734778E-01
 -7.281529926949E-01 -5.254166026223E-01  4.078131901845E-01 -5.651713636105E-01  4.078132237307E-01 -5.651713665652E-01
 -7.849260889447E-01 -5.663826189007E-01  4.671565399420E-01 -6.474127787813E-01  4.671565253846E-01 -6.474127774381E-01
 -8.109284805664E-01 -5.851452805981E-01  4.937163302982E-01 -6.842209069923E-01  4.937163305047E-01 -6.842209054779E-01
 -3.709051039706E-01 -3.353049415808E-01  0.000000000000E+00  0.000000000000E+00  0.000000000000E+00 -0.000000000000E+00
 -3.946912207468E-01 -3.568080225864E-01  4.692402535940E-02 -5.190608035130E-02  4.692406060217E-02 -5.190610521371E-02
 -4.466253472990E-01 -4.037574149868E-01  1.409621171763E-01 -1.559283851056E-01  1.409620603469E-01 -1.559283540600E-01
 -5.175425818674E-01 -4.678678813554E-01  2.560119983897E-01 -2.831934768139E-01  2.560120584211E-01 -2.831934975331E-01
 -5.951727300445E-01 -5.380469433871E-01  3.702247126640E-01 -4.095323461650E-01  3.702246626765E-01 -4.095323389961E-01
 -6.660899646129E-01 -6.021574097557E-01  4.673771928682E-01 -5.169998322854E-01  4.673772264526E-01 -5.169998329092E-01
 -7.180240911651E-01 -6.491068021561E-01  5.353880511788E-01 -5.922315178853E-01  5.353880366020E-01 -5.922315204909E-01
 -7.418102079413E-01 -6.706098831617E-01  5.658270887535E-01 -6.259023616284E-01  5.658270889177E-01 -6.259023629505E-01
 -3.535533905933E-01 -3.535533905933E-01  0.000000000000E+00  0.000000000000E+00  0.000000000000E+00 -0.000000000000E+00
 -3.762267432790E-01 -3.762267432790E-01  4.947779315739E-02 -4.947780620349E-02  4.947782948884E-02 -4.947782948884E-02
 -4.257312832097E-01 -4.257312832097E-01  1.486337591136E-01 -1.486337288186E-01  1.486337008506E-01 -1.486337008506E-01
 -4.933308618209E-01 -4.933308618209E-01  2.699450548214E-01 -2.699450980609E-01  2.699451158125E-01 -2.699451158125E-01
 -5.673293099589E-01 -5.673293099589E-01  3.903736134514E-01 -3.903735678900E-01  3.903735631018E-01 -3.903735631018E-01
 -6.349288885701E-01 -6.349288885701E-01  4.928134703845E-01 -4.928135053525E-01  4.928135037896E-01 -4.928135037896E-01
 -6.844334285008E-01 -6.844334285008E-01  5.645257109818E-01 -5.645256938361E-01  5.645256963148E-01 -5.645256963148E-01
 -7.071067811865E-01 -7.071067811865E-01  5.966213466867E-01 -5.966213463606E-01  5.966213466261E-01 -5.966213466261E-01
 -3.535533905933E-01 -3.535533905933E-01  0.000000000000E+00  0.000000000000E+00  0.000000000000E+00 -0.000000000000E+00
 -3.762267432790E-01 -3.762267432790E-01  4.947779315739E-02 -4.947780620349E-02  4.947782948884E-02 -4.947782948884E-02
 -4.257312832097E-01 -4.257312832097E-01  1.486337591136E-01 -1.486337288186E-01  1.486337008506E-01 -1.486337008506E-01
 -4.933308618209E-01 -4.933308618209E-01  2.699450548214E-01 -2.699450980609E-01  2.699451158125E-01 -2.699451158125E-01
 -5.673293099589E-01 -5.673293099589E-01  3.903736134514E-01 -3.903735678900E-01  3.903735631018E-01 -3.903735631018E-01
 -6.349288885701E-01 -6.349288885701E-01  4.928134703845E-01 -4.928135053525E-01  4.928135037896E-01 -4.928135037896E-01
 -6.844334285008E-01 -6.844334285008E-01  5.645257109818E-01 -5.645256938361E-01  5.645256963148E-01 -5.645256963148E-01
 -7.071067811865E-01 -7.071067811865E-01  5.966213466867E-01 -5.966213463606E-01  5.966213466261E-01 -5.966213466261E-01
 -3.353049415808E-01 -3.709051039706E-01  0.000000000000E+00  0.000000000000E+00  0.000000000000E+00 -0.000000000000E+00
 -3.568080225864E-01 -3.946912207468E-01  5.190606701069E-02 -4.692403910629E-02  5.190610521371E-02 -4.692406060217E-02
 -4.037574149868E-01 -4.466253472990E-01  1.559284132521E-01 -1.409620853223E-01  1.559283540600E-01 -1.409620603469E-01
 -4.678678813554E-01 -5.175425818674E-01  2.831934354355E-01 -2.560120437226E-01  2.831934975331E-01 -2.560120584211E-01
 -5.380469433871E-01 -5.951727300445E-01  4.095323895212E-01 -3.702246649290E-01  4.095323389961E-01 -3.702246626765E-01
 -6.021574097557E-01 -6.660899646129E-01  5.169998000278E-01 -4.673772297769E-01  5.169998329092E-01 -4.673772264526E-01
 -6.491068021561E-01 -7.180240911651E-01  5.922315358266E-01 -5.353880335079E-01  5.922315204909E-01 -5.353880366020E-01
 -6.706098831617E-01 -7.418102079413E-01  6.259023640078E-01 -5.658270887760E-01  6.259023629505E-01 -5.658270889177E-01
 -2.925726402991E-01 -4.054642402832E-01  0.000000000000E+00  0.000000000000E+00  0.000000000000E+00 -0.000000000000E+00
 -3.113353019965E-01 -4.314666319049E-01  5.674242488061E-02 -4.094389606670E-02  5.674246401905E-02 -4.094391284305E-02
 -3.523013182749E-01 -4.882397281547E-01  1.704570636271E-01 -1.229974369313E-01  1.704570008358E-01 -1.229974183597E-01
 -4.082413480515E-01 -5.657646862355E-01  3.095800298410E-01 -2.233850804116E-01  3.095800923232E-01 -2.233850879964E-01
 -4.694765728457E-01 -6.506280346142E-01  4.476906240679E-01 -3.230420808434E-01  4.476905734778E-01 -3.230420838787E-01
 -5.254166026223E-01 -7.281529926949E-01  5.651713333308E-01 -4.078132309453E-01  5.651713665652E-01 -4.078132237307E-01
 -5.663826189007E-01 -7.849260889447E-01  6.474127904351E-01 -4.671565209279E-01  6.474127774381E-01 -4.671565253846E-01
 -5.851452805981E-01 -8.109284805664E-01  6.842209040833E-01 -4.937163305463E-01  6.842209054779E-01 -4.937163305047E-01
 -2.286206189833E-01 -4.446713534462E-01  0.000000000000E+00  0.000000000000E+00 -1.974737499949E-16  1.015279500397E-16
 -2.432820423025E-01 -4.731880943238E-01  6.222923894061E-02 -3.199417214754E-02  6.222928131863E-02 -3.199418335292E-02
 -2.752934976090E-01 -5.354509699132E-01  1.869397184199E-01 -9.611202328720E-02  1.869396551792E-01 -9.611201474611E-02
 -3.190058701001E-01 -6.204723469194E-01  3.395154465457E-01 -1.745564365569E-01  3.395155108062E-01 -1.745564350691E-01
 -3.668559868497E-01 -7.135417134193E-01  4.909808888681E-01 -2.524298851025E-01  4.909808398749E-01 -2.524298960371E-01
 -4.105683593408E-01 -7.985630904255E-01  6.198216239545E-01 -3.186713392468E-01  6.198216551083E-01 -3.186713273790E-01
 -4.425798146473E-01 -8.608259660149E-01  7.100155650334E-01 -3.650430608536E-01  7.100155510155E-01 -3.650430672066E-01
 -4.572412379666E-01 -8.893427068925E-01  7.503829100745E-01 -3.857972949348E-01  7.503829089405E-01 -3.857972945343E-01
 -1.527709394191E-01 -4.760893194234E-01  0.000000000000E+00  0.000000000000E+00  0.000000000000E+00 -0.000000000000E+00
 -1.625681284201E-01 -5.066208921261E-01  6.662600809742E-02 -2.137943905808E-02  6.662605081614E-02 -2.137944280139E-02
 -1.839591128426E-01 -5.732829107945E-01  2.001478205273E-01 -6.422483891707E-02  2.001477552304E-01 -6.422484046944E-02
 -2.131689900593E-01 -6.643114180315E-01  3.635036971997E-01 -1.166436932647E-01  3.635037589462E-01 -1.166436810719E-01
 -2.451438281979E-01 -7.639565402386E-01  5.256708198570E-01 -1.686809712011E-01  5.256707725703E-01 -1.686809900461E-01
 -2.743537054146E-01 -8.549850474757E-01  6.636147227688E-01 -2.129454552326E-01  6.636147520128E-01 -2.129454388940E-01
 -2.957446898372E-01 -9.216470661440E-01  7.601812501596E-01 -2.439323731148E-01  7.601812391179E-01 -2.439323826241E-01
 -3.055418788382E-01 -9.521786388467E-01  8.034007252154E-01 -2.578009592697E-01  8.034007265269E-01 -2.578009602697E-01
 -7.982641588779E-02 -4.935866117780E-01  0.000000000000E+00  0.000000000000E+00  0.000000000000E+00 -0.000000000000E+00
 -8.494567801117E-02 -5.252402845402E-01  6.907465615016E-02 -1.117126512189E-02  6.907469950874E-02 -1.117126266948E-02
 -9.612297144970E-02 -5.943522737960E-01  2.075036731244E-01 -3.355898106431E-02  2.075036097823E-01 -3.355899260118E-02
 -1.113858206250E-01 -6.887262717609E-01  3.768632329929E-01 -6.094909335247E-02  3.768632931403E-01 -6.094907206395E-02
 -1.280934270383E-01 -7.920335635732E-01  5.449903320816E-01 -8.813976701237E-02  5.449902884987E-01 -8.813979226014E-02
 -1.433562762137E-01 -8.864075615381E-01  6.880039759783E-01 -1.112690315047E-01  6.880040017882E-01 -1.112690098732E-01
 -1.545335696522E-01 -9.555195507939E-01  7.881195233718E-01 -1.274604088345E-01  7.881195121283E-01 -1.274604181783E-01
 -1.596528317756E-01 -9.871732235560E-01  8.329274083003E-01 -1.347070780275E-01  8.329274073754E-01 -1.347070768106E-01
 -2.517311623718E-02 -4.993659121515E-01  0.000000000000E+00  0.000000000000E+00  0.000000000000E+00 -0.000000000000E+00
 -2.678746631225E-02 -5.313902110175E-01  6.988343793342E-02 -3.522844869014E-03  6.988348043420E-02 -3.522837528996E-03
 -3.031220563338E-02 -6.013114178165E-01  2.099332874335E-01 -1.058274954187E-02  2.099332252964E-01 -1.058276777376E-02
 -3.512531758547E-02 -6.967904207970E-01  3.812758479694E-01 -1.922020771644E-02  3.812759050686E-01 -1.922017991852E-02
 -4.039403112608E-02 -8.013073156575E-01  5.513715039761E-01 -2.779469420094E-02  5.513714635604E-01 -2.779472447823E-02
 -4.520714307816E-02 -8.967863186381E-01  6.960596697304E-01 -3.508850483223E-02  6.960596939192E-01 -3.508848152560E-02
 -4.873188239929E-02 -9.667075254371E-01  7.973474438839E-01 -4.019440077429E-02  7.973474354190E-01 -4.019441292406E-02
 -5.034623247436E-02 -9.987318243030E-01  8.426799757048E-01 -4.247963283146E-02  8.426799767557E-01 -4.247963365024E-02
 -1.081617080995E-16 -5.000000000000E-01  0.000000000000E+00  0.000000000000E+00  0.000000000000E+00 -0.000000000000E+00
 -1.150981104084E-16 -5.320649628726E-01  6.997217534446E-02 -9.224990442425E-09  6.997221749990E-02 -1.513662912859E-17
 -1.302429109959E-16 -6.020749546417E-01  2.101998565431E-01  2.142180011352E-08  2.101997955686E-01 -4.547113786172E-17
 -1.509234816931E-16 -6.976751955244E-01  3.817599881989E-01 -3.057501071205E-08  3.817600438784E-01 -8.258363686002E-17
 -1.735616426053E-16 -8.023248044756E-01  5.520716263188E-01  3.221681822681E-08  5.520715873304E-01 -1.194260117577E-16
 -1.942422133025E-16 -8.979250453583E-01  6.969435182640E-01 -2.472613274913E-08  6.969435407798E-01 -1.507652076393E-16
 -2.093870138900E-16 -9.679350371274E-01  7.983599046549E-01  1.212380740601E-08  7.983598960366E-01 -1.727039400668E-16
 -2.163234161989E-16 -1.000000000000E+00  8.437499998551E-01  2.305651310551E-10  8.437500000000E-01 -1.825228824178E-16
 -1.081617080995E-16 -5.000000000000E-01  0.000000000000E+00  0.000000000000E+00  0.000000000000E+00 -0.000000000000E+00
 -1.150981104084E-16 -5.320649628726E-01  6.997217534446E-02 -9.224990442425E-09  6.997221749990E-02 -1.513662912859E-17
 -1.302429109959E-16 -6.020749546417E-01  2.101998565431E-01  2.142180011352E-08  2.101997955686E-01 -4.547113786172E-17
 -1.509234816931E-16 -6.976751955244E-01  3.817599881989E-01 -3.057501071205E-08  3.817600438784E-01 -8.258363686002E-17
 -1.735616426053E-16 -8.023248044756E-01  5.520716263188E-01  3.221681822681E-08  5.520715873304E-01 -1.194260117577E-16
 -1.942422133025E-16 -8.979250453583E-01  6.969435182640E-01 -2.472613274913E-08  6.969435407798E-01 -1.507652076393E-16
 -2.093870138900E-16 -9.679350371274E-01  7.983599046549E-01  1.212380740601E-08  7.983598960366E-01 -1.727039400668E-16
 -2.163234161989E-16 -1.000000000000E+00  8.437499998551E-01  2.305651310551E-10  8.437500000000E-01 -1.825228824178E-16
  2.517311623718E-02 -4.993659121515E-01  0.000000000000E+00  0.000000000000E+00 -2.217630133534E-16 -1.117910929923E-17
  2.678746631225E-02 -5.313902110175E-01  6.988343822070E-02  3.522825715265E-03  6.988348043420E-02  3.522837528996E-03
  3.031220563338E-02 -6.013114178165E-01  2.099332848118E-01  1.058279196862E-02  2.099332252964E-01  1.058276777376E-02
  3.512531758546E-02 -6.967904207970E-01  3.812758507656E-01  1.922014640227E-02  3.812759050686E-01  1.922017991852E-02
  4.039403112607E-02 -8.013073156575E-01  5.513715008798E-01  2.779475861211E-02  5.513714635604E-01  2.779472447823E-02
  4.520714307816E-02 -8.967863186381E-01  6.960596730192E-01  3.508845592431E-02  6.960596939192E-01  3.508848152560E-02
  4.873188239929E-02 -9.667075254371E-01  7.973474440751E-01  4.019442595593E-02  7.973474354190E-01  4.019441292406E-02
  5.034623247436E-02 -9.987318243030E-01  8.426799774032E-01  4.247963449810E-02  8.426799767557E-01  4.247963365024E-02
  7.982641588779E-02 -4.935866117780E-01  0.000000000000E+00  0.000000000000E+00  0.000000000000E+00  0.000000000000E+00
  8.494567801117E-02 -5.252402845402E-01  6.907465997101E-02  1.117124685708E-02  6.907469950874E-02  1.117126266947E-02
  9.612297144970E-02 -5.943522737960E-01  2.075036673145E-01  3.355902386919E-02  2.075036097823E-01  3.355899260118E-02
  1.113858206250E-01 -6.887262717609E-01  3.768632435954E-01  6.094903324559E-02  3.768632931403E-01  6.094907206395E-02
  1.280934270383E-01 -7.920335635732E-01  5.449903221250E-01  8.813983017902E-02  5.449902884987E-01  8.813979226014E-02
  1.433562762137E-01 -8.864075615381E-01  6.880039833895E-01  1.112689812714E-01  6.880040017882E-01  1.112690098732E-01
  1.545335696522E-01 -9.555195507939E-01  7.881195181671E-01  1.274604305199E-01  7.881195121283E-01  1.274604181783E-01
  1.596528317756E-01 -9.871732235560E-01  8.329274064187E-01  1.347070757950E-01  8.329274073754E-01  1.347070768106E-01
  1.527709394191E-01 -4.760893194234E-01  0.000000000000E+00  0.000000000000E+00  0.000000000000E+00  0.000000000000E+00
  1.625681284201E-01 -5.066208921261E-01  6.662601292696E-02  2.137942075901E-02  6.662605081614E-02  2.137944280139E-02
  1.839591128426E-01 -5.732829107945E-01  2.001478059878E-01  6.422487914788E-02  2.001477552304E-01  6.422484046944E-02
  2.131689900593E-01 -6.643114180315E-01  3.635037145592E-01  1.166436345809E-01  3.635037589462E-01  1.166436810719E-01
  2.451438281979E-01 -7.639565402386E-01  5.256707994817E-01  1.686810324215E-01  5.256707725703E-01  1.686809900461E-01
  2.743537054146E-01 -8.549850474757E-01  6.636147383755E-01  2.129454084730E-01  6.636147520128E-01  2.129454388940E-01
  2.957446898372E-01 -9.216470661440E-01  7.601812445378E-01  2.439323970284E-01  7.601812391179E-01  2.439323826241E-01
  3.055418788382E-01 -9.521786388467E-01  8.034007276120E-01  2.578009607884E-01  8.034007265269E-01  2.578009602697E-01
  2.286206189833E-01 -4.446713534462E-01  0.000000000000E+00  0.000000000000E+00  0.000000000000E+00  0.000000000000E+00
  2.432820423025E-01 -4.731880943238E-01  6.222924846501E-02  3.199415579314E-02  6.222928131863E-02  3.199418335292E-02
  2.752934976090E-01 -5.354509699132E-01  1.869397002535E-01  9.611206201571E-02  1.869396551792E-01  9.611201474611E-02
  3.190058701001E-01 -6.204723469194E-01  3.395154757664E-01  1.745563827862E-01  3.395155108062E-01  1.745564350691E-01
  3.668559868497E-01 -7.135417134193E-01  4.909808599862E-01  2.524299427993E-01  4.909808398749E-01  2.524298960371E-01
  4.105683593408E-01 -7.985630904255E-01  6.198216459829E-01  3.186712951472E-01  6.198216551083E-01  3.186713273790E-01
  4.425798146473E-01 -8.608259660149E-01  7.100155520992E-01  3.650430817383E-01  7.100155510155E-01  3.650430672066E-01
  4.572412379666E-01 -8.893427068925E-01  7.503829073059E-01  3.857972943140E-01  7.503829089405E-01  3.857972945343E-01
  2.925726402991E-01 -4.054642402832E-01  0.000000000000E+00  0.000000000000E+00  0.000000000000E+00  0.000000000000E+00
  3.113353019965E-01 -4.314666319049E-01  5.674243509403E-02  4.094388044978E-02  5.674246401906E-02  4.094391284305E-02
  3.523013182749E-01 -4.882397281547E-01  1.704570374677E-01  1.229974713071E-01  1.704570008358E-01  1.229974183597E-01
  4.082413480515E-01 -5.657646862355E-01  3.095800648459E-01  2.233850304125E-01  3.095800923232E-01  2.233850879964E-01
  4.694765728457E-01 -6.506280346142E-01  4.476905864427E-01  3.230421325494E-01  4.476905734778E-01  3.230420838787E-01
  5.254166026223E-01 -7.281529926949E-01  5.651713636105E-01  4.078131901845E-01  5.651713665652E-01  4.078132237307E-01
  5.663826189007E-01 -7.849260889447E-01  6.474127787813E-01  4.671565399420E-01  6.474127774381E-01  4.671565253846E-01
  5.851452805981E-01 -8.109284805664E-01  6.842209069923E-01  4.937163302982E-01  6.842209054779E-01  4.937163305047E-01
  3.353049415808E-01 -3.709051039706E-01  0.000000000000E+00  0.000000000000E+00  0.000000000000E+00  0.000000000000E+00
  3.568080225864E-01 -3.946912207468E-01  5.190608035130E-02  4.692402535940E-02  5.190610521371E-02  4.692406060217E-02
  4.037574149868E-01 -4.466253472990E-01  1.559283851056E-01  1.409621171763E-01  1.559283540600E-01  1.409620603469E-01
  4.678678813554E-01 -5.175425818674E-01  2.831934768139E-01  2.560119983897E-01  2.831934975331E-01  2.560120584211E-01
  5.380469433871E-01 -5.951727300445E-01  4.095323461650E-01  3.702247126640E-01  4.095323389961E-01  3.702246626765E-01
  6.021574097557E-01 -6.660899646129E-01  5.169998322854E-01  4.673771928682E-01  5.169998329092E-01  4.673772264526E-01
  6.491068021561E-01 -7.180240911651E-01  5.922315178853E-01  5.353880511788E-01  5.922315204909E-01  5.353880366020E-01
  6.706098831617E-01 -7.418102079413E-01  6.259023616284E-01  5.658270887535E-01  6.259023629505E-01  5.658270889177E-01
  3.535533905933E-01 -3.535533905933E-01  0.000000000000E+00  0.000000000000E+00  0.000000000000E+00  0.000000000000E+00
  3.762267432790E-01 -3.762267432790E-01  4.947780620349E-02  4.947779315739E-02  4.947782948884E-02  4.947782948884E-02
  4.257312832097E-01 -4.257312832097E-01  1.486337288186E-01  1.486337591136E-01  1.486337008506E-01  1.486337008506E-01
  4.933308618209E-01 -4.933308618209E-01  2.699450980609E-01  2.699450548214E-01  2.699451158125E-01  2.699451158125E-01
  5.673293099589E-01 -5.673293099589E-01  3.903735678900E-01  3.903736134514E-01  3.903735631018E-01  3.903735631018E-01
  6.349288885701E-01 -6.349288885701E-01  4.928135053525E-01  4.928134703845E-01  4.928135037896E-01  4.928135037896E-01
  6.844334285008E-01 -6.844334285008E-01  5.645256938361E-01  5.645257109818E-01  5.645256963148E-01  5.645256963148E-01
  7.071067811865E-01 -7.071067811865E-01  5.966213463606E-01  5.966213466867E-01  5.966213466261E-01  5.966213466261E-01
  3.535533905933E-01 -3.535533905933E-01  0.000000000000E+00  0.000000000000E+00  0.000000000000E+00  0.000000000000E+00
  3.762267432790E-01 -3.762267432790E-01  4.947780620349E-02  4.947779315739E-02  4.947782948884E-02  4.947782948884E-02
  4.257312832097E-01 -4.257312832097E-01  1.486337288186E-01  1.486337591136E-01  1.486337008506E-01  1.486337008506E-01
  4.933308618209E-01 -4.933308618209E-01  2.699450980609E-01  2.699450548214E-01  2.699451158125E-01  2.699451158125E-01
  5.673293099589E-01 -5.673293099589E-01  3.903735678900E-01  3.903736134514E-01  3.903735631018E-01  3.903735631018E-01
  6.349288885701E-01 -6.349288885701E-01  4.928135053525E-01  4.928134703845E-01  4.928135037896E-01  4.928135037896E-01
  6.844334285008E-01 -6.844334285008E-01  5.645256938361E-01  5.645257109818E-01  5.645256963148E-01  5.645256963148E-01
  7.071067811865E-01 -7.071067811865E-01  5.966213463606E-01  5.966213466867E-01  5.966213466261E-01  5.966213466261E-01
  3.709051039706E-01 -3.353049415808E-01  0.000000000000E+00  0.000000000000E+00  0.000000000000E+00  0.000000000000E+00
  3.946912207468E-01 -3.568080225864E-01  4.692403910629E-02  5.190606701069E-02  4.692406060217E-02  5.190610521371E-02
  4.466253472990E-01 -4.037574149868E-01  1.409620853223E-01  1.559284132521E-01  1.409620603469E-01  1.559283540600E-01
  5.175425818674E-01 -4.678678813554E-01  2.560120437226E-01  2.831934354355E-01  2.560120584211E-01  2.831934975331E-01
  5.951727300445E-01 -5.380469433871E-01  3.702246649290E-01  4.095323895212E-01  3.702246626765E-01  4.095323389961E-01
  6.660899646129E-01 -6.021574097557E-01  4.673772297769E-01  5.169998000278E-01  4.673772264526E-01  5.169998329092E-01
  7.180240911651E-01 -6.491068021561E-01  5.353880335079E-01  5.922315358266E-01  5.353880366020E-01  5.922315204909E-01
  7.418102079413E-01 -6.706098831617E-01  5.658270887760E-01  6.259023640079E-01  5.658270889177E-01  6.259023629505E-01
  4.054642402832E-01 -2.925726402991E-01  0.000000000000E+00  0.000000000000E+00  0.000000000000E+00  0.000000000000E+00
  4.314666319049E-01 -3.113353019965E-01  4.094389606670E-02  5.674242488061E-02  4.094391284305E-02  5.674246401906E-02
  4.882397281547E-01 -3.523013182749E-01  1.229974369313E-01  1.704570636271E-01  1.229974183597E-01  1.704570008358E-01
  5.657646862355E-01 -4.082413480515E-01  2.233850804116E-01  3.095800298410E-01  2.233850879964E-01  3.095800923232E-01
  6.506280346142E-01 -4.694765728457E-01  3.230420808434E-01  4.476906240679E-01  3.230420838787E-01  4.476905734778E-01
  7.281529926949E-01 -5.254166026223E-01  4.078132309453E-01  5.651713333308E-01  4.078132237307E-01  5.651713665652E-01
  7.849260889447E-01 -5.663826189007E-01  4.671565209279E-01  6.474127904351E-01  4.671565253846E-01  6.474127774381E-01
  8.109284805664E-01 -5.851452805981E-01  4.937163305463E-01  6.842209040833E-01  4.937163305047E-01  6.842209054779E-01
  4.446713534462E-01 -2.286206189833E-01  0.000000000000E+00  0.000000000000E+00  0.000000000000E+00  0.000000000000E+00
  4.731880943238E-01 -2.432820423025E-01  3.199417214754E-02  6.222923894061E-02  3.199418335292E-02  6.222928131863E-02
  5.354509699132E-01 -2.752934976090E-01  9.611202328720E-02  1.869397184199E-01  9.611201474612E-02  1.869396551792E-01
  6.204723469194E-01 -3.190058701001E-01  1.745564365569E-01  3.395154465457E-01  1.745564350691E-01  3.395155108062E-01
  7.135417134193E-01 -3.668559868497E-01  2.524298851025E-01  4.909808888681E-01  2.524298960371E-01  4.909808398749E-01
  7.985630904255E-01 -4.105683593408E-01  3.186713392468E-01  6.198216239545E-01  3.186713273790E-01  6.198216551083E-01
  8.608259660149E-01 -4.425798146473E-01  3.650430608536E-01  7.100155650334E-01  3.650430672066E-01  7.100155510155E-01
  8.893427068925E-01 -4.572412379666E-01  3.857972949348E-01  7.503829100745E-01  3.857972945343E-01  7.503829089405E-01
  4.760893194234E-01 -1.527709394191E-01  0.000000000000E+00  0.000000000000E+00  0.000000000000E+00  0.000000000000E+00
  5.066208921261E-01 -1.625681284201E-01  2.137943905808E-02  6.662600809742E-02  2.137944280139E-02  6.662605081614E-02
  5.732829107945E-01 -1.839591128426E-01  6.422483891707E-02  2.001478205273E-01  6.422484046944E-02  2.001477552304E-01
  6.643114180315E-01 -2.131689900593E-01  1.166436932647E-01  3.635036971997E-01  1.166436810719E-01  3.635037589462E-01
  7.639565402386E-01 -2.451438281979E-01  1.686809712011E-01  5.256708198570E-01  1.686809900461E-01  5.256707725703E-01
  8.549850474757E-01 -2.743537054146E-01  2.129454552326E-01  6.636147227688E-01  2.129454388940E-01  6.636147520128E-01
  9.216470661440E-01 -2.957446898372E-01  2.439323731148E-01  7.601812501596E-01  2.439323826241E-01  7.601812391179E-01
  9.521786388467E-01 -3.055418788382E-01  2.578009592697E-01  8.034007252154E-01  2.578009602697E-01  8.034007265269E-01
  4.935866117780E-01 -7.982641588779E-02  0.000000000000E+00  0.000000000000E+00  0.000000000000E+00  0.000000000000E+00
  5.252402845402E-01 -8.494567801117E-02  1.117126512189E-02  6.907465615016E-02  1.117126266948E-02  6.907469950874E-02
  5.943522737960E-01 -9.612297144970E-02  3.355898106431E-02  2.075036731244E-01  3.355899260118E-02  2.075036097823E-01
  6.887262717609E-01 -1.113858206250E-01  6.094909335247E-02  3.768632329929E-01  6.094907206395E-02  3.768632931403E-01
  7.920335635732E-01 -1.280934270383E-01  8.813976701237E-02  5.449903320816E-01  8.813979226014E-02  5.449902884987E-01
  8.864075615381E-01 -1.433562762137E-01  1.112690315047E-01  6.880039759783E-01  1.112690098732E-01  6.880040017882E-01
  9.555195507939E-01 -1.545335696522E-01  1.274604088345E-01  7.881195233718E-01  1.274604181783E-01  7.881195121283E-01
  9.871732235560E-01 -1.596528317756E-01  1.347070780275E-01  8.329274083003E-01  1.347070768106E-01  8.329274073754E-01
  4.993659121515E-01 -2.517311623718E-02  0.000000000000E+00  0.000000000000E+00  0.000000000000E+00  0.000000000000E+00
  5.313902110175E-01 -2.678746631225E-02  3.522844869014E-03  6.988343793342E-02  3.522837528996E-03  6.988348043420E-02
  6.013114178165E-01 -3.031220563338E-02  1.058274954187E-02  2.099332874335E-01  1.058276777376E-02  2.099332252964E-01
  6.967904207970E-01 -3.512531758546E-02  1.922020771644E-02  3.812758479694E-01  1.922017991852E-02  3.812759050686E-01
  8.013073156575E-01 -4.039403112607E-02  2.779469420094E-02  5.513715039761E-01  2.779472447823E-02  5.513714635604E-01
  8.967863186381E-01 -4.520714307816E-02  3.508850483223E-02  6.960596697304E-01  3.508848152560E-02  6.960596939192E-01
  9.667075254371E-01 -4.873188239929E-02  4.019440077429E-02  7.973474438839E-01  4.019441292406E-02  7.973474354190E-01
  9.987318243030E-01 -5.034623247436E-02  4.247963283146E-02  8.426799757048E-01  4.247963365024E-02  8.426799767557E-01
  5.000000000000E-01  1.387778780781E-17  0.000000000000E+00  0.000000000000E+00 -0.000000000000E+00  0.000000000000E+00
  5.320649628726E-01  1.476776930944E-17  9.224990389837E-09  6.997217534446E-02 -1.942119173812E-18  6.997221749990E-02
  6.020749546417E-01  1.671093692983E-17 -2.142180021774E-08  2.101998565431E-01 -5.834216320295E-18  2.101997955686E-01
  6.976751955244E-01  1.936437664453E-17  3.057501063379E-08  3.817599881989E-01 -1.059596976489E-17  3.817600438784E-01
  8.023248044756E-01  2.226898677892E-17 -3.221681827793E-08  5.520716263188E-01 -1.532306468739E-17  5.520715873304E-01
  8.979250453583E-01  2.492242649361E-17  2.472613265376E-08  6.969435182640E-01 -1.934406914594E-17  6.969435407798E-01
  9.679350371274E-01  2.686559411401E-17 -1.212380757051E-08  7.983599046549E-01 -2.215893846293E-17  7.983598960366E-01
  1.000000000000E+00  2.775557561563E-17 -2.305653365126E-10  8.437499998551E-01 -2.341876692569E-17  8.437500000000E-01
  1.000000000000E+00  2.775557561563E-17 -2.305653365126E-10  8.437499998551E-01 -2.341876692569E-17  8.437500000000E-01
  1.032064962873E+00  2.953553861887E-17  1.401811569780E-10  8.885611673950E-01 -2.542876042451E-17  8.885611676860E-01
  1.102074954642E+00  3.342187385967E-17 -1.014162349564E-09  9.846338962019E-01 -2.986031914975E-17  9.846338960741E-01
  1.197675195524E+00  3.872875328905E-17  1.388562559504E-09  1.112554649852E+00 -3.597624358387E-17  1.112554650209E+00
  1.302324804476E+00  4.453797355784E-17  3.948941925303E-10  1.249155454999E+00 -4.271964445666E-17  1.249155454773E+00
  1.397925045358E+00  4.984485298722E-17  3.516697349970E-09  1.371474631422E+00 -4.890172875255E-17  1.371474631534E+00
  1.467935037127E+00  5.373118822801E-17  8.377041885326E-10  1.459831244769E+00 -5.343456311478E-17  1.459831244694E+00
  1.500000000000E+00  5.551115123126E-17 -5.551115123126E-17  1.500000000000E+00 -5.551115123126E-17  1.500000000000E+00
  9.987318243030E-01  5.034623247436E-02 -4.247963449810E-02  8.426799774032E-01 -4.247963365024E-02  8.426799767557E-01
  1.030756123169E+00  5.196058254943E-02 -4.473570775524E-02  8.874343166982E-01 -4.473570711601E-02  8.874343160078E-01
  1.100677329968E+00  5.548532187056E-02 -4.957260926896E-02  9.833852086913E-01 -4.957260703388E-02  9.833852072967E-01
  1.196156332949E+00  6.029843382264E-02 -5.601293568814E-02  1.111143736806E+00 -5.601293505987E-02  1.111143735440E+00
  1.300673227809E+00  6.556714736325E-02 -6.289027372125E-02  1.247571308087E+00 -6.289027092260E-02  1.247571306183E+00
  1.396152230790E+00  7.038025931534E-02 -6.904858050596E-02  1.369735362485E+00 -6.904858063190E-02  1.369735360737E+00
  1.466073437589E+00  7.390499863647E-02 -7.349700369202E-02  1.457979923666E+00 -7.349700321869E-02  1.457979922188E+00
  1.498097736455E+00  7.551934871154E-02 -7.551934871154E-02  1.498097736455E+00 -7.551934871154E-02  1.498097736455E+00
  9.871732235560E-01  1.596528317756E-01 -1.347070757950E-01  8.329274064187E-01 -1.347070768106E-01  8.329274073754E-01
  1.018826896318E+00  1.647720938990E-01 -1.418613050443E-01  8.771637909224E-01 -1.418613066269E-01  8.771637922313E-01
  1.087938885574E+00  1.759493873375E-01 -1.571995890639E-01  9.720042153874E-01 -1.571995897705E-01  9.720042172101E-01
  1.182312883539E+00  1.912122365128E-01 -1.776224973797E-01  1.098284157023E+00 -1.776225004110E-01  1.098284160430E+00
  1.285620175351E+00  2.079198429261E-01 -1.994312052686E-01  1.233132811798E+00 -1.994312056824E-01  1.233132817011E+00
  1.379994173316E+00  2.231826921014E-01 -2.189598069725E-01  1.353883026715E+00 -2.189598086328E-01  1.353883033037E+00
  1.449106162572E+00  2.343599855400E-01 -2.330661924487E-01  1.441106311832E+00 -2.330661921298E-01  1.441106315672E+00
  1.480759835334E+00  2.394792476634E-01 -2.394792476634E-01  1.480759835334E+00 -2.394792476634E-01  1.480759835334E+00
  9.521786388467E-01  3.055418788382E-01 -2.578009607884E-01  8.034007276120E-01 -2.578009602697E-01  8.034007265269E-01
  9.827102115494E-01  3.153390678391E-01 -2.714926489164E-01  8.460689646755E-01 -2.714926486374E-01  8.460689631793E-01
  1.049372230218E+00  3.367300522617E-01 -3.008468925089E-01  9.375473655957E-01 -3.008468905742E-01  9.375473629262E-01
  1.140400737455E+00  3.659399294784E-01 -3.399320386530E-01  1.059350777346E+00 -3.399320381351E-01  1.059350772479E+00
  1.240045859662E+00  3.979147676170E-01 -3.816693081174E-01  1.189419148040E+00 -3.816693046122E-01  1.189419140633E+00
  1.331074366899E+00  4.271246448337E-01 -4.190429371962E-01  1.305888856718E+00 -4.190429356978E-01  1.305888847867E+00
  1.397736385567E+00  4.485156292563E-01 -4.460395829965E-01  1.390020132416E+00 -4.460395812904E-01  1.390020127519E+00
  1.428267958270E+00  4.583128182573E-01 -4.583128182573E-01  1.428267958270E+00 -4.583128182573E-01  1.428267958270E+00
  8.893427068925E-01  4.572412379666E-01 -3.857972943140E-01  7.503829073059E-01 -3.857972945343E-01  7.503829089405E-01
  9.178594477700E-01  4.719026612858E-01 -4.062868075443E-01  7.902353921073E-01 -4.062868083218E-01  7.902353941094E-01
  9.801223233594E-01  5.039141165923E-01 -4.502152215901E-01  8.756769711755E-01 -4.502152215848E-01  8.756769744326E-01
  1.065143700366E+00  5.476264890834E-01 -5.087058625876E-01  9.894423594994E-01 -5.087058655672E-01  9.894423641831E-01
  1.158213066866E+00  5.954766058330E-01 -5.711653843057E-01  1.110927285928E+00 -5.711653865530E-01  1.110927293477E+00
  1.243234443872E+00  6.391889783241E-01 -6.270947531852E-01  1.219710953582E+00 -6.270947583624E-01  1.219710961243E+00
  1.305497319461E+00  6.712004336306E-01 -6.674950433755E-01  1.298290266163E+00 -6.674950455461E-01  1.298290270762E+00
  1.334014060339E+00  6.858618569498E-01 -6.858618569498E-01  1.334014060339E+00 -6.858618569498E-01  1.334014060339E+00
  8.109284805664E-01  5.851452805981E-01 -4.937163302982E-01  6.842209069923E-01 -4.937163305047E-01  6.842209054779E-01
  8.369308721881E-01  6.039079422956E-01 -5.199373732643E-01  7.205595595500E-01 -5.199373737942E-01  7.205595576019E-01
  8.937039684379E-01  6.448739585740E-01 -5.761538783114E-01  7.984676716268E-01 -5.761538774047E-01  7.984676692576E-01
  9.712289265187E-01  7.008139883505E-01 -6.510061026933E-01  9.022022562850E-01 -6.510061029776E-01  9.022022520414E-01
  1.056092274897E+00  7.620492131448E-01 -7.309374225003E-01  1.012975739310E+00 -7.309374190937E-01  1.012975734930E+00
  1.133617232978E+00  8.179892429213E-01 -8.025119110705E-01  1.112167844467E+00 -8.025119081022E-01  1.112167839085E+00
  1.190390329228E+00  8.589552591997E-01 -8.542133662782E-01  1.183818735729E+00 -8.542133633023E-01  1.183818733143E+00
  1.216392720850E+00  8.777179208972E-01 -8.777179208972E-01  1.216392720850E+00 -8.777179208972E-01  1.216392720850E+00
  7.418102079413E-01  6.706098831617E-01 -5.658270887535E-01  6.259023616284E-01 -5.658270889177E-01  6.259023629505E-01
  7.655963247174E-01  6.921129641672E-01 -5.958779003061E-01  6.591437431806E-01 -5.958779008439E-01  6.591437445697E-01
  8.175304512697E-01  7.390623565677E-01 -6.603052226302E-01  7.304114728432E-01 -6.603052220033E-01  7.304114751928E-01
  8.884476858381E-01  8.031728229362E-01 -7.460901428230E-01  8.253043945303E-01 -7.460901439879E-01  8.253043964179E-01
  9.660778340152E-01  8.733518849679E-01 -8.376959943880E-01  9.266362646825E-01 -8.376959935759E-01  9.266362676559E-01
  1.036995068584E+00  9.374623513365E-01 -9.197244409012E-01  1.017373880279E+00 -9.197244424122E-01  1.017373881604E+00
  1.088929195136E+00  9.844117437369E-01 -9.789772597979E-01  1.082917717881E+00 -9.789772604399E-01  1.082917719186E+00
  1.112715311912E+00  1.005914824742E+00 -1.005914824742E+00  1.112715311912E+00 -1.005914824742E+00  1.112715311912E+00
  7.071067811865E-01  7.071067811865E-01 -5.966213466867E-01  5.966213463606E-01 -5.966213466261E-01  5.966213466261E-01
  7.297801338723E-01  7.297801338723E-01 -6.283076268649E-01  6.283076270632E-01 -6.283076271698E-01  6.283076271698E-01
  7.792846738030E-01  7.792846738030E-01 -6.962413057076E-01  6.962413042734E-01 -6.962413049002E-01  6.962413049002E-01
  8.468842524142E-01  8.468842524142E-01 -7.866949363689E-01  7.866949383326E-01 -7.866949376037E-01  7.866949376037E-01
  9.208827005522E-01  9.208827005522E-01 -8.832862927067E-01  8.832862932652E-01 -8.832862928259E-01  8.832862928259E-01
  9.884822791634E-01  9.884822791634E-01 -9.697790096171E-01  9.697790145904E-01 -9.697790121830E-01  9.697790121830E-01
  1.037986819094E+00  1.037986819094E+00 -1.032256571972E+00  1.032256573156E+00 -1.032256572511E+00  1.032256572511E+00
  1.060660171780E+00  1.060660171780E+00 -1.060660171780E+00  1.060660171780E+00 -1.060660171780E+00  1.060660171780E+00
  7.071067811865E-01  7.071067811865E-01 -5.966213466867E-01  5.966213463606E-01 -5.966213466261E-01  5.966213466261E-01
  7.297801338723E-01  7.297801338723E-01 -6.283076268649E-01  6.283076270632E-01 -6.283076271698E-01  6.283076271698E-01
  7.792846738030E-01  7.792846738030E-01 -6.962413057076E-01  6.962413042734E-01 -6.962413049002E-01  6.962413049002E-01
  8.468842524142E-01  8.468842524142E-01 -7.866949363689E-01  7.866949383326E-01 -7.866949376037E-01  7.866949376037E-01
  9.208827005522E-01  9.208827005522E-01 -8.832862927067E-01  8.832862932652E-01 -8.832862928259E-01  8.832862928259E-01
  9.884822791634E-01  9.884822791634E-01 -9.697790096171E-01  9.697790145904E-01 -9.697790121830E-01  9.697790121830E-01
  1.037986819094E+00  1.037986819094E+00 -1.032256571972E+00  1.032256573156E+00 -1.032256572511E+00  1.032256572511E+00
  1.060660171780E+00  1.060660171780E+00 -1.060660171780E+00  1.060660171780E+00 -1.060660171780E+00  1.060660171780E+00
  6.706098831617E-01  7.418102079413E-01 -6.259023640079E-01  5.658270887760E-01 -6.259023629505E-01  5.658270889177E-01
  6.921129641672E-01  7.655963247174E-01 -6.591437455099E-01  5.958779008801E-01 -6.591437445697E-01  5.958779008439E-01
  7.390623565677E-01  8.175304512697E-01 -7.304114777593E-01  6.603052214090E-01 -7.304114751928E-01  6.603052220033E-01
  8.031728229362E-01  8.884476858381E-01 -8.253043978275E-01  7.460901445090E-01 -8.253043964179E-01  7.460901439879E-01
  8.733518849679E-01  9.660778340152E-01 -9.266362709814E-01  8.376959929435E-01 -9.266362676559E-01  8.376959935759E-01
  9.374623513365E-01  1.036995068584E+00 -1.017373882751E+00  9.197244437371E-01 -1.017373881604E+00  9.197244424122E-01
  9.844117437369E-01  1.088929195136E+00 -1.082917720565E+00  9.789772611502E-01 -1.082917719186E+00  9.789772604399E-01
  1.005914824742E+00  1.112715311912E+00 -1.112715311912E+00  1.005914824742E+00 -1.112715311912E+00  1.005914824742E+00
  5.851452805981E-01  8.109284805664E-01 -6.842209040833E-01  4.937163305463E-01 -6.842209054779E-01  4.937163305047E-01
  6.039079422956E-01  8.369308721881E-01 -7.205595555573E-01  5.199373739877E-01 -7.205595576019E-01  5.199373737942E-01
  6.448739585740E-01  8.937039684379E-01 -7.984676674692E-01  5.761538766155E-01 -7.984676692576E-01  5.761538774047E-01
  7.008139883505E-01  9.712289265187E-01 -9.022022474894E-01  6.510061027125E-01 -9.022022520414E-01  6.510061029776E-01
  7.620492131448E-01  1.056092274897E+00 -1.012975730952E+00  7.309374157005E-01 -1.012975734930E+00  7.309374190937E-01
  8.179892429213E-01  1.133617232978E+00 -1.112167833441E+00  8.025119048058E-01 -1.112167839085E+00  8.025119081022E-01
  8.589552591997E-01  1.190390329228E+00 -1.183818730653E+00  8.542133603611E-01 -1.183818733143E+00  8.542133633023E-01
  8.777179208972E-01  1.216392720850E+00 -1.216392720850E+00  8.777179208972E-01 -1.216392720850E+00  8.777179208972E-01
  4.572412379666E-01  8.893427068925E-01 -7.503829100745E-01  3.857972949348E-01 -7.503829089405E-01  3.857972945343E-01
  4.719026612858E-01  9.178594477700E-01 -7.902353953646E-01  4.062868091825E-01 -7.902353941094E-01  4.062868083218E-01
  5.039141165923E-01  9.801223233594E-01 -8.756769776883E-01  4.502152221044E-01 -8.756769744326E-01  4.502152215848E-01
  5.476264890834E-01  1.065143700366E+00 -9.894423679907E-01  5.087058686425E-01 -9.894423641831E-01  5.087058655672E-01
  5.954766058330E-01  1.158213066866E+00 -1.110927301192E+00  5.711653893113E-01 -1.110927293477E+00  5.711653865530E-01
  6.391889783241E-01  1.243234443872E+00 -1.219710968561E+00  6.270947635617E-01 -1.219710961243E+00  6.270947583624E-01
  6.712004336306E-01  1.305497319461E+00 -1.298290275431E+00  6.674950478025E-01 -1.298290270762E+00  6.674950455461E-01
  6.858618569498E-01  1.334014060339E+00 -1.334014060339E+00  6.858618569498E-01 -1.334014060339E+00  6.858618569498E-01
  3.055418788382E-01  9.521786388467E-01 -8.034007252154E-01  2.578009592697E-01 -8.034007265269E-01  2.578009602697E-01
  3.153390678391E-01  9.827102115494E-01 -8.460689612139E-01  2.714926477715E-01 -8.460689631793E-01  2.714926486374E-01
  3.367300522617E-01  1.049372230218E+00 -9.375473606268E-01  3.008468882673E-01 -9.375473629262E-01  3.008468905742E-01
  3.659399294784E-01  1.140400737455E+00 -1.059350767060E+00  3.399320369302E-01 -1.059350772479E+00  3.399320381351E-01
  3.979147676170E-01  1.240045859662E+00 -1.189419133707E+00  3.816693008634E-01 -1.189419140633E+00  3.816693046122E-01
  4.271246448337E-01  1.331074366899E+00 -1.305888838789E+00  4.190429339418E-01 -1.305888847867E+00  4.190429356978E-01
  4.485156292563E-01  1.397736385567E+00 -1.390020122731E+00  4.460395795730E-01 -1.390020127519E+00  4.460395812904E-01
  4.583128182573E-01  1.428267958270E+00 -1.428267958270E+00  4.583128182573E-01 -1.428267958270E+00  4.583128182573E-01
  1.596528317756E-01  9.871732235560E-01 -8.329274083003E-01  1.347070780275E-01 -8.329274073754E-01  1.347070768106E-01
  1.647720938990E-01  1.018826896318E+00 -8.771637932341E-01  1.418613083791E-01 -8.771637922313E-01  1.418613066269E-01
  1.759493873375E-01  1.087938885574E+00 -9.720042195265E-01  1.571995908046E-01 -9.720042172101E-01  1.571995897705E-01
  1.912122365128E-01  1.182312883539E+00 -1.098284163229E+00  1.776225036127E-01 -1.098284160430E+00  1.776225004110E-01
  2.079198429261E-01  1.285620175351E+00 -1.233132822516E+00  1.994312063702E-01 -1.233132817011E+00  1.994312056824E-01
  2.231826921014E-01  1.379994173316E+00 -1.353883038941E+00  2.189598103395E-01 -1.353883033037E+00  2.189598086328E-01
  2.343599855400E-01  1.449106162572E+00 -1.441106319605E+00  2.330661918540E-01 -1.441106315672E+00  2.330661921298E-01
  2.394792476634E-01  1.480759835334E+00 -1.480759835334E+00  2.394792476634E-01 -1.480759835334E+00  2.394792476634E-01
  5.034623247436E-02  9.987318243030E-01 -8.426799757048E-01  4.247963283146E-02 -8.426799767557E-01  4.247963365024E-02
  5.196058254943E-02  1.030756123169E+00 -8.874343146454E-01  4.473570651407E-02 -8.874343160078E-01  4.473570711601E-02
  5.548532187056E-02  1.100677329968E+00 -9.833852060786E-01  4.957260492919E-02 -9.833852072967E-01  4.957260703388E-02
  6.029843382264E-02  1.196156332949E+00 -1.111143733282E+00  5.601293454888E-02 -1.111143735440E+00  5.601293505987E-02
  6.556714736325E-02  1.300673227809E+00 -1.247571304655E+00  6.289026824579E-02 -1.247571306183E+00  6.289027092260E-02
  7.038025931534E-02  1.396152230790E+00 -1.369735358731E+00  6.904858076287E-02 -1.369735360737E+00  6.904858063190E-02
  7.390499863647E-02  1.466073437589E+00 -1.457979920811E+00  7.349700275024E-02 -1.457979922188E+00  7.349700321869E-02
  7.551934871154E-02  1.498097736455E+00 -1.498097736455E+00  7.551934871154E-02 -1.498097736455E+00  7.551934871154E-02
  6.123233995737E-17  1.000000000000E+00 -8.437499998551E-01 -2.305652854104E-10 -8.437500000000E-01  5.166478683903E-17
  7.031560467768E-17  1.032064962873E+00 -8.885611673950E-01  1.401812604331E-10 -8.885611676860E-01  6.053854945821E-17
  9.014782125728E-17  1.102074954642E+00 -9.846338962019E-01 -1.014162158645E-09 -9.846338960741E-01  8.054134620636E-17
  1.172291654245E-16  1.197675195524E+00 -1.112554649852E+00  1.388562665080E-09 -1.112554650209E+00  1.088975154705E-16
  1.468739869314E-16  1.302324804476E+00 -1.249155454999E+00  3.948943791795E-10 -1.249155454773E+00  1.408776376746E-16
  1.739553310987E-16  1.397925045358E+00 -1.371474631422E+00  3.516697515202E-09 -1.371474631534E+00  1.706638881778E-16
  1.937875476782E-16  1.467935037127E+00 -1.459831244769E+00  8.377042848739E-10 -1.459831244694E+00  1.927177359885E-16
  2.028708123986E-16  1.500000000000E+00 -1.500000000000E+00  2.028708123986E-16 -1.500000000000E+00  2.028708123986E-16
  6.123233995737E-17  1.000000000000E+00 -8.437499998551E-01 -2.305652854104E-10 -8.437500000000E-01  5.166478683903E-17
  7.031560467768E-17  1.032064962873E+00 -8.885611673950E-01  1.401812604331E-10 -8.885611676860E-01  6.053854945821E-17
  9.014782125728E-17  1.102074954642E+00 -9.846338962019E-01 -1.014162158645E-09 -9.846338960741E-01  8.054134620636E-17
  1.172291654245E-16  1.197675195524E+00 -1.112554649852E+00  1.388562665080E-09 -1.112554650209E+00  1.088975154705E-16
  1.468739869314E-16  1.302324804476E+00 -1.249155454999E+00  3.948943791795E-10 -1.249155454773E+00  1.408776376746E-16
  1.739553310987E-16  1.397925045358E+00 -1.371474631422E+00  3.516697515202E-09 -1.371474631534E+00  1.706638881778E-16
  1.937875476782E-16  1.467935037127E+00 -1.459831244769E+00  8.377042848739E-10 -1.459831244694E+00  1.927177359885E-16
  2.028708123986E-16  1.500000000000E+00 -1.500000000000E+00  2.028708123986E-16 -1.500000000000E+00  2.028708123986E-16
 -5.034623247436E-02  9.987318243030E-01 -8.426799774032E-01 -4.247963449810E-02 -8.426799767557E-01 -4.247963365024E-02
 -5.196058254943E-02  1.030756123169E+00 -8.874343166982E-01 -4.473570775524E-02 -8.874343160078E-01 -4.473570711601E-02
 -5.548532187056E-02  1.100677329968E+00 -9.833852086913E-01 -4.957260926896E-02 -9.833852072967E-01 -4.957260703388E-02
 -6.029843382264E-02  1.196156332949E+00 -1.111143736806E+00 -5.601293568814E-02 -1.111143735440E+00 -5.601293505987E-02
 -6.556714736325E-02  1.300673227809E+00 -1.247571308087E+00 -6.289027372125E-02 -1.247571306183E+00 -6.289027092260E-02
 -7.038025931534E-02  1.396152230790E+00 -1.369735362485E+00 -6.904858050596E-02 -1.369735360737E+00 -6.904858063190E-02
 -7.390499863647E-02  1.466073437589E+00 -1.457979923666E+00 -7.349700369202E-02 -1.457979922188E+00 -7.349700321869E-02
 -7.551934871154E-02  1.498097736455E+00 -1.498097736455E+00 -7.551934871154E-02 -1.498097736455E+00 -7.551934871154E-02
 -1.596528317756E-01  9.871732235560E-01 -8.329274064187E-01 -1.347070757950E-01 -8.329274073754E-01 -1.347070768106E-01
 -1.647720938990E-01  1.018826896318E+00 -8.771637909224E-01 -1.418613050443E-01 -8.771637922313E-01 -1.418613066269E-01
 -1.759493873375E-01  1.087938885574E+00 -9.720042153874E-01 -1.571995890639E-01 -9.720042172101E-01 -1.571995897705E-01
 -1.912122365128E-01  1.182312883539E+00 -1.098284157023E+00 -1.776224973797E-01 -1.098284160430E+00 -1.776225004110E-01
 -2.079198429261E-01  1.285620175351E+00 -1.233132811798E+00 -1.994312052686E-01 -1.233132817011E+00 -1.994312056824E-01
 -2.231826921014E-01  1.379994173316E+00 -1.353883026715E+00 -2.189598069725E-01 -1.353883033037E+00 -2.189598086328E-01
 -2.343599855400E-01  1.449106162572E+00 -1.441106311832E+00 -2.330661924487E-01 -1.441106315672E+00 -2.330661921298E-01
 -2.394792476634E-01  1.480759835334E+00 -1.480759835334E+00 -2.394792476634E-01 -1.480759835334E+00 -2.394792476634E-01
 -3.055418788382E-01  9.521786388467E-01 -8.034007276120E-01 -2.578009607884E-01 -8.034007265269E-01 -2.578009602697E-01
 -3.153390678391E-01  9.827102115494E-01 -8.460689646755E-01 -2.714926489164E-01 -8.460689631793E-01 -2.714926486374E-01
 -3.367300522617E-01  1.049372230218E+00 -9.375473655957E-01 -3.008468925089E-01 -9.375473629262E-01 -3.008468905742E-01
 -3.659399294784E-01  1.140400737455E+00 -1.059350777346E+00 -3.399320386530E-01 -1.059350772479E+00 -3.399320381351E-01
 -3.979147676170E-01  1.240045859662E+00 -1.189419148040E+00 -3.816693081174E-01 -1.189419140633E+00 -3.816693046122E-01
 -4.271246448337E-01  1.331074366899E+00 -1.305888856718E+00 -4.190429371962E-01 -1.305888847867E+00 -4.190429356978E-01
 -4.485156292563E-01  1.397736385567E+00 -1.390020132416E+00 -4.460395829965E-01 -1.390020127519E+00 -4.460395812904E-01
 -4.583128182573E-01  1.428267958270E+00 -1.428267958270E+00 -4.583128182573E-01 -1.428267958270E+00 -4.583128182573E-01
 -4.572412379666E-01  8.893427068925E-01 -7.503829073059E-01 -3.857972943140E-01 -7.503829089405E-01 -3.857972945343E-01
 -4.719026612858E-01  9.178594477700E-01 -7.902353921073E-01 -4.062868075443E-01 -7.902353941094E-01 -4.062868083218E-01
 -5.039141165923E-01  9.801223233594E-01 -8.756769711755E-01 -4.502152215901E-01 -8.756769744326E-01 -4.502152215848E-01
 -5.476264890834E-01  1.065143700366E+00 -9.894423594994E-01 -5.087058625876E-01 -9.894423641831E-01 -5.087058655672E-01
 -5.954766058330E-01  1.158213066866E+00 -1.110927285928E+00 -5.711653843057E-01 -1.110927293477E+00 -5.711653865530E-01
 -6.391889783241E-01  1.243234443872E+00 -1.219710953582E+00 -6.270947531852E-01 -1.219710961243E+00 -6.270947583624E-01
 -6.712004336306E-01  1.305497319461E+00 -1.298290266163E+00 -6.674950433755E-01 -1.298290270762E+00 -6.674950455461E-01
 -6.858618569498E-01  1.334014060339E+00 -1.334014060339E+00 -6.858618569498E-01 -1.334014060339E+00 -6.858618569498E-01
 -5.851452805981E-01  8.109284805664E-01 -6.842209069923E-01 -4.937163302982E-01 -6.842209054779E-01 -4.937163305047E-01
 -6.039079422956E-01  8.369308721881E-01 -7.205595595500E-01 -5.199373732643E-01 -7.205595576019E-01 -5.199373737942E-01
 -6.448739585740E-01  8.937039684379E-01 -7.984676716268E-01 -5.761538783114E-01 -7.984676692576E-01 -5.761538774047E-01
 -7.008139883505E-01  9.712289265187E-01 -9.022022562850E-01 -6.510061026933E-01 -9.022022520414E-01 -6.510061029776E-01
 -7.620492131448E-01  1.056092274897E+00 -1.012975739310E+00 -7.309374225003E-01 -1.012975734930E+00 -7.309374190937E-01
 -8.179892429213E-01  1.133617232978E+00 -1.112167844467E+00 -8.025119110705E-01 -1.112167839085E+00 -8.025119081022E-01
 -8.589552591997E-01  1.190390329228E+00 -1.183818735729E+00 -8.542133662782E-01 -1.183818733143E+00 -8.542133633023E-01
 -8.777179208972E-01  1.216392720850E+00 -1.216392720850E+00 -8.777179208972E-01 -1.216392720850E+00 -8.777179208972E-01
 -6.706098831617E-01  7.418102079413E-01 -6.259023616284E-01 -5.658270887535E-01 -6.259023629505E-01 -5.658270889177E-01
 -6.921129641672E-01  7.655963247174E-01 -6.591437431806E-01 -5.958779003061E-01 -6.591437445697E-01 -5.958779008439E-01
 -7.390623565677E-01  8.175304512697E-01 -7.304114728432E-01 -6.603052226302E-01 -7.304114751928E-01 -6.603052220033E-01
 -8.031728229362E-01  8.884476858381E-01 -8.253043945303E-01 -7.460901428230E-01 -8.253043964179E-01 -7.460901439879E-01
 -8.733518849679E-01  9.660778340152E-01 -9.266362646825E-01 -8.376959943880E-01 -9.266362676559E-01 -8.376959935759E-01
 -9.374623513365E-01  1.036995068584E+00 -1.017373880279E+00 -9.197244409012E-01 -1.017373881604E+00 -9.197244424122E-01
 -9.844117437369E-01  1.088929195136E+00 -1.082917717881E+00 -9.789772597979E-01 -1.082917719186E+00 -9.789772604399E-01
 -1.005914824742E+00  1.112715311912E+00 -1.112715311912E+00 -1.005914824742E+00 -1.112715311912E+00 -1.005914824742E+00
 -7.071067811865E-01  7.071067811865E-01 -5.966213463606E-01 -5.966213466867E-01 -5.966213466261E-01 -5.966213466261E-01
 -7.297801338723E-01  7.297801338723E-01 -6.283076270632E-01 -6.283076268649E-01 -6.283076271698E-01 -6.283076271698E-01
 -7.792846738030E-01  7.792846738030E-01 -6.962413042734E-01 -6.962413057076E-01 -6.962413049002E-01 -6.962413049002E-01
 -8.468842524142E-01  8.468842524142E-01 -7.866949383326E-01 -7.866949363689E-01 -7.866949376037E-01 -7.866949376037E-01
 -9.208827005522E-01  9.208827005522E-01 -8.832862932652E-01 -8.832862927067E-01 -8.832862928259E-01 -8.832862928259E-01
 -9.884822791634E-01  9.884822791634E-01 -9.697790145904E-01 -9.697790096171E-01 -9.697790121830E-01 -9.697790121830E-01
 -1.037986819094E+00  1.037986819094E+00 -1.032256573156E+00 -1.032256571972E+00 -1.032256572511E+00 -1.032256572511E+00
 -1.060660171780E+00  1.060660171780E+00 -1.060660171780E+00 -1.060660171780E+00 -1.060660171780E+00 -1.060660171780E+00
 -7.071067811865E-01  7.071067811865E-01 -5.966213463606E-01 -5.966213466867E-01 -5.966213466261E-01 -5.966213466261E-01
 -7.297801338723E-01  7.297801338723E-01 -6.283076270632E-01 -6.283076268649E-01 -6.283076271698E-01 -6.283076271698E-01
 -7.792846738030E-01  7.792846738030E-01 -6.962413042734E-01 -6.962413057076E-01 -6.962413049002E-01 -6.962413049002E-01
 -8.468842524142E-01  8.468842524142E-01 -7.866949383326E-01 -7.866949363689E-01 -7.866949376037E-01 -7.866949376037E-01
 -9.208827005522E-01  9.208827005522E-01 -8.832862932652E-01 -8.832862927067E-01 -8.832862928259E-01 -8.832862928259E-01
 -9.884822791634E-01  9.884822791634E-01 -9.697790145904E-01 -9.697790096171E-01 -9.697790121830E-01 -9.697790121830E-01
 -1.037986819094E+00  1.037986819094E+00 -1.032256573156E+00 -1.032256571972E+00 -1.032256572511E+00 -1.032256572511E+00
 -1.060660171780E+00  1.060660171780E+00 -1.060660171780E+00 -1.060660171780E+00 -1.060660171780E+00 -1.060660171780E+00
 -7.418102079413E-01  6.706098831617E-01 -5.658270887760E-01 -6.259023640079E-01 -5.658270889177E-01 -6.259023629505E-01
 -7.655963247174E-01  6.921129641672E-01 -5.958779008801E-01 -6.591437455099E-01 -5.958779008439E-01 -6.591437445697E-01
 -8.175304512697E-01  7.390623565677E-01 -6.603052214090E-01 -7.304114777593E-01 -6.603052220033E-01 -7.304114751928E-01
 -8.884476858381E-01  8.031728229362E-01 -7.460901445090E-01 -8.253043978275E-01 -7.460901439879E-01 -8.253043964179E-01
 -9.660778340152E-01  8.733518849679E-01 -8.376959929435E-01 -9.266362709814E-01 -8.376959935759E-01 -9.266362676559E-01
 -1.036995068584E+00  9.374623513365E-01 -9.197244437371E-01 -1.017373882751E+00 -9.197244424122E-01 -1.017373881604E+00
 -1.088929195136E+00  9.844117437369E-01 -9.789772611502E-01 -1.082917720565E+00 -9.789772604399E-01 -1.082917719186E+00
 -1.112715311912E+00  1.005914824742E+00 -1.005914824742E+00 -1.112715311912E+00 -1.005914824742E+00 -1.112715311912E+00
 -8.109284805664E-01  5.851452805981E-01 -4.937163305463E-01 -6.842209040833E-01 -4.937163305047E-01 -6.842209054779E-01
 -8.369308721881E-01  6.039079422956E-01 -5.199373739877E-01 -7.205595555573E-01 -5.199373737942E-01 -7.205595576019E-01
 -8.937039684379E-01  6.448739585740E-01 -5.761538766155E-01 -7.984676674692E-01 -5.761538774047E-01 -7.984676692576E-01
 -9.712289265187E-01  7.008139883505E-01 -6.510061027125E-01 -9.022022474894E-01 -6.510061029776E-01 -9.022022520414E-01
 -1.056092274897E+00  7.620492131448E-01 -7.309374157005E-01 -1.012975730952E+00 -7.309374190937E-01 -1.012975734930E+00
 -1.133617232978E+00  8.179892429213E-01 -8.025119048058E-01 -1.112167833441E+00 -8.025119081022E-01 -1.112167839085E+00
 -1.190390329228E+00  8.589552591997E-01 -8.542133603611E-01 -1.183818730653E+00 -8.542133633023E-01 -1.183818733143E+00
 -1.216392720850E+00  8.777179208972E-01 -8.777179208972E-01 -1.216392720850E+00 -8.777179208972E-01 -1.216392720850E+00
 -8.893427068925E-01  4.572412379666E-01 -3.857972949348E-01 -7.503829100745E-01 -3.857972945343E-01 -7.503829089405E-01
 -9.178594477700E-01  4.719026612858E-01 -4.062868091825E-01 -7.902353953646E-01 -4.062868083218E-01 -7.902353941094E-01
 -9.801223233594E-01  5.039141165923E-01 -4.502152221044E-01 -8.756769776883E-01 -4.502152215848E-01 -8.756769744326E-01
 -1.065143700366E+00  5.476264890834E-01 -5.087058686425E-01 -9.894423679907E-01 -5.087058655672E-01 -9.894423641831E-01
 -1.158213066866E+00  5.954766058330E-01 -5.711653893113E-01 -1.110927301192E+00 -5.711653865530E-01 -1.110927293477E+00
 -1.243234443872E+00  6.391889783241E-01 -6.270947635617E-01 -1.219710968561E+00 -6.270947583624E-01 -1.219710961243E+00
 -1.305497319461E+00  6.712004336306E-01 -6.674950478025E-01 -1.298290275431E+00 -6.674950455461E-01 -1.298290270762E+00
 -1.334014060339E+00  6.858618569498E-01 -6.858618569498E-01 -1.334014060339E+00 -6.858618569498E-01 -1.334014060339E+00
 -9.521786388467E-01  3.055418788382E-01 -2.578009592697E-01 -8.034007252154E-01 -2.578009602697E-01 -8.034007265269E-01
 -9.827102115494E-01  3.153390678391E-01 -2.714926477715E-01 -8.460689612139E-01 -2.714926486374E-01 -8.460689631793E-01
 -1.049372230218E+00  3.367300522617E-01 -3.008468882673E-01 -9.375473606268E-01 -3.008468905742E-01 -9.375473629262E-01
 -1.140400737455E+00  3.659399294784E-01 -3.399320369302E-01 -1.059350767060E+00 -3.399320381351E-01 -1.059350772479E+00
 -1.240045859662E+00  3.979147676170E-01 -3.816693008634E-01 -1.189419133707E+00 -3.816693046122E-01 -1.189419140633E+00
 -1.331074366899E+00  4.271246448337E-01 -4.190429339418E-01 -1.305888838789E+00 -4.190429356978E-01 -1.305888847867E+00
 -1.397736385567E+00  4.485156292563E-01 -4.460395795730E-01 -1.390020122731E+00 -4.460395812904E-01 -1.390020127519E+00
 -1.428267958270E+00  4.583128182573E-01 -4.583128182573E-01 -1.428267958270E+00 -4.583128182573E-01 -1.428267958270E+00
 -9.871732235560E-01  1.596528317756E-01 -1.347070780275E-01 -8.329274083003E-01 -1.347070768106E-01 -8.329274073754E-01
 -1.018826896318E+00  1.647720938990E-01 -1.418613083791E-01 -8.771637932341E-01 -1.418613066269E-01 -8.771637922313E-01
 -1.087938885574E+00  1.759493873375E-01 -1.571995908046E-01 -9.720042195265E-01 -1.571995897705E-01 -9.720042172101E-01
 -1.182312883539E+00  1.912122365128E-01 -1.776225036127E-01 -1.098284163229E+00 -1.776225004110E-01 -1.098284160430E+00
 -1.285620175351E+00  2.079198429261E-01 -1.994312063702E-01 -1.233132822516E+00 -1.994312056824E-01 -1.233132817011E+00
 -1.379994173316E+00  2.231826921014E-01 -2.189598103395E-01 -1.353883038941E+00 -2.189598086328E-01 -1.353883033037E+00
 -1.449106162572E+00  2.343599855400E-01 -2.330661918540E-01 -1.441106319605E+00 -2.330661921298E-01 -1.441106315672E+00
 -1.480759835334E+00  2.394792476634E-01 -2.394792476634E-01 -1.480759835334E+00 -2.394792476634E-01 -1.480759835334E+00
 -9.987318243030E-01  5.034623247436E-02 -4.247963283146E-02 -8.426799757048E-01 -4.247963365024E-02 -8.426799767557E-01
 -1.030756123169E+00  5.196058254943E-02 -4.473570651407E-02 -8.874343146454E-01 -4.473570711601E-02 -8.874343160078E-01
 -1.100677329968E+00  5.548532187056E-02 -4.957260492919E-02 -9.833852060786E-01 -4.957260703388E-02 -9.833852072967E-01
 -1.196156332949E+00  6.029843382265E-02 -5.601293454888E-02 -1.111143733282E+00 -5.601293505988E-02 -1.111143735440E+00
 -1.300673227809E+00  6.556714736326E-02 -6.289026824579E-02 -1.247571304655E+00 -6.289027092260E-02 -1.247571306183E+00
 -1.396152230790E+00  7.038025931534E-02 -6.904858076287E-02 -1.369735358731E+00 -6.904858063190E-02 -1.369735360737E+00
 -1.466073437589E+00  7.390499863647E-02 -7.349700275024E-02 -1.457979920811E+00 -7.349700321869E-02 -1.457979922188E+00
 -1.498097736455E+00  7.551934871154E-02 -7.551934871154E-02 -1.498097736455E+00 -7.551934871154E-02 -1.498097736455E+00
 -1.000000000000E+00  1.665334536938E-16  2.305652548269E-10 -8.437499998551E-01 -1.405126015541E-16 -8.437500000000E-01
 -1.032064962873E+00  1.807731577197E-16 -1.401812365846E-10 -8.885611673950E-01 -1.556374975299E-16 -8.885611676860E-01
 -1.102074954642E+00  2.118638396461E-16  1.014162226996E-09 -9.846338962019E-01 -1.892868692727E-16 -9.846338960741E-01
 -1.197675195524E+00  2.543188750812E-16 -1.388562740130E-09 -1.112554649852E+00 -2.362440569571E-16 -1.112554650209E+00
 -1.302324804476E+00  3.007926372314E-16 -3.948943848415E-10 -1.249155454999E+00 -2.885123298442E-16 -1.249155454773E+00
 -1.397925045358E+00  3.432476726665E-16 -3.516697662413E-09 -1.371474631422E+00 -3.367530161637E-16 -1.371474631534E+00
 -1.467935037127E+00  3.743383545928E-16 -8.377045751505E-10 -1.459831244769E+00 -3.722718051552E-16 -1.459831244694E+00
 -1.500000000000E+00  3.885780586188E-16 -3.885780586188E-16 -1.500000000000E+00 -3.885780586188E-16 -1.500000000000E+00
 -1.000000000000E+00  1.665334536938E-16  2.305652548269E-10 -8.437499998551E-01 -1.405126015541E-16 -8.437500000000E-01
 -1.032064962873E+00  1.807731577197E-16 -1.401812365846E-10 -8.885611673950E-01 -1.556374975299E-16 -8.885611676860E-01
 -1.102074954642E+00  2.118638396461E-16  1.014162226996E-09 -9.846338962019E-01 -1.892868692727E-16 -9.846338960741E-01
 -1.197675195524E+00  2.543188750812E-16 -1.388562740130E-09 -1.112554649852E+00 -2.362440569571E-16 -1.112554650209E+00
 -1.302324804476E+00  3.007926372314E-16 -3.948943848415E-10 -1.249155454999E+00 -2.885123298442E-16 -1.249155454773E+00
 -1.397925045358E+00  3.432476726665E-16 -3.516697662413E-09 -1.371474631422E+00 -3.367530161637E-16 -1.371474631534E+00
 -1.467935037127E+00  3.743383545928E-16 -8.377045751505E-10 -1.459831244769E+00 -3.722718051552E-16 -1.459831244694E+00
 -1.500000000000E+00  3.885780586188E-16 -3.885780586188E-16 -1.500000000000E+00 -3.885780586188E-16 -1.500000000000E+00
 -9.987318243030E-01 -5.034623247436E-02  4.247963449810E-02 -8.426799774032E-01  4.247963365024E-02 -8.426799767557E-01
 -1.030756123169E+00 -5.196058254943E-02  4.473570775524E-02 -8.874343166982E-01  4.473570711601E-02 -8.874343160078E-01
 -1.100677329968E+00 -5.548532187056E-02  4.957260926896E-02 -9.833852086913E-01  4.957260703388E-02 -9.833852072967E-01
 -1.196156332949E+00 -6.029843382264E-02  5.601293568814E-02 -1.111143736806E+00  5.601293505987E-02 -1.111143735440E+00
 -1.300673227809E+00 -6.556714736325E-02  6.289027372125E-02 -1.247571308087E+00  6.289027092260E-02 -1.247571306183E+00
 -1.396152230790E+00 -7.038025931534E-02  6.904858050596E-02 -1.369735362485E+00  6.904858063190E-02 -1.369735360737E+00
 -1.466073437589E+00 -7.390499863647E-02  7.349700369202E-02 -1.457979923666E+00  7.349700321869E-02 -1.457979922188E+00
 -1.498097736455E+00 -7.551934871154E-02  7.551934871154E-02 -1.498097736455E+00  7.551934871154E-02 -1.498097736455E+00
 -9.871732235560E-01 -1.596528317756E-01  1.347070757950E-01 -8.329274064187E-01  1.347070768106E-01 -8.329274073754E-01
 -1.018826896318E+00 -1.647720938990E-01  1.418613050443E-01 -8.771637909224E-01  1.418613066269E-01 -8.771637922313E-01
 -1.087938885574E+00 -1.759493873375E-01  1.571995890639E-01 -9.720042153874E-01  1.571995897705E-01 -9.720042172101E-01
 -1.182312883539E+00 -1.912122365128E-01  1.776224973797E-01 -1.098284157023E+00  1.776225004110E-01 -1.098284160430E+00
 -1.285620175351E+00 -2.079198429261E-01  1.994312052686E-01 -1.233132811798E+00  1.994312056824E-01 -1.233132817011E+00
 -1.379994173316E+00 -2.231826921014E-01  2.189598069725E-01 -1.353883026715E+00  2.189598086328E-01 -1.353883033037E+00
 -1.449106162572E+00 -2.343599855400E-01  2.330661924487E-01 -1.441106311832E+00  2.330661921298E-01 -1.441106315672E+00
 -1.480759835334E+00 -2.394792476634E-01  2.394792476634E-01 -1.480759835334E+00  2.394792476634E-01 -1.480759835334E+00
 -9.521786388467E-01 -3.055418788382E-01  2.578009607884E-01 -8.034007276120E-01  2.578009602697E-01 -8.034007265269E-01
 -9.827102115494E-01 -3.153390678391E-01  2.714926489164E-01 -8.460689646755E-01  2.714926486374E-01 -8.460689631793E-01
 -1.049372230218E+00 -3.367300522617E-01  3.008468925089E-01 -9.375473655957E-01  3.008468905742E-01 -9.375473629262E-01
 -1.140400737455E+00 -3.659399294784E-01  3.399320386530E-01 -1.059350777346E+00  3.399320381351E-01 -1.059350772479E+00
 -1.240045859662E+00 -3.979147676170E-01  3.816693081174E-01 -1.189419148040E+00  3.816693046122E-01 -1.189419140633E+00
 -1.331074366899E+00 -4.271246448337E-01  4.190429371962E-01 -1.305888856718E+00  4.190429356978E-01 -1.305888847867E+00
 -1.397736385567E+00 -4.485156292563E-01  4.460395829965E-01 -1.390020132416E+00  4.460395812904E-01 -1.390020127519E+00
 -1.428267958270E+00 -4.583128182573E-01  4.583128182573E-01 -1.428267958270E+00  4.583128182573E-01 -1.428267958270E+00
 -8.893427068925E-01 -4.572412379666E-01  3.857972943140E-01 -7.503829073059E-01  3.857972945343E-01 -7.503829089405E-01
 -9.178594477700E-01 -4.719026612858E-01  4.062868075443E-01 -7.902353921073E-01  4.062868083218E-01 -7.902353941094E-01
 -9.801223233594E-01 -5.039141165923E-01  4.502152215901E-01 -8.756769711755E-01  4.502152215848E-01 -8.756769744326E-01
 -1.065143700366E+00 -5.476264890834E-01  5.087058625876E-01 -9.894423594994E-01  5.087058655672E-01 -9.894423641831E-01
 -1.158213066866E+00 -5.954766058330E-01  5.711653843057E-01 -1.110927285928E+00  5.711653865530E-01 -1.110927293477E+00
 -1.243234443872E+00 -6.391889783241E-01  6.270947531852E-01 -1.219710953582E+00  6.270947583624E-01 -1.219710961243E+00
 -1.305497319461E+00 -6.712004336306E-01  6.674950433755E-01 -1.298290266163E+00  6.674950455461E-01 -1.298290270762E+00
 -1.334014060339E+00 -6.858618569498E-01  6.858618569498E-01 -1.334014060339E+00  6.858618569498E-01 -1.334014060339E+00
 -8.109284805664E-01 -5.851452805981E-01  4.937163302982E-01 -6.842209069923E-01  4.937163305047E-01 -6.842209054779E-01
 -8.369308721881E-01 -6.039079422956E-01  5.199373732643E-01 -7.205595595500E-01  5.199373737942E-01 -7.205595576019E-01
 -8.937039684379E-01 -6.448739585740E-01  5.761538783114E-01 -7.984676716268E-01  5.761538774047E-01 -7.984676692576E-01
 -9.712289265187E-01 -7.008139883505E-01  6.510061026933E-01 -9.022022562850E-01  6.510061029776E-01 -9.022022520414E-01
 -1.056092274897E+00 -7.620492131448E-01  7.309374225003E-01 -1.012975739310E+00  7.309374190937E-01 -1.012975734930E+00
 -1.133617232978E+00 -8.179892429213E-01  8.025119110705E-01 -1.112167844467E+00  8.025119081022E-01 -1.112167839085E+00
 -1.190390329228E+00 -8.589552591997E-01  8.542133662782E-01 -1.183818735729E+00  8.542133633023E-01 -1.183818733143E+00
 -1.216392720850E+00 -8.777179208972E-01  8.777179208972E-01 -1.216392720850E+00  8.777179208972E-01 -1.216392720850E+00
 -7.418102079413E-01 -6.706098831617E-01  5.658270887535E-01 -6.259023616284E-01  5.658270889177E-01 -6.259023629505E-01
 -7.655963247174E-01 -6.921129641672E-01  5.958779003061E-01 -6.591437431806E-01  5.958779008439E-01 -6.591437445697E-01
 -8.175304512697E-01 -7.390623565677E-01  6.603052226302E-01 -7.304114728432E-01  6.603052220033E-01 -7.304114751928E-01
 -8.884476858381E-01 -8.031728229362E-01  7.460901428230E-01 -8.253043945303E-01  7.460901439879E-01 -8.253043964179E-01
 -9.660778340152E-01 -8.733518849679E-01  8.376959943880E-01 -9.266362646825E-01  8.376959935759E-01 -9.266362676559E-01
 -1.036995068584E+00 -9.374623513365E-01  9.197244409012E-01 -1.017373880279E+00  9.197244424122E-01 -1.017373881604E+00
 -1.088929195136E+00 -9.844117437369E-01  9.789772597979E-01 -1.082917717881E+00  9.789772604399E-01 -1.082917719186E+00
 -1.112715311912E+00 -1.005914824742E+00  1.005914824742E+00 -1.112715311912E+00  1.005914824742E+00 -1.112715311912E+00
 -7.071067811865E-01 -7.071067811865E-01  5.966213466867E-01 -5.966213463606E-01  5.966213466261E-01 -5.966213466261E-01
 -7.297801338723E-01 -7.297801338723E-01  6.283076268649E-01 -6.283076270632E-01  6.283076271698E-01 -6.283076271698E-01
 -7.792846738030E-01 -7.792846738030E-01  6.962413057076E-01 -6.962413042734E-01  6.962413049002E-01 -6.962413049002E-01
 -8.468842524142E-01 -8.468842524142E-01  7.866949363689E-01 -7.866949383326E-01  7.866949376037E-01 -7.866949376037E-01
 -9.208827005522E-01 -9.208827005522E-01  8.832862927067E-01 -8.832862932652E-01  8.832862928259E-01 -8.832862928259E-01
 -9.884822791634E-01 -9.884822791634E-01  9.697790096171E-01 -9.697790145904E-01  9.697790121830E-01 -9.697790121830E-01
 -1.037986819094E+00 -1.037986819094E+00  1.032256571972E+00 -1.032256573156E+00  1.032256572511E+00 -1.032256572511E+00
 -1.060660171780E+00 -1.060660171780E+00  1.060660171780E+00 -1.060660171780E+00  1.060660171780E+00 -1.060660171780E+00
 -7.071067811865E-01 -7.071067811865E-01  5.966213466867E-01 -5.966213463606E-01  5.966213466261E-01 -5.966213466261E-01
 -7.297801338723E-01 -7.297801338723E-01  6.283076268649E-01 -6.283076270632E-01  6.283076271698E-01 -6.283076271698E-01
 -7.792846738030E-01 -7.792846738030E-01  6.962413057076E-01 -6.962413042734E-01  6.962413049002E-01 -6.962413049002E-01
 -8.468842524142E-01 -8.468842524142E-01  7.866949363689E-01 -7.866949383326E-01  7.866949376037E-01 -7.866949376037E-01
 -9.208827005522E-01 -9.208827005522E-01  8.832862927067E-01 -8.832862932652E-01  8.832862928259E-01 -8.832862928259E-01
 -9.884822791634E-01 -9.884822791634E-01  9.697790096171E-01 -9.697790145904E-01  9.697790121830E-01 -9.697790121830E-01
 -1.037986819094E+00 -1.037986819094E+00  1.032256571972E+00 -1.032256573156E+00  1.032256572511E+00 -1.032256572511E+00
 -1.060660171780E+00 -1.060660171780E+00  1.060660171780E+00 -1.060660171780E+00  1.060660171780E+00 -1.060660171780E+00
 -6.706098831617E-01 -7.418102079413E-01  6.259023640078E-01 -5.658270887760E-01  6.259023629505E-01 -5.658270889177E-01
 -6.921129641672E-01 -7.655963247174E-01  6.591437455099E-01 -5.958779008801E-01  6.591437445697E-01 -5.958779008439E-01
 -7.390623565677E-01 -8.175304512697E-01  7.304114777593E-01 -6.603052214090E-01  7.304114751928E-01 -6.603052220033E-01
 -8.031728229362E-01 -8.884476858381E-01  8.253043978275E-01 -7.460901445090E-01  8.253043964179E-01 -7.460901439879E-01
 -8.733518849679E-01 -9.660778340152E-01  9.266362709814E-01 -8.376959929435E-01  9.266362676559E-01 -8.376959935759E-01
 -9.374623513365E-01 -1.036995068584E+00  1.017373882751E+00 -9.197244437371E-01  1.017373881604E+00 -9.197244424122E-01
 -9.844117437369E-01 -1.088929195136E+00  1.082917720565E+00 -9.789772611502E-01  1.082917719186E+00 -9.789772604399E-01
 -1.005914824742E+00 -1.112715311912E+00  1.112715311912E+00 -1.005914824742E+00  1.112715311912E+00 -1.005914824742E+00
 -5.851452805981E-01 -8.109284805664E-01  6.842209040833E-01 -4.937163305463E-01  6.842209054779E-01 -4.937163305047E-01
 -6.039079422956E-01 -8.369308721881E-01  7.205595555573E-01 -5.199373739877E-01  7.205595576019E-01 -5.199373737942E-01
 -6.448739585740E-01 -8.937039684379E-01  7.984676674692E-01 -5.761538766155E-01  7.984676692576E-01 -5.761538774047E-01
 -7.008139883505E-01 -9.712289265187E-01  9.022022474894E-01 -6.510061027125E-01  9.022022520414E-01 -6.510061029776E-01
 -7.620492131448E-01 -1.056092274897E+00  1.012975730952E+00 -7.309374157005E-01  1.012975734930E+00 -7.309374190937E-01
 -8.179892429213E-01 -1.133617232978E+00  1.112167833441E+00 -8.025119048058E-01  1.112167839085E+00 -8.025119081022E-01
 -8.589552591997E-01 -1.190390329228E+00  1.183818730653E+00 -8.542133603611E-01  1.183818733143E+00 -8.542133633023E-01
 -8.777179208972E-01 -1.216392720850E+00  1.216392720850E+00 -8.777179208972E-01  1.216392720850E+00 -8.777179208972E-01
 -4.572412379666E-01 -8.893427068925E-01  7.503829100745E-01 -3.857972949348E-01  7.503829089405E-01 -3.857972945343E-01
 -4.719026612858E-01 -9.178594477700E-01  7.902353953646E-01 -4.062868091825E-01  7.902353941094E-01 -4.062868083218E-01
 -5.039141165923E-01 -9.801223233594E-01  8.756769776883E-01 -4.502152221044E-01  8.756769744326E-01 -4.502152215848E-01
 -5.476264890834E-01 -1.065143700366E+00  9.894423679907E-01 -5.087058686425E-01  9.894423641831E-01 -5.087058655672E-01
 -5.954766058330E-01 -1.158213066866E+00  1.110927301192E+00 -5.711653893113E-01  1.110927293477E+00 -5.711653865530E-01
 -6.391889783241E-01 -1.243234443872E+00  1.219710968561E+00 -6.270947635617E-01  1.219710961243E+00 -6.270947583624E-01
 -6.712004336306E-01 -1.305497319461E+00  1.298290275431E+00 -6.674950478025E-01  1.298290270762E+00 -6.674950455461E-01
 -6.858618569498E-01 -1.334014060339E+00  1.334014060339E+00 -6.858618569498E-01  1.334014060339E+00 -6.858618569498E-01
 -3.055418788382E-01 -9.521786388467E-01  8.034007252154E-01 -2.578009592697E-01  8.034007265269E-01 -2.578009602697E-01
 -3.153390678391E-01 -9.827102115494E-01  8.460689612139E-01 -2.714926477715E-01  8.460689631793E-01 -2.714926486374E-01
 -3.367300522617E-01 -1.049372230218E+00  9.375473606268E-01 -3.008468882673E-01  9.375473629262E-01 -3.008468905742E-01
 -3.659399294784E-01 -1.140400737455E+00  1.059350767060E+00 -3.399320369302E-01  1.059350772479E+00 -3.399320381351E-01
 -3.979147676170E-01 -1.240045859662E+00  1.189419133707E+00 -3.816693008634E-01  1.189419140633E+00 -3.816693046122E-01
 -4.271246448337E-01 -1.331074366899E+00  1.305888838789E+00 -4.190429339418E-01  1.305888847867E+00 -4.190429356978E-01
 -4.485156292563E-01 -1.397736385567E+00  1.390020122731E+00 -4.460395795730E-01  1.390020127519E+00 -4.460395812904E-01
 -4.583128182573E-01 -1.428267958270E+00  1.428267958270E+00 -4.583128182573E-01  1.428267958270E+00 -4.583128182573E-01
 -1.596528317756E-01 -9.871732235560E-01  8.329274083003E-01 -1.347070780275E-01  8.329274073754E-01 -1.347070768106E-01
 -1.647720938990E-01 -1.018826896318E+00  8.771637932341E-01 -1.418613083791E-01  8.771637922313E-01 -1.418613066269E-01
 -1.759493873375E-01 -1.087938885574E+00  9.720042195265E-01 -1.571995908046E-01  9.720042172101E-01 -1.571995897705E-01
 -1.912122365128E-01 -1.182312883539E+00  1.098284163229E+00 -1.776225036127E-01  1.098284160430E+00 -1.776225004110E-01
 -2.079198429261E-01 -1.285620175351E+00  1.233132822516E+00 -1.994312063702E-01  1.233132817011E+00 -1.994312056824E-01
 -2.231826921014E-01 -1.379994173316E+00  1.353883038941E+00 -2.189598103395E-01  1.353883033037E+00 -2.189598086328E-01
 -2.343599855400E-01 -1.449106162572E+00  1.441106319605E+00 -2.330661918540E-01  1.441106315672E+00 -2.330661921298E-01
 -2.394792476634E-01 -1.480759835334E+00  1.480759835334E+00 -2.394792476634E-01  1.480759835334E+00 -2.394792476634E-01
 -5.034623247436E-02 -9.987318243030E-01  8.426799757048E-01 -4.247963283146E-02  8.426799767557E-01 -4.247963365024E-02
 -5.196058254943E-02 -1.030756123169E+00  8.874343146454E-01 -4.473570651407E-02  8.874343160078E-01 -4.473570711601E-02
 -5.548532187056E-02 -1.100677329968E+00  9.833852060786E-01 -4.957260492919E-02  9.833852072967E-01 -4.957260703388E-02
 -6.029843382264E-02 -1.196156332949E+00  1.111143733282E+00 -5.601293454888E-02  1.111143735440E+00 -5.601293505988E-02
 -6.556714736325E-02 -1.300673227809E+00  1.247571304655E+00 -6.289026824579E-02  1.247571306183E+00 -6.289027092260E-02
 -7.038025931534E-02 -1.396152230790E+00  1.369735358731E+00 -6.904858076287E-02  1.369735360737E+00 -6.904858063190E-02
 -7.390499863647E-02 -1.466073437589E+00  1.457979920811E+00 -7.349700275024E-02  1.457979922188E+00 -7.349700321869E-02
 -7.551934871154E-02 -1.498097736455E+00  1.498097736455E+00 -7.551934871154E-02  1.498097736455E+00 -7.551934871154E-02
 -2.163234161989E-16 -1.000000000000E+00  8.437499998551E-01  2.305651310551E-10  8.437500000000E-01 -1.825228824178E-16
 -2.214798555046E-16 -1.032064962873E+00  8.885611673950E-01 -1.401813535795E-10  8.885611676860E-01 -1.906841198041E-16
 -2.327383208513E-16 -1.102074954642E+00  9.846338962019E-01  1.014162158592E-09  9.846338960741E-01 -2.079368909169E-16
 -2.481120121191E-16 -1.197675195524E+00  1.112554649852E+00 -1.388562748648E-09  1.112554650209E+00 -2.304783249144E-16
 -2.649409527626E-16 -1.302324804476E+00  1.249155454999E+00 -3.948945340672E-10  1.249155454773E+00 -2.541243437879E-16
 -2.803146440303E-16 -1.397925045358E+00  1.371474631422E+00 -3.516697674504E-09  1.371474631534E+00 -2.750107556994E-16
 -2.915731093771E-16 -1.467935037127E+00  1.459831244769E+00 -8.377044255158E-10  1.459831244694E+00 -2.899634686929E-16
 -2.967295486828E-16 -1.500000000000E+00  1.500000000000E+00 -2.967295486828E-16  1.500000000000E+00 -2.967295486828E-16
 -2.163234161989E-16 -1.000000000000E+00  8.437499998551E-01  2.305651310551E-10  8.437500000000E-01 -1.825228824178E-16
 -2.214798555046E-16 -1.032064962873E+00  8.885611673950E-01 -1.401813535795E-10  8.885611676860E-01 -1.906841198041E-16
 -2.327383208513E-16 -1.102074954642E+00  9.846338962019E-01  1.014162158592E-09  9.846338960741E-01 -2.079368909169E-16
 -2.481120121191E-16 -1.197675195524E+00  1.112554649852E+00 -1.388562748648E-09  1.112554650209E+00 -2.304783249144E-16
 -2.649409527626E-16 -1.302324804476E+00  1.249155454999E+00 -3.948945340672E-10  1.249155454773E+00 -2.541243437879E-16
 -2.803146440303E-16 -1.397925045358E+00  1.371474631422E+00 -3.516697674504E-09  1.371474631534E+00 -2.750107556994E-16
 -2.915731093771E-16 -1.467935037127E+00  1.459831244769E+00 -8.377044255158E-10  1.459831244694E+00 -2.899634686929E-16
 -2.967295486828E-16 -1.500000000000E+00  1.500000000000E+00 -2.967295486828E-16  1.500000000000E+00 -2.967295486828E-16
  5.034623247436E-02 -9.987318243030E-01  8.426799774032E-01  4.247963449810E-02  8.426799767557E-01  4.247963365024E-02
  5.196058254942E-02 -1.030756123169E+00  8.874343166982E-01  4.473570775524E-02  8.874343160078E-01  4.473570711601E-02
  5.548532187056E-02 -1.100677329968E+00  9.833852086913E-01  4.957260926896E-02  9.833852072967E-01  4.957260703388E-02
  6.029843382264E-02 -1.196156332949E+00  1.111143736806E+00  5.601293568814E-02  1.111143735440E+00  5.601293505987E-02
  6.556714736325E-02 -1.300673227809E+00  1.247571308087E+00  6.289027372125E-02  1.247571306183E+00  6.289027092260E-02
  7.038025931534E-02 -1.396152230790E+00  1.369735362485E+00  6.904858050596E-02  1.369735360737E+00  6.904858063190E-02
  7.390499863647E-02 -1.466073437589E+00  1.457979923666E+00  7.349700369202E-02  1.457979922188E+00  7.349700321869E-02
  7.551934871154E-02 -1.498097736455E+00  1.498097736455E+00  7.551934871154E-02  1.498097736455E+00  7.551934871154E-02
  1.596528317756E-01 -9.871732235560E-01  8.329274064187E-01  1.347070757950E-01  8.329274073754E-01  1.347070768106E-01
  1.647720938990E-01 -1.018826896318E+00  8.771637909224E-01  1.418613050443E-01  8.771637922313E-01  1.418613066269E-01
  1.759493873375E-01 -1.087938885574E+00  9.720042153874E-01  1.571995890639E-01  9.720042172101E-01  1.571995897705E-01
  1.912122365128E-01 -1.182312883539E+00  1.098284157023E+00  1.776224973797E-01  1.098284160430E+00  1.776225004110E-01
  2.079198429261E-01 -1.285620175351E+00  1.233132811798E+00  1.994312052686E-01  1.233132817011E+00  1.994312056824E-01
  2.231826921014E-01 -1.379994173316E+00  1.353883026715E+00  2.189598069725E-01  1.353883033037E+00  2.189598086328E-01
  2.343599855400E-01 -1.449106162572E+00  1.441106311832E+00  2.330661924487E-01  1.441106315672E+00  2.330661921298E-01
  2.394792476634E-01 -1.480759835334E+00  1.480759835334E+00  2.394792476634E-01  1.480759835334E+00  2.394792476634E-01
  3.055418788382E-01 -9.521786388467E-01  8.034007276120E-01  2.578009607884E-01  8.034007265269E-01  2.578009602697E-01
  3.153390678391E-01 -9.827102115494E-01  8.460689646755E-01  2.714926489164E-01  8.460689631793E-01  2.714926486374E-01
  3.367300522617E-01 -1.049372230218E+00  9.375473655957E-01  3.008468925089E-01  9.375473629262E-01  3.008468905742E-01
  3.659399294784E-01 -1.140400737455E+00  1.059350777346E+00  3.399320386530E-01  1.059350772479E+00  3.399320381351E-01
  3.979147676170E-01 -1.240045859662E+00  1.189419148040E+00  3.816693081174E-01  1.189419140633E+00  3.816693046122E-01
  4.271246448337E-01 -1.331074366899E+00  1.305888856718E+00  4.190429371962E-01  1.305888847867E+00  4.190429356978E-01
  4.485156292563E-01 -1.397736385567E+00  1.390020132416E+00  4.460395829965E-01  1.390020127519E+00  4.460395812904E-01
  4.583128182573E-01 -1.428267958270E+00  1.428267958270E+00  4.583128182573E-01  1.428267958270E+00  4.583128182573E-01
  4.572412379666E-01 -8.893427068925E-01  7.503829073059E-01  3.857972943140E-01  7.503829089405E-01  3.857972945343E-01
  4.719026612858E-01 -9.178594477700E-01  7.902353921073E-01  4.062868075443E-01  7.902353941094E-01  4.062868083218E-01
  5.039141165923E-01 -9.801223233594E-01  8.756769711755E-01  4.502152215901E-01  8.756769744326E-01  4.502152215848E-01
  5.476264890834E-01 -1.065143700366E+00  9.894423594994E-01  5.087058625876E-01  9.894423641831E-01  5.087058655672E-01
  5.954766058330E-01 -1.158213066866E+00  1.110927285928E+00  5.711653843057E-01  1.110927293477E+00  5.711653865530E-01
  6.391889783241E-01 -1.243234443872E+00  1.219710953582E+00  6.270947531852E-01  1.219710961243E+00  6.270947583624E-01
  6.712004336306E-01 -1.305497319461E+00  1.298290266163E+00  6.674950433755E-01  1.298290270762E+00  6.674950455461E-01
  6.858618569498E-01 -1.334014060339E+00  1.334014060339E+00  6.858618569498E-01  1.334014060339E+00  6.858618569498E-01
  5.851452805981E-01 -8.109284805664E-01  6.842209069923E-01  4.937163302982E-01  6.842209054779E-01  4.937163305047E-01
  6.039079422956E-01 -8.369308721881E-01  7.205595595500E-01  5.199373732643E-01  7.205595576019E-01  5.199373737942E-01
  6.448739585740E-01 -8.937039684379E-01  7.984676716268E-01  5.761538783114E-01  7.984676692576E-01  5.761538774047E-01
  7.008139883505E-01 -9.712289265187E-01  9.022022562850E-01  6.510061026933E-01  9.022022520414E-01  6.510061029776E-01
  7.620492131448E-01 -1.056092274897E+00  1.012975739310E+00  7.309374225003E-01  1.012975734930E+00  7.309374190937E-01
  8.179892429213E-01 -1.133617232978E+00  1.112167844467E+00  8.025119110705E-01  1.112167839085E+00  8.025119081022E-01
  8.589552591997E-01 -1.190390329228E+00  1.183818735729E+00  8.542133662782E-01  1.183818733143E+00  8.542133633023E-01
  8.777179208972E-01 -1.216392720850E+00  1.216392720850E+00  8.777179208972E-01  1.216392720850E+00  8.777179208972E-01
  6.706098831617E-01 -7.418102079413E-01  6.259023616284E-01  5.658270887535E-01  6.259023629505E-01  5.658270889177E-01
  6.921129641672E-01 -7.655963247174E-01  6.591437431806E-01  5.958779003061E-01  6.591437445697E-01  5.958779008439E-01
  7.390623565677E-01 -8.175304512697E-01  7.304114728432E-01  6.603052226302E-01  7.304114751928E-01  6.603052220033E-01
  8.031728229362E-01 -8.884476858381E-01  8.253043945303E-01  7.460901428230E-01  8.253043964179E-01  7.460901439879E-01
  8.733518849679E-01 -9.660778340152E-01  9.266362646825E-01  8.376959943880E-01  9.266362676559E-01  8.376959935759E-01
  9.374623513365E-01 -1.036995068584E+00  1.017373880279E+00  9.197244409012E-01  1.017373881604E+00  9.197244424122E-01
  9.844117437369E-01 -1.088929195136E+00  1.082917717881E+00  9.789772597979E-01  1.082917719186E+00  9.789772604399E-01
  1.005914824742E+00 -1.112715311912E+00  1.112715311912E+00  1.005914824742E+00  1.112715311912E+00  1.005914824742E+00
  7.071067811865E-01 -7.071067811865E-01  5.966213463606E-01  5.966213466867E-01  5.966213466261E-01  5.966213466261E-01
  7.297801338723E-01 -7.297801338723E-01  6.283076270632E-01  6.283076268649E-01  6.283076271698E-01  6.283076271698E-01
  7.792846738030E-01 -7.792846738030E-01  6.962413042734E-01  6.962413057076E-01  6.962413049002E-01  6.962413049002E-01
  8.468842524142E-01 -8.468842524142E-01  7.866949383326E-01  7.866949363689E-01  7.866949376037E-01  7.866949376037E-01
  9.208827005522E-01 -9.208827005522E-01  8.832862932652E-01  8.832862927067E-01  8.832862928259E-01  8.832862928259E-01
  9.884822791634E-01 -9.884822791634E-01  9.697790145904E-01  9.697790096171E-01  9.697790121830E-01  9.697790121830E-01
  1.037986819094E+00 -1.037986819094E+00  1.032256573156E+00  1.032256571972E+00  1.032256572511E+00  1.032256572511E+00
  1.060660171780E+00 -1.060660171780E+00  1.060660171780E+00  1.060660171780E+00  1.060660171780E+00  1.060660171780E+00
  7.071067811865E-01 -7.071067811865E-01  5.966213463606E-01  5.966213466867E-01  5.966213466261E-01  5.966213466261E-01
  7.297801338723E-01 -7.297801338723E-01  6.283076270632E-01  6.283076268649E-01  6.283076271698E-01  6.283076271698E-01
  7.792846738030E-01 -7.792846738030E-01  6.962413042734E-01  6.962413057076E-01  6.962413049002E-01  6.962413049002E-01
  8.468842524142E-01 -8.468842524142E-01  7.866949383326E-01  7.866949363689E-01  7.866949376037E-01  7.866949376037E-01
  9.208827005522E-01 -9.208827005522E-01  8.832862932652E-01  8.832862927067E-01  8.832862928259E-01  8.832862928259E-01
  9.884822791634E-01 -9.884822791634E-01  9.697790145904E-01  9.697790096171E-01  9.697790121830E-01  9.697790121830E-01
  1.037986819094E+00 -1.037986819094E+00  1.032256573156E+00  1.032256571972E+00  1.032256572511E+00  1.032256572511E+00
  1.060660171780E+00 -1.060660171780E+00  1.060660171780E+00  1.060660171780E+00  1.060660171780E+00  1.060660171780E+00
  7.418102079413E-01 -6.706098831617E-01  5.658270887760E-01  6.259023640079E-01  5.658270889177E-01  6.259023629505E-01
  7.655963247174E-01 -6.921129641672E-01  5.958779008801E-01  6.591437455099E-01  5.958779008439E-01  6.591437445697E-01
  8.175304512697E-01 -7.390623565677E-01  6.603052214090E-01  7.304114777593E-01  6.603052220033E-01  7.304114751928E-01
  8.884476858381E-01 -8.031728229362E-01  7.460901445090E-01  8.253043978275E-01  7.460901439879E-01  8.253043964179E-01
  9.660778340152E-01 -8.733518849679E-01  8.376959929435E-01  9.266362709814E-01  8.376959935759E-01  9.266362676559E-01
  1.036995068584E+00 -9.374623513365E-01  9.197244437371E-01  1.017373882751E+00  9.197244424122E-01  1.017373881604E+00
  1.088929195136E+00 -9.844117437369E-01  9.789772611502E-01  1.082917720565E+00  9.789772604399E-01  1.082917719186E+00
  1.112715311912E+00 -1.005914824742E+00  1.005914824742E+00  1.112715311912E+00  1.005914824742E+00  1.112715311912E+00
  8.109284805664E-01 -5.851452805981E-01  4.937163305463E-01  6.842209040833E-01  4.937163305047E-01  6.842209054779E-01
  8.369308721881E-01 -6.039079422956E-01  5.199373739877E-01  7.205595555573E-01  5.199373737942E-01  7.205595576019E-01
  8.937039684379E-01 -6.448739585740E-01  5.761538766155E-01  7.984676674692E-01  5.761538774047E-01  7.984676692576E-01
  9.712289265187E-01 -7.008139883505E-01  6.510061027125E-01  9.022022474894E-01  6.510061029776E-01  9.022022520414E-01
  1.056092274897E+00 -7.620492131448E-01  7.309374157005E-01  1.012975730952E+00  7.309374190937E-01  1.012975734930E+00
  1.133617232978E+00 -8.179892429213E-01  8.025119048058E-01  1.112167833441E+00  8.025119081022E-01  1.112167839085E+00
  1.190390329228E+00 -8.589552591997E-01  8.542133603611E-01  1.183818730653E+00  8.542133633023E-01  1.183818733143E+00
  1.216392720850E+00 -8.777179208972E-01  8.777179208972E-01  1.216392720850E+00  8.777179208972E-01  1.216392720850E+00
  8.893427068925E-01 -4.572412379666E-01  3.857972949348E-01  7.503829100745E-01  3.857972945343E-01  7.503829089405E-01
  9.178594477700E-01 -4.719026612858E-01  4.062868091825E-01  7.902353953646E-01  4.062868083218E-01  7.902353941094E-01
  9.801223233594E-01 -5.039141165923E-01  4.502152221044E-01  8.756769776883E-01  4.502152215848E-01  8.756769744326E-01
  1.065143700366E+00 -5.476264890834E-01  5.087058686425E-01  9.894423679907E-01  5.087058655672E-01  9.894423641831E-01
  1.158213066866E+00 -5.954766058330E-01  5.711653893113E-01  1.110927301192E+00  5.711653865530E-01  1.110927293477E+00
  1.243234443872E+00 -6.391889783241E-01  6.270947635617E-01  1.219710968561E+00  6.270947583624E-01  1.219710961243E+00
  1.305497319461E+00 -6.712004336306E-01  6.674950478025E-01  1.298290275431E+00  6.674950455461E-01  1.298290270762E+00
  1.334014060339E+00 -6.858618569498E-01  6.858618569498E-01  1.334014060339E+00  6.858618569498E-01  1.334014060339E+00
  9.521786388467E-01 -3.055418788382E-01  2.578009592697E-01  8.034007252154E-01  2.578009602697E-01  8.034007265269E-01
  9.827102115494E-01 -3.153390678391E-01  2.714926477715E-01  8.460689612139E-01  2.714926486374E-01  8.460689631793E-01
  1.049372230218E+00 -3.367300522617E-01  3.008468882673E-01  9.375473606268E-01  3.008468905742E-01  9.375473629262E-01
  1.140400737455E+00 -3.659399294784E-01  3.399320369302E-01  1.059350767060E+00  3.399320381351E-01  1.059350772479E+00
  1.240045859662E+00 -3.979147676170E-01  3.816693008634E-01  1.189419133707E+00  3.816693046122E-01  1.189419140633E+00
  1.331074366899E+00 -4.271246448337E-01  4.190429339418E-01  1.305888838789E+00  4.190429356978E-01  1.305888847867E+00
  1.397736385567E+00 -4.485156292563E-01  4.460395795730E-01  1.390020122731E+00  4.460395812904E-01  1.390020127519E+00
  1.428267958270E+00 -4.583128182573E-01  4.583128182573E-01  1.428267958270E+00  4.583128182573E-01  1.428267958270E+00
  9.871732235560E-01 -1.596528317756E-01  1.347070780275E-01  8.329274083003E-01  1.347070768106E-01  8.329274073754E-01
  1.018826896318E+00 -1.647720938990E-01  1.418613083791E-01  8.771637932341E-01  1.418613066269E-01  8.771637922313E-01
  1.087938885574E+00 -1.759493873375E-01  1.571995908046E-01  9.720042195265E-01  1.571995897705E-01  9.720042172101E-01
  1.182312883539E+00 -1.912122365128E-01  1.776225036127E-01  1.098284163229E+00  1.776225004110E-01  1.098284160430E+00
  1.285620175351E+00 -2.079198429261E-01  1.994312063702E-01  1.233132822516E+00  1.994312056824E-01  1.233132817011E+00
  1.379994173316E+00 -2.231826921014E-01  2.189598103395E-01  1.353883038941E+00  2.189598086328E-01  1.353883033037E+00
  1.449106162572E+00 -2.343599855400E-01  2.330661918540E-01  1.441106319605E+00  2.330661921298E-01  1.441106315672E+00
  1.480759835334E+00 -2.394792476634E-01  2.394792476634E-01  1.480759835334E+00  2.394792476634E-01  1.480759835334E+00
  9.987318243030E-01 -5.034623247436E-02  4.247963283146E-02  8.426799757048E-01  4.247963365024E-02  8.426799767557E-01
  1.030756123169E+00 -5.196058254943E-02  4.473570651407E-02  8.874343146454E-01  4.473570711601E-02  8.874343160078E-01
  1.100677329968E+00 -5.548532187056E-02  4.957260492919E-02  9.833852060786E-01  4.957260703388E-02  9.833852072967E-01
  1.196156332949E+00 -6.029843382264E-02  5.601293454888E-02  1.111143733282E+00  5.601293505987E-02  1.111143735440E+00
  1.300673227809E+00 -6.556714736325E-02  6.289026824579E-02  1.247571304655E+00  6.289027092260E-02  1.247571306183E+00
  1.396152230790E+00 -7.038025931534E-02  6.904858076287E-02  1.369735358731E+00  6.904858063190E-02  1.369735360737E+00
  1.466073437589E+00 -7.390499863647E-02  7.349700275024E-02  1.457979920811E+00  7.349700321869E-02  1.457979922188E+00
  1.498097736455E+00 -7.551934871154E-02  7.551934871154E-02  1.498097736455E+00  7.551934871154E-02  1.498097736455E+00
  1.000000000000E+00  2.775557561563E-17 -2.305653365126E-10  8.437499998551E-01 -2.341876692569E-17  8.437500000000E-01
  1.032064962873E+00  2.953553861887E-17  1.401811569780E-10  8.885611673950E-01 -2.542876042451E-17  8.885611676860E-01
  1.102074954642E+00  3.342187385967E-17 -1.014162349564E-09  9.846338962019E-01 -2.986031914975E-17  9.846338960741E-01
  1.197675195524E+00  3.872875328905E-17  1.388562559504E-09  1.112554649852E+00 -3.597624358387E-17  1.112554650209E+00
  1.302324804476E+00  4.453797355784E-17  3.948941925303E-10  1.249155454999E+00 -4.271964445666E-17  1.249155454773E+00
  1.397925045358E+00  4.984485298722E-17  3.516697349970E-09  1.371474631422E+00 -4.890172875255E-17  1.371474631534E+00
  1.467935037127E+00  5.373118822801E-17  8.377041885326E-10  1.459831244769E+00 -5.343456311478E-17  1.459831244694E+00
  1.500000000000E+00  5.551115123126E-17 -5.551115123126E-17  1.500000000000E+00 -5.551115123126E-17  1.500000000000E+00
