# x y ux uy ux_exact uy_exact
  5.000000000000E-01  1.387778780781E-17 -2.154751602822E-15  4.997778767542E-01 -1.387162264220E-17  4.997778764993E-01
  5.320649628726E-01  1.476776930944E-17  3.397589501610E-09  5.318596803941E-01 -1.476207155282E-17  5.318596795561E-01
  6.020749546417E-01  1.671093692983E-17 -6.200689232735E-10  6.019008651158E-01 -1.670610497932E-17  6.019008652774E-01
  6.976751955244E-01  1.936437664453E-17 -1.407291254024E-10  6.975348511826E-01 -1.936048130606E-17  6.975348511656E-01
  8.023248044756E-01  2.226898677892E-17 -1.565747409997E-10  8.022136302462E-01 -2.226590107386E-17  8.022136302343E-01
  8.979250453583E-01  2.492242649361E-17  1.081233020449E-11  8.978357598977E-01 -2.491994832508E-17  8.978357599276E-01
  9.679350371274E-01  2.686559411401E-17 -3.941963501889E-10  9.678597038188E-01 -2.686350319635E-17  9.678597038795E-01
  1.000000000000E+00  2.775557561563E-17 -1.949997458490E-10  9.999305864232E-01 -2.775364900137E-17  9.999305864060E-01
  4.993659121515E-01  2.517311623718E-02 -2.516193475991E-02  4.991440607862E-01 -2.516193315578E-02  4.991440703425E-01
  5.313902110175E-01  2.678746631225E-02 -2.677713263684E-02  5.311851878507E-01 -2.677713107067E-02  5.311851880363E-01
  6.013114178165E-01  3.031220563338E-02 -3.030344107013E-02  6.011375484795E-01 -3.030344088977E-02  6.011375492281E-01
  6.967904207970E-01  3.512531758546E-02 -3.511825193917E-02  6.966502542914E-01 -3.511825177575E-02  6.966502544195E-01
  8.013073156575E-01  4.039403112607E-02 -4.038843416511E-02  8.011962827482E-01 -4.038843392188E-02  8.011962824047E-01
  8.967863186381E-01  4.520714307816E-02 -4.520264855182E-02  8.966971470591E-01 -4.520264789311E-02  8.966971464369E-01
  9.667075254371E-01  4.873188239929E-02 -4.872809066806E-02  9.666322887218E-01 -4.872808965408E-02  9.666322877249E-01
  9.987318243030E-01  5.034623247436E-02 -5.034273896826E-02  9.986624999099E-01 -5.034273776142E-02  9.986624987377E-01
  4.935866117780E-01  7.982641588779E-02 -7.979095401800E-02  4.933673527284E-01 -7.979095324190E-02  4.933673374058E-01
  5.252402845402E-01  8.494567801117E-02 -8.491290386215E-02  5.250376383782E-01 -8.491290394838E-02  5.250376343469E-01
  5.943522737960E-01  9.612297144970E-02 -9.609517733908E-02  5.941804181385E-01 -9.609517758970E-02  5.941804174371E-01
  6.887262717609E-01  1.113858206250E-01 -1.113634139204E-01  6.885877278688E-01 -1.113634142507E-01  6.885877275678E-01
  7.920335635732E-01  1.280934270383E-01 -1.280756773580E-01  7.919238151304E-01 -1.280756777559E-01  7.919238153390E-01
  8.864075615381E-01  1.433562762137E-01 -1.433420206261E-01  8.863194206155E-01 -1.433420215418E-01  8.863194213516E-01
  9.555195507939E-01  1.545335696522E-01 -1.545215411351E-01  9.554451825304E-01 -1.545215424858E-01  9.554451838287E-01
  9.871732235560E-01  1.596528317756E-01 -1.596417482013E-01  9.871046987519E-01 -1.596417496987E-01  9.871047003147E-01
  4.760893194234E-01  1.527709394191E-01 -1.527030670977E-01  4.758777997059E-01 -1.527030713874E-01  4.758778181709E-01
  5.066208921261E-01  1.625681284201E-01 -1.625054044725E-01  5.064254192217E-01 -1.625054057698E-01  5.064254257372E-01
  5.732829107945E-01  1.839591128426E-01 -1.839059213140E-01  5.731171456366E-01 -1.839059212512E-01  5.731171466205E-01
  6.643114180315E-01  2.131689900593E-01 -2.131261090132E-01  6.641777845125E-01 -2.131261089802E-01  6.641777851310E-01
  7.639565402386E-01  2.451438281979E-01 -2.451098600455E-01  7.638506826490E-01 -2.451098598114E-01  7.638506825008E-01
  8.549850474757E-01  2.743537054146E-01 -2.743264255362E-01  8.549000326565E-01 -2.743264249764E-01  8.549000317958E-01
  9.216470661440E-01  2.957446898372E-01 -2.957216732953E-01  9.215753371670E-01 -2.957216723751E-01  9.215753354346E-01
  9.521786388467E-01  3.055418788382E-01 -3.055206711286E-01  9.521125468256E-01 -3.055206700783E-01  9.521125447053E-01
  4.446713534462E-01  2.286206189833E-01 -2.285190619523E-01  4.444738265393E-01 -2.285190549589E-01  4.444738095309E-01
  4.731880943238E-01  2.432820423025E-01 -2.431881798460E-01  4.730055330633E-01 -2.431881783047E-01  4.730055271034E-01
  5.354509699132E-01  2.752934976090E-01 -2.752138967180E-01  5.352961456269E-01 -2.752138967726E-01  5.352961448067E-01
  6.204723469194E-01  3.190058701001E-01 -3.189416991668E-01  6.203475330199E-01 -3.189416988718E-01  6.203475326874E-01
  7.135417134193E-01  3.668559868497E-01 -3.668051534956E-01  7.134428411163E-01 -3.668051534020E-01  7.134428414186E-01
  7.985630904255E-01  4.105683593408E-01 -4.105275342532E-01  7.984836839452E-01 -4.105275343599E-01  7.984836850788E-01
  8.608259660149E-01  4.425798146473E-01 -4.425453688205E-01  8.607589669233E-01 -4.425453691798E-01  8.607589689403E-01
  8.893427068925E-01  4.572412379666E-01 -4.572094986849E-01  8.892809720207E-01 -4.572094992089E-01  8.892809744189E-01
  4.054642402832E-01  2.925726402991E-01 -2.924426589754E-01  4.052841017075E-01 -2.924426657809E-01  4.052841140103E-01
  4.314666319049E-01  3.113353019965E-01 -3.112151806530E-01  4.313001590444E-01 -3.112151814327E-01  4.313001618170E-01
  4.882397281547E-01  3.523013182749E-01 -3.521994507118E-01  4.880985540618E-01 -3.521994507050E-01  4.880985541310E-01
  5.657646862355E-01  4.082413480515E-01 -4.081592258478E-01  5.656508770997E-01 -4.081592262123E-01  5.656508769978E-01
  6.506280346142E-01  4.694765728457E-01 -4.694115196898E-01  6.505378807635E-01 -4.694115197631E-01  6.505378802556E-01
  7.281529926949E-01  5.254166026223E-01 -5.253643575617E-01  7.280805898263E-01 -5.253643576738E-01  7.280805885962E-01
  7.849260889447E-01  5.663826189007E-01 -5.663385379434E-01  7.848650010546E-01 -5.663385380062E-01  7.848649990684E-01
  8.109284805664E-01  5.851452805981E-01 -5.851046635927E-01  8.108721933751E-01 -5.851046635612E-01  8.108721911061E-01
  3.709051039706E-01  3.353049415808E-01 -3.351559874548E-01  3.707403381198E-01 -3.351559833660E-01  3.707403304904E-01
  3.946912207468E-01  3.568080225864E-01 -3.566703569630E-01  3.945389383724E-01 -3.566703575655E-01  3.945389394871E-01
  4.466253472990E-01  4.037574149868E-01 -4.036406694677E-01  4.464962062234E-01 -4.036406689386E-01  4.464962060315E-01
  5.175425818674E-01  4.678678813554E-01 -4.677737652018E-01  5.174384728260E-01 -4.677737650413E-01  5.174384729894E-01
  5.951727300445E-01  5.380469433871E-01 -5.379723887628E-01  5.950902594853E-01 -5.379723888421E-01  5.950902598575E-01
  6.660899646129E-01  6.021574097557E-01 -6.020975339872E-01  6.660237308880E-01 -6.020975340634E-01  6.660237317690E-01
  7.180240911651E-01  6.491068021561E-01 -6.490562828674E-01  7.179682068261E-01 -6.490562829355E-01  7.179682081928E-01
  7.418102079413E-01  6.706098831617E-01 -6.705633335621E-01  7.417587146218E-01 -6.705633337195E-01  7.417587162287E-01
  3.535533905933E-01  3.535533905933E-01 -3.533963257399E-01  3.533963257399E-01 -3.533963255597E-01  3.533963255597E-01
  3.762267432790E-01  3.762267432790E-01 -3.760815842439E-01  3.760815890488E-01 -3.760815860538E-01  3.760815860538E-01
  4.257312832097E-01  4.257312832097E-01 -4.256081837639E-01  4.256081828869E-01 -4.256081834397E-01  4.256081834397E-01
  4.933308618209E-01  4.933308618209E-01 -4.932316234846E-01  4.932316232856E-01 -4.932316233731E-01  4.932316233731E-01
  5.673293099589E-01  5.673293099589E-01 -5.672506980181E-01  5.672506977967E-01 -5.672506978990E-01  5.672506978990E-01
  6.349288885701E-01  6.349288885701E-01 -6.348657542078E-01  6.348657542231E-01 -6.348657542365E-01  6.348657542366E-01
  6.844334285008E-01  6.844334285008E-01 -6.843801600862E-01  6.843801595287E-01 -6.843801598504E-01  6.843801598504E-01
  7.071067811865E-01  7.071067811865E-01 -7.070576985136E-01  7.070576982378E-01 -7.070576983636E-01  7.070576983636E-01
  3.535533905933E-01  3.535533905933E-01 -3.533963257399E-01  3.533963257399E-01 -3.533963255597E-01  3.533963255597E-01
  3.762267432790E-01  3.762267432790E-01 -3.760815842439E-01  3.760815890488E-01 -3.760815860538E-01  3.760815860538E-01
  4.257312832097E-01  4.257312832097E-01 -4.256081837639E-01  4.256081828869E-01 -4.256081834397E-01  4.256081834397E-01
  4.933308618209E-01  4.933308618209E-01 -4.932316234846E-01  4.932316232856E-01 -4.932316233731E-01  4.932316233731E-01
  5.673293099589E-01  5.673293099589E-01 -5.672506980181E-01  5.672506977967E-01 -5.672506978990E-01  5.672506978990E-01
  6.349288885701E-01  6.349288885701E-01 -6.348657542078E-01  6.348657542231E-01 -6.348657542365E-01  6.348657542366E-01
  6.844334285008E-01  6.844334285008E-01 -6.843801600862E-01  6.843801595287E-01 -6.843801598504E-01  6.843801598504E-01
  7.071067811865E-01  7.071067811865E-01 -7.070576985136E-01  7.070576982378E-01 -7.070576983636E-01  7.070576983636E-01
  3.353049415808E-01  3.709051039706E-01 -3.707403248674E-01  3.351559754744E-01 -3.707403304904E-01  3.351559833660E-01
  3.568080225864E-01  3.946912207468E-01 -3.945389404633E-01  3.566703563268E-01 -3.945389394871E-01  3.566703575655E-01
  4.037574149868E-01  4.466253472990E-01 -4.464962056297E-01  4.036406682818E-01 -4.464962060315E-01  4.036406689386E-01
  4.678678813554E-01  5.175425818674E-01 -5.174384730144E-01  4.677737648351E-01 -5.174384729894E-01  4.677737650413E-01
  5.380469433871E-01  5.951727300445E-01 -5.950902602724E-01  5.379723889131E-01 -5.950902598575E-01  5.379723888421E-01
  6.021574097557E-01  6.660899646129E-01 -6.660237326747E-01  6.020975340376E-01 -6.660237317690E-01  6.020975340634E-01
  6.491068021561E-01  7.180240911651E-01 -7.179682096147E-01  6.490562829234E-01 -7.179682081928E-01  6.490562829355E-01
  6.706098831617E-01  7.418102079413E-01 -7.417587179110E-01  6.705633336950E-01 -7.417587162287E-01  6.705633337195E-01
  2.925726402991E-01  4.054642402832E-01 -4.052841253938E-01  2.924426760668E-01 -4.052841140103E-01  2.924426657809E-01
  3.113353019965E-01  4.314666319049E-01 -4.313001646066E-01  3.112151843443E-01 -4.313001618170E-01  3.112151814327E-01
  3.523013182749E-01  4.882397281547E-01 -4.880985544498E-01  3.521994513782E-01 -4.880985541310E-01  3.521994507050E-01
  4.082413480515E-01  5.657646862355E-01 -5.656508769771E-01  4.081592266587E-01 -5.656508769978E-01  4.081592262123E-01
  4.694765728457E-01  6.506280346142E-01 -6.505378798267E-01  4.694115198969E-01 -6.505378802556E-01  4.694115197631E-01
  5.254166026223E-01  7.281529926949E-01 -7.280805874283E-01  5.253643578008E-01 -7.280805885962E-01  5.253643576738E-01
  5.663826189007E-01  7.849260889447E-01 -7.848649971953E-01  5.663385380432E-01 -7.848649990684E-01  5.663385380062E-01
  5.851452805981E-01  8.109284805664E-01 -8.108721889422E-01  5.851046635150E-01 -8.108721911061E-01  5.851046635612E-01
  2.286206189833E-01  4.446713534462E-01 -4.444737934409E-01  2.285190449354E-01 -4.444738095309E-01  2.285190549589E-01
  2.432820423025E-01  4.731880943238E-01 -4.730055215789E-01  2.431881746149E-01 -4.730055271034E-01  2.431881783047E-01
  2.752934976090E-01  5.354509699132E-01 -5.352961441554E-01  2.752138960324E-01 -5.352961448067E-01  2.752138967726E-01
  3.190058701001E-01  6.204723469194E-01 -6.203475322734E-01  3.189416984111E-01 -6.203475326874E-01  3.189416988718E-01
  3.668559868497E-01  7.135417134193E-01 -7.134428416889E-01  3.668051533413E-01 -7.134428414186E-01  3.668051534020E-01
  4.105683593408E-01  7.985630904255E-01 -7.984836860833E-01  4.105275345727E-01 -7.984836850788E-01  4.105275343599E-01
  4.425798146473E-01  8.608259660149E-01 -8.607589708160E-01  4.425453697541E-01 -8.607589689403E-01  4.425453691798E-01
  4.572412379666E-01  8.893427068925E-01 -8.892809766609E-01  4.572094999654E-01 -8.892809744189E-01  4.572094992089E-01
  1.527709394191E-01  4.760893194234E-01 -4.758778351427E-01  1.527030784690E-01 -4.758778181709E-01  1.527030713874E-01
  1.625681284201E-01  5.066208921261E-01 -5.064254310414E-01  1.625054088943E-01 -5.064254257372E-01  1.625054057698E-01
  1.839591128426E-01  5.732829107945E-01 -5.731171471619E-01  1.839059218698E-01 -5.731171466205E-01  1.839059212512E-01
  2.131689900593E-01  6.643114180315E-01 -6.641777855747E-01  2.131261090067E-01 -6.641777851310E-01  2.131261089802E-01
  2.451438281979E-01  7.639565402386E-01 -7.638506823532E-01  2.451098595314E-01 -7.638506825008E-01  2.451098598114E-01
  2.743537054146E-01  8.549850474757E-01 -8.549000309187E-01  2.743264242502E-01 -8.549000317958E-01  2.743264249764E-01
  2.957446898372E-01  9.216470661440E-01 -9.215753337543E-01  2.957216712029E-01 -9.215753354346E-01  2.957216723751E-01
  3.055418788382E-01  9.521786388467E-01 -9.521125426390E-01  3.055206687530E-01 -9.521125447053E-01  3.055206700783E-01
  7.982641588779E-02  4.935866117780E-01 -4.933673238943E-01  7.979094935474E-02 -4.933673374058E-01  7.979095324190E-02
  8.494567801117E-02  5.252402845402E-01 -5.250376318350E-01  8.491290253920E-02 -5.250376343469E-01  8.491290394838E-02
  9.612297144970E-02  5.943522737960E-01 -5.941804173929E-01  9.609517753595E-02 -5.941804174371E-01  9.609517758970E-02
  1.113858206250E-01  6.887262717609E-01 -6.885877273821E-01  1.113634145805E-01 -6.885877275678E-01  1.113634142507E-01
  1.280934270383E-01  7.920335635732E-01 -7.919238156463E-01  1.280756781668E-01 -7.919238153390E-01  1.280756777559E-01
  1.433562762137E-01  8.864075615381E-01 -8.863194221421E-01  1.433420224909E-01 -8.863194213516E-01  1.433420215418E-01
  1.545335696522E-01  9.555195507939E-01 -9.554451851887E-01  1.545215439347E-01 -9.554451838287E-01  1.545215424858E-01
  1.596528317756E-01  9.871732235560E-01 -9.871047019414E-01  1.596417512809E-01 -9.871047003147E-01  1.596417496987E-01
  2.517311623718E-02  4.993659121515E-01 -4.991440786284E-01  2.516193565934E-02 -4.991440703425E-01  2.516193315578E-02
  2.678746631225E-02  5.313902110175E-01 -5.311851868220E-01  2.677713070851E-02 -5.311851880363E-01  2.677713107067E-02
  3.031220563338E-02  6.013114178165E-01 -6.011375497379E-01  3.030344065138E-02 -6.011375492281E-01  3.030344088977E-02
  3.512531758546E-02  6.967904207970E-01 -6.966502544174E-01  3.511825154667E-02 -6.966502544195E-01  3.511825177575E-02
  4.039403112607E-02  8.013073156575E-01 -8.011962820854E-01  4.038843371476E-02 -8.011962824047E-01  4.038843392188E-02
  4.520714307816E-02  8.967863186381E-01 -8.966971457601E-01  4.520264732402E-02 -8.966971464369E-01  4.520264789311E-02
  4.873188239929E-02  9.667075254371E-01 -9.666322867104E-01  4.872808873584E-02 -9.666322877249E-01  4.872808965408E-02
  5.034623247436E-02  9.987318243030E-01 -9.986624974901E-01  5.034273673644E-02 -9.986624987377E-01  5.034273776142E-02
  3.061616997868E-17  5.000000000000E-01 -4.997778767542E-01  1.907485044866E-15 -4.997778764993E-01  3.060256883698E-17
  3.257958268602E-17  5.320649628726E-01 -5.318596803941E-01  3.397590436928E-09 -5.318596795561E-01  3.256701270820E-17
  3.686645830244E-17  6.020749546417E-01 -6.019008651158E-01 -6.200689982280E-10 -6.019008652774E-01  3.685579840330E-17
  4.272028475217E-17  6.976751955244E-01 -6.975348511826E-01 -1.407292905703E-10 -6.975348511656E-01  4.271169113868E-17
  4.912822518388E-17  8.023248044756E-01 -8.022136302462E-01 -1.565747247512E-10 -8.022136302343E-01  4.912141772494E-17
  5.498205163361E-17  8.979250453583E-01 -8.978357598977E-01  1.081234360498E-11 -8.978357599276E-01  5.497658447777E-17
  5.926892725003E-17  9.679350371274E-01 -9.678597038188E-01 -3.941965280901E-10 -9.678597038795E-01  5.926431441898E-17
  6.123233995737E-17  1.000000000000E+00 -9.999305864232E-01 -1.949998818709E-10 -9.999305864060E-01  6.122808960058E-17
  3.061616997868E-17  5.000000000000E-01 -4.997778767542E-01  1.907485044866E-15 -4.997778764993E-01  3.060256883698E-17
  3.257958268602E-17  5.320649628726E-01 -5.318596803941E-01  3.397590436928E-09 -5.318596795561E-01  3.256701270820E-17
  3.686645830244E-17  6.020749546417E-01 -6.019008651158E-01 -6.200689982280E-10 -6.019008652774E-01  3.685579840330E-17
  4.272028475217E-17  6.976751955244E-01 -6.975348511826E-01 -1.407292905703E-10 -6.975348511656E-01  4.271169113868E-17
  4.912822518388E-17  8.023248044756E-01 -8.022136302462E-01 -1.565747247512E-10 -8.022136302343E-01  4.912141772494E-17
  5.498205163361E-17  8.979250453583E-01 -8.978357598977E-01  1.081234360498E-11 -8.978357599276E-01  5.497658447777E-17
  5.926892725003E-17  9.679350371274E-01 -9.678597038188E-01 -3.941965280901E-10 -9.678597038795E-01  5.926431441898E-17
  6.123233995737E-17  1.000000000000E+00 -9.999305864232E-01 -1.949998818709E-10 -9.999305864060E-01  6.122808960058E-17
 -2.517311623718E-02  4.993659121515E-01 -4.991440607862E-01 -2.516193475991E-02 -4.991440703425E-01 -2.516193315578E-02
 -2.678746631225E-02  5.313902110175E-01 -5.311851878507E-01 -2.677713263684E-02 -5.311851880363E-01 -2.677713107067E-02
 -3.031220563338E-02  6.013114178165E-01 -6.011375484795E-01 -3.030344107013E-02 -6.011375492281E-01 -3.030344088977E-02
 -3.512531758546E-02  6.967904207970E-01 -6.966502542914E-01 -3.511825193917E-02 -6.966502544195E-01 -3.511825177575E-02
 -4.039403112607E-02  8.013073156575E-01 -8.011962827482E-01 -4.038843416511E-02 -8.011962824047E-01 -4.038843392188E-02
 -4.520714307816E-02  8.967863186381E-01 -8.966971470591E-01 -4.520264855182E-02 -8.966971464369E-01 -4.520264789311E-02
 -4.873188239929E-02  9.667075254371E-01 -9.666322887218E-01 -4.872809066806E-02 -9.666322877249E-01 -4.872808965408E-02
 -5.034623247436E-02  9.987318243030E-01 -9.986624999099E-01 -5.034273896826E-02 -9.986624987377E-01 -5.034273776142E-02
 -7.982641588779E-02  4.935866117780E-01 -4.933673527284E-01 -7.979095401800E-02 -4.933673374058E-01 -7.979095324190E-02
 -8.494567801117E-02  5.252402845402E-01 -5.250376383782E-01 -8.491290386215E-02 -5.250376343469E-01 -8.491290394838E-02
 -9.612297144970E-02  5.943522737960E-01 -5.941804181385E-01 -9.609517733908E-02 -5.941804174371E-01 -9.609517758970E-02
 -1.113858206250E-01  6.887262717609E-01 -6.885877278688E-01 -1.113634139204E-01 -6.885877275678E-01 -1.113634142507E-01
 -1.280934270383E-01  7.920335635732E-01 -7.919238151304E-01 -1.280756773580E-01 -7.919238153390E-01 -1.280756777559E-01
 -1.433562762137E-01  8.864075615381E-01 -8.863194206155E-01 -1.433420206261E-01 -8.863194213516E-01 -1.433420215418E-01
 -1.545335696522E-01  9.555195507939E-01 -9.554451825304E-01 -1.545215411351E-01 -9.554451838287E-01 -1.545215424858E-01
 -1.596528317756E-01  9.871732235560E-01 -9.871046987519E-01 -1.596417482013E-01 -9.871047003147E-01 -1.596417496987E-01
 -1.527709394191E-01  4.760893194234E-01 -4.758777997059E-01 -1.527030670977E-01 -4.758778181709E-01 -1.527030713874E-01
 -1.625681284201E-01  5.066208921261E-01 -5.064254192217E-01 -1.625054044725E-01 -5.064254257372E-01 -1.625054057698E-01
 -1.839591128426E-01  5.732829107945E-01 -5.731171456366E-01 -1.839059213140E-01 -5.731171466205E-01 -1.839059212512E-01
 -2.131689900593E-01  6.643114180315E-01 -6.641777845125E-01 -2.131261090132E-01 -6.641777851310E-01 -2.131261089802E-01
 -2.451438281979E-01  7.639565402386E-01 -7.638506826490E-01 -2.451098600455E-01 -7.638506825008E-01 -2.451098598114E-01
 -2.743537054146E-01  8.549850474757E-01 -8.549000326565E-01 -2.743264255362E-01 -8.549000317958E-01 -2.743264249764E-01
 -2.957446898372E-01  9.216470661440E-01 -9.215753371670E-01 -2.957216732953E-01 -9.215753354346E-01 -2.957216723751E-01
 -3.055418788382E-01  9.521786388467E-01 -9.521125468256E-01 -3.055206711286E-01 -9.521125447053E-01 -3.055206700783E-01
 -2.286206189833E-01  4.446713534462E-01 -4.444738265393E-01 -2.285190619523E-01 -4.444738095309E-01 -2.285190549589E-01
 -2.432820423025E-01  4.731880943238E-01 -4.730055330633E-01 -2.431881798460E-01 -4.730055271034E-01 -2.431881783047E-01
 -2.752934976090E-01  5.354509699132E-01 -5.352961456269E-01 -2.752138967180E-01 -5.352961448067E-01 -2.752138967726E-01
 -3.190058701001E-01  6.204723469194E-01 -6.203475330199E-01 -3.189416991668E-01 -6.203475326874E-01 -3.189416988718E-01
 -3.668559868497E-01  7.135417134193E-01 -7.134428411163E-01 -3.668051534956E-01 -7.134428414186E-01 -3.668051534020E-01
 -4.105683593408E-01  7.985630904255E-01 -7.984836839452E-01 -4.105275342532E-01 -7.984836850788E-01 -4.105275343599E-01
 -4.425798146473E-01  8.608259660149E-01 -8.607589669233E-01 -4.425453688205E-01 -8.607589689403E-01 -4.425453691798E-01
 -4.572412379666E-01  8.893427068925E-01 -8.892809720207E-01 -4.572094986849E-01 -8.892809744189E-01 -4.572094992089E-01
 -2.925726402991E-01  4.054642402832E-01 -4.052841017075E-01 -2.924426589754E-01 -4.052841140103E-01 -2.924426657809E-01
 -3.113353019965E-01  4.314666319049E-01 -4.313001590444E-01 -3.112151806530E-01 -4.313001618170E-01 -3.112151814327E-01
 -3.523013182749E-01  4.882397281547E-01 -4.880985540618E-01 -3.521994507118E-01 -4.880985541310E-01 -3.521994507050E-01
 -4.082413480515E-01  5.657646862355E-01 -5.656508770997E-01 -4.081592258478E-01 -5.656508769978E-01 -4.081592262123E-01
 -4.694765728457E-01  6.506280346142E-01 -6.505378807635E-01 -4.694115196898E-01 -6.505378802556E-01 -4.694115197631E-01
 -5.254166026223E-01  7.281529926949E-01 -7.280805898263E-01 -5.253643575617E-01 -7.280805885962E-01 -5.253643576738E-01
 -5.663826189007E-01  7.849260889447E-01 -7.848650010546E-01 -5.663385379434E-01 -7.848649990684E-01 -5.663385380062E-01
 -5.851452805981E-01  8.109284805664E-01 -8.108721933751E-01 -5.851046635927E-01 -8.108721911061E-01 -5.851046635612E-01
 -3.353049415808E-01  3.709051039706E-01 -3.707403381198E-01 -3.351559874548E-01 -3.707403304904E-01 -3.351559833660E-01
 -3.568080225864E-01  3.946912207468E-01 -3.945389383724E-01 -3.566703569630E-01 -3.945389394871E-01 -3.566703575655E-01
 -4.037574149868E-01  4.466253472990E-01 -4.464962062234E-01 -4.036406694677E-01 -4.464962060315E-01 -4.036406689386E-01
 -4.678678813554E-01  5.175425818674E-01 -5.174384728260E-01 -4.677737652018E-01 -5.174384729894E-01 -4.677737650413E-01
 -5.380469433871E-01  5.951727300445E-01 -5.950902594853E-01 -5.379723887628E-01 -5.950902598575E-01 -5.379723888421E-01
 -6.021574097557E-01  6.660899646129E-01 -6.660237308880E-01 -6.020975339872E-01 -6.660237317690E-01 -6.020975340634E-01
 -6.491068021561E-01  7.180240911651E-01 -7.179682068261E-01 -6.490562828674E-01 -7.179682081928E-01 -6.490562829355E-01
 -6.706098831617E-01  7.418102079413E-01 -7.417587146218E-01 -6.705633335621E-01 -7.417587162287E-01 -6.705633337195E-01
 -3.535533905933E-01  3.535533905933E-01 -3.533963257399E-01 -3.533963257399E-01 -3.533963255597E-01 -3.533963255597E-01
 -3.762267432790E-01  3.762267432790E-01 -3.760815890488E-01 -3.760815842439E-01 -3.760815860538E-01 -3.760815860538E-01
 -4.257312832097E-01  4.257312832097E-01 -4.256081828869E-01 -4.256081837639E-01 -4.256081834397E-01 -4.256081834397E-01
 -4.933308618209E-01  4.933308618209E-01 -4.932316232856E-01 -4.932316234846E-01 -4.932316233731E-01 -4.932316233731E-01
 -5.673293099589E-01  5.673293099589E-01 -5.672506977967E-01 -5.672506980181E-01 -5.672506978990E-01 -5.672506978990E-01
 -6.349288885701E-01  6.349288885701E-01 -6.348657542231E-01 -6.348657542078E-01 -6.348657542366E-01 -6.348657542365E-01
 -6.844334285008E-01  6.844334285008E-01 -6.843801595287E-01 -6.843801600862E-01 -6.843801598504E-01 -6.843801598504E-01
 -7.071067811865E-01  7.071067811865E-01 -7.070576982378E-01 -7.070576985136E-01 -7.070576983636E-01 -7.070576983636E-01
 -3.535533905933E-01  3.535533905933E-01 -3.533963257399E-01 -3.533963257399E-01 -3.533963255597E-01 -3.533963255597E-01
 -3.762267432790E-01  3.762267432790E-01 -3.760815890488E-01 -3.760815842439E-01 -3.760815860538E-01 -3.760815860538E-01
 -4.257312832097E-01  4.257312832097E-01 -4.256081828869E-01 -4.256081837639E-01 -4.256081834397E-01 -4.256081834397E-01
 -4.933308618209E-01  4.933308618209E-01 -4.932316232856E-01 -4.932316234846E-01 -4.932316233731E-01 -4.932316233731E-01
 -5.673293099589E-01  5.673293099589E-01 -5.672506977967E-01 -5.672506980181E-01 -5.672506978990E-01 -5.672506978990E-01
 -6.349288885701E-01  6.349288885701E-01 -6.348657542231E-01 -6.348657542078E-01 -6.348657542366E-01 -6.348657542365E-01
 -6.844334285008E-01  6.844334285008E-01 -6.843801595287E-01 -6.843801600862E-01 -6.843801598504E-01 -6.843801598504E-01
 -7.071067811865E-01  7.071067811865E-01 -7.070576982378E-01 -7.070576985136E-01 -7.070576983636E-01 -7.070576983636E-01
 -3.709051039706E-01  3.353049415808E-01 -3.351559754744E-01 -3.707403248674E-01 -3.351559833660E-01 -3.707403304904E-01
 -3.946912207468E-01  3.568080225864E-01 -3.566703563268E-01 -3.945389404633E-01 -3.566703575655E-01 -3.945389394871E-01
 -4.466253472990E-01  4.037574149868E-01 -4.036406682818E-01 -4.464962056297E-01 -4.036406689386E-01 -4.464962060315E-01
 -5.175425818674E-01  4.678678813554E-01 -4.677737648351E-01 -5.174384730144E-01 -4.677737650413E-01 -5.174384729894E-01
 -5.951727300445E-01  5.380469433871E-01 -5.379723889131E-01 -5.950902602724E-01 -5.379723888421E-01 -5.950902598575E-01
 -6.660899646129E-01  6.021574097557E-01 -6.020975340376E-01 -6.660237326747E-01 -6.020975340634E-01 -6.660237317690E-01
 -7.180240911651E-01  6.491068021561E-01 -6.490562829234E-01 -7.179682096147E-01 -6.490562829355E-01 -7.179682081928E-01
 -7.418102079413E-01  6.706098831617E-01 -6.705633336950E-01 -7.417587179110E-01 -6.705633337195E-01 -7.417587162287E-01
 -4.054642402832E-01  2.925726402991E-01 -2.924426760668E-01 -4.052841253938E-01 -2.924426657809E-01 -4.052841140103E-01
 -4.314666319049E-01  3.113353019965E-01 -3.112151843443E-01 -4.313001646066E-01 -3.112151814327E-01 -4.313001618170E-01
 -4.882397281547E-01  3.523013182749E-01 -3.521994513782E-01 -4.880985544498E-01 -3.521994507050E-01 -4.880985541310E-01
 -5.657646862355E-01  4.082413480515E-01 -4.081592266587E-01 -5.656508769771E-01 -4.081592262123E-01 -5.656508769978E-01
 -6.506280346142E-01  4.694765728457E-01 -4.694115198969E-01 -6.505378798267E-01 -4.694115197631E-01 -6.505378802556E-01
 -7.281529926949E-01  5.254166026223E-01 -5.253643578008E-01 -7.280805874283E-01 -5.253643576738E-01 -7.280805885962E-01
 -7.849260889447E-01  5.663826189007E-01 -5.663385380432E-01 -7.848649971953E-01 -5.663385380062E-01 -7.848649990684E-01
 -8.109284805664E-01  5.851452805981E-01 -5.851046635150E-01 -8.108721889422E-01 -5.851046635612E-01 -8.108721911061E-01
 -4.446713534462E-01  2.286206189833E-01 -2.285190449354E-01 -4.444737934409E-01 -2.285190549589E-01 -4.444738095309E-01
 -4.731880943238E-01  2.432820423025E-01 -2.431881746149E-01 -4.730055215789E-01 -2.431881783047E-01 -4.730055271034E-01
 -5.354509699132E-01  2.752934976090E-01 -2.752138960324E-01 -5.352961441554E-01 -2.752138967726E-01 -5.352961448067E-01
 -6.204723469194E-01  3.190058701001E-01 -3.189416984111E-01 -6.203475322734E-01 -3.189416988718E-01 -6.203475326874E-01
 -7.135417134193E-01  3.668559868497E-01 -3.668051533413E-01 -7.134428416889E-01 -3.668051534020E-01 -7.134428414186E-01
 -7.985630904255E-01  4.105683593408E-01 -4.105275345727E-01 -7.984836860833E-01 -4.105275343599E-01 -7.984836850788E-01
 -8.608259660149E-01  4.425798146473E-01 -4.425453697541E-01 -8.607589708160E-01 -4.425453691798E-01 -8.607589689403E-01
 -8.893427068925E-01  4.572412379666E-01 -4.572094999654E-01 -8.892809766609E-01 -4.572094992089E-01 -8.892809744189E-01
 -4.760893194234E-01  1.527709394191E-01 -1.527030784690E-01 -4.758778351427E-01 -1.527030713874E-01 -4.758778181709E-01
 -5.066208921261E-01  1.625681284201E-01 -1.625054088943E-01 -5.064254310414E-01 -1.625054057698E-01 -5.064254257372E-01
 -5.732829107945E-01  1.839591128426E-01 -1.839059218698E-01 -5.731171471619E-01 -1.839059212512E-01 -5.731171466205E-01
 -6.643114180315E-01  2.131689900593E-01 -2.131261090067E-01 -6.641777855747E-01 -2.131261089802E-01 -6.641777851310E-01
 -7.639565402386E-01  2.451438281979E-01 -2.451098595314E-01 -7.638506823532E-01 -2.451098598114E-01 -7.638506825008E-01
 -8.549850474757E-01  2.743537054146E-01 -2.743264242502E-01 -8.549000309187E-01 -2.743264249764E-01 -8.549000317958E-01
 -9.216470661440E-01  2.957446898372E-01 -2.957216712029E-01 -9.215753337543E-01 -2.957216723751E-01 -9.215753354346E-01
 -9.521786388467E-01  3.055418788382E-01 -3.055206687530E-01 -9.521125426390E-01 -3.055206700783E-01 -9.521125447053E-01
 -4.935866117780E-01  7.982641588779E-02 -7.979094935474E-02 -4.933673238943E-01 -7.979095324190E-02 -4.933673374058E-01
 -5.252402845402E-01  8.494567801117E-02 -8.491290253920E-02 -5.250376318350E-01 -8.491290394838E-02 -5.250376343469E-01
 -5.943522737960E-01  9.612297144970E-02 -9.609517753595E-02 -5.941804173929E-01 -9.609517758970E-02 -5.941804174371E-01
 -6.887262717609E-01  1.113858206250E-01 -1.113634145805E-01 -6.885877273821E-01 -1.113634142507E-01 -6.885877275678E-01
 -7.920335635732E-01  1.280934270383E-01 -1.280756781668E-01 -7.919238156463E-01 -1.280756777559E-01 -7.919238153390E-01
 -8.864075615381E-01  1.433562762137E-01 -1.433420224909E-01 -8.863194221421E-01 -1.433420215418E-01 -8.863194213516E-01
 -9.555195507939E-01  1.545335696522E-01 -1.545215439347E-01 -9.554451851887E-01 -1.545215424858E-01 -9.554451838287E-01
 -9.871732235560E-01  1.596528317756E-01 -1.596417512809E-01 -9.871047019414E-01 -1.596417496987E-01 -9.871047003147E-01
 -4.993659121515E-01  2.517311623718E-02 -2.516193565934E-02 -4.991440786284E-01 -2.516193315578E-02 -4.991440703425E-01
 -5.313902110175E-01  2.678746631225E-02 -2.677713070851E-02 -5.311851868220E-01 -2.677713107067E-02 -5.311851880363E-01
 -6.013114178165E-01  3.031220563338E-02 -3.030344065138E-02 -6.011375497379E-01 -3.030344088977E-02 -6.011375492281E-01
 -6.967904207970E-01  3.512531758546E-02 -3.511825154667E-02 -6.966502544174E-01 -3.511825177575E-02 -6.966502544195E-01
 -8.013073156575E-01  4.039403112607E-02 -4.038843371476E-02 -8.011962820854E-01 -4.038843392188E-02 -8.011962824047E-01
 -8.967863186381E-01  4.520714307816E-02 -4.520264732402E-02 -8.966971457601E-01 -4.520264789311E-02 -8.966971464369E-01
 -9.667075254371E-01  4.873188239929E-02 -4.872808873584E-02 -9.666322867104E-01 -4.872808965408E-02 -9.666322877249E-01
 -9.987318243030E-01  5.034623247436E-02 -5.034273673644E-02 -9.986624974901E-01 -5.034273776142E-02 -9.986624987377E-01
 -5.000000000000E-01  8.326672684689E-17  4.238855879875E-16 -4.997778767542E-01 -8.322973585317E-17 -4.997778764993E-01
 -5.320649628726E-01  8.860661585662E-17 -3.397590134964E-09 -5.318596803941E-01 -8.857242931695E-17 -5.318596795561E-01
 -6.020749546417E-01  1.002656215790E-16  6.200687543008E-10 -6.019008651158E-01 -1.002366298759E-16 -6.019008652774E-01
 -6.976751955244E-01  1.161862598672E-16  1.407292348663E-10 -6.975348511826E-01 -1.161628878364E-16 -6.975348511656E-01
 -8.023248044756E-01  1.336139206735E-16  1.565749419412E-10 -8.022136302462E-01 -1.335954064431E-16 -8.022136302343E-01
 -8.979250453583E-01  1.495345589617E-16 -1.081206110809E-11 -8.978357598977E-01 -1.495196899505E-16 -8.978357599276E-01
 -9.679350371274E-01  1.611935646840E-16  3.941967144934E-10 -9.678597038188E-01 -1.611810191781E-16 -9.678597038795E-01
 -1.000000000000E+00  1.665334536938E-16  1.950000428754E-10 -9.999305864232E-01 -1.665218940082E-16 -9.999305864060E-01
 -5.000000000000E-01  8.326672684689E-17  4.238855879875E-16 -4.997778767542E-01 -8.322973585317E-17 -4.997778764993E-01
 -5.320649628726E-01  8.860661585662E-17 -3.397590134964E-09 -5.318596803941E-01 -8.857242931695E-17 -5.318596795561E-01
 -6.020749546417E-01  1.002656215790E-16  6.200687543008E-10 -6.019008651158E-01 -1.002366298759E-16 -6.019008652774E-01
 -6.976751955244E-01  1.161862598672E-16  1.407292348663E-10 -6.975348511826E-01 -1.161628878364E-16 -6.975348511656E-01
 -8.023248044756E-01  1.336139206735E-16  1.565749419412E-10 -8.022136302462E-01 -1.335954064431E-16 -8.022136302343E-01
 -8.979250453583E-01  1.495345589617E-16 -1.081206110809E-11 -8.978357598977E-01 -1.495196899505E-16 -8.978357599276E-01
 -9.679350371274E-01  1.611935646840E-16  3.941967144934E-10 -9.678597038188E-01 -1.611810191781E-16 -9.678597038795E-01
 -1.000000000000E+00  1.665334536938E-16  1.950000428754E-10 -9.999305864232E-01 -1.665218940082E-16 -9.999305864060E-01
 -4.993659121515E-01 -2.517311623718E-02  2.516193475991E-02 -4.991440607862E-01  2.516193315578E-02 -4.991440703425E-01
 -5.313902110175E-01 -2.678746631225E-02  2.677713263684E-02 -5.311851878507E-01  2.677713107067E-02 -5.311851880363E-01
 -6.013114178165E-01 -3.031220563338E-02  3.030344107013E-02 -6.011375484795E-01  3.030344088977E-02 -6.011375492281E-01
 -6.967904207970E-01 -3.512531758546E-02  3.511825193917E-02 -6.966502542914E-01  3.511825177575E-02 -6.966502544195E-01
 -8.013073156575E-01 -4.039403112607E-02  4.038843416511E-02 -8.011962827482E-01  4.038843392188E-02 -8.011962824047E-01
 -8.967863186381E-01 -4.520714307816E-02  4.520264855182E-02 -8.966971470592E-01  4.520264789311E-02 -8.966971464369E-01
 -9.667075254371E-01 -4.873188239929E-02  4.872809066806E-02 -9.666322887218E-01  4.872808965408E-02 -9.666322877249E-01
 -9.987318243030E-01 -5.034623247436E-02  5.034273896826E-02 -9.986624999099E-01  5.034273776142E-02 -9.986624987377E-01
 -4.935866117780E-01 -7.982641588779E-02  7.979095401800E-02 -4.933673527284E-01  7.979095324190E-02 -4.933673374058E-01
 -5.252402845402E-01 -8.494567801117E-02  8.491290386215E-02 -5.250376383782E-01  8.491290394838E-02 -5.250376343469E-01
 -5.943522737960E-01 -9.612297144970E-02  9.609517733908E-02 -5.941804181385E-01  9.609517758970E-02 -5.941804174371E-01
 -6.887262717609E-01 -1.113858206250E-01  1.113634139204E-01 -6.885877278688E-01  1.113634142507E-01 -6.885877275678E-01
 -7.920335635732E-01 -1.280934270383E-01  1.280756773580E-01 -7.919238151304E-01  1.280756777559E-01 -7.919238153390E-01
 -8.864075615381E-01 -1.433562762137E-01  1.433420206261E-01 -8.863194206155E-01  1.433420215418E-01 -8.863194213516E-01
 -9.555195507939E-01 -1.545335696522E-01  1.545215411351E-01 -9.554451825304E-01  1.545215424858E-01 -9.554451838287E-01
 -9.871732235560E-01 -1.596528317756E-01  1.596417482013E-01 -9.871046987519E-01  1.596417496987E-01 -9.871047003147E-01
 -4.760893194234E-01 -1.527709394191E-01  1.527030670977E-01 -4.758777997059E-01  1.527030713874E-01 -4.758778181709E-01
 -5.066208921261E-01 -1.625681284201E-01  1.625054044725E-01 -5.064254192217E-01  1.625054057698E-01 -5.064254257372E-01
 -5.732829107945E-01 -1.839591128426E-01  1.839059213140E-01 -5.731171456366E-01  1.839059212512E-01 -5.731171466205E-01
 -6.643114180315E-01 -2.131689900593E-01  2.131261090132E-01 -6.641777845125E-01  2.131261089802E-01 -6.641777851310E-01
 -7.639565402386E-01 -2.451438281979E-01  2.451098600455E-01 -7.638506826490E-01  2.451098598114E-01 -7.638506825008E-01
 -8.549850474757E-01 -2.743537054146E-01  2.743264255362E-01 -8.549000326565E-01  2.743264249764E-01 -8.549000317958E-01
 -9.216470661440E-01 -2.957446898372E-01  2.957216732953E-01 -9.215753371670E-01  2.957216723751E-01 -9.215753354346E-01
 -9.521786388467E-01 -3.055418788382E-01  3.055206711286E-01 -9.521125468256E-01  3.055206700783E-01 -9.521125447053E-01
 -4.446713534462E-01 -2.286206189833E-01  2.285190619523E-01 -4.444738265393E-01  2.285190549589E-01 -4.444738095309E-01
 -4.731880943238E-01 -2.432820423025E-01  2.431881798460E-01 -4.730055330633E-01  2.431881783047E-01 -4.730055271034E-01
 -5.354509699132E-01 -2.752934976090E-01  2.752138967180E-01 -5.352961456269E-01  2.752138967726E-01 -5.352961448067E-01
 -6.204723469194E-01 -3.190058701001E-01  3.189416991668E-01 -6.203475330199E-01  3.189416988718E-01 -6.203475326874E-01
 -7.135417134193E-01 -3.668559868497E-01  3.668051534956E-01 -7.134428411163E-01  3.668051534020E-01 -7.134428414186E-01
 -7.985630904255E-01 -4.105683593408E-01  4.105275342532E-01 -7.984836839452E-01  4.105275343599E-01 -7.984836850788E-01
 -8.608259660149E-01 -4.425798146473E-01  4.425453688205E-01 -8.607589669233E-01  4.425453691798E-01 -8.607589689403E-01
 -8.893427068925E-01 -4.572412379666E-01  4.572094986849E-01 -8.892809720207E-01  4.572094992089E-01 -8.892809744189E-01
 -4.054642402832E-01 -2.925726402991E-01  2.924426589754E-01 -4.052841017075E-01  2.924426657809E-01 -4.052841140103E-01
 -4.314666319049E-01 -3.113353019965E-01  3.112151806530E-01 -4.313001590444E-01  3.112151814327E-01 -4.313001618170E-01
 -4.882397281547E-01 -3.523013182749E-01  3.521994507118E-01 -4.880985540618E-01  3.521994507050E-01 -4.880985541310E-01
 -5.657646862355E-01 -4.082413480515E-01  4.081592258478E-01 -5.656508770997E-01  4.081592262123E-01 -5.656508769978E-01
 -6.506280346142E-01 -4.694765728457E-01  4.694115196898E-01 -6.505378807635E-01  4.694115197631E-01 -6.505378802556E-01
 -7.281529926949E-01 -5.254166026223E-01  5.253643575617E-01 -7.280805898263E-01  5.253643576738E-01 -7.280805885962E-01
 -7.849260889447E-01 -5.663826189007E-01  5.663385379434E-01 -7.848650010546E-01  5.663385380062E-01 -7.848649990684E-01
 -8.109284805664E-01 -5.851452805981E-01  5.851046635927E-01 -8.108721933751E-01  5.851046635612E-01 -8.108721911061E-01
 -3.709051039706E-01 -3.353049415808E-01  3.351559874548E-01 -3.707403381198E-01  3.351559833660E-01 -3.707403304904E-01
 -3.946912207468E-01 -3.568080225864E-01  3.566703569630E-01 -3.945389383724E-01  3.566703575655E-01 -3.945389394871E-01
 -4.466253472990E-01 -4.037574149868E-01  4.036406694677E-01 -4.464962062234E-01  4.036406689386E-01 -4.464962060315E-01
 -5.175425818674E-01 -4.678678813554E-01  4.677737652018E-01 -5.174384728260E-01  4.677737650413E-01 -5.174384729894E-01
 -5.951727300445E-01 -5.380469433871E-01  5.379723887628E-01 -5.950902594853E-01  5.379723888421E-01 -5.950902598575E-01
 -6.660899646129E-01 -6.021574097557E-01  6.020975339872E-01 -6.660237308880E-01  6.020975340634E-01 -6.660237317690E-01
 -7.180240911651E-01 -6.491068021561E-01  6.490562828674E-01 -7.179682068261E-01  6.490562829355E-01 -7.179682081928E-01
 -7.418102079413E-01 -6.706098831617E-01  6.705633335621E-01 -7.417587146218E-01  6.705633337195E-01 -7.417587162287E-01
 -3.535533905933E-01 -3.535533905933E-01  3.533963257399E-01 -3.533963257399E-01  3.533963255597E-01 -3.533963255597E-01
 -3.762267432790E-01 -3.762267432790E-01  3.760815842439E-01 -3.760815890488E-01  3.760815860538E-01 -3.760815860538E-01
 -4.257312832097E-01 -4.257312832097E-01  4.256081837639E-01 -4.256081828869E-01  4.256081834397E-01 -4.256081834397E-01
 -4.933308618209E-01 -4.933308618209E-01  4.932316234846E-01 -4.932316232856E-01  4.932316233731E-01 -4.932316233731E-01
 -5.673293099589E-01 -5.673293099589E-01  5.672506980181E-01 -5.672506977967E-01  5.672506978990E-01 -5.672506978990E-01
 -6.349288885701E-01 -6.349288885701E-01  6.348657542078E-01 -6.348657542231E-01  6.348657542365E-01 -6.348657542366E-01
 -6.844334285008E-01 -6.844334285008E-01  6.843801600862E-01 -6.843801595287E-01  6.843801598504E-01 -6.843801598504E-01
 -7.071067811865E-01 -7.071067811865E-01  7.070576985136E-01 -7.070576982378E-01  7.070576983636E-01 -7.070576983636E-01
 -3.535533905933E-01 -3.535533905933E-01  3.533963257399E-01 -3.533963257399E-01  3.533963255597E-01 -3.533963255597E-01
 -3.762267432790E-01 -3.762267432790E-01  3.760815842439E-01 -3.760815890488E-01  3.760815860538E-01 -3.760815860538E-01
 -4.257312832097E-01 -4.257312832097E-01  4.256081837639E-01 -4.256081828869E-01  4.256081834397E-01 -4.256081834397E-01
 -4.933308618209E-01 -4.933308618209E-01  4.932316234846E-01 -4.932316232856E-01  4.932316233731E-01 -4.932316233731E-01
 -5.673293099589E-01 -5.673293099589E-01  5.672506980181E-01 -5.672506977967E-01  5.672506978990E-01 -5.672506978990E-01
 -6.349288885701E-01 -6.349288885701E-01  6.348657542078E-01 -6.348657542231E-01  6.348657542365E-01 -6.348657542366E-01
 -6.844334285008E-01 -6.844334285008E-01  6.843801600862E-01 -6.843801595287E-01  6.843801598504E-01 -6.843801598504E-01
 -7.071067811865E-01 -7.071067811865E-01  7.070576985136E-01 -7.070576982378E-01  7.070576983636E-01 -7.070576983636E-01
 -3.353049415808E-01 -3.709051039706E-01  3.707403248674E-01 -3.351559754744E-01  3.707403304904E-01 -3.351559833660E-01
 -3.568080225864E-01 -3.946912207468E-01  3.945389404633E-01 -3.566703563268E-01  3.945389394871E-01 -3.566703575655E-01
 -4.037574149868E-01 -4.466253472990E-01  4.464962056297E-01 -4.036406682818E-01  4.464962060315E-01 -4.036406689386E-01
 -4.678678813554E-01 -5.175425818674E-01  5.174384730144E-01 -4.677737648351E-01  5.174384729894E-01 -4.677737650413E-01
 -5.380469433871E-01 -5.951727300445E-01  5.950902602724E-01 -5.379723889131E-01  5.950902598575E-01 -5.379723888421E-01
 -6.021574097557E-01 -6.660899646129E-01  6.660237326747E-01 -6.020975340376E-01  6.660237317690E-01 -6.020975340634E-01
 -6.491068021561E-01 -7.180240911651E-01  7.179682096147E-01 -6.490562829234E-01  7.179682081928E-01 -6.490562829355E-01
 -6.706098831617E-01 -7.418102079413E-01  7.417587179110E-01 -6.705633336950E-01  7.417587162287E-01 -6.705633337195E-01
 -2.925726402991E-01 -4.054642402832E-01  4.052841253938E-01 -2.924426760668E-01  4.052841140103E-01 -2.924426657809E-01
 -3.113353019965E-01 -4.314666319049E-01  4.313001646066E-01 -3.112151843443E-01  4.313001618170E-01 -3.112151814327E-01
 -3.523013182749E-01 -4.882397281547E-01  4.880985544498E-01 -3.521994513782E-01  4.880985541310E-01 -3.521994507050E-01
 -4.082413480515E-01 -5.657646862355E-01  5.656508769771E-01 -4.081592266587E-01  5.656508769978E-01 -4.081592262123E-01
 -4.694765728457E-01 -6.506280346142E-01  6.505378798267E-01 -4.694115198969E-01  6.505378802556E-01 -4.694115197631E-01
 -5.254166026223E-01 -7.281529926949E-01  7.280805874283E-01 -5.253643578008E-01  7.280805885962E-01 -5.253643576738E-01
 -5.663826189007E-01 -7.849260889447E-01  7.848649971953E-01 -5.663385380432E-01  7.848649990684E-01 -5.663385380062E-01
 -5.851452805981E-01 -8.109284805664E-01  8.108721889422E-01 -5.851046635150E-01  8.108721911061E-01 -5.851046635612E-01
 -2.286206189833E-01 -4.446713534462E-01  4.444737934409E-01 -2.285190449354E-01  4.444738095309E-01 -2.285190549589E-01
 -2.432820423025E-01 -4.731880943238E-01  4.730055215789E-01 -2.431881746149E-01  4.730055271034E-01 -2.431881783047E-01
 -2.752934976090E-01 -5.354509699132E-01  5.352961441554E-01 -2.752138960324E-01  5.352961448067E-01 -2.752138967726E-01
 -3.190058701001E-01 -6.204723469194E-01  6.203475322734E-01 -3.189416984111E-01  6.203475326874E-01 -3.189416988718E-01
 -3.668559868497E-01 -7.135417134193E-01  7.134428416889E-01 -3.668051533413E-01  7.134428414186E-01 -3.668051534020E-01
 -4.105683593408E-01 -7.985630904255E-01  7.984836860833E-01 -4.105275345727E-01  7.984836850788E-01 -4.105275343599E-01
 -4.425798146473E-01 -8.608259660149E-01  8.607589708160E-01 -4.425453697541E-01  8.607589689403E-01 -4.425453691798E-01
 -4.572412379666E-01 -8.893427068925E-01  8.892809766609E-01 -4.572094999654E-01  8.892809744189E-01 -4.572094992089E-01
 -1.527709394191E-01 -4.760893194234E-01  4.758778351427E-01 -1.527030784690E-01  4.758778181709E-01 -1.527030713874E-01
 -1.625681284201E-01 -5.066208921261E-01  5.064254310414E-01 -1.625054088943E-01  5.064254257372E-01 -1.625054057698E-01
 -1.839591128426E-01 -5.732829107945E-01  5.731171471619E-01 -1.839059218698E-01  5.731171466205E-01 -1.839059212512E-01
 -2.131689900593E-01 -6.643114180315E-01  6.641777855747E-01 -2.131261090067E-01  6.641777851310E-01 -2.131261089802E-01
 -2.451438281979E-01 -7.639565402386E-01  7.638506823532E-01 -2.451098595314E-01  7.638506825008E-01 -2.451098598114E-01
 -2.743537054146E-01 -8.549850474757E-01  8.549000309187E-01 -2.743264242502E-01  8.549000317958E-01 -2.743264249764E-01
 -2.957446898372E-01 -9.216470661440E-01  9.215753337543E-01 -2.957216712029E-01  9.215753354346E-01 -2.957216723751E-01
 -3.055418788382E-01 -9.521786388467E-01  9.521125426390E-01 -3.055206687530E-01  9.521125447053E-01 -3.055206700783E-01
 -7.982641588779E-02 -4.935866117780E-01  4.933673238943E-01 -7.979094935474E-02  4.933673374058E-01 -7.979095324190E-02
 -8.494567801117E-02 -5.252402845402E-01  5.250376318350E-01 -8.491290253920E-02  5.250376343469E-01 -8.491290394838E-02
 -9.612297144970E-02 -5.943522737960E-01  5.941804173929E-01 -9.609517753595E-02  5.941804174371E-01 -9.609517758970E-02
 -1.113858206250E-01 -6.887262717609E-01  6.885877273821E-01 -1.113634145805E-01  6.885877275678E-01 -1.113634142507E-01
 -1.280934270383E-01 -7.920335635732E-01  7.919238156463E-01 -1.280756781668E-01  7.919238153390E-01 -1.280756777559E-01
 -1.433562762137E-01 -8.864075615381E-01  8.863194221421E-01 -1.433420224909E-01  8.863194213516E-01 -1.433420215418E-01
 -1.545335696522E-01 -9.555195507939E-01  9.554451851887E-01 -1.545215439347E-01  9.554451838287E-01 -1.545215424858E-01
 -1.596528317756E-01 -9.871732235560E-01  9.871047019414E-01 -1.596417512809E-01  9.871047003147E-01 -1.596417496987E-01
 -2.517311623718E-02 -4.993659121515E-01  4.991440786284E-01 -2.516193565934E-02  4.991440703425E-01 -2.516193315578E-02
 -2.678746631225E-02 -5.313902110175E-01  5.311851868220E-01 -2.677713070851E-02  5.311851880363E-01 -2.677713107067E-02
 -3.031220563338E-02 -6.013114178165E-01  6.011375497379E-01 -3.030344065138E-02  6.011375492281E-01 -3.030344088977E-02
 -3.512531758547E-02 -6.967904207970E-01  6.966502544174E-01 -3.511825154667E-02  6.966502544195E-01 -3.511825177575E-02
 -4.039403112608E-02 -8.013073156575E-01  8.011962820854E-01 -4.038843371476E-02  8.011962824047E-01 -4.038843392188E-02
 -4.520714307816E-02 -8.967863186381E-01  8.966971457601E-01 -4.520264732402E-02  8.966971464369E-01 -4.520264789311E-02
 -4.873188239929E-02 -9.667075254371E-01  9.666322867104E-01 -4.872808873584E-02  9.666322877249E-01 -4.872808965408E-02
 -5.034623247436E-02 -9.987318243030E-01  9.986624974901E-01 -5.034273673644E-02  9.986624987377E-01 -5.034273776142E-02
 -1.081617080995E-16 -5.000000000000E-01  4.997778767542E-01 -4.238855888143E-16  4.997778764993E-01 -1.081136575850E-16
 -1.150981104084E-16 -5.320649628726E-01  5.318596803941E-01 -3.397589915509E-09  5.318596795561E-01 -1.150537028200E-16
 -1.302429109959E-16 -6.020749546417E-01  6.019008651158E-01  6.200690645824E-10  6.019008652774E-01 -1.302052513899E-16
 -1.509234816931E-16 -6.976751955244E-01  6.975348511826E-01  1.407293998336E-10  6.975348511656E-01 -1.508931219219E-16
 -1.735616426053E-16 -8.023248044756E-01  8.022136302462E-01  1.565750959962E-10  8.022136302343E-01 -1.735375930136E-16
 -1.942422133025E-16 -8.979250453583E-01  8.978357598977E-01 -1.081209065110E-11  8.978357599276E-01 -1.942228987731E-16
 -2.093870138900E-16 -9.679350371274E-01  9.678597038188E-01  3.941966027434E-10  9.678597038795E-01 -2.093707175445E-16
 -2.163234161989E-16 -1.000000000000E+00  9.999305864232E-01  1.949998636177E-10  9.999305864060E-01 -2.163084004131E-16
 -1.081617080995E-16 -5.000000000000E-01  4.997778767542E-01 -4.238855888143E-16  4.997778764993E-01 -1.081136575850E-16
 -1.150981104084E-16 -5.320649628726E-01  5.318596803941E-01 -3.397589915509E-09  5.318596795561E-01 -1.150537028200E-16
 -1.302429109959E-16 -6.020749546417E-01  6.019008651158E-01  6.200690645824E-10  6.019008652774E-01 -1.302052513899E-16
 -1.509234816931E-16 -6.976751955244E-01  6.975348511826E-01  1.407293998336E-10  6.975348511656E-01 -1.508931219219E-16
 -1.735616426053E-16 -8.023248044756E-01  8.022136302462E-01  1.565750959962E-10  8.022136302343E-01 -1.735375930136E-16
 -1.942422133025E-16 -8.979250453583E-01  8.978357598977E-01 -1.081209065110E-11  8.978357599276E-01 -1.942228987731E-16
 -2.093870138900E-16 -9.679350371274E-01  9.678597038188E-01  3.941966027434E-10  9.678597038795E-01 -2.093707175445E-16
 -2.163234161989E-16 -1.000000000000E+00  9.999305864232E-01  1.949998636177E-10  9.999305864060E-01 -2.163084004131E-16
  2.517311623718E-02 -4.993659121515E-01  4.991440607862E-01  2.516193475991E-02  4.991440703425E-01  2.516193315578E-02
  2.678746631225E-02 -5.313902110175E-01  5.311851878507E-01  2.677713263684E-02  5.311851880363E-01  2.677713107067E-02
  3.031220563338E-02 -6.013114178165E-01  6.011375484795E-01  3.030344107013E-02  6.011375492281E-01  3.030344088977E-02
  3.512531758546E-02 -6.967904207970E-01  6.966502542914E-01  3.511825193917E-02  6.966502544195E-01  3.511825177575E-02
  4.039403112607E-02 -8.013073156575E-01  8.011962827482E-01  4.038843416511E-02  8.011962824047E-01  4.038843392188E-02
  4.520714307816E-02 -8.967863186381E-01  8.966971470591E-01  4.520264855182E-02  8.966971464369E-01  4.520264789311E-02
  4.873188239929E-02 -9.667075254371E-01  9.666322887218E-01  4.872809066806E-02  9.666322877249E-01  4.872808965408E-02
  5.034623247436E-02 -9.987318243030E-01  9.986624999099E-01  5.034273896826E-02  9.986624987377E-01  5.034273776142E-02
  7.982641588779E-02 -4.935866117780E-01  4.933673527284E-01  7.979095401800E-02  4.933673374058E-01  7.979095324190E-02
  8.494567801117E-02 -5.252402845402E-01  5.250376383782E-01  8.491290386215E-02  5.250376343469E-01  8.491290394838E-02
  9.612297144970E-02 -5.943522737960E-01  5.941804181385E-01  9.609517733908E-02  5.941804174371E-01  9.609517758970E-02
  1.113858206250E-01 -6.887262717609E-01  6.885877278688E-01  1.113634139204E-01  6.885877275678E-01  1.113634142507E-01
  1.280934270383E-01 -7.920335635732E-01  7.919238151304E-01  1.280756773580E-01  7.919238153390E-01  1.280756777559E-01
  1.433562762137E-01 -8.864075615381E-01  8.863194206155E-01  1.433420206261E-01  8.863194213516E-01  1.433420215418E-01
  1.545335696522E-01 -9.555195507939E-01  9.554451825304E-01  1.545215411351E-01  9.554451838287E-01  1.545215424858E-01
  1.596528317756E-01 -9.871732235560E-01  9.871046987519E-01  1.596417482013E-01  9.871047003147E-01  1.596417496987E-01
  1.527709394191E-01 -4.760893194234E-01  4.758777997059E-01  1.527030670977E-01  4.758778181709E-01  1.527030713874E-01
  1.625681284201E-01 -5.066208921261E-01  5.064254192217E-01  1.625054044725E-01  5.064254257372E-01  1.625054057698E-01
  1.839591128426E-01 -5.732829107945E-01  5.731171456366E-01  1.839059213140E-01  5.731171466205E-01  1.839059212512E-01
  2.131689900593E-01 -6.643114180315E-01  6.641777845125E-01  2.131261090132E-01  6.641777851310E-01  2.131261089802E-01
  2.451438281979E-01 -7.639565402386E-01  7.638506826490E-01  2.451098600455E-01  7.638506825008E-01  2.451098598114E-01
  2.743537054146E-01 -8.549850474757E-01  8.549000326565E-01  2.743264255362E-01  8.549000317958E-01  2.743264249764E-01
  2.957446898372E-01 -9.216470661440E-01  9.215753371670E-01  2.957216732953E-01  9.215753354346E-01  2.957216723751E-01
  3.055418788382E-01 -9.521786388467E-01  9.521125468256E-01  3.055206711286E-01  9.521125447053E-01  3.055206700783E-01
  2.286206189833E-01 -4.446713534462E-01  4.444738265393E-01  2.285190619523E-01  4.444738095309E-01  2.285190549589E-01
  2.432820423025E-01 -4.731880943238E-01  4.730055330633E-01  2.431881798460E-01  4.730055271034E-01  2.431881783047E-01
  2.752934976090E-01 -5.354509699132E-01  5.352961456269E-01  2.752138967180E-01  5.352961448067E-01  2.752138967726E-01
  3.190058701001E-01 -6.204723469194E-01  6.203475330199E-01  3.189416991668E-01  6.203475326874E-01  3.189416988718E-01
  3.668559868497E-01 -7.135417134193E-01  7.134428411163E-01  3.668051534956E-01  7.134428414186E-01  3.668051534020E-01
  4.105683593408E-01 -7.985630904255E-01  7.984836839452E-01  4.105275342532E-01  7.984836850788E-01  4.105275343599E-01
  4.425798146473E-01 -8.608259660149E-01  8.607589669233E-01  4.425453688205E-01  8.607589689403E-01  4.425453691798E-01
  4.572412379666E-01 -8.893427068925E-01  8.892809720207E-01  4.572094986849E-01  8.892809744189E-01  4.572094992089E-01
  2.925726402991E-01 -4.054642402832E-01  4.052841017075E-01  2.924426589754E-01  4.052841140103E-01  2.924426657809E-01
  3.113353019965E-01 -4.314666319049E-01  4.313001590444E-01  3.112151806530E-01  4.313001618170E-01  3.112151814327E-01
  3.523013182749E-01 -4.882397281547E-01  4.880985540618E-01  3.521994507118E-01  4.880985541310E-01  3.521994507050E-01
  4.082413480515E-01 -5.657646862355E-01  5.656508770997E-01  4.081592258478E-01  5.656508769978E-01  4.081592262123E-01
  4.694765728457E-01 -6.506280346142E-01  6.505378807635E-01  4.694115196898E-01  6.505378802556E-01  4.694115197631E-01
  5.254166026223E-01 -7.281529926949E-01  7.280805898263E-01  5.253643575617E-01  7.280805885962E-01  5.253643576738E-01
  5.663826189007E-01 -7.849260889447E-01  7.848650010546E-01  5.663385379434E-01  7.848649990684E-01  5.663385380062E-01
  5.851452805981E-01 -8.109284805664E-01  8.108721933751E-01  5.851046635927E-01  8.108721911061E-01  5.851046635612E-01
  3.353049415808E-01 -3.709051039706E-01  3.707403381198E-01  3.351559874548E-01  3.707403304904E-01  3.351559833660E-01
  3.568080225864E-01 -3.946912207468E-01  3.945389383724E-01  3.566703569630E-01  3.945389394871E-01  3.566703575655E-01
  4.037574149868E-01 -4.466253472990E-01  4.464962062234E-01  4.036406694677E-01  4.464962060315E-01  4.036406689386E-01
  4.678678813554E-01 -5.175425818674E-01  5.174384728260E-01  4.677737652018E-01  5.174384729894E-01  4.677737650413E-01
  5.380469433871E-01 -5.951727300445E-01  5.950902594853E-01  5.379723887628E-01  5.950902598575E-01  5.379723888421E-01
  6.021574097557E-01 -6.660899646129E-01  6.660237308880E-01  6.020975339872E-01  6.660237317690E-01  6.020975340634E-01
  6.491068021561E-01 -7.180240911651E-01  7.179682068261E-01  6.490562828674E-01  7.179682081928E-01  6.490562829355E-01
  6.706098831617E-01 -7.418102079413E-01  7.417587146218E-01  6.705633335621E-01  7.417587162287E-01  6.705633337195E-01
  3.535533905933E-01 -3.535533905933E-01  3.533963257399E-01  3.533963257399E-01  3.533963255597E-01  3.533963255597E-01
  3.762267432790E-01 -3.762267432790E-01  3.760815890488E-01  3.760815842439E-01  3.760815860538E-01  3.760815860538E-01
  4.257312832097E-01 -4.257312832097E-01  4.256081828869E-01  4.256081837639E-01  4.256081834397E-01  4.256081834397E-01
  4.933308618209E-01 -4.933308618209E-01  4.932316232856E-01  4.932316234847E-01  4.932316233731E-01  4.932316233731E-01
  5.673293099589E-01 -5.673293099589E-01  5.672506977967E-01  5.672506980181E-01  5.672506978990E-01  5.672506978990E-01
  6.349288885701E-01 -6.349288885701E-01  6.348657542231E-01  6.348657542078E-01  6.348657542366E-01  6.348657542366E-01
  6.844334285008E-01 -6.844334285008E-01  6.843801595287E-01  6.843801600862E-01  6.843801598504E-01  6.843801598504E-01
  7.071067811865E-01 -7.071067811865E-01  7.070576982378E-01  7.070576985136E-01  7.070576983636E-01  7.070576983636E-01
  3.535533905933E-01 -3.535533905933E-01  3.533963257399E-01  3.533963257399E-01  3.533963255597E-01  3.533963255597E-01
  3.762267432790E-01 -3.762267432790E-01  3.760815890488E-01  3.760815842439E-01  3.760815860538E-01  3.760815860538E-01
  4.257312832097E-01 -4.257312832097E-01  4.256081828869E-01  4.256081837639E-01  4.256081834397E-01  4.256081834397E-01
  4.933308618209E-01 -4.933308618209E-01  4.932316232856E-01  4.932316234847E-01  4.932316233731E-01  4.932316233731E-01
  5.673293099589E-01 -5.673293099589E-01  5.672506977967E-01  5.672506980181E-01  5.672506978990E-01  5.672506978990E-01
  6.349288885701E-01 -6.349288885701E-01  6.348657542231E-01  6.348657542078E-01  6.348657542366E-01  6.348657542366E-01
  6.844334285008E-01 -6.844334285008E-01  6.843801595287E-01  6.843801600862E-01  6.843801598504E-01  6.843801598504E-01
  7.071067811865E-01 -7.071067811865E-01  7.070576982378E-01  7.070576985136E-01  7.070576983636E-01  7.070576983636E-01
  3.709051039706E-01 -3.353049415808E-01  3.351559754744E-01  3.707403248674E-01  3.351559833660E-01  3.707403304904E-01
  3.946912207468E-01 -3.568080225864E-01  3.566703563268E-01  3.945389404633E-01  3.566703575655E-01  3.945389394871E-01
  4.466253472990E-01 -4.037574149868E-01  4.036406682818E-01  4.464962056297E-01  4.036406689386E-01  4.464962060315E-01
  5.175425818674E-01 -4.678678813554E-01  4.677737648351E-01  5.174384730144E-01  4.677737650413E-01  5.174384729894E-01
  5.951727300445E-01 -5.380469433871E-01  5.379723889131E-01  5.950902602724E-01  5.379723888421E-01  5.950902598575E-01
  6.660899646129E-01 -6.021574097557E-01  6.020975340376E-01  6.660237326747E-01  6.020975340634E-01  6.660237317690E-01
  7.180240911651E-01 -6.491068021561E-01  6.490562829234E-01  7.179682096147E-01  6.490562829355E-01  7.179682081928E-01
  7.418102079413E-01 -6.706098831617E-01  6.705633336950E-01  7.417587179110E-01  6.705633337195E-01  7.417587162287E-01
  4.054642402832E-01 -2.925726402991E-01  2.924426760668E-01  4.052841253938E-01  2.924426657809E-01  4.052841140103E-01
  4.314666319049E-01 -3.113353019965E-01  3.112151843443E-01  4.313001646066E-01  3.112151814327E-01  4.313001618170E-01
  4.882397281547E-01 -3.523013182749E-01  3.521994513782E-01  4.880985544498E-01  3.521994507050E-01  4.880985541310E-01
  5.657646862355E-01 -4.082413480515E-01  4.081592266587E-01  5.656508769771E-01  4.081592262123E-01  5.656508769978E-01
  6.506280346142E-01 -4.694765728457E-01  4.694115198969E-01  6.505378798267E-01  4.694115197631E-01  6.505378802556E-01
  7.281529926949E-01 -5.254166026223E-01  5.253643578008E-01  7.280805874283E-01  5.253643576738E-01  7.280805885962E-01
  7.849260889447E-01 -5.663826189007E-01  5.663385380432E-01  7.848649971953E-01  5.663385380062E-01  7.848649990684E-01
  8.109284805664E-01 -5.851452805981E-01  5.851046635150E-01  8.108721889422E-01  5.851046635612E-01  8.108721911061E-01
  4.446713534462E-01 -2.286206189833E-01  2.285190449354E-01  4.444737934409E-01  2.285190549589E-01  4.444738095309E-01
  4.731880943238E-01 -2.432820423025E-01  2.431881746149E-01  4.730055215789E-01  2.431881783047E-01  4.730055271034E-01
  5.354509699132E-01 -2.752934976090E-01  2.752138960324E-01  5.352961441554E-01  2.752138967726E-01  5.352961448067E-01
  6.204723469194E-01 -3.190058701001E-01  3.189416984111E-01  6.203475322734E-01  3.189416988718E-01  6.203475326874E-01
  7.135417134193E-01 -3.668559868497E-01  3.668051533413E-01  7.134428416889E-01  3.668051534020E-01  7.134428414186E-01
  7.985630904255E-01 -4.105683593408E-01  4.105275345727E-01  7.984836860833E-01  4.105275343599E-01  7.984836850788E-01
  8.608259660149E-01 -4.425798146473E-01  4.425453697541E-01  8.607589708160E-01  4.425453691798E-01  8.607589689403E-01
  8.893427068925E-01 -4.572412379666E-01  4.572094999654E-01  8.892809766609E-01  4.572094992089E-01  8.892809744189E-01
  4.760893194234E-01 -1.527709394191E-01  1.527030784690E-01  4.758778351427E-01  1.527030713874E-01  4.758778181709E-01
  5.066208921261E-01 -1.625681284201E-01  1.625054088943E-01  5.064254310414E-01  1.625054057698E-01  5.064254257372E-01
  5.732829107945E-01 -1.839591128426E-01  1.839059218698E-01  5.731171471619E-01  1.839059212512E-01  5.731171466205E-01
  6.643114180315E-01 -2.131689900593E-01  2.131261090067E-01  6.641777855747E-01  2.131261089802E-01  6.641777851310E-01
  7.639565402386E-01 -2.451438281979E-01  2.451098595314E-01  7.638506823532E-01  2.451098598114E-01  7.638506825008E-01
  8.549850474757E-01 -2.743537054146E-01  2.743264242502E-01  8.549000309187E-01  2.743264249764E-01  8.549000317958E-01
  9.216470661440E-01 -2.957446898372E-01  2.957216712029E-01  9.215753337543E-01  2.957216723751E-01  9.215753354346E-01
  9.521786388467E-01 -3.055418788382E-01  3.055206687530E-01  9.521125426390E-01  3.055206700783E-01  9.521125447053E-01
  4.935866117780E-01 -7.982641588779E-02  7.979094935474E-02  4.933673238943E-01  7.979095324190E-02  4.933673374058E-01
  5.252402845402E-01 -8.494567801117E-02  8.491290253920E-02  5.250376318350E-01  8.491290394838E-02  5.250376343469E-01
  5.943522737960E-01 -9.612297144970E-02  9.609517753595E-02  5.941804173929E-01  9.609517758970E-02  5.941804174371E-01
  6.887262717609E-01 -1.113858206250E-01  1.113634145805E-01  6.885877273821E-01  1.113634142507E-01  6.885877275678E-01
  7.920335635732E-01 -1.280934270383E-01  1.280756781668E-01  7.919238156463E-01  1.280756777559E-01  7.919238153390E-01
  8.864075615381E-01 -1.433562762137E-01  1.433420224909E-01  8.863194221421E-01  1.433420215418E-01  8.863194213516E-01
  9.555195507939E-01 -1.545335696522E-01  1.545215439347E-01  9.554451851887E-01  1.545215424858E-01  9.554451838287E-01
  9.871732235560E-01 -1.596528317756E-01  1.596417512809E-01  9.871047019414E-01  1.596417496987E-01  9.871047003147E-01
  4.993659121515E-01 -2.517311623718E-02  2.516193565934E-02  4.991440786284E-01  2.516193315578E-02  4.991440703425E-01
  5.313902110175E-01 -2.678746631225E-02  2.677713070851E-02  5.311851868220E-01  2.677713107067E-02  5.311851880363E-01
  6.013114178165E-01 -3.031220563338E-02  3.030344065138E-02  6.011375497379E-01  3.030344088977E-02  6.011375492281E-01
  6.967904207970E-01 -3.512531758546E-02  3.511825154667E-02  6.966502544174E-01  3.511825177575E-02  6.966502544195E-01
  8.013073156575E-01 -4.039403112607E-02  4.038843371476E-02  8.011962820854E-01  4.038843392188E-02  8.011962824047E-01
  8.967863186381E-01 -4.520714307816E-02  4.520264732402E-02  8.966971457601E-01  4.520264789311E-02  8.966971464369E-01
  9.667075254371E-01 -4.873188239929E-02  4.872808873584E-02  9.666322867104E-01  4.872808965408E-02  9.666322877249E-01
  9.987318243030E-01 -5.034623247436E-02  5.034273673644E-02  9.986624974901E-01  5.034273776142E-02  9.986624987377E-01
  5.000000000000E-01  1.387778780781E-17 -2.154751602822E-15  4.997778767542E-01 -1.387162264220E-17  4.997778764993E-01
  5.320649628726E-01  1.476776930944E-17  3.397589501610E-09  5.318596803941E-01 -1.476207155282E-17  5.318596795561E-01
  6.020749546417E-01  1.671093692983E-17 -6.200689232735E-10  6.019008651158E-01 -1.670610497932E-17  6.019008652774E-01
  6.976751955244E-01  1.936437664453E-17 -1.407291254024E-10  6.975348511826E-01 -1.936048130606E-17  6.975348511656E-01
  8.023248044756E-01  2.226898677892E-17 -1.565747409997E-10  8.022136302462E-01 -2.226590107386E-17  8.022136302343E-01
  8.979250453583E-01  2.492242649361E-17  1.081233020449E-11  8.978357598977E-01 -2.491994832508E-17  8.978357599276E-01
  9.679350371274E-01  2.686559411401E-17 -3.941963501889E-10  9.678597038188E-01 -2.686350319635E-17  9.678597038795E-01
  1.000000000000E+00  2.775557561563E-17 -1.949997458490E-10  9.999305864232E-01 -2.775364900137E-17  9.999305864060E-01
  1.000000000000E+00  2.775557561563E-17 -1.949997458490E-10  9.999305864232E-01 -2.775364900137E-17  9.999305864060E-01
  1.032064962873E+00  2.953553861887E-17 -2.240619967419E-10  1.032001211702E+00 -2.953371419498E-17  1.032001211742E+00
  1.102074954642E+00  3.342187385967E-17 -1.914864549065E-10  1.102022781763E+00 -3.342029164967E-17  1.102022781804E+00
  1.197675195524E+00  3.872875328905E-17  2.863293044054E-10  1.197637380964E+00 -3.872753049487E-17  1.197637380977E+00
  1.302324804476E+00  4.453797355784E-17  1.676528648552E-09  1.302301184202E+00 -4.453716577058E-17  1.302301184151E+00
  1.397925045358E+00  4.984485298722E-17  2.767216915317E-09  1.397913294900E+00 -4.984443400710E-17  1.397913294841E+00
  1.467935037127E+00  5.373118822801E-17  1.321341226449E-09  1.467931437070E+00 -5.373105645320E-17  1.467931437042E+00
  1.500000000000E+00  5.551115123126E-17 -5.551115123126E-17  1.500000000000E+00 -5.551115123126E-17  1.500000000000E+00
  9.987318243030E-01  5.034623247436E-02 -5.034273896826E-02  9.986624999099E-01 -5.034273776142E-02  9.986624987377E-01
  1.030756123169E+00  5.196058254943E-02 -5.195737429481E-02  1.030692454233E+00 -5.195737292018E-02  1.030692452886E+00
  1.100677329968E+00  5.548532187056E-02 -5.548269692864E-02  1.100625224987E+00 -5.548269516473E-02  1.100625223294E+00
  1.196156332949E+00  6.029843382264E-02 -6.029653211621E-02  1.196118568410E+00 -6.029653000267E-02  1.196118566357E+00
  1.300673227809E+00  6.556714736325E-02 -6.556596002200E-02  1.300649639544E+00 -6.556595816892E-02  1.300649637440E+00
  1.396152230790E+00  7.038025931534E-02 -7.037966858667E-02  1.396140497259E+00 -7.037966772108E-02  1.396140495174E+00
  1.466073437589E+00  7.390499863647E-02 -7.390481742837E-02  1.466069843628E+00 -7.390481738573E-02  1.466069842069E+00
  1.498097736455E+00  7.551934871154E-02 -7.551934871154E-02  1.498097736455E+00 -7.551934871154E-02  1.498097736455E+00
  9.871732235560E-01  1.596528317756E-01 -1.596417482013E-01  9.871046987519E-01 -1.596417496987E-01  9.871047003147E-01
  1.018826896318E+00  1.647720938990E-01 -1.647619141752E-01  1.018763961031E+00 -1.647619158504E-01  1.018763962909E+00
  1.087938885574E+00  1.759493873375E-01 -1.759410557529E-01  1.087887379265E+00 -1.759410577961E-01  1.087887381945E+00
  1.182312883539E+00  1.912122365128E-01 -1.912061970075E-01  1.182275549900E+00 -1.912061993133E-01  1.182275554031E+00
  1.285620175351E+00  2.079198429261E-01 -2.079160699518E-01  1.285596851907E+00 -2.079160718745E-01  1.285596858000E+00
  1.379994173316E+00  2.231826921014E-01 -2.231808152017E-01  1.379982566473E+00 -2.231808160981E-01  1.379982573520E+00
  1.449106162572E+00  2.343599855400E-01 -2.343594106361E-01  1.449102604484E+00 -2.343594107761E-01  1.449102608664E+00
  1.480759835334E+00  2.394792476634E-01 -2.394792476634E-01  1.480759835334E+00 -2.394792476634E-01  1.480759835334E+00
  9.521786388467E-01  3.055418788382E-01 -3.055206711286E-01  9.521125468256E-01 -3.055206700783E-01  9.521125447053E-01
  9.827102115494E-01  3.153390678391E-01 -3.153195904188E-01  9.826495116918E-01 -3.153195891989E-01  9.826495090846E-01
  1.049372230218E+00  3.367300522617E-01 -3.367141129033E-01  1.049322556216E+00 -3.367141112747E-01  1.049322552356E+00
  1.140400737455E+00  3.659399294784E-01 -3.659283777837E-01  1.140364737310E+00 -3.659283755506E-01  1.140364731251E+00
  1.240045859662E+00  3.979147676170E-01 -3.979075534332E-01  1.240023377719E+00 -3.979075506188E-01  1.240023368894E+00
  1.331074366899E+00  4.271246448337E-01 -4.271210573131E-01  1.331063188063E+00 -4.271210545587E-01  1.331063178308E+00
  1.397736385567E+00  4.485156292563E-01 -4.485145307124E-01  1.397732963101E+00 -4.485145292794E-01  1.397732957643E+00
  1.428267958270E+00  4.583128182573E-01 -4.583128182573E-01  1.428267958270E+00 -4.583128182573E-01  1.428267958270E+00
  8.893427068925E-01  4.572412379666E-01 -4.572094986849E-01  8.892809720207E-01 -4.572094992089E-01  8.892809744189E-01
  9.178594477700E-01  4.719026612858E-01 -4.718735109275E-01  9.178027482926E-01 -4.718735116399E-01  9.178027511668E-01
  9.801223233594E-01  5.039141165923E-01 -5.038902597769E-01  9.800759197671E-01 -5.038902610192E-01  9.800759238264E-01
  1.065143700366E+00  5.476264890834E-01 -5.476091963817E-01  1.065110064264E+00 -5.476091987131E-01  1.065110070274E+00
  1.158213066866E+00  5.954766058330E-01 -5.954658016910E-01  1.158192052026E+00 -5.954658056467E-01  1.158192060303E+00
  1.243234443872E+00  6.391889783241E-01 -6.391836006705E-01  1.243223984822E+00 -6.391836055031E-01  1.243223993635E+00
  1.305497319461E+00  6.712004336306E-01 -6.711987846890E-01  1.305494112894E+00 -6.711987875231E-01  1.305494117751E+00
  1.334014060339E+00  6.858618569498E-01 -6.858618569498E-01  1.334014060339E+00 -6.858618569498E-01  1.334014060339E+00
  8.109284805664E-01  5.851452805981E-01 -5.851046635927E-01  8.108721933751E-01 -5.851046635612E-01  8.108721911061E-01
  8.369308721881E-01  6.039079422956E-01 -6.038706387245E-01  8.368791772100E-01 -6.038706386223E-01  8.368791745806E-01
  8.937039684379E-01  6.448739585740E-01 -6.448434302432E-01  8.936616634569E-01 -6.448434298840E-01  8.936616599976E-01
  9.712289265187E-01  7.008139883505E-01 -7.007918624664E-01  9.711982662397E-01 -7.007918613468E-01  9.711982616255E-01
  1.056092274897E+00  7.620492131448E-01 -7.620353945442E-01  1.056073126099E+00 -7.620353918236E-01  1.056073120504E+00
  1.133617232978E+00  8.179892429213E-01 -8.179823713572E-01  1.133607709634E+00 -8.179823671617E-01  1.133607704149E+00
  1.190390329228E+00  8.589552591997E-01 -8.589531554570E-01  1.190387412831E+00 -8.589531526267E-01  1.190387409816E+00
  1.216392720850E+00  8.777179208972E-01 -8.777179208972E-01  1.216392720850E+00 -8.777179208972E-01  1.216392720850E+00
  7.418102079413E-01  6.706098831617E-01 -6.705633335621E-01  7.417587146218E-01 -6.705633337195E-01  7.417587162287E-01
  7.655963247174E-01  6.921129641672E-01 -6.920702118773E-01  7.655490316413E-01 -6.920702120289E-01  7.655490334779E-01
  8.175304512697E-01  7.390623565677E-01 -7.390273687922E-01  8.174917466037E-01 -7.390273689468E-01  8.174917489258E-01
  8.884476858381E-01  8.031728229362E-01 -8.031474639774E-01  8.884196318523E-01 -8.031474641273E-01  8.884196346211E-01
  9.660778340152E-01  8.733518849679E-01 -8.733360447090E-01  9.660603096225E-01 -8.733360449451E-01  9.660603122176E-01
  1.036995068584E+00  9.374623513365E-01 -9.374544705094E-01  1.036986349987E+00 -9.374544713236E-01  1.036986351930E+00
  1.088929195136E+00  9.844117437369E-01 -9.844093284198E-01  1.088926523455E+00 -9.844093294840E-01  1.088926524556E+00
  1.112715311912E+00  1.005914824742E+00 -1.005914824742E+00  1.112715311912E+00 -1.005914824742E+00  1.112715311912E+00
  7.071067811865E-01  7.071067811865E-01 -7.070576985136E-01  7.070576982378E-01 -7.070576983636E-01  7.070576983636E-01
  7.297801338723E-01  7.297801338723E-01 -7.297350551456E-01  7.297350548287E-01 -7.297350550154E-01  7.297350550154E-01
  7.792846738030E-01  7.792846738030E-01 -7.792477821418E-01  7.792477818710E-01 -7.792477820354E-01  7.792477820354E-01
  8.468842524142E-01  8.468842524142E-01 -8.468575132799E-01  8.468575136849E-01 -8.468575134916E-01  8.468575134916E-01
  9.208827005522E-01  9.208827005522E-01 -9.208659973110E-01  9.208659996820E-01 -9.208659984608E-01  9.208659984608E-01
  9.884822791634E-01  9.884822791634E-01 -9.884739683777E-01  9.884739722911E-01 -9.884739702931E-01  9.884739702931E-01
  1.037986819094E+00  1.037986819094E+00 -1.037984272535E+00  1.037984274403E+00 -1.037984273449E+00  1.037984273449E+00
  1.060660171780E+00  1.060660171780E+00 -1.060660171780E+00  1.060660171780E+00 -1.060660171780E+00  1.060660171780E+00
  7.071067811865E-01  7.071067811865E-01 -7.070576985136E-01  7.070576982378E-01 -7.070576983636E-01  7.070576983636E-01
  7.297801338723E-01  7.297801338723E-01 -7.297350551456E-01  7.297350548287E-01 -7.297350550154E-01  7.297350550154E-01
  7.792846738030E-01  7.792846738030E-01 -7.792477821418E-01  7.792477818710E-01 -7.792477820354E-01  7.792477820354E-01
  8.468842524142E-01  8.468842524142E-01 -8.468575132799E-01  8.468575136849E-01 -8.468575134916E-01  8.468575134916E-01
  9.208827005522E-01  9.208827005522E-01 -9.208659973110E-01  9.208659996820E-01 -9.208659984608E-01  9.208659984608E-01
  9.884822791634E-01  9.884822791634E-01 -9.884739683777E-01  9.884739722911E-01 -9.884739702931E-01  9.884739702931E-01
  1.037986819094E+00  1.037986819094E+00 -1.037984272535E+00  1.037984274403E+00 -1.037984273449E+00  1.037984273449E+00
  1.060660171780E+00  1.060660171780E+00 -1.060660171780E+00  1.060660171780E+00 -1.060660171780E+00  1.060660171780E+00
  6.706098831617E-01  7.418102079413E-01 -7.417587179110E-01  6.705633336950E-01 -7.417587162287E-01  6.705633337195E-01
  6.921129641672E-01  7.655963247174E-01 -7.655490354022E-01  6.920702120092E-01 -7.655490334779E-01  6.920702120289E-01
  7.390623565677E-01  8.175304512697E-01 -8.174917513704E-01  7.390273688968E-01 -8.174917489258E-01  7.390273689468E-01
  8.031728229362E-01  8.884476858381E-01 -8.884196375673E-01  8.031474640845E-01 -8.884196346211E-01  8.031474641273E-01
  8.733518849679E-01  9.660778340152E-01 -9.660603150157E-01  8.733360451226E-01 -9.660603122176E-01  8.733360449451E-01
  9.374623513365E-01  1.036995068584E+00 -1.036986354016E+00  9.374544721858E-01 -1.036986351930E+00  9.374544713236E-01
  9.844117437369E-01  1.088929195136E+00 -1.088926525688E+00  9.844093305564E-01 -1.088926524556E+00  9.844093294840E-01
  1.005914824742E+00  1.112715311912E+00 -1.112715311912E+00  1.005914824742E+00 -1.112715311912E+00  1.005914824742E+00
  5.851452805981E-01  8.109284805664E-01 -8.108721889422E-01  5.851046635150E-01 -8.108721911061E-01  5.851046635612E-01
  6.039079422956E-01  8.369308721881E-01 -8.368791720682E-01  6.038706384790E-01 -8.368791745806E-01  6.038706386223E-01
  6.448739585740E-01  8.937039684379E-01 -8.936616566578E-01  6.448434294337E-01 -8.936616599976E-01  6.448434298840E-01
  7.008139883505E-01  9.712289265187E-01 -9.711982570744E-01  7.007918600566E-01 -9.711982616255E-01  7.007918613468E-01
  7.620492131448E-01  1.056092274897E+00 -1.056073114836E+00  7.620353888751E-01 -1.056073120504E+00  7.620353918236E-01
  8.179892429213E-01  1.133617232978E+00 -1.133607698532E+00  8.179823628126E-01 -1.133607704149E+00  8.179823671617E-01
  8.589552591997E-01  1.190390329228E+00 -1.190387406762E+00  8.589531497703E-01 -1.190387409816E+00  8.589531526267E-01
  8.777179208972E-01  1.216392720850E+00 -1.216392720850E+00  8.777179208972E-01 -1.216392720850E+00  8.777179208972E-01
  4.572412379666E-01  8.893427068925E-01 -8.892809766609E-01  4.572094999654E-01 -8.892809744189E-01  4.572094992089E-01
  4.719026612858E-01  9.178594477700E-01 -9.178027538731E-01  4.718735126208E-01 -9.178027511668E-01  4.718735116399E-01
  5.039141165923E-01  9.801223233594E-01 -9.800759277076E-01  5.038902625973E-01 -9.800759238264E-01  5.038902610192E-01
  5.476264890834E-01  1.065143700366E+00 -1.065110076137E+00  5.476092014186E-01 -1.065110070274E+00  5.476091987131E-01
  5.954766058330E-01  1.158213066866E+00 -1.158192068533E+00  5.954658098973E-01 -1.158192060303E+00  5.954658056467E-01
  6.391889783241E-01  1.243234443872E+00 -1.243224002481E+00  6.391836104533E-01 -1.243223993635E+00  6.391836055031E-01
  6.712004336306E-01  1.305497319461E+00 -1.305494122624E+00  6.711987903696E-01 -1.305494117751E+00  6.711987875231E-01
  6.858618569498E-01  1.334014060339E+00 -1.334014060339E+00  6.858618569498E-01 -1.334014060339E+00  6.858618569498E-01
  3.055418788382E-01  9.521786388467E-01 -9.521125426390E-01  3.055206687530E-01 -9.521125447053E-01  3.055206700783E-01
  3.153390678391E-01  9.827102115494E-01 -9.826495065485E-01  3.153195876702E-01 -9.826495090846E-01  3.153195891989E-01
  3.367300522617E-01  1.049372230218E+00 -1.049322548607E+00  3.367141092829E-01 -1.049322552356E+00  3.367141112747E-01
  3.659399294784E-01  1.140400737455E+00 -1.140364725353E+00  3.659283729494E-01 -1.140364731251E+00  3.659283755506E-01
  3.979147676170E-01  1.240045859662E+00 -1.240023360244E+00  3.979075475633E-01 -1.240023368894E+00  3.979075506188E-01
  4.271246448337E-01  1.331074366899E+00 -1.331063168658E+00  4.271210517438E-01 -1.331063178308E+00  4.271210545587E-01
  4.485156292563E-01  1.397736385567E+00 -1.397732952204E+00  4.485145278487E-01 -1.397732957643E+00  4.485145292794E-01
  4.583128182573E-01  1.428267958270E+00 -1.428267958270E+00  4.583128182573E-01 -1.428267958270E+00  4.583128182573E-01
  1.596528317756E-01  9.871732235560E-01 -9.871047019414E-01  1.596417512809E-01 -9.871047003147E-01  1.596417496987E-01
  1.647720938990E-01  1.018826896318E+00 -1.018763964841E+00  1.647619176375E-01 -1.018763962909E+00  1.647619158504E-01
  1.759493873375E-01  1.087938885574E+00 -1.087887384645E+00  1.759410599883E-01 -1.087887381945E+00  1.759410577961E-01
  1.912122365128E-01  1.182312883539E+00 -1.182275558085E+00  1.912062017844E-01 -1.182275554031E+00  1.912061993133E-01
  2.079198429261E-01  1.285620175351E+00 -1.285596863880E+00  2.079160739069E-01 -1.285596858000E+00  2.079160718745E-01
  2.231826921014E-01  1.379994173316E+00 -1.379982580365E+00  2.231808170095E-01 -1.379982573520E+00  2.231808160981E-01
  2.343599855400E-01  1.449106162572E+00 -1.449102612797E+00  2.343594109064E-01 -1.449102608664E+00  2.343594107761E-01
  2.394792476634E-01  1.480759835334E+00 -1.480759835334E+00  2.394792476634E-01 -1.480759835334E+00  2.394792476634E-01
  5.034623247436E-02  9.987318243030E-01 -9.986624974901E-01  5.034273673644E-02 -9.986624987377E-01  5.034273776142E-02
  5.196058254943E-02  1.030756123169E+00 -1.030692451480E+00  5.195737172874E-02 -1.030692452886E+00  5.195737292018E-02
  5.548532187056E-02  1.100677329968E+00 -1.100625221543E+00  5.548269363205E-02 -1.100625223294E+00  5.548269516473E-02
  6.029843382264E-02  1.196156332949E+00 -1.196118564293E+00  6.029652815080E-02 -1.196118566357E+00  6.029653000267E-02
  6.556714736325E-02  1.300673227809E+00 -1.300649635438E+00  6.556595650089E-02 -1.300649637440E+00  6.556595816892E-02
  7.038025931534E-02  1.396152230790E+00 -1.396140493224E+00  7.037966692276E-02 -1.396140495174E+00  7.037966772108E-02
  7.390499863647E-02  1.466073437589E+00 -1.466069840538E+00  7.390481735995E-02 -1.466069842069E+00  7.390481738573E-02
  7.551934871154E-02  1.498097736455E+00 -1.498097736455E+00  7.551934871154E-02 -1.498097736455E+00  7.551934871154E-02
  6.123233995737E-17  1.000000000000E+00 -9.999305864232E-01 -1.949998818709E-10 -9.999305864060E-01  6.122808960058E-17
  7.031560467768E-17  1.032064962873E+00 -1.032001211702E+00 -2.240621245629E-10 -1.032001211742E+00  7.031126125022E-17
  9.014782125728E-17  1.102074954642E+00 -1.102022781763E+00 -1.914866116693E-10 -1.102022781804E+00  9.014355360955E-17
  1.172291654245E-16  1.197675195524E+00 -1.197637380964E+00  2.863290456966E-10 -1.197637380977E+00  1.172254641140E-16
  1.468739869314E-16  1.302324804476E+00 -1.302301184202E+00  1.676528727256E-09 -1.302301184151E+00  1.468713230712E-16
  1.739553310987E-16  1.397925045358E+00 -1.397913294900E+00  2.767217181300E-09 -1.397913294841E+00  1.739538688850E-16
  1.937875476782E-16  1.467935037127E+00 -1.467931437070E+00  1.321341410645E-09 -1.467931437042E+00  1.937870724176E-16
  2.028708123986E-16  1.500000000000E+00 -1.500000000000E+00  2.028708123986E-16 -1.500000000000E+00  2.028708123986E-16
  6.123233995737E-17  1.000000000000E+00 -9.999305864232E-01 -1.949998818709E-10 -9.999305864060E-01  6.122808960058E-17
  7.031560467768E-17  1.032064962873E+00 -1.032001211702E+00 -2.240621245629E-10 -1.032001211742E+00  7.031126125022E-17
  9.014782125728E-17  1.102074954642E+00 -1.102022781763E+00 -1.914866116693E-10 -1.102022781804E+00  9.014355360955E-17
  1.172291654245E-16  1.197675195524E+00 -1.197637380964E+00  2.863290456966E-10 -1.197637380977E+00  1.172254641140E-16
  1.468739869314E-16  1.302324804476E+00 -1.302301184202E+00  1.676528727256E-09 -1.302301184151E+00  1.468713230712E-16
  1.739553310987E-16  1.397925045358E+00 -1.397913294900E+00  2.767217181300E-09 -1.397913294841E+00  1.739538688850E-16
  1.937875476782E-16  1.467935037127E+00 -1.467931437070E+00  1.321341410645E-09 -1.467931437042E+00  1.937870724176E-16
  2.028708123986E-16  1.500000000000E+00 -1.500000000000E+00  2.028708123986E-16 -1.500000000000E+00  2.028708123986E-16
 -5.034623247436E-02  9.987318243030E-01 -9.986624999099E-01 -5.034273896826E-02 -9.986624987377E-01 -5.034273776142E-02
 -5.196058254943E-02  1.030756123169E+00 -1.030692454233E+00 -5.195737429481E-02 -1.030692452886E+00 -5.195737292018E-02
 -5.548532187056E-02  1.100677329968E+00 -1.100625224987E+00 -5.548269692864E-02 -1.100625223294E+00 -5.548269516473E-02
 -6.029843382264E-02  1.196156332949E+00 -1.196118568410E+00 -6.029653211621E-02 -1.196118566357E+00 -6.029653000267E-02
 -6.556714736325E-02  1.300673227809E+00 -1.300649639544E+00 -6.556596002200E-02 -1.300649637440E+00 -6.556595816892E-02
 -7.038025931534E-02  1.396152230790E+00 -1.396140497259E+00 -7.037966858667E-02 -1.396140495174E+00 -7.037966772108E-02
 -7.390499863647E-02  1.466073437589E+00 -1.466069843628E+00 -7.390481742837E-02 -1.466069842069E+00 -7.390481738573E-02
 -7.551934871154E-02  1.498097736455E+00 -1.498097736455E+00 -7.551934871154E-02 -1.498097736455E+00 -7.551934871154E-02
 -1.596528317756E-01  9.871732235560E-01 -9.871046987519E-01 -1.596417482013E-01 -9.871047003147E-01 -1.596417496987E-01
 -1.647720938990E-01  1.018826896318E+00 -1.018763961031E+00 -1.647619141752E-01 -1.018763962909E+00 -1.647619158504E-01
 -1.759493873375E-01  1.087938885574E+00 -1.087887379265E+00 -1.759410557529E-01 -1.087887381945E+00 -1.759410577961E-01
 -1.912122365128E-01  1.182312883539E+00 -1.182275549900E+00 -1.912061970075E-01 -1.182275554031E+00 -1.912061993133E-01
 -2.079198429261E-01  1.285620175351E+00 -1.285596851907E+00 -2.079160699518E-01 -1.285596858000E+00 -2.079160718745E-01
 -2.231826921014E-01  1.379994173316E+00 -1.379982566473E+00 -2.231808152017E-01 -1.379982573520E+00 -2.231808160981E-01
 -2.343599855400E-01  1.449106162572E+00 -1.449102604484E+00 -2.343594106361E-01 -1.449102608664E+00 -2.343594107761E-01
 -2.394792476634E-01  1.480759835334E+00 -1.480759835334E+00 -2.394792476634E-01 -1.480759835334E+00 -2.394792476634E-01
 -3.055418788382E-01  9.521786388467E-01 -9.521125468256E-01 -3.055206711286E-01 -9.521125447053E-01 -3.055206700783E-01
 -3.153390678391E-01  9.827102115494E-01 -9.826495116918E-01 -3.153195904188E-01 -9.826495090846E-01 -3.153195891989E-01
 -3.367300522617E-01  1.049372230218E+00 -1.049322556216E+00 -3.367141129033E-01 -1.049322552356E+00 -3.367141112747E-01
 -3.659399294784E-01  1.140400737455E+00 -1.140364737310E+00 -3.659283777837E-01 -1.140364731251E+00 -3.659283755506E-01
 -3.979147676170E-01  1.240045859662E+00 -1.240023377719E+00 -3.979075534332E-01 -1.240023368894E+00 -3.979075506188E-01
 -4.271246448337E-01  1.331074366899E+00 -1.331063188063E+00 -4.271210573131E-01 -1.331063178308E+00 -4.271210545587E-01
 -4.485156292563E-01  1.397736385567E+00 -1.397732963101E+00 -4.485145307124E-01 -1.397732957643E+00 -4.485145292794E-01
 -4.583128182573E-01  1.428267958270E+00 -1.428267958270E+00 -4.583128182573E-01 -1.428267958270E+00 -4.583128182573E-01
 -4.572412379666E-01  8.893427068925E-01 -8.892809720207E-01 -4.572094986849E-01 -8.892809744189E-01 -4.572094992089E-01
 -4.719026612858E-01  9.178594477700E-01 -9.178027482926E-01 -4.718735109275E-01 -9.178027511668E-01 -4.718735116399E-01
 -5.039141165923E-01  9.801223233594E-01 -9.800759197671E-01 -5.038902597769E-01 -9.800759238264E-01 -5.038902610192E-01
 -5.476264890834E-01  1.065143700366E+00 -1.065110064264E+00 -5.476091963817E-01 -1.065110070274E+00 -5.476091987131E-01
 -5.954766058330E-01  1.158213066866E+00 -1.158192052026E+00 -5.954658016910E-01 -1.158192060303E+00 -5.954658056467E-01
 -6.391889783241E-01  1.243234443872E+00 -1.243223984822E+00 -6.391836006705E-01 -1.243223993635E+00 -6.391836055031E-01
 -6.712004336306E-01  1.305497319461E+00 -1.305494112894E+00 -6.711987846890E-01 -1.305494117751E+00 -6.711987875231E-01
 -6.858618569498E-01  1.334014060339E+00 -1.334014060339E+00 -6.858618569498E-01 -1.334014060339E+00 -6.858618569498E-01
 -5.851452805981E-01  8.109284805664E-01 -8.108721933751E-01 -5.851046635927E-01 -8.108721911061E-01 -5.851046635612E-01
 -6.039079422956E-01  8.369308721881E-01 -8.368791772100E-01 -6.038706387245E-01 -8.368791745806E-01 -6.038706386223E-01
 -6.448739585740E-01  8.937039684379E-01 -8.936616634569E-01 -6.448434302432E-01 -8.936616599976E-01 -6.448434298840E-01
 -7.008139883505E-01  9.712289265187E-01 -9.711982662397E-01 -7.007918624664E-01 -9.711982616255E-01 -7.007918613468E-01
 -7.620492131448E-01  1.056092274897E+00 -1.056073126099E+00 -7.620353945442E-01 -1.056073120504E+00 -7.620353918236E-01
 -8.179892429213E-01  1.133617232978E+00 -1.133607709634E+00 -8.179823713572E-01 -1.133607704149E+00 -8.179823671617E-01
 -8.589552591997E-01  1.190390329228E+00 -1.190387412831E+00 -8.589531554570E-01 -1.190387409816E+00 -8.589531526267E-01
 -8.777179208972E-01  1.216392720850E+00 -1.216392720850E+00 -8.777179208972E-01 -1.216392720850E+00 -8.777179208972E-01
 -6.706098831617E-01  7.418102079413E-01 -7.417587146218E-01 -6.705633335621E-01 -7.417587162287E-01 -6.705633337195E-01
 -6.921129641672E-01  7.655963247174E-01 -7.655490316413E-01 -6.920702118773E-01 -7.655490334779E-01 -6.920702120289E-01
 -7.390623565677E-01  8.175304512697E-01 -8.174917466037E-01 -7.390273687922E-01 -8.174917489258E-01 -7.390273689468E-01
 -8.031728229362E-01  8.884476858381E-01 -8.884196318523E-01 -8.031474639774E-01 -8.884196346211E-01 -8.031474641273E-01
 -8.733518849679E-01  9.660778340152E-01 -9.660603096225E-01 -8.733360447090E-01 -9.660603122176E-01 -8.733360449451E-01
 -9.374623513365E-01  1.036995068584E+00 -1.036986349987E+00 -9.374544705094E-01 -1.036986351930E+00 -9.374544713236E-01
 -9.844117437369E-01  1.088929195136E+00 -1.088926523455E+00 -9.844093284198E-01 -1.088926524556E+00 -9.844093294840E-01
 -1.005914824742E+00  1.112715311912E+00 -1.112715311912E+00 -1.005914824742E+00 -1.112715311912E+00 -1.005914824742E+00
 -7.071067811865E-01  7.071067811865E-01 -7.070576982378E-01 -7.070576985136E-01 -7.070576983636E-01 -7.070576983636E-01
 -7.297801338723E-01  7.297801338723E-01 -7.297350548287E-01 -7.297350551456E-01 -7.297350550154E-01 -7.297350550154E-01
 -7.792846738030E-01  7.792846738030E-01 -7.792477818710E-01 -7.792477821418E-01 -7.792477820354E-01 -7.792477820354E-01
 -8.468842524142E-01  8.468842524142E-01 -8.468575136849E-01 -8.468575132799E-01 -8.468575134916E-01 -8.468575134916E-01
 -9.208827005522E-01  9.208827005522E-01 -9.208659996820E-01 -9.208659973110E-01 -9.208659984608E-01 -9.208659984608E-01
 -9.884822791634E-01  9.884822791634E-01 -9.884739722911E-01 -9.884739683777E-01 -9.884739702931E-01 -9.884739702931E-01
 -1.037986819094E+00  1.037986819094E+00 -1.037984274403E+00 -1.037984272535E+00 -1.037984273449E+00 -1.037984273449E+00
 -1.060660171780E+00  1.060660171780E+00 -1.060660171780E+00 -1.060660171780E+00 -1.060660171780E+00 -1.060660171780E+00
 -7.071067811865E-01  7.071067811865E-01 -7.070576982378E-01 -7.070576985136E-01 -7.070576983636E-01 -7.070576983636E-01
 -7.297801338723E-01  7.297801338723E-01 -7.297350548287E-01 -7.297350551456E-01 -7.297350550154E-01 -7.297350550154E-01
 -7.792846738030E-01  7.792846738030E-01 -7.792477818710E-01 -7.792477821418E-01 -7.792477820354E-01 -7.792477820354E-01
 -8.468842524142E-01  8.468842524142E-01 -8.468575136849E-01 -8.468575132799E-01 -8.468575134916E-01 -8.468575134916E-01
 -9.208827005522E-01  9.208827005522E-01 -9.208659996820E-01 -9.208659973110E-01 -9.208659984608E-01 -9.208659984608E-01
 -9.884822791634E-01  9.884822791634E-01 -9.884739722911E-01 -9.884739683777E-01 -9.884739702931E-01 -9.884739702931E-01
 -1.037986819094E+00  1.037986819094E+00 -1.037984274403E+00 -1.037984272535E+00 -1.037984273449E+00 -1.037984273449E+00
 -1.060660171780E+00  1.060660171780E+00 -1.060660171780E+00 -1.060660171780E+00 -1.060660171780E+00 -1.060660171780E+00
 -7.418102079413E-01  6.706098831617E-01 -6.705633336950E-01 -7.417587179110E-01 -6.705633337195E-01 -7.417587162287E-01
 -7.655963247174E-01  6.921129641672E-01 -6.920702120092E-01 -7.655490354022E-01 -6.920702120289E-01 -7.655490334779E-01
 -8.175304512697E-01  7.390623565677E-01 -7.390273688968E-01 -8.174917513704E-01 -7.390273689468E-01 -8.174917489258E-01
 -8.884476858381E-01  8.031728229362E-01 -8.031474640845E-01 -8.884196375673E-01 -8.031474641273E-01 -8.884196346211E-01
 -9.660778340152E-01  8.733518849679E-01 -8.733360451226E-01 -9.660603150157E-01 -8.733360449451E-01 -9.660603122176E-01
 -1.036995068584E+00  9.374623513365E-01 -9.374544721858E-01 -1.036986354016E+00 -9.374544713236E-01 -1.036986351930E+00
 -1.088929195136E+00  9.844117437369E-01 -9.844093305564E-01 -1.088926525688E+00 -9.844093294840E-01 -1.088926524556E+00
 -1.112715311912E+00  1.005914824742E+00 -1.005914824742E+00 -1.112715311912E+00 -1.005914824742E+00 -1.112715311912E+00
 -8.109284805664E-01  5.851452805981E-01 -5.851046635150E-01 -8.108721889422E-01 -5.851046635612E-01 -8.108721911061E-01
 -8.369308721881E-01  6.039079422956E-01 -6.038706384790E-01 -8.368791720682E-01 -6.038706386223E-01 -8.368791745806E-01
 -8.937039684379E-01  6.448739585740E-01 -6.448434294337E-01 -8.936616566578E-01 -6.448434298840E-01 -8.936616599976E-01
 -9.712289265187E-01  7.008139883505E-01 -7.007918600566E-01 -9.711982570744E-01 -7.007918613468E-01 -9.711982616255E-01
 -1.056092274897E+00  7.620492131448E-01 -7.620353888751E-01 -1.056073114836E+00 -7.620353918236E-01 -1.056073120504E+00
 -1.133617232978E+00  8.179892429213E-01 -8.179823628126E-01 -1.133607698532E+00 -8.179823671617E-01 -1.133607704149E+00
 -1.190390329228E+00  8.589552591997E-01 -8.589531497703E-01 -1.190387406762E+00 -8.589531526267E-01 -1.190387409816E+00
 -1.216392720850E+00  8.777179208972E-01 -8.777179208972E-01 -1.216392720850E+00 -8.777179208972E-01 -1.216392720850E+00
 -8.893427068925E-01  4.572412379666E-01 -4.572094999654E-01 -8.892809766609E-01 -4.572094992089E-01 -8.892809744189E-01
 -9.178594477700E-01  4.719026612858E-01 -4.718735126208E-01 -9.178027538731E-01 -4.718735116399E-01 -9.178027511668E-01
 -9.801223233594E-01  5.039141165923E-01 -5.038902625973E-01 -9.800759277076E-01 -5.038902610192E-01 -9.800759238264E-01
 -1.065143700366E+00  5.476264890834E-01 -5.476092014186E-01 -1.065110076137E+00 -5.476091987131E-01 -1.065110070274E+00
 -1.158213066866E+00  5.954766058330E-01 -5.954658098973E-01 -1.158192068533E+00 -5.954658056467E-01 -1.158192060303E+00
 -1.243234443872E+00  6.391889783241E-01 -6.391836104533E-01 -1.243224002481E+00 -6.391836055031E-01 -1.243223993635E+00
 -1.305497319461E+00  6.712004336306E-01 -6.711987903696E-01 -1.305494122624E+00 -6.711987875231E-01 -1.305494117751E+00
 -1.334014060339E+00  6.858618569498E-01 -6.858618569498E-01 -1.334014060339E+00 -6.858618569498E-01 -1.334014060339E+00
 -9.521786388467E-01  3.055418788382E-01 -3.055206687530E-01 -9.521125426390E-01 -3.055206700783E-01 -9.521125447053E-01
 -9.827102115494E-01  3.153390678391E-01 -3.153195876702E-01 -9.826495065485E-01 -3.153195891989E-01 -9.826495090846E-01
 -1.049372230218E+00  3.367300522617E-01 -3.367141092829E-01 -1.049322548607E+00 -3.367141112747E-01 -1.049322552356E+00
 -1.140400737455E+00  3.659399294784E-01 -3.659283729494E-01 -1.140364725353E+00 -3.659283755506E-01 -1.140364731251E+00
 -1.240045859662E+00  3.979147676170E-01 -3.979075475633E-01 -1.240023360244E+00 -3.979075506188E-01 -1.240023368894E+00
 -1.331074366899E+00  4.271246448337E-01 -4.271210517438E-01 -1.331063168658E+00 -4.271210545587E-01 -1.331063178308E+00
 -1.397736385567E+00  4.485156292563E-01 -4.485145278487E-01 -1.397732952204E+00 -4.485145292794E-01 -1.397732957643E+00
 -1.428267958270E+00  4.583128182573E-01 -4.583128182573E-01 -1.428267958270E+00 -4.583128182573E-01 -1.428267958270E+00
 -9.871732235560E-01  1.596528317756E-01 -1.596417512809E-01 -9.871047019414E-01 -1.596417496987E-01 -9.871047003147E-01
 -1.018826896318E+00  1.647720938990E-01 -1.647619176375E-01 -1.018763964841E+00 -1.647619158504E-01 -1.018763962909E+00
 -1.087938885574E+00  1.759493873375E-01 -1.759410599883E-01 -1.087887384645E+00 -1.759410577961E-01 -1.087887381945E+00
 -1.182312883539E+00  1.912122365128E-01 -1.912062017844E-01 -1.182275558085E+00 -1.912061993133E-01 -1.182275554031E+00
 -1.285620175351E+00  2.079198429261E-01 -2.079160739069E-01 -1.285596863880E+00 -2.079160718745E-01 -1.285596858000E+00
 -1.379994173316E+00  2.231826921014E-01 -2.231808170095E-01 -1.379982580365E+00 -2.231808160981E-01 -1.379982573520E+00
 -1.449106162572E+00  2.343599855400E-01 -2.343594109064E-01 -1.449102612797E+00 -2.343594107761E-01 -1.449102608664E+00
 -1.480759835334E+00  2.394792476634E-01 -2.394792476634E-01 -1.480759835334E+00 -2.394792476634E-01 -1.480759835334E+00
 -9.987318243030E-01  5.034623247436E-02 -5.034273673644E-02 -9.986624974901E-01 -5.034273776142E-02 -9.986624987377E-01
 -1.030756123169E+00  5.196058254943E-02 -5.195737172874E-02 -1.030692451480E+00 -5.195737292018E-02 -1.030692452886E+00
 -1.100677329968E+00  5.548532187056E-02 -5.548269363205E-02 -1.100625221543E+00 -5.548269516473E-02 -1.100625223294E+00
 -1.196156332949E+00  6.029843382265E-02 -6.029652815080E-02 -1.196118564293E+00 -6.029653000267E-02 -1.196118566357E+00
 -1.300673227809E+00  6.556714736326E-02 -6.556595650089E-02 -1.300649635438E+00 -6.556595816892E-02 -1.300649637440E+00
 -1.396152230790E+00  7.038025931534E-02 -7.037966692276E-02 -1.396140493224E+00 -7.037966772108E-02 -1.396140495174E+00
 -1.466073437589E+00  7.390499863647E-02 -7.390481735995E-02 -1.466069840538E+00 -7.390481738573E-02 -1.466069842069E+00
 -1.498097736455E+00  7.551934871154E-02 -7.551934871154E-02 -1.498097736455E+00 -7.551934871154E-02 -1.498097736455E+00
 -1.000000000000E+00  1.665334536938E-16  1.950000428754E-10 -9.999305864232E-01 -1.665218940082E-16 -9.999305864060E-01
 -1.032064962873E+00  1.807731577197E-16  2.240623950380E-10 -1.032001211702E+00 -1.807619912781E-16 -1.032001211742E+00
 -1.102074954642E+00  2.118638396461E-16  1.914867658542E-10 -1.102022781763E+00 -2.118538098947E-16 -1.102022781804E+00
 -1.197675195524E+00  2.543188750812E-16 -2.863290322232E-10 -1.197637380964E+00 -2.543108453974E-16 -1.197637380977E+00
 -1.302324804476E+00  3.007926372314E-16 -1.676528644169E-09 -1.302301184202E+00 -3.007871817417E-16 -1.302301184151E+00
 -1.397925045358E+00  3.432476726665E-16 -2.767217249346E-09 -1.397913294900E+00 -3.432447874348E-16 -1.397913294841E+00
 -1.467935037127E+00  3.743383545928E-16 -1.321341649388E-09 -1.467931437070E+00 -3.743374365345E-16 -1.467931437042E+00
 -1.500000000000E+00  3.885780586188E-16 -3.885780586188E-16 -1.500000000000E+00 -3.885780586188E-16 -1.500000000000E+00
 -1.000000000000E+00  1.665334536938E-16  1.950000428754E-10 -9.999305864232E-01 -1.665218940082E-16 -9.999305864060E-01
 -1.032064962873E+00  1.807731577197E-16  2.240623950380E-10 -1.032001211702E+00 -1.807619912781E-16 -1.032001211742E+00
 -1.102074954642E+00  2.118638396461E-16  1.914867658542E-10 -1.102022781763E+00 -2.118538098947E-16 -1.102022781804E+00
 -1.197675195524E+00  2.543188750812E-16 -2.863290322232E-10 -1.197637380964E+00 -2.543108453974E-16 -1.197637380977E+00
 -1.302324804476E+00  3.007926372314E-16 -1.676528644169E-09 -1.302301184202E+00 -3.007871817417E-16 -1.302301184151E+00
 -1.397925045358E+00  3.432476726665E-16 -2.767217249346E-09 -1.397913294900E+00 -3.432447874348E-16 -1.397913294841E+00
 -1.467935037127E+00  3.743383545928E-16 -1.321341649388E-09 -1.467931437070E+00 -3.743374365345E-16 -1.467931437042E+00
 -1.500000000000E+00  3.885780586188E-16 -3.885780586188E-16 -1.500000000000E+00 -3.885780586188E-16 -1.500000000000E+00
 -9.987318243030E-01 -5.034623247436E-02  5.034273896826E-02 -9.986624999099E-01  5.034273776142E-02 -9.986624987377E-01
 -1.030756123169E+00 -5.196058254943E-02  5.195737429481E-02 -1.030692454233E+00  5.195737292018E-02 -1.030692452886E+00
 -1.100677329968E+00 -5.548532187056E-02  5.548269692864E-02 -1.100625224987E+00  5.548269516473E-02 -1.100625223294E+00
 -1.196156332949E+00 -6.029843382264E-02  6.029653211621E-02 -1.196118568410E+00  6.029653000267E-02 -1.196118566357E+00
 -1.300673227809E+00 -6.556714736325E-02  6.556596002200E-02 -1.300649639544E+00  6.556595816892E-02 -1.300649637440E+00
 -1.396152230790E+00 -7.038025931534E-02  7.037966858667E-02 -1.396140497259E+00  7.037966772108E-02 -1.396140495174E+00
 -1.466073437589E+00 -7.390499863647E-02  7.390481742837E-02 -1.466069843628E+00  7.390481738573E-02 -1.466069842069E+00
 -1.498097736455E+00 -7.551934871154E-02  7.551934871154E-02 -1.498097736455E+00  7.551934871154E-02 -1.498097736455E+00
 -9.871732235560E-01 -1.596528317756E-01  1.596417482013E-01 -9.871046987519E-01  1.596417496987E-01 -9.871047003147E-01
 -1.018826896318E+00 -1.647720938990E-01  1.647619141752E-01 -1.018763961031E+00  1.647619158504E-01 -1.018763962909E+00
 -1.087938885574E+00 -1.759493873375E-01  1.759410557529E-01 -1.087887379265E+00  1.759410577961E-01 -1.087887381945E+00
 -1.182312883539E+00 -1.912122365128E-01  1.912061970075E-01 -1.182275549900E+00  1.912061993133E-01 -1.182275554031E+00
 -1.285620175351E+00 -2.079198429261E-01  2.079160699518E-01 -1.285596851907E+00  2.079160718745E-01 -1.285596858000E+00
 -1.379994173316E+00 -2.231826921014E-01  2.231808152017E-01 -1.379982566473E+00  2.231808160981E-01 -1.379982573520E+00
 -1.449106162572E+00 -2.343599855400E-01  2.343594106361E-01 -1.449102604484E+00  2.343594107761E-01 -1.449102608664E+00
 -1.480759835334E+00 -2.394792476634E-01  2.394792476634E-01 -1.480759835334E+00  2.394792476634E-01 -1.480759835334E+00
 -9.521786388467E-01 -3.055418788382E-01  3.055206711286E-01 -9.521125468256E-01  3.055206700783E-01 -9.521125447053E-01
 -9.827102115494E-01 -3.153390678391E-01  3.153195904188E-01 -9.826495116918E-01  3.153195891989E-01 -9.826495090846E-01
 -1.049372230218E+00 -3.367300522617E-01  3.367141129033E-01 -1.049322556216E+00  3.367141112747E-01 -1.049322552356E+00
 -1.140400737455E+00 -3.659399294784E-01  3.659283777837E-01 -1.140364737310E+00  3.659283755506E-01 -1.140364731251E+00
 -1.240045859662E+00 -3.979147676170E-01  3.979075534332E-01 -1.240023377719E+00  3.979075506188E-01 -1.240023368894E+00
 -1.331074366899E+00 -4.271246448337E-01  4.271210573131E-01 -1.331063188063E+00  4.271210545587E-01 -1.331063178308E+00
 -1.397736385567E+00 -4.485156292563E-01  4.485145307124E-01 -1.397732963101E+00  4.485145292794E-01 -1.397732957643E+00
 -1.428267958270E+00 -4.583128182573E-01  4.583128182573E-01 -1.428267958270E+00  4.583128182573E-01 -1.428267958270E+00
 -8.893427068925E-01 -4.572412379666E-01  4.572094986849E-01 -8.892809720207E-01  4.572094992089E-01 -8.892809744189E-01
 -9.178594477700E-01 -4.719026612858E-01  4.718735109275E-01 -9.178027482926E-01  4.718735116399E-01 -9.178027511668E-01
 -9.801223233594E-01 -5.039141165923E-01  5.038902597769E-01 -9.800759197671E-01  5.038902610192E-01 -9.800759238264E-01
 -1.065143700366E+00 -5.476264890834E-01  5.476091963817E-01 -1.065110064264E+00  5.476091987131E-01 -1.065110070274E+00
 -1.158213066866E+00 -5.954766058330E-01  5.954658016910E-01 -1.158192052026E+00  5.954658056467E-01 -1.158192060303E+00
 -1.243234443872E+00 -6.391889783241E-01  6.391836006705E-01 -1.243223984822E+00  6.391836055031E-01 -1.243223993635E+00
 -1.305497319461E+00 -6.712004336306E-01  6.711987846890E-01 -1.305494112894E+00  6.711987875231E-01 -1.305494117751E+00
 -1.334014060339E+00 -6.858618569498E-01  6.858618569498E-01 -1.334014060339E+00  6.858618569498E-01 -1.334014060339E+00
 -8.109284805664E-01 -5.851452805981E-01  5.851046635927E-01 -8.108721933751E-01  5.851046635612E-01 -8.108721911061E-01
 -8.369308721881E-01 -6.039079422956E-01  6.038706387245E-01 -8.368791772100E-01  6.038706386223E-01 -8.368791745806E-01
 -8.937039684379E-01 -6.448739585740E-01  6.448434302432E-01 -8.936616634569E-01  6.448434298840E-01 -8.936616599976E-01
 -9.712289265187E-01 -7.008139883505E-01  7.007918624664E-01 -9.711982662397E-01  7.007918613468E-01 -9.711982616255E-01
 -1.056092274897E+00 -7.620492131448E-01  7.620353945442E-01 -1.056073126099E+00  7.620353918236E-01 -1.056073120504E+00
 -1.133617232978E+00 -8.179892429213E-01  8.179823713572E-01 -1.133607709634E+00  8.179823671617E-01 -1.133607704149E+00
 -1.190390329228E+00 -8.589552591997E-01  8.589531554570E-01 -1.190387412831E+00  8.589531526267E-01 -1.190387409816E+00
 -1.216392720850E+00 -8.777179208972E-01  8.777179208972E-01 -1.216392720850E+00  8.777179208972E-01 -1.216392720850E+00
 -7.418102079413E-01 -6.706098831617E-01  6.705633335621E-01 -7.417587146218E-01  6.705633337195E-01 -7.417587162287E-01
 -7.655963247174E-01 -6.921129641672E-01  6.920702118773E-01 -7.655490316413E-01  6.920702120289E-01 -7.655490334779E-01
 -8.175304512697E-01 -7.390623565677E-01  7.390273687922E-01 -8.174917466037E-01  7.390273689468E-01 -8.174917489258E-01
 -8.884476858381E-01 -8.031728229362E-01  8.031474639774E-01 -8.884196318523E-01  8.031474641273E-01 -8.884196346211E-01
 -9.660778340152E-01 -8.733518849679E-01  8.733360447090E-01 -9.660603096225E-01  8.733360449451E-01 -9.660603122176E-01
 -1.036995068584E+00 -9.374623513365E-01  9.374544705094E-01 -1.036986349987E+00  9.374544713236E-01 -1.036986351930E+00
 -1.088929195136E+00 -9.844117437369E-01  9.844093284198E-01 -1.088926523455E+00  9.844093294840E-01 -1.088926524556E+00
 -1.112715311912E+00 -1.005914824742E+00  1.005914824742E+00 -1.112715311912E+00  1.005914824742E+00 -1.112715311912E+00
 -7.071067811865E-01 -7.071067811865E-01  7.070576985136E-01 -7.070576982378E-01  7.070576983636E-01 -7.070576983636E-01
 -7.297801338723E-01 -7.297801338723E-01  7.297350551456E-01 -7.297350548287E-01  7.297350550154E-01 -7.297350550154E-01
 -7.792846738030E-01 -7.792846738030E-01  7.792477821418E-01 -7.792477818710E-01  7.792477820354E-01 -7.792477820354E-01
 -8.468842524142E-01 -8.468842524142E-01  8.468575132799E-01 -8.468575136849E-01  8.468575134916E-01 -8.468575134916E-01
 -9.208827005522E-01 -9.208827005522E-01  9.208659973110E-01 -9.208659996820E-01  9.208659984608E-01 -9.208659984608E-01
 -9.884822791634E-01 -9.884822791634E-01  9.884739683777E-01 -9.884739722911E-01  9.884739702931E-01 -9.884739702931E-01
 -1.037986819094E+00 -1.037986819094E+00  1.037984272535E+00 -1.037984274403E+00  1.037984273449E+00 -1.037984273449E+00
 -1.060660171780E+00 -1.060660171780E+00  1.060660171780E+00 -1.060660171780E+00  1.060660171780E+00 -1.060660171780E+00
 -7.071067811865E-01 -7.071067811865E-01  7.070576985136E-01 -7.070576982378E-01  7.070576983636E-01 -7.070576983636E-01
 -7.297801338723E-01 -7.297801338723E-01  7.297350551456E-01 -7.297350548287E-01  7.297350550154E-01 -7.297350550154E-01
 -7.792846738030E-01 -7.792846738030E-01  7.792477821418E-01 -7.792477818710E-01  7.792477820354E-01 -7.792477820354E-01
 -8.468842524142E-01 -8.468842524142E-01  8.468575132799E-01 -8.468575136849E-01  8.468575134916E-01 -8.468575134916E-01
 -9.208827005522E-01 -9.208827005522E-01  9.208659973110E-01 -9.208659996820E-01  9.208659984608E-01 -9.208659984608E-01
 -9.884822791634E-01 -9.884822791634E-01  9.884739683777E-01 -9.884739722911E-01  9.884739702931E-01 -9.884739702931E-01
 -1.037986819094E+00 -1.037986819094E+00  1.037984272535E+00 -1.037984274403E+00  1.037984273449E+00 -1.037984273449E+00
 -1.060660171780E+00 -1.060660171780E+00  1.060660171780E+00 -1.060660171780E+00  1.060660171780E+00 -1.060660171780E+00
 -6.706098831617E-01 -7.418102079413E-01  7.417587179110E-01 -6.705633336950E-01  7.417587162287E-01 -6.705633337195E-01
 -6.921129641672E-01 -7.655963247174E-01  7.655490354022E-01 -6.920702120092E-01  7.655490334779E-01 -6.920702120289E-01
 -7.390623565677E-01 -8.175304512697E-01  8.174917513704E-01 -7.390273688968E-01  8.174917489258E-01 -7.390273689468E-01
 -8.031728229362E-01 -8.884476858381E-01  8.884196375673E-01 -8.031474640845E-01  8.884196346211E-01 -8.031474641273E-01
 -8.733518849679E-01 -9.660778340152E-01  9.660603150157E-01 -8.733360451226E-01  9.660603122176E-01 -8.733360449451E-01
 -9.374623513365E-01 -1.036995068584E+00  1.036986354016E+00 -9.374544721858E-01  1.036986351930E+00 -9.374544713236E-01
 -9.844117437369E-01 -1.088929195136E+00  1.088926525688E+00 -9.844093305564E-01  1.088926524556E+00 -9.844093294840E-01
 -1.005914824742E+00 -1.112715311912E+00  1.112715311912E+00 -1.005914824742E+00  1.112715311912E+00 -1.005914824742E+00
 -5.851452805981E-01 -8.109284805664E-01  8.108721889422E-01 -5.851046635150E-01  8.108721911061E-01 -5.851046635612E-01
 -6.039079422956E-01 -8.369308721881E-01  8.368791720682E-01 -6.038706384790E-01  8.368791745806E-01 -6.038706386223E-01
 -6.448739585740E-01 -8.937039684379E-01  8.936616566578E-01 -6.448434294337E-01  8.936616599976E-01 -6.448434298840E-01
 -7.008139883505E-01 -9.712289265187E-01  9.711982570744E-01 -7.007918600566E-01  9.711982616255E-01 -7.007918613468E-01
 -7.620492131448E-01 -1.056092274897E+00  1.056073114836E+00 -7.620353888751E-01  1.056073120504E+00 -7.620353918236E-01
 -8.179892429213E-01 -1.133617232978E+00  1.133607698532E+00 -8.179823628126E-01  1.133607704149E+00 -8.179823671617E-01
 -8.589552591997E-01 -1.190390329228E+00  1.190387406762E+00 -8.589531497703E-01  1.190387409816E+00 -8.589531526267E-01
 -8.777179208972E-01 -1.216392720850E+00  1.216392720850E+00 -8.777179208972E-01  1.216392720850E+00 -8.777179208972E-01
 -4.572412379666E-01 -8.893427068925E-01  8.892809766609E-01 -4.572094999654E-01  8.892809744189E-01 -4.572094992089E-01
 -4.719026612858E-01 -9.178594477700E-01  9.178027538731E-01 -4.718735126208E-01  9.178027511668E-01 -4.718735116399E-01
 -5.039141165923E-01 -9.801223233594E-01  9.800759277076E-01 -5.038902625973E-01  9.800759238264E-01 -5.038902610192E-01
 -5.476264890834E-01 -1.065143700366E+00  1.065110076137E+00 -5.476092014186E-01  1.065110070274E+00 -5.476091987131E-01
 -5.954766058330E-01 -1.158213066866E+00  1.158192068533E+00 -5.954658098973E-01  1.158192060303E+00 -5.954658056467E-01
 -6.391889783241E-01 -1.243234443872E+00  1.243224002481E+00 -6.391836104533E-01  1.243223993635E+00 -6.391836055031E-01
 -6.712004336306E-01 -1.305497319461E+00  1.305494122624E+00 -6.711987903696E-01  1.305494117751E+00 -6.711987875231E-01
 -6.858618569498E-01 -1.334014060339E+00  1.334014060339E+00 -6.858618569498E-01  1.334014060339E+00 -6.858618569498E-01
 -3.055418788382E-01 -9.521786388467E-01  9.521125426390E-01 -3.055206687530E-01  9.521125447053E-01 -3.055206700783E-01
 -3.153390678391E-01 -9.827102115494E-01  9.826495065485E-01 -3.153195876702E-01  9.826495090846E-01 -3.153195891989E-01
 -3.367300522617E-01 -1.049372230218E+00  1.049322548607E+00 -3.367141092829E-01  1.049322552356E+00 -3.367141112747E-01
 -3.659399294784E-01 -1.140400737455E+00  1.140364725353E+00 -3.659283729494E-01  1.140364731251E+00 -3.659283755506E-01
 -3.979147676170E-01 -1.240045859662E+00  1.240023360244E+00 -3.979075475633E-01  1.240023368894E+00 -3.979075506188E-01
 -4.271246448337E-01 -1.331074366899E+00  1.331063168658E+00 -4.271210517438E-01  1.331063178308E+00 -4.271210545587E-01
 -4.485156292563E-01 -1.397736385567E+00  1.397732952204E+00 -4.485145278487E-01  1.397732957643E+00 -4.485145292794E-01
 -4.583128182573E-01 -1.428267958270E+00  1.428267958270E+00 -4.583128182573E-01  1.428267958270E+00 -4.583128182573E-01
 -1.596528317756E-01 -9.871732235560E-01  9.871047019414E-01 -1.596417512809E-01  9.871047003147E-01 -1.596417496987E-01
 -1.647720938990E-01 -1.018826896318E+00  1.018763964841E+00 -1.647619176375E-01  1.018763962909E+00 -1.647619158504E-01
 -1.759493873375E-01 -1.087938885574E+00  1.087887384645E+00 -1.759410599883E-01  1.087887381945E+00 -1.759410577961E-01
 -1.912122365128E-01 -1.182312883539E+00  1.182275558085E+00 -1.912062017844E-01  1.182275554031E+00 -1.912061993133E-01
 -2.079198429261E-01 -1.285620175351E+00  1.285596863880E+00 -2.079160739069E-01  1.285596858000E+00 -2.079160718745E-01
 -2.231826921014E-01 -1.379994173316E+00  1.379982580365E+00 -2.231808170095E-01  1.379982573520E+00 -2.231808160981E-01
 -2.343599855400E-01 -1.449106162572E+00  1.449102612797E+00 -2.343594109064E-01  1.449102608664E+00 -2.343594107761E-01
 -2.394792476634E-01 -1.480759835334E+00  1.480759835334E+00 -2.394792476634E-01  1.480759835334E+00 -2.394792476634E-01
 -5.034623247436E-02 -9.987318243030E-01  9.986624974901E-01 -5.034273673644E-02  9.986624987377E-01 -5.034273776142E-02
 -5.196058254943E-02 -1.030756123169E+00  1.030692451480E+00 -5.195737172874E-02  1.030692452886E+00 -5.195737292018E-02
 -5.548532187056E-02 -1.100677329968E+00  1.100625221543E+00 -5.548269363205E-02  1.100625223294E+00 -5.548269516473E-02
 -6.029843382264E-02 -1.196156332949E+00  1.196118564293E+00 -6.029652815080E-02  1.196118566357E+00 -6.029653000267E-02
 -6.556714736325E-02 -1.300673227809E+00  1.300649635438E+00 -6.556595650089E-02  1.300649637440E+00 -6.556595816892E-02
 -7.038025931534E-02 -1.396152230790E+00  1.396140493224E+00 -7.037966692276E-02  1.396140495174E+00 -7.037966772108E-02
 -7.390499863647E-02 -1.466073437589E+00  1.466069840538E+00 -7.390481735995E-02  1.466069842069E+00 -7.390481738573E-02
 -7.551934871154E-02 -1.498097736455E+00  1.498097736455E+00 -7.551934871154E-02  1.498097736455E+00 -7.551934871154E-02
 -2.163234161989E-16 -1.000000000000E+00  9.999305864232E-01  1.949998636177E-10  9.999305864060E-01 -2.163084004131E-16
 -2.214798555046E-16 -1.032064962873E+00  1.032001211702E+00  2.240621459539E-10  1.032001211742E+00 -2.214661745913E-16
 -2.327383208513E-16 -1.102074954642E+00  1.102022781763E+00  1.914865025826E-10  1.102022781804E+00 -2.327273028904E-16
 -2.481120121191E-16 -1.197675195524E+00  1.197637380964E+00 -2.863290082116E-10  1.197637380977E+00 -2.481041784065E-16
 -2.649409527626E-16 -1.302324804476E+00  1.302301184202E+00 -1.676528700156E-09  1.302301184151E+00 -2.649361475165E-16
 -2.803146440303E-16 -1.397925045358E+00  1.397913294900E+00 -2.767217339168E-09  1.397913294841E+00 -2.803122877939E-16
 -2.915731093771E-16 -1.467935037127E+00  1.467931437070E+00 -1.321341535158E-09  1.467931437042E+00 -2.915723942991E-16
 -2.967295486828E-16 -1.500000000000E+00  1.500000000000E+00 -2.967295486828E-16  1.500000000000E+00 -2.967295486828E-16
 -2.163234161989E-16 -1.000000000000E+00  9.999305864232E-01  1.949998636177E-10  9.999305864060E-01 -2.163084004131E-16
 -2.214798555046E-16 -1.032064962873E+00  1.032001211702E+00  2.240621459539E-10  1.032001211742E+00 -2.214661745913E-16
 -2.327383208513E-16 -1.102074954642E+00  1.102022781763E+00  1.914865025826E-10  1.102022781804E+00 -2.327273028904E-16
 -2.481120121191E-16 -1.197675195524E+00  1.197637380964E+00 -2.863290082116E-10  1.197637380977E+00 -2.481041784065E-16
 -2.649409527626E-16 -1.302324804476E+00  1.302301184202E+00 -1.676528700156E-09  1.302301184151E+00 -2.649361475165E-16
 -2.803146440303E-16 -1.397925045358E+00  1.397913294900E+00 -2.767217339168E-09  1.397913294841E+00 -2.803122877939E-16
 -2.915731093771E-16 -1.467935037127E+00  1.467931437070E+00 -1.321341535158E-09  1.467931437042E+00 -2.915723942991E-16
 -2.967295486828E-16 -1.500000000000E+00  1.500000000000E+00 -2.967295486828E-16  1.500000000000E+00 -2.967295486828E-16
  5.034623247436E-02 -9.987318243030E-01  9.986624999099E-01  5.034273896826E-02  9.986624987377E-01  5.034273776142E-02
  5.196058254942E-02 -1.030756123169E+00  1.030692454233E+00  5.195737429481E-02  1.030692452886E+00  5.195737292018E-02
  5.548532187056E-02 -1.100677329968E+00  1.100625224987E+00  5.548269692864E-02  1.100625223294E+00  5.548269516472E-02
  6.029843382264E-02 -1.196156332949E+00  1.196118568410E+00  6.029653211621E-02  1.196118566357E+00  6.029653000267E-02
  6.556714736325E-02 -1.300673227809E+00  1.300649639544E+00  6.556596002200E-02  1.300649637440E+00  6.556595816892E-02
  7.038025931534E-02 -1.396152230790E+00  1.396140497259E+00  7.037966858667E-02  1.396140495174E+00  7.037966772108E-02
  7.390499863647E-02 -1.466073437589E+00  1.466069843628E+00  7.390481742837E-02  1.466069842069E+00  7.390481738573E-02
  7.551934871154E-02 -1.498097736455E+00  1.498097736455E+00  7.551934871154E-02  1.498097736455E+00  7.551934871154E-02
  1.596528317756E-01 -9.871732235560E-01  9.871046987519E-01  1.596417482013E-01  9.871047003147E-01  1.596417496987E-01
  1.647720938990E-01 -1.018826896318E+00  1.018763961031E+00  1.647619141752E-01  1.018763962909E+00  1.647619158504E-01
  1.759493873375E-01 -1.087938885574E+00  1.087887379265E+00  1.759410557529E-01  1.087887381945E+00  1.759410577961E-01
  1.912122365128E-01 -1.182312883539E+00  1.182275549900E+00  1.912061970075E-01  1.182275554031E+00  1.912061993133E-01
  2.079198429261E-01 -1.285620175351E+00  1.285596851907E+00  2.079160699518E-01  1.285596858000E+00  2.079160718745E-01
  2.231826921014E-01 -1.379994173316E+00  1.379982566473E+00  2.231808152017E-01  1.379982573520E+00  2.231808160981E-01
  2.343599855400E-01 -1.449106162572E+00  1.449102604484E+00  2.343594106361E-01  1.449102608664E+00  2.343594107761E-01
  2.394792476634E-01 -1.480759835334E+00  1.480759835334E+00  2.394792476634E-01  1.480759835334E+00  2.394792476634E-01
  3.055418788382E-01 -9.521786388467E-01  9.521125468256E-01  3.055206711286E-01  9.521125447053E-01  3.055206700783E-01
  3.153390678391E-01 -9.827102115494E-01  9.826495116918E-01  3.153195904188E-01  9.826495090846E-01  3.153195891989E-01
  3.367300522617E-01 -1.049372230218E+00  1.049322556216E+00  3.367141129033E-01  1.049322552356E+00  3.367141112747E-01
  3.659399294784E-01 -1.140400737455E+00  1.140364737310E+00  3.659283777837E-01  1.140364731251E+00  3.659283755506E-01
  3.979147676170E-01 -1.240045859662E+00  1.240023377719E+00  3.979075534332E-01  1.240023368894E+00  3.979075506188E-01
  4.271246448337E-01 -1.331074366899E+00  1.331063188063E+00  4.271210573131E-01  1.331063178308E+00  4.271210545587E-01
  4.485156292563E-01 -1.397736385567E+00  1.397732963101E+00  4.485145307124E-01  1.397732957643E+00  4.485145292794E-01
  4.583128182573E-01 -1.428267958270E+00  1.428267958270E+00  4.583128182573E-01  1.428267958270E+00  4.583128182573E-01
  4.572412379666E-01 -8.893427068925E-01  8.892809720207E-01  4.572094986849E-01  8.892809744189E-01  4.572094992089E-01
  4.719026612858E-01 -9.178594477700E-01  9.178027482926E-01  4.718735109275E-01  9.178027511668E-01  4.718735116399E-01
  5.039141165923E-01 -9.801223233594E-01  9.800759197671E-01  5.038902597769E-01  9.800759238264E-01  5.038902610192E-01
  5.476264890834E-01 -1.065143700366E+00  1.065110064264E+00  5.476091963817E-01  1.065110070274E+00  5.476091987131E-01
  5.954766058330E-01 -1.158213066866E+00  1.158192052026E+00  5.954658016910E-01  1.158192060303E+00  5.954658056467E-01
  6.391889783241E-01 -1.243234443872E+00  1.243223984822E+00  6.391836006705E-01  1.243223993635E+00  6.391836055031E-01
  6.712004336306E-01 -1.305497319461E+00  1.305494112894E+00  6.711987846890E-01  1.305494117751E+00  6.711987875231E-01
  6.858618569498E-01 -1.334014060339E+00  1.334014060339E+00  6.858618569498E-01  1.334014060339E+00  6.858618569498E-01
  5.851452805981E-01 -8.109284805664E-01  8.108721933751E-01  5.851046635927E-01  8.108721911061E-01  5.851046635612E-01
  6.039079422956E-01 -8.369308721881E-01  8.368791772100E-01  6.038706387245E-01  8.368791745806E-01  6.038706386223E-01
  6.448739585740E-01 -8.937039684379E-01  8.936616634569E-01  6.448434302432E-01  8.936616599976E-01  6.448434298840E-01
  7.008139883505E-01 -9.712289265187E-01  9.711982662397E-01  7.007918624664E-01  9.711982616255E-01  7.007918613468E-01
  7.620492131448E-01 -1.056092274897E+00  1.056073126099E+00  7.620353945442E-01  1.056073120504E+00  7.620353918236E-01
  8.179892429213E-01 -1.133617232978E+00  1.133607709634E+00  8.179823713572E-01  1.133607704149E+00  8.179823671617E-01
  8.589552591997E-01 -1.190390329228E+00  1.190387412831E+00  8.589531554570E-01  1.190387409816E+00  8.589531526267E-01
  8.777179208972E-01 -1.216392720850E+00  1.216392720850E+00  8.777179208972E-01  1.216392720850E+00  8.777179208972E-01
  6.706098831617E-01 -7.418102079413E-01  7.417587146218E-01  6.705633335621E-01  7.417587162287E-01  6.705633337195E-01
  6.921129641672E-01 -7.655963247174E-01  7.655490316413E-01  6.920702118773E-01  7.655490334779E-01  6.920702120289E-01
  7.390623565677E-01 -8.175304512697E-01  8.174917466037E-01  7.390273687922E-01  8.174917489258E-01  7.390273689468E-01
  8.031728229362E-01 -8.884476858381E-01  8.884196318523E-01  8.031474639774E-01  8.884196346211E-01  8.031474641273E-01
  8.733518849679E-01 -9.660778340152E-01  9.660603096225E-01  8.733360447090E-01  9.660603122176E-01  8.733360449451E-01
  9.374623513365E-01 -1.036995068584E+00  1.036986349987E+00  9.374544705094E-01  1.036986351930E+00  9.374544713236E-01
  9.844117437369E-01 -1.088929195136E+00  1.088926523455E+00  9.844093284198E-01  1.088926524556E+00  9.844093294840E-01
  1.005914824742E+00 -1.112715311912E+00  1.112715311912E+00  1.005914824742E+00  1.112715311912E+00  1.005914824742E+00
  7.071067811865E-01 -7.071067811865E-01  7.070576982378E-01  7.070576985136E-01  7.070576983636E-01  7.070576983636E-01
  7.297801338723E-01 -7.297801338723E-01  7.297350548287E-01  7.297350551456E-01  7.297350550154E-01  7.297350550154E-01
  7.792846738030E-01 -7.792846738030E-01  7.792477818710E-01  7.792477821418E-01  7.792477820354E-01  7.792477820354E-01
  8.468842524142E-01 -8.468842524142E-01  8.468575136849E-01  8.468575132799E-01  8.468575134916E-01  8.468575134916E-01
  9.208827005522E-01 -9.208827005522E-01  9.208659996820E-01  9.208659973110E-01  9.208659984608E-01  9.208659984608E-01
  9.884822791634E-01 -9.884822791634E-01  9.884739722911E-01  9.884739683777E-01  9.884739702931E-01  9.884739702931E-01
  1.037986819094E+00 -1.037986819094E+00  1.037984274403E+00  1.037984272535E+00  1.037984273449E+00  1.037984273449E+00
  1.060660171780E+00 -1.060660171780E+00  1.060660171780E+00  1.060660171780E+00  1.060660171780E+00  1.060660171780E+00
  7.071067811865E-01 -7.071067811865E-01  7.070576982378E-01  7.070576985136E-01  7.070576983636E-01  7.070576983636E-01
  7.297801338723E-01 -7.297801338723E-01  7.297350548287E-01  7.297350551456E-01  7.297350550154E-01  7.297350550154E-01
  7.792846738030E-01 -7.792846738030E-01  7.792477818710E-01  7.792477821418E-01  7.792477820354E-01  7.792477820354E-01
  8.468842524142E-01 -8.468842524142E-01  8.468575136849E-01  8.468575132799E-01  8.468575134916E-01  8.468575134916E-01
  9.208827005522E-01 -9.208827005522E-01  9.208659996820E-01  9.208659973110E-01  9.208659984608E-01  9.208659984608E-01
  9.884822791634E-01 -9.884822791634E-01  9.884739722911E-01  9.884739683777E-01  9.884739702931E-01  9.884739702931E-01
  1.037986819094E+00 -1.037986819094E+00  1.037984274403E+00  1.037984272535E+00  1.037984273449E+00  1.037984273449E+00
  1.060660171780E+00 -1.060660171780E+00  1.060660171780E+00  1.060660171780E+00  1.060660171780E+00  1.060660171780E+00
  7.418102079413E-01 -6.706098831617E-01  6.705633336950E-01  7.417587179110E-01  6.705633337195E-01  7.417587162287E-01
  7.655963247174E-01 -6.921129641672E-01  6.920702120092E-01  7.655490354022E-01  6.920702120289E-01  7.655490334779E-01
  8.175304512697E-01 -7.390623565677E-01  7.390273688968E-01  8.174917513704E-01  7.390273689468E-01  8.174917489258E-01
  8.884476858381E-01 -8.031728229362E-01  8.031474640845E-01  8.884196375673E-01  8.031474641273E-01  8.884196346211E-01
  9.660778340152E-01 -8.733518849679E-01  8.733360451226E-01  9.660603150157E-01  8.733360449451E-01  9.660603122176E-01
  1.036995068584E+00 -9.374623513365E-01  9.374544721858E-01  1.036986354016E+00  9.374544713236E-01  1.036986351930E+00
  1.088929195136E+00 -9.844117437369E-01  9.844093305564E-01  1.088926525688E+00  9.844093294840E-01  1.088926524556E+00
  1.112715311912E+00 -1.005914824742E+00  1.005914824742E+00  1.112715311912E+00  1.005914824742E+00  1.112715311912E+00
  8.109284805664E-01 -5.851452805981E-01  5.851046635150E-01  8.108721889422E-01  5.851046635612E-01  8.108721911061E-01
  8.369308721881E-01 -6.039079422956E-01  6.038706384790E-01  8.368791720682E-01  6.038706386223E-01  8.368791745806E-01
  8.937039684379E-01 -6.448739585740E-01  6.448434294337E-01  8.936616566578E-01  6.448434298840E-01  8.936616599976E-01
  9.712289265187E-01 -7.008139883505E-01  7.007918600566E-01  9.711982570744E-01  7.007918613468E-01  9.711982616255E-01
  1.056092274897E+00 -7.620492131448E-01  7.620353888751E-01  1.056073114836E+00  7.620353918236E-01  1.056073120504E+00
  1.133617232978E+00 -8.179892429213E-01  8.179823628126E-01  1.133607698532E+00  8.179823671617E-01  1.133607704149E+00
  1.190390329228E+00 -8.589552591997E-01  8.589531497703E-01  1.190387406762E+00  8.589531526267E-01  1.190387409816E+00
  1.216392720850E+00 -8.777179208972E-01  8.777179208972E-01  1.216392720850E+00  8.777179208972E-01  1.216392720850E+00
  8.893427068925E-01 -4.572412379666E-01  4.572094999654E-01  8.892809766609E-01  4.572094992089E-01  8.892809744189E-01
  9.178594477700E-01 -4.719026612858E-01  4.718735126208E-01  9.178027538731E-01  4.718735116399E-01  9.178027511668E-01
  9.801223233594E-01 -5.039141165923E-01  5.038902625973E-01  9.800759277076E-01  5.038902610192E-01  9.800759238264E-01
  1.065143700366E+00 -5.476264890834E-01  5.476092014186E-01  1.065110076137E+00  5.476091987131E-01  1.065110070274E+00
  1.158213066866E+00 -5.954766058330E-01  5.954658098973E-01  1.158192068533E+00  5.954658056467E-01  1.158192060303E+00
  1.243234443872E+00 -6.391889783241E-01  6.391836104533E-01  1.243224002481E+00  6.391836055031E-01  1.243223993635E+00
  1.305497319461E+00 -6.712004336306E-01  6.711987903696E-01  1.305494122624E+00  6.711987875231E-01  1.305494117751E+00
  1.334014060339E+00 -6.858618569498E-01  6.858618569498E-01  1.334014060339E+00  6.858618569498E-01  1.334014060339E+00
  9.521786388467E-01 -3.055418788382E-01  3.055206687530E-01  9.521125426390E-01  3.055206700783E-01  9.521125447053E-01
  9.827102115494E-01 -3.153390678391E-01  3.153195876702E-01  9.826495065485E-01  3.153195891989E-01  9.826495090846E-01
  1.049372230218E+00 -3.367300522617E-01  3.367141092829E-01  1.049322548607E+00  3.367141112747E-01  1.049322552356E+00
  1.140400737455E+00 -3.659399294784E-01  3.659283729494E-01  1.140364725353E+00  3.659283755506E-01  1.140364731251E+00
  1.240045859662E+00 -3.979147676170E-01  3.979075475633E-01  1.240023360244E+00  3.979075506188E-01  1.240023368894E+00
  1.331074366899E+00 -4.271246448337E-01  4.271210517438E-01  1.331063168658E+00  4.271210545587E-01  1.331063178308E+00
  1.397736385567E+00 -4.485156292563E-01  4.485145278487E-01  1.397732952204E+00  4.485145292794E-01  1.397732957643E+00
  1.428267958270E+00 -4.583128182573E-01  4.583128182573E-01  1.428267958270E+00  4.583128182573E-01  1.428267958270E+00
  9.871732235560E-01 -1.596528317756E-01  1.596417512809E-01  9.871047019414E-01  1.596417496987E-01  9.871047003147E-01
  1.018826896318E+00 -1.647720938990E-01  1.647619176375E-01  1.018763964841E+00  1.647619158504E-01  1.018763962909E+00
  1.087938885574E+00 -1.759493873375E-01  1.759410599883E-01  1.087887384645E+00  1.759410577961E-01  1.087887381945E+00
  1.182312883539E+00 -1.912122365128E-01  1.912062017844E-01  1.182275558085E+00  1.912061993133E-01  1.182275554031E+00
  1.285620175351E+00 -2.079198429261E-01  2.079160739069E-01  1.285596863880E+00  2.079160718745E-01  1.285596858000E+00
  1.379994173316E+00 -2.231826921014E-01  2.231808170095E-01  1.379982580365E+00  2.231808160981E-01  1.379982573520E+00
  1.449106162572E+00 -2.343599855400E-01  2.343594109064E-01  1.449102612797E+00  2.343594107761E-01  1.449102608664E+00
  1.480759835334E+00 -2.394792476634E-01  2.394792476634E-01  1.480759835334E+00  2.394792476634E-01  1.480759835334E+00
  9.987318243030E-01 -5.034623247436E-02  5.034273673644E-02  9.986624974901E-01  5.034273776142E-02  9.986624987377E-01
  1.030756123169E+00 -5.196058254943E-02  5.195737172874E-02  1.030692451480E+00  5.195737292018E-02  1.030692452886E+00
  1.100677329968E+00 -5.548532187056E-02  5.548269363205E-02  1.100625221543E+00  5.548269516473E-02  1.100625223294E+00
  1.196156332949E+00 -6.029843382264E-02  6.029652815080E-02  1.196118564293E+00  6.029653000267E-02  1.196118566357E+00
  1.300673227809E+00 -6.556714736325E-02  6.556595650089E-02  1.300649635438E+00  6.556595816892E-02  1.300649637440E+00
  1.396152230790E+00 -7.038025931534E-02  7.037966692276E-02  1.396140493224E+00  7.037966772108E-02  1.396140495174E+00
  1.466073437589E+00 -7.390499863647E-02  7.390481735995E-02  1.466069840538E+00  7.390481738573E-02  1.466069842069E+00
  1.498097736455E+00 -7.551934871154E-02  7.551934871154E-02  1.498097736455E+00  7.551934871154E-02  1.498097736455E+00
  1.000000000000E+00  2.775557561563E-17 -1.949997458490E-10  9.999305864232E-01 -2.775364900137E-17  9.999305864060E-01
  1.032064962873E+00  2.953553861887E-17 -2.240619967419E-10  1.032001211702E+00 -2.953371419498E-17  1.032001211742E+00
  1.102074954642E+00  3.342187385967E-17 -1.914864549065E-10  1.102022781763E+00 -3.342029164967E-17  1.102022781804E+00
  1.197675195524E+00  3.872875328905E-17  2.863293044054E-10  1.197637380964E+00 -3.872753049487E-17  1.197637380977E+00
  1.302324804476E+00  4.453797355784E-17  1.676528648552E-09  1.302301184202E+00 -4.453716577058E-17  1.302301184151E+00
  1.397925045358E+00  4.984485298722E-17  2.767216915317E-09  1.397913294900E+00 -4.984443400710E-17  1.397913294841E+00
  1.467935037127E+00  5.373118822801E-17  1.321341226449E-09  1.467931437070E+00 -5.373105645320E-17  1.467931437042E+00
  1.500000000000E+00  5.551115123126E-17 -5.551115123126E-17  1.500000000000E+00 -5.551115123126E-17  1.500000000000E+00
