# x y ux uy ux_exact uy_exact
  5.000000000000E-01  1.387778780781E-17 -2.146170733615E-15  4.977876108750E-01 -1.381638166707E-17  4.977876106195E-01
  5.320649628726E-01  1.476776930944E-17  3.414167690449E-09  5.300203053751E-01 -1.471101864512E-17  5.300203047072E-01
  6.020749546417E-01  1.671093692983E-17 -6.757545430725E-10  6.003409938439E-01 -1.666280984749E-17  6.003409937609E-01
  6.976751955244E-01  1.936437664453E-17 -5.763317931697E-11  6.962773406672E-01 -1.932557838400E-17  6.962773408711E-01
  8.023248044756E-01  2.226898677892E-17 -2.425051953622E-10  8.012174895231E-01 -2.223825261037E-17  8.012174893555E-01
  8.979250453583E-01  2.492242649361E-17  7.793389429182E-11  8.970357465466E-01 -2.489774349650E-17  8.970357466655E-01
  9.679350371274E-01  2.686559411401E-17 -4.253622484608E-10  9.671847046190E-01 -2.684476820405E-17  9.671847046447E-01
  1.000000000000E+00  2.775557561563E-17 -1.946449216522E-10  9.993086283355E-01 -2.773638619665E-17  9.993086283186E-01
  4.993659121515E-01  2.517311623718E-02 -2.506173236421E-02  4.971563189385E-01 -2.506173076710E-02  4.971563284694E-01
  5.313902110175E-01  2.678746631225E-02 -2.668452700306E-02  5.293481454868E-01 -2.668452547692E-02  5.293481458379E-01
  6.013114178165E-01  3.031220563338E-02 -3.022490748434E-02  5.995796553960E-01 -3.022490723577E-02  5.995796559027E-01
  6.967904207970E-01  3.512531758546E-02 -3.505494093861E-02  6.953943385239E-01 -3.505494087012E-02  6.953943388690E-01
  8.013073156575E-01  4.039403112607E-02 -4.033828231781E-02  8.002014053008E-01 -4.033828198162E-02  8.002014048075E-01
  8.967863186381E-01  4.520714307816E-02 -4.516237082494E-02  8.958981482674E-01 -4.516237023943E-02  8.958981477322E-01
  9.667075254371E-01  4.873188239929E-02 -4.869410703166E-02  9.659581455362E-01 -4.869410598569E-02  9.659581445078E-01
  9.987318243030E-01  5.034623247436E-02 -5.031142571979E-02  9.980413305727E-01 -5.031142451496E-02  9.980413294024E-01
  4.935866117780E-01  7.982641588779E-02 -7.947320243460E-02  4.914026155040E-01 -7.947320165819E-02  4.914026002215E-01
  5.252402845402E-01  8.494567801117E-02 -8.461924240988E-02  5.232218566091E-01 -8.461924254506E-02  5.232218527480E-01
  5.943522737960E-01  9.612297144970E-02 -9.584613953268E-02  5.926405549772E-01 -9.584613968488E-02  5.926405540437E-01
  6.887262717609E-01  1.113858206250E-01 -1.111626487262E-01  6.873463471744E-01 -1.111626491712E-01  6.873463470767E-01
  7.920335635732E-01  1.280934270383E-01 -1.279166407575E-01  7.909404516702E-01 -1.279166410437E-01  7.909404517366E-01
  8.864075615381E-01  1.433562762137E-01 -1.432142961646E-01  8.855296688703E-01 -1.432142971591E-01  8.855296696807E-01
  9.555195507939E-01  1.545335696522E-01 -1.544137756350E-01  9.547788413924E-01 -1.544137769465E-01  9.547788426582E-01
  9.871732235560E-01  1.596528317756E-01 -1.595424508331E-01  9.864907183850E-01 -1.595424523288E-01  9.864907199446E-01
  4.760893194234E-01  1.527709394191E-01 -1.520949575320E-01  4.739827111026E-01 -1.520949618110E-01  4.739827295144E-01
  5.066208921261E-01  1.625681284201E-01 -1.619433983513E-01  5.046740056474E-01 -1.619433997226E-01  5.046740122973E-01
  5.732829107945E-01  1.839591128426E-01 -1.834293153671E-01  5.716318695143E-01 -1.834293151773E-01  5.716318702831E-01
  6.643114180315E-01  2.131689900593E-01 -2.127418868071E-01  6.629804098860E-01 -2.127418869222E-01  6.629804106905E-01
  7.639565402386E-01  2.451438281979E-01 -2.448054974176E-01  7.629021787023E-01 -2.448054970557E-01  7.629021784347E-01
  8.549850474757E-01  2.743537054146E-01 -2.740819878876E-01  8.541382770501E-01 -2.740819874212E-01  8.541382762568E-01
  9.216470661440E-01  2.957446898372E-01 -2.955154327995E-01  9.209326173338E-01 -2.955154318407E-01  9.209326155820E-01
  9.521786388467E-01  3.055418788382E-01 -3.053306368834E-01  9.515203316163E-01 -3.053306358357E-01  9.515203295002E-01
  4.446713534462E-01  2.286206189833E-01 -2.276090303005E-01  4.427037980475E-01 -2.276090233241E-01  4.427037810858E-01
  4.731880943238E-01  2.432820423025E-01 -2.423471417114E-01  4.713696983042E-01 -2.423471402718E-01  4.713696924963E-01
  5.354509699132E-01  2.752934976090E-01 -2.745006592991E-01  5.339088854607E-01 -2.745006591893E-01  5.339088844498E-01
  6.204723469194E-01  3.190058701001E-01 -3.183667134291E-01  6.192291752535E-01 -3.183667133080E-01  6.192291750782E-01
  7.135417134193E-01  3.668559868497E-01 -3.663496769559E-01  7.125569305921E-01 -3.663496767134E-01  7.125569307930E-01
  7.985630904255E-01  4.105683593408E-01 -4.101617350994E-01  7.977721979400E-01 -4.101617353056E-01  7.977721991188E-01
  8.608259660149E-01  4.425798146473E-01 -4.422367313804E-01  8.601586612972E-01 -4.422367316941E-01  8.601586632937E-01
  8.893427068925E-01  4.572412379666E-01 -4.569251138002E-01  8.887278381358E-01 -4.569251143231E-01  8.887278405298E-01
  4.054642402832E-01  2.925726402991E-01 -2.912780643060E-01  4.036701384570E-01 -2.912780710942E-01  4.036701507244E-01
  4.314666319049E-01  3.113353019965E-01 -3.101388790236E-01  4.298085574790E-01 -3.101388799206E-01  4.298085603656E-01
  4.882397281547E-01  3.523013182749E-01 -3.512866994443E-01  4.868336099859E-01 -3.512866992488E-01  4.868336098922E-01
  5.657646862355E-01  4.082413480515E-01 -4.074233994376E-01  5.646311260552E-01 -4.074233999981E-01  5.646311260854E-01
  6.506280346142E-01  4.694765728457E-01 -4.688286327162E-01  6.497300818282E-01 -4.688286326291E-01  6.497300812463E-01
  7.281529926949E-01  5.254166026223E-01 -5.248962334696E-01  7.274318362521E-01 -5.248962336891E-01  7.274318350572E-01
  7.849260889447E-01  5.663826189007E-01 -5.659435653723E-01  7.843176249574E-01 -5.659435653895E-01  7.843176229646E-01
  8.109284805664E-01  5.851452805981E-01 -5.847407277519E-01  8.103678298455E-01 -5.847407277216E-01  8.103678275793E-01
  3.709051039706E-01  3.353049415808E-01 -3.338212954789E-01  3.692639385538E-01 -3.338212913968E-01  3.692639309442E-01
  3.946912207468E-01  3.568080225864E-01 -3.554368538823E-01  3.931744712302E-01 -3.554368546130E-01  3.931744724480E-01
  4.466253472990E-01  4.037574149868E-01 -4.025946044172E-01  4.453390777521E-01 -4.025946036831E-01  4.453390774174E-01
  5.175425818674E-01  4.678678813554E-01 -4.669304661604E-01  5.165056387457E-01 -4.669304662097E-01  5.165056390164E-01
  5.951727300445E-01  5.380469433871E-01 -5.373043670131E-01  5.943513120715E-01 -5.373043669238E-01  5.943513123850E-01
  6.660899646129E-01  6.021574097557E-01 -6.015610370774E-01  6.654302728642E-01 -6.015610372632E-01  6.654302737647E-01
  7.180240911651E-01  6.491068021561E-01 -6.486036217564E-01  7.174674855096E-01 -6.486036217775E-01  7.174674868701E-01
  7.418102079413E-01  6.706098831617E-01 -6.701462423217E-01  7.412973397655E-01 -6.701462424792E-01  7.412973413705E-01
  3.535533905933E-01  3.535533905933E-01 -3.519889952404E-01  3.519889952404E-01 -3.519889950597E-01  3.519889950597E-01
  3.762267432790E-01  3.762267432790E-01 -3.747809496831E-01  3.747809545115E-01 -3.747809516250E-01  3.747809516250E-01
  4.257312832097E-01  4.257312832097E-01 -4.245051882491E-01  4.245051872935E-01 -4.245051877126E-01  4.245051877126E-01
  4.933308618209E-01  4.933308618209E-01 -4.923424292131E-01  4.923424291316E-01 -4.923424293165E-01  4.923424293165E-01
  5.673293099589E-01  5.673293099589E-01 -5.665463202185E-01  5.665463198756E-01 -5.665463199285E-01  5.665463199285E-01
  6.349288885701E-01  6.349288885701E-01 -6.343000592947E-01  6.343000594049E-01 -6.343000594339E-01  6.343000594339E-01
  6.844334285008E-01  6.844334285008E-01 -6.839028635968E-01  6.839028629952E-01 -6.839028633142E-01  6.839028633142E-01
  7.071067811865E-01  7.071067811865E-01 -7.066179077319E-01  7.066179074566E-01 -7.066179075823E-01  7.066179075823E-01
  3.535533905933E-01  3.535533905933E-01 -3.519889952404E-01  3.519889952404E-01 -3.519889950597E-01  3.519889950597E-01
  3.762267432790E-01  3.762267432790E-01 -3.747809496831E-01  3.747809545115E-01 -3.747809516250E-01  3.747809516250E-01
  4.257312832097E-01  4.257312832097E-01 -4.245051882491E-01  4.245051872935E-01 -4.245051877126E-01  4.245051877126E-01
  4.933308618209E-01  4.933308618209E-01 -4.923424292131E-01  4.923424291316E-01 -4.923424293165E-01  4.923424293165E-01
  5.673293099589E-01  5.673293099589E-01 -5.665463202185E-01  5.665463198756E-01 -5.665463199285E-01  5.665463199285E-01
  6.349288885701E-01  6.349288885701E-01 -6.343000592947E-01  6.343000594049E-01 -6.343000594339E-01  6.343000594339E-01
  6.844334285008E-01  6.844334285008E-01 -6.839028635968E-01  6.839028629952E-01 -6.839028633142E-01  6.839028633142E-01
  7.071067811865E-01  7.071067811865E-01 -7.066179077319E-01  7.066179074566E-01 -7.066179075823E-01  7.066179075823E-01
  3.353049415808E-01  3.709051039706E-01 -3.692639253342E-01  3.338212835281E-01 -3.692639309442E-01  3.338212913968E-01
  3.568080225864E-01  3.946912207468E-01 -3.931744732789E-01  3.554368532856E-01 -3.931744724480E-01  3.554368546130E-01
  4.037574149868E-01  4.466253472990E-01 -4.453390772349E-01  4.025946031491E-01 -4.453390774174E-01  4.025946036831E-01
  4.678678813554E-01  5.175425818674E-01 -5.165056388208E-01  4.669304659172E-01 -5.165056390164E-01  4.669304662097E-01
  5.380469433871E-01  5.951727300445E-01 -5.943513129715E-01  5.373043670348E-01 -5.943513123850E-01  5.373043669238E-01
  6.021574097557E-01  6.660899646129E-01 -6.654302745572E-01  6.015610372276E-01 -6.654302737647E-01  6.015610372632E-01
  6.491068021561E-01  7.180240911651E-01 -7.174674883369E-01  6.486036217651E-01 -7.174674868701E-01  6.486036217775E-01
  6.706098831617E-01  7.418102079413E-01 -7.412973430501E-01  6.701462424548E-01 -7.412973413705E-01  6.701462424792E-01
  2.925726402991E-01  4.054642402832E-01 -4.036701620798E-01  2.912780813516E-01 -4.036701507244E-01  2.912780710942E-01
  3.113353019965E-01  4.314666319049E-01 -4.298085630002E-01  3.101388827464E-01 -4.298085603656E-01  3.101388799206E-01
  3.523013182749E-01  4.882397281547E-01 -4.868336104446E-01  3.512867000164E-01 -4.868336098922E-01  3.512866992488E-01
  4.082413480515E-01  5.657646862355E-01 -5.646311258398E-01  4.074234003819E-01 -5.646311260854E-01  4.074233999981E-01
  4.694765728457E-01  6.506280346142E-01 -6.497300809970E-01  4.688286327845E-01 -6.497300812463E-01  4.688286326291E-01
  5.254166026223E-01  7.281529926949E-01 -7.274318337809E-01  5.248962338192E-01 -7.274318350572E-01  5.248962336891E-01
  5.663826189007E-01  7.849260889447E-01 -7.843176211421E-01  5.659435654219E-01 -7.843176229646E-01  5.659435653895E-01
  5.851452805981E-01  8.109284805664E-01 -8.103678254189E-01  5.847407276764E-01 -8.103678275793E-01  5.847407277216E-01
  2.286206189833E-01  4.446713534462E-01 -4.427037650410E-01  2.276090133307E-01 -4.427037810858E-01  2.276090233241E-01
  2.432820423025E-01  4.731880943238E-01 -4.713696868245E-01  2.423471365393E-01 -4.713696924963E-01  2.423471402718E-01
  2.752934976090E-01  5.354509699132E-01 -5.339088840404E-01  2.745006585114E-01 -5.339088844498E-01  2.745006591893E-01
  3.190058701001E-01  6.204723469194E-01 -6.192291744280E-01  3.183667128205E-01 -6.192291750782E-01  3.183667133080E-01
  3.668559868497E-01  7.135417134193E-01 -7.125569312381E-01  3.663496766467E-01 -7.125569307930E-01  3.663496767134E-01
  4.105683593408E-01  7.985630904255E-01 -7.977722000095E-01  4.101617355367E-01 -7.977721991188E-01  4.101617353056E-01
  4.425798146473E-01  8.608259660149E-01 -8.601586652104E-01  4.422367322548E-01 -8.601586632937E-01  4.422367316941E-01
  4.572412379666E-01  8.893427068925E-01 -8.887278427670E-01  4.569251150785E-01 -8.887278405298E-01  4.569251143231E-01
  1.527709394191E-01  4.760893194234E-01 -4.739827464412E-01  1.520949688717E-01 -4.739827295144E-01  1.520949618110E-01
  1.625681284201E-01  5.066208921261E-01 -5.046740174221E-01  1.619434028114E-01 -5.046740122973E-01  1.619433997226E-01
  1.839591128426E-01  5.732829107945E-01 -5.716318710756E-01  1.834293158145E-01 -5.716318702831E-01  1.834293151773E-01
  2.131689900593E-01  6.643114180315E-01 -6.629804109000E-01  2.127418869605E-01 -6.629804106905E-01  2.127418869222E-01
  2.451438281979E-01  7.639565402386E-01 -7.629021784642E-01  2.448054967421E-01 -7.629021784347E-01  2.448054970557E-01
  2.743537054146E-01  8.549850474757E-01 -8.541382752775E-01  2.740819867334E-01 -8.541382762568E-01  2.740819874212E-01
  2.957446898372E-01  9.216470661440E-01 -9.209326139484E-01  2.955154306507E-01 -9.209326155820E-01  2.955154318407E-01
  3.055418788382E-01  9.521786388467E-01 -9.515203274376E-01  3.053306345125E-01 -9.515203295002E-01  3.053306358357E-01
  7.982641588779E-02  4.935866117780E-01 -4.914025867471E-01  7.947319778382E-02 -4.914026002215E-01  7.947320165819E-02
  8.494567801117E-02  5.252402845402E-01 -5.232218500727E-01  8.461924113823E-02 -5.232218527480E-01  8.461924254506E-02
  9.612297144970E-02  5.943522737960E-01 -5.926405542483E-01  9.584613961287E-02 -5.926405540438E-01  9.584613968488E-02
  1.113858206250E-01  6.887262717609E-01 -6.873463466590E-01  1.111626495462E-01 -6.873463470767E-01  1.111626491712E-01
  1.280934270383E-01  7.920335635732E-01 -7.909404522096E-01  1.279166413936E-01 -7.909404517366E-01  1.279166410437E-01
  1.433562762137E-01  8.864075615381E-01 -8.855296703705E-01  1.432142981592E-01 -8.855296696807E-01  1.432142971591E-01
  1.545335696522E-01  9.555195507939E-01 -9.547788440552E-01  1.544137783679E-01 -9.547788426582E-01  1.544137769465E-01
  1.596528317756E-01  9.871732235560E-01 -9.864907215685E-01  1.595424539099E-01 -9.864907199446E-01  1.595424523288E-01
  2.517311623718E-02  4.993659121515E-01 -4.971563367367E-01  2.506173326142E-02 -4.971563284694E-01  2.506173076710E-02
  2.678746631225E-02  5.313902110175E-01 -5.293481444601E-01  2.668452513252E-02 -5.293481458379E-01  2.668452547692E-02
  3.031220563338E-02  6.013114178165E-01 -5.995796566583E-01  3.022490695334E-02 -5.995796559027E-01  3.022490723577E-02
  3.512531758546E-02  6.967904207970E-01 -6.953943386428E-01  3.505494071357E-02 -6.953943388690E-01  3.505494087012E-02
  4.039403112607E-02  8.013073156575E-01 -8.002014046490E-01  4.033828169676E-02 -8.002014048075E-01  4.033828198162E-02
  4.520714307816E-02  8.967863186381E-01 -8.958981469641E-01  4.516236973407E-02 -8.958981477322E-01  4.516237023943E-02
  4.873188239929E-02  9.667075254371E-01 -9.659581435308E-01  4.869410503861E-02 -9.659581445078E-01  4.869410598569E-02
  5.034623247436E-02  9.987318243030E-01 -9.980413281561E-01  5.031142349137E-02 -9.980413294024E-01  5.031142451496E-02
  3.061616997868E-17  5.000000000000E-01 -4.977876108750E-01  1.899888865490E-15 -4.977876106195E-01  3.048070020002E-17
  3.257958268602E-17  5.320649628726E-01 -5.300203053751E-01  3.414168406781E-09 -5.300203047072E-01  3.245438348214E-17
  3.686645830244E-17  6.020749546417E-01 -6.003409938439E-01 -6.757548829101E-10 -6.003409937609E-01  3.676028382031E-17
  4.272028475217E-17  6.976751955244E-01 -6.962773406672E-01 -5.763366384074E-11 -6.962773408711E-01  4.263469084083E-17
  4.912822518388E-17  8.023248044756E-01 -8.012174895231E-01 -2.425055582271E-10 -8.012174893555E-01  4.906042168801E-17
  5.498205163361E-17  8.979250453583E-01 -8.970357465466E-01  7.793359288051E-11 -8.970357466655E-01  5.492759779373E-17
  5.926892725003E-17  9.679350371274E-01 -9.671847046190E-01 -4.253626761467E-10 -9.671847046447E-01  5.922298263637E-17
  6.123233995737E-17  1.000000000000E+00 -9.993086283355E-01 -1.946453861060E-10 -9.993086283186E-01  6.119000565153E-17
  3.061616997868E-17  5.000000000000E-01 -4.977876108750E-01  1.899888865490E-15 -4.977876106195E-01  3.048070020002E-17
  3.257958268602E-17  5.320649628726E-01 -5.300203053751E-01  3.414168406781E-09 -5.300203047072E-01  3.245438348214E-17
  3.686645830244E-17  6.020749546417E-01 -6.003409938439E-01 -6.757548829101E-10 -6.003409937609E-01  3.676028382031E-17
  4.272028475217E-17  6.976751955244E-01 -6.962773406672E-01 -5.763366384074E-11 -6.962773408711E-01  4.263469084083E-17
  4.912822518388E-17  8.023248044756E-01 -8.012174895231E-01 -2.425055582271E-10 -8.012174893555E-01  4.906042168801E-17
  5.498205163361E-17  8.979250453583E-01 -8.970357465466E-01  7.793359288051E-11 -8.970357466655E-01  5.492759779373E-17
  5.926892725003E-17  9.679350371274E-01 -9.671847046190E-01 -4.253626761467E-10 -9.671847046447E-01  5.922298263637E-17
  6.123233995737E-17  1.000000000000E+00 -9.993086283355E-01 -1.946453861060E-10 -9.993086283186E-01  6.119000565153E-17
 -2.517311623718E-02  4.993659121515E-01 -4.971563189385E-01 -2.506173236421E-02 -4.971563284694E-01 -2.506173076710E-02
 -2.678746631225E-02  5.313902110175E-01 -5.293481454868E-01 -2.668452700306E-02 -5.293481458379E-01 -2.668452547692E-02
 -3.031220563338E-02  6.013114178165E-01 -5.995796553960E-01 -3.022490748434E-02 -5.995796559027E-01 -3.022490723577E-02
 -3.512531758546E-02  6.967904207970E-01 -6.953943385239E-01 -3.505494093861E-02 -6.953943388690E-01 -3.505494087012E-02
 -4.039403112607E-02  8.013073156575E-01 -8.002014053008E-01 -4.033828231781E-02 -8.002014048075E-01 -4.033828198162E-02
 -4.520714307816E-02  8.967863186381E-01 -8.958981482674E-01 -4.516237082494E-02 -8.958981477322E-01 -4.516237023943E-02
 -4.873188239929E-02  9.667075254371E-01 -9.659581455362E-01 -4.869410703166E-02 -9.659581445078E-01 -4.869410598569E-02
 -5.034623247436E-02  9.987318243030E-01 -9.980413305727E-01 -5.031142571979E-02 -9.980413294024E-01 -5.031142451496E-02
 -7.982641588779E-02  4.935866117780E-01 -4.914026155040E-01 -7.947320243460E-02 -4.914026002215E-01 -7.947320165819E-02
 -8.494567801117E-02  5.252402845402E-01 -5.232218566091E-01 -8.461924240988E-02 -5.232218527480E-01 -8.461924254506E-02
 -9.612297144970E-02  5.943522737960E-01 -5.926405549772E-01 -9.584613953268E-02 -5.926405540438E-01 -9.584613968488E-02
 -1.113858206250E-01  6.887262717609E-01 -6.873463471744E-01 -1.111626487262E-01 -6.873463470767E-01 -1.111626491712E-01
 -1.280934270383E-01  7.920335635732E-01 -7.909404516702E-01 -1.279166407575E-01 -7.909404517366E-01 -1.279166410437E-01
 -1.433562762137E-01  8.864075615381E-01 -8.855296688703E-01 -1.432142961646E-01 -8.855296696807E-01 -1.432142971591E-01
 -1.545335696522E-01  9.555195507939E-01 -9.547788413924E-01 -1.544137756350E-01 -9.547788426582E-01 -1.544137769465E-01
 -1.596528317756E-01  9.871732235560E-01 -9.864907183850E-01 -1.595424508331E-01 -9.864907199446E-01 -1.595424523288E-01
 -1.527709394191E-01  4.760893194234E-01 -4.739827111026E-01 -1.520949575320E-01 -4.739827295144E-01 -1.520949618110E-01
 -1.625681284201E-01  5.066208921261E-01 -5.046740056474E-01 -1.619433983513E-01 -5.046740122973E-01 -1.619433997226E-01
 -1.839591128426E-01  5.732829107945E-01 -5.716318695143E-01 -1.834293153671E-01 -5.716318702831E-01 -1.834293151773E-01
 -2.131689900593E-01  6.643114180315E-01 -6.629804098860E-01 -2.127418868071E-01 -6.629804106905E-01 -2.127418869222E-01
 -2.451438281979E-01  7.639565402386E-01 -7.629021787023E-01 -2.448054974176E-01 -7.629021784347E-01 -2.448054970557E-01
 -2.743537054146E-01  8.549850474757E-01 -8.541382770501E-01 -2.740819878876E-01 -8.541382762568E-01 -2.740819874212E-01
 -2.957446898372E-01  9.216470661440E-01 -9.209326173338E-01 -2.955154327995E-01 -9.209326155820E-01 -2.955154318407E-01
 -3.055418788382E-01  9.521786388467E-01 -9.515203316163E-01 -3.053306368834E-01 -9.515203295002E-01 -3.053306358357E-01
 -2.286206189833E-01  4.446713534462E-01 -4.427037980475E-01 -2.276090303005E-01 -4.427037810858E-01 -2.276090233241E-01
 -2.432820423025E-01  4.731880943238E-01 -4.713696983042E-01 -2.423471417114E-01 -4.713696924963E-01 -2.423471402718E-01
 -2.752934976090E-01  5.354509699132E-01 -5.339088854608E-01 -2.745006592991E-01 -5.339088844498E-01 -2.745006591893E-01
 -3.190058701001E-01  6.204723469194E-01 -6.192291752535E-01 -3.183667134291E-01 -6.192291750782E-01 -3.183667133080E-01
 -3.668559868497E-01  7.135417134193E-01 -7.125569305921E-01 -3.663496769559E-01 -7.125569307930E-01 -3.663496767134E-01
 -4.105683593408E-01  7.985630904255E-01 -7.977721979400E-01 -4.101617350994E-01 -7.977721991188E-01 -4.101617353056E-01
 -4.425798146473E-01  8.608259660149E-01 -8.601586612972E-01 -4.422367313804E-01 -8.601586632937E-01 -4.422367316941E-01
 -4.572412379666E-01  8.893427068925E-01 -8.887278381358E-01 -4.569251138002E-01 -8.887278405298E-01 -4.569251143231E-01
 -2.925726402991E-01  4.054642402832E-01 -4.036701384570E-01 -2.912780643060E-01 -4.036701507244E-01 -2.912780710942E-01
 -3.113353019965E-01  4.314666319049E-01 -4.298085574790E-01 -3.101388790236E-01 -4.298085603656E-01 -3.101388799206E-01
 -3.523013182749E-01  4.882397281547E-01 -4.868336099859E-01 -3.512866994443E-01 -4.868336098922E-01 -3.512866992488E-01
 -4.082413480515E-01  5.657646862355E-01 -5.646311260552E-01 -4.074233994376E-01 -5.646311260854E-01 -4.074233999981E-01
 -4.694765728457E-01  6.506280346142E-01 -6.497300818282E-01 -4.688286327162E-01 -6.497300812463E-01 -4.688286326291E-01
 -5.254166026223E-01  7.281529926949E-01 -7.274318362521E-01 -5.248962334696E-01 -7.274318350572E-01 -5.248962336891E-01
 -5.663826189007E-01  7.849260889447E-01 -7.843176249575E-01 -5.659435653723E-01 -7.843176229646E-01 -5.659435653895E-01
 -5.851452805981E-01  8.109284805664E-01 -8.103678298455E-01 -5.847407277519E-01 -8.103678275793E-01 -5.847407277216E-01
 -3.353049415808E-01  3.709051039706E-01 -3.692639385538E-01 -3.338212954789E-01 -3.692639309442E-01 -3.338212913968E-01
 -3.568080225864E-01  3.946912207468E-01 -3.931744712302E-01 -3.554368538823E-01 -3.931744724480E-01 -3.554368546130E-01
 -4.037574149868E-01  4.466253472990E-01 -4.453390777521E-01 -4.025946044172E-01 -4.453390774174E-01 -4.025946036831E-01
 -4.678678813554E-01  5.175425818674E-01 -5.165056387457E-01 -4.669304661604E-01 -5.165056390164E-01 -4.669304662097E-01
 -5.380469433871E-01  5.951727300445E-01 -5.943513120715E-01 -5.373043670131E-01 -5.943513123850E-01 -5.373043669238E-01
 -6.021574097557E-01  6.660899646129E-01 -6.654302728642E-01 -6.015610370774E-01 -6.654302737647E-01 -6.015610372632E-01
 -6.491068021561E-01  7.180240911651E-01 -7.174674855096E-01 -6.486036217564E-01 -7.174674868701E-01 -6.486036217775E-01
 -6.706098831617E-01  7.418102079413E-01 -7.412973397655E-01 -6.701462423217E-01 -7.412973413705E-01 -6.701462424792E-01
 -3.535533905933E-01  3.535533905933E-01 -3.519889952404E-01 -3.519889952404E-01 -3.519889950597E-01 -3.519889950597E-01
 -3.762267432790E-01  3.762267432790E-01 -3.747809545115E-01 -3.747809496831E-01 -3.747809516250E-01 -3.747809516250E-01
 -4.257312832097E-01  4.257312832097E-01 -4.245051872935E-01 -4.245051882491E-01 -4.245051877126E-01 -4.245051877126E-01
 -4.933308618209E-01  4.933308618209E-01 -4.923424291316E-01 -4.923424292131E-01 -4.923424293165E-01 -4.923424293165E-01
 -5.673293099589E-01  5.673293099589E-01 -5.665463198756E-01 -5.665463202185E-01 -5.665463199285E-01 -5.665463199285E-01
 -6.349288885701E-01  6.349288885701E-01 -6.343000594049E-01 -6.343000592947E-01 -6.343000594339E-01 -6.343000594339E-01
 -6.844334285008E-01  6.844334285008E-01 -6.839028629952E-01 -6.839028635968E-01 -6.839028633142E-01 -6.839028633142E-01
 -7.071067811865E-01  7.071067811865E-01 -7.066179074566E-01 -7.066179077319E-01 -7.066179075823E-01 -7.066179075823E-01
 -3.535533905933E-01  3.535533905933E-01 -3.519889952404E-01 -3.519889952404E-01 -3.519889950597E-01 -3.519889950597E-01
 -3.762267432790E-01  3.762267432790E-01 -3.747809545115E-01 -3.747809496831E-01 -3.747809516250E-01 -3.747809516250E-01
 -4.257312832097E-01  4.257312832097E-01 -4.245051872935E-01 -4.245051882491E-01 -4.245051877126E-01 -4.245051877126E-01
 -4.933308618209E-01  4.933308618209E-01 -4.923424291316E-01 -4.923424292131E-01 -4.923424293165E-01 -4.923424293165E-01
 -5.673293099589E-01  5.673293099589E-01 -5.665463198756E-01 -5.665463202185E-01 -5.665463199285E-01 -5.665463199285E-01
 -6.349288885701E-01  6.349288885701E-01 -6.343000594049E-01 -6.343000592947E-01 -6.343000594339E-01 -6.343000594339E-01
 -6.844334285008E-01  6.844334285008E-01 -6.839028629952E-01 -6.839028635968E-01 -6.839028633142E-01 -6.839028633142E-01
 -7.071067811865E-01  7.071067811865E-01 -7.066179074566E-01 -7.066179077319E-01 -7.066179075823E-01 -7.066179075823E-01
 -3.709051039706E-01  3.353049415808E-01 -3.338212835281E-01 -3.692639253342E-01 -3.338212913968E-01 -3.692639309442E-01
 -3.946912207468E-01  3.568080225864E-01 -3.554368532856E-01 -3.931744732789E-01 -3.554368546130E-01 -3.931744724480E-01
 -4.466253472990E-01  4.037574149868E-01 -4.025946031491E-01 -4.453390772349E-01 -4.025946036831E-01 -4.453390774174E-01
 -5.175425818674E-01  4.678678813554E-01 -4.669304659172E-01 -5.165056388208E-01 -4.669304662097E-01 -5.165056390164E-01
 -5.951727300445E-01  5.380469433871E-01 -5.373043670348E-01 -5.943513129715E-01 -5.373043669238E-01 -5.943513123850E-01
 -6.660899646129E-01  6.021574097557E-01 -6.015610372276E-01 -6.654302745572E-01 -6.015610372632E-01 -6.654302737647E-01
 -7.180240911651E-01  6.491068021561E-01 -6.486036217651E-01 -7.174674883369E-01 -6.486036217775E-01 -7.174674868701E-01
 -7.418102079413E-01  6.706098831617E-01 -6.701462424548E-01 -7.412973430500E-01 -6.701462424792E-01 -7.412973413705E-01
 -4.054642402832E-01  2.925726402991E-01 -2.912780813516E-01 -4.036701620798E-01 -2.912780710942E-01 -4.036701507244E-01
 -4.314666319049E-01  3.113353019965E-01 -3.101388827464E-01 -4.298085630002E-01 -3.101388799206E-01 -4.298085603656E-01
 -4.882397281547E-01  3.523013182749E-01 -3.512867000164E-01 -4.868336104446E-01 -3.512866992488E-01 -4.868336098922E-01
 -5.657646862355E-01  4.082413480515E-01 -4.074234003819E-01 -5.646311258398E-01 -4.074233999981E-01 -5.646311260854E-01
 -6.506280346142E-01  4.694765728457E-01 -4.688286327845E-01 -6.497300809969E-01 -4.688286326291E-01 -6.497300812463E-01
 -7.281529926949E-01  5.254166026223E-01 -5.248962338192E-01 -7.274318337809E-01 -5.248962336891E-01 -7.274318350572E-01
 -7.849260889447E-01  5.663826189007E-01 -5.659435654219E-01 -7.843176211421E-01 -5.659435653895E-01 -7.843176229646E-01
 -8.109284805664E-01  5.851452805981E-01 -5.847407276764E-01 -8.103678254189E-01 -5.847407277216E-01 -8.103678275793E-01
 -4.446713534462E-01  2.286206189833E-01 -2.276090133307E-01 -4.427037650410E-01 -2.276090233241E-01 -4.427037810858E-01
 -4.731880943238E-01  2.432820423025E-01 -2.423471365393E-01 -4.713696868245E-01 -2.423471402718E-01 -4.713696924963E-01
 -5.354509699132E-01  2.752934976090E-01 -2.745006585114E-01 -5.339088840404E-01 -2.745006591893E-01 -5.339088844498E-01
 -6.204723469194E-01  3.190058701001E-01 -3.183667128205E-01 -6.192291744280E-01 -3.183667133080E-01 -6.192291750782E-01
 -7.135417134193E-01  3.668559868497E-01 -3.663496766467E-01 -7.125569312381E-01 -3.663496767134E-01 -7.125569307930E-01
 -7.985630904255E-01  4.105683593408E-01 -4.101617355367E-01 -7.977722000095E-01 -4.101617353056E-01 -7.977721991188E-01
 -8.608259660149E-01  4.425798146473E-01 -4.422367322548E-01 -8.601586652104E-01 -4.422367316941E-01 -8.601586632937E-01
 -8.893427068925E-01  4.572412379666E-01 -4.569251150785E-01 -8.887278427670E-01 -4.569251143231E-01 -8.887278405298E-01
 -4.760893194234E-01  1.527709394191E-01 -1.520949688716E-01 -4.739827464412E-01 -1.520949618110E-01 -4.739827295144E-01
 -5.066208921261E-01  1.625681284201E-01 -1.619434028114E-01 -5.046740174221E-01 -1.619433997226E-01 -5.046740122973E-01
 -5.732829107945E-01  1.839591128426E-01 -1.834293158145E-01 -5.716318710756E-01 -1.834293151773E-01 -5.716318702831E-01
 -6.643114180315E-01  2.131689900593E-01 -2.127418869605E-01 -6.629804109000E-01 -2.127418869222E-01 -6.629804106905E-01
 -7.639565402386E-01  2.451438281979E-01 -2.448054967421E-01 -7.629021784642E-01 -2.448054970557E-01 -7.629021784347E-01
 -8.549850474757E-01  2.743537054146E-01 -2.740819867334E-01 -8.541382752775E-01 -2.740819874212E-01 -8.541382762568E-01
 -9.216470661440E-01  2.957446898372E-01 -2.955154306507E-01 -9.209326139484E-01 -2.955154318407E-01 -9.209326155820E-01
 -9.521786388467E-01  3.055418788382E-01 -3.053306345125E-01 -9.515203274376E-01 -3.053306358357E-01 -9.515203295002E-01
 -4.935866117780E-01  7.982641588779E-02 -7.947319778382E-02 -4.914025867471E-01 -7.947320165819E-02 -4.914026002215E-01
 -5.252402845402E-01  8.494567801117E-02 -8.461924113823E-02 -5.232218500727E-01 -8.461924254506E-02 -5.232218527480E-01
 -5.943522737960E-01  9.612297144970E-02 -9.584613961287E-02 -5.926405542483E-01 -9.584613968488E-02 -5.926405540437E-01
 -6.887262717609E-01  1.113858206250E-01 -1.111626495462E-01 -6.873463466590E-01 -1.111626491712E-01 -6.873463470767E-01
 -7.920335635732E-01  1.280934270383E-01 -1.279166413936E-01 -7.909404522096E-01 -1.279166410437E-01 -7.909404517366E-01
 -8.864075615381E-01  1.433562762137E-01 -1.432142981592E-01 -8.855296703705E-01 -1.432142971591E-01 -8.855296696807E-01
 -9.555195507939E-01  1.545335696522E-01 -1.544137783679E-01 -9.547788440552E-01 -1.544137769465E-01 -9.547788426582E-01
 -9.871732235560E-01  1.596528317756E-01 -1.595424539099E-01 -9.864907215685E-01 -1.595424523288E-01 -9.864907199446E-01
 -4.993659121515E-01  2.517311623718E-02 -2.506173326142E-02 -4.971563367367E-01 -2.506173076710E-02 -4.971563284694E-01
 -5.313902110175E-01  2.678746631225E-02 -2.668452513252E-02 -5.293481444601E-01 -2.668452547692E-02 -5.293481458379E-01
 -6.013114178165E-01  3.031220563338E-02 -3.022490695334E-02 -5.995796566583E-01 -3.022490723577E-02 -5.995796559027E-01
 -6.967904207970E-01  3.512531758546E-02 -3.505494071357E-02 -6.953943386428E-01 -3.505494087012E-02 -6.953943388690E-01
 -8.013073156575E-01  4.039403112607E-02 -4.033828169676E-02 -8.002014046490E-01 -4.033828198162E-02 -8.002014048075E-01
 -8.967863186381E-01  4.520714307816E-02 -4.516236973406E-02 -8.958981469641E-01 -4.516237023943E-02 -8.958981477322E-01
 -9.667075254371E-01  4.873188239929E-02 -4.869410503861E-02 -9.659581435308E-01 -4.869410598569E-02 -9.659581445078E-01
 -9.987318243030E-01  5.034623247436E-02 -5.031142349137E-02 -9.980413281561E-01 -5.031142451496E-02 -9.980413294024E-01
 -5.000000000000E-01  8.326672684689E-17  4.221975480368E-16 -4.977876108750E-01 -8.289829000243E-17 -4.977876106195E-01
 -5.320649628726E-01  8.860661585662E-17 -3.414168103153E-09 -5.300203053751E-01 -8.826611187072E-17 -5.300203047072E-01
 -6.020749546417E-01  1.002656215790E-16  6.757548374956E-10 -6.003409938439E-01 -9.997685908495E-17 -6.003409937609E-01
 -6.976751955244E-01  1.161862598672E-16  5.763396909765E-11 -6.962773406672E-01 -1.159534703040E-16 -6.962773408711E-01
 -8.023248044756E-01  1.336139206735E-16  2.425061966463E-10 -8.012174895231E-01 -1.334295156622E-16 -8.012174893555E-01
 -8.979250453583E-01  1.495345589617E-16 -7.793280821162E-11 -8.970357465466E-01 -1.493864609790E-16 -8.970357466655E-01
 -9.679350371274E-01  1.611935646840E-16  4.253635053757E-10 -9.671847046190E-01 -1.610686092243E-16 -9.671847046447E-01
 -1.000000000000E+00  1.665334536938E-16  1.946461246912E-10 -9.993086283355E-01 -1.664183171799E-16 -9.993086283186E-01
 -5.000000000000E-01  8.326672684689E-17  4.221975480368E-16 -4.977876108750E-01 -8.289829000243E-17 -4.977876106195E-01
 -5.320649628726E-01  8.860661585662E-17 -3.414168103153E-09 -5.300203053751E-01 -8.826611187072E-17 -5.300203047072E-01
 -6.020749546417E-01  1.002656215790E-16  6.757548374956E-10 -6.003409938439E-01 -9.997685908495E-17 -6.003409937609E-01
 -6.976751955244E-01  1.161862598672E-16  5.763396909765E-11 -6.962773406672E-01 -1.159534703040E-16 -6.962773408711E-01
 -8.023248044756E-01  1.336139206735E-16  2.425061966463E-10 -8.012174895231E-01 -1.334295156622E-16 -8.012174893555E-01
 -8.979250453583E-01  1.495345589617E-16 -7.793280821162E-11 -8.970357465466E-01 -1.493864609790E-16 -8.970357466655E-01
 -9.679350371274E-01  1.611935646840E-16  4.253635053757E-10 -9.671847046190E-01 -1.610686092243E-16 -9.671847046447E-01
 -1.000000000000E+00  1.665334536938E-16  1.946461246912E-10 -9.993086283355E-01 -1.664183171799E-16 -9.993086283186E-01
 -4.993659121515E-01 -2.517311623718E-02  2.506173236421E-02 -4.971563189385E-01  2.506173076710E-02 -4.971563284694E-01
 -5.313902110175E-01 -2.678746631225E-02  2.668452700306E-02 -5.293481454868E-01  2.668452547692E-02 -5.293481458379E-01
 -6.013114178165E-01 -3.031220563338E-02  3.022490748434E-02 -5.995796553960E-01  3.022490723577E-02 -5.995796559027E-01
 -6.967904207970E-01 -3.512531758546E-02  3.505494093861E-02 -6.953943385239E-01  3.505494087012E-02 -6.953943388690E-01
 -8.013073156575E-01 -4.039403112607E-02  4.033828231782E-02 -8.002014053008E-01  4.033828198162E-02 -8.002014048075E-01
 -8.967863186381E-01 -4.520714307816E-02  4.516237082494E-02 -8.958981482674E-01  4.516237023943E-02 -8.958981477322E-01
 -9.667075254371E-01 -4.873188239929E-02  4.869410703166E-02 -9.659581455362E-01  4.869410598569E-02 -9.659581445078E-01
 -9.987318243030E-01 -5.034623247436E-02  5.031142571979E-02 -9.980413305727E-01  5.031142451496E-02 -9.980413294024E-01
 -4.935866117780E-01 -7.982641588779E-02  7.947320243460E-02 -4.914026155040E-01  7.947320165819E-02 -4.914026002215E-01
 -5.252402845402E-01 -8.494567801117E-02  8.461924240988E-02 -5.232218566091E-01  8.461924254506E-02 -5.232218527480E-01
 -5.943522737960E-01 -9.612297144970E-02  9.584613953268E-02 -5.926405549772E-01  9.584613968488E-02 -5.926405540438E-01
 -6.887262717609E-01 -1.113858206250E-01  1.111626487262E-01 -6.873463471744E-01  1.111626491712E-01 -6.873463470767E-01
 -7.920335635732E-01 -1.280934270383E-01  1.279166407575E-01 -7.909404516702E-01  1.279166410437E-01 -7.909404517366E-01
 -8.864075615381E-01 -1.433562762137E-01  1.432142961646E-01 -8.855296688703E-01  1.432142971591E-01 -8.855296696807E-01
 -9.555195507939E-01 -1.545335696522E-01  1.544137756350E-01 -9.547788413924E-01  1.544137769465E-01 -9.547788426582E-01
 -9.871732235560E-01 -1.596528317756E-01  1.595424508331E-01 -9.864907183850E-01  1.595424523288E-01 -9.864907199446E-01
 -4.760893194234E-01 -1.527709394191E-01  1.520949575320E-01 -4.739827111026E-01  1.520949618110E-01 -4.739827295144E-01
 -5.066208921261E-01 -1.625681284201E-01  1.619433983513E-01 -5.046740056474E-01  1.619433997226E-01 -5.046740122973E-01
 -5.732829107945E-01 -1.839591128426E-01  1.834293153671E-01 -5.716318695143E-01  1.834293151773E-01 -5.716318702831E-01
 -6.643114180315E-01 -2.131689900593E-01  2.127418868071E-01 -6.629804098860E-01  2.127418869222E-01 -6.629804106905E-01
 -7.639565402386E-01 -2.451438281979E-01  2.448054974176E-01 -7.629021787023E-01  2.448054970557E-01 -7.629021784347E-01
 -8.549850474757E-01 -2.743537054146E-01  2.740819878876E-01 -8.541382770501E-01  2.740819874212E-01 -8.541382762568E-01
 -9.216470661440E-01 -2.957446898372E-01  2.955154327995E-01 -9.209326173338E-01  2.955154318407E-01 -9.209326155820E-01
 -9.521786388467E-01 -3.055418788382E-01  3.053306368834E-01 -9.515203316163E-01  3.053306358357E-01 -9.515203295002E-01
 -4.446713534462E-01 -2.286206189833E-01  2.276090303005E-01 -4.427037980475E-01  2.276090233241E-01 -4.427037810858E-01
 -4.731880943238E-01 -2.432820423025E-01  2.423471417114E-01 -4.713696983042E-01  2.423471402718E-01 -4.713696924963E-01
 -5.354509699132E-01 -2.752934976090E-01  2.745006592991E-01 -5.339088854607E-01  2.745006591893E-01 -5.339088844498E-01
 -6.204723469194E-01 -3.190058701001E-01  3.183667134291E-01 -6.192291752535E-01  3.183667133080E-01 -6.192291750782E-01
 -7.135417134193E-01 -3.668559868497E-01  3.663496769559E-01 -7.125569305921E-01  3.663496767134E-01 -7.125569307930E-01
 -7.985630904255E-01 -4.105683593408E-01  4.101617350994E-01 -7.977721979400E-01  4.101617353056E-01 -7.977721991188E-01
 -8.608259660149E-01 -4.425798146473E-01  4.422367313804E-01 -8.601586612972E-01  4.422367316941E-01 -8.601586632937E-01
 -8.893427068925E-01 -4.572412379666E-01  4.569251138002E-01 -8.887278381358E-01  4.569251143231E-01 -8.887278405298E-01
 -4.054642402832E-01 -2.925726402991E-01  2.912780643060E-01 -4.036701384570E-01  2.912780710942E-01 -4.036701507244E-01
 -4.314666319049E-01 -3.113353019965E-01  3.101388790236E-01 -4.298085574790E-01  3.101388799206E-01 -4.298085603656E-01
 -4.882397281547E-01 -3.523013182749E-01  3.512866994443E-01 -4.868336099859E-01  3.512866992488E-01 -4.868336098922E-01
 -5.657646862355E-01 -4.082413480515E-01  4.074233994376E-01 -5.646311260552E-01  4.074233999981E-01 -5.646311260854E-01
 -6.506280346142E-01 -4.694765728457E-01  4.688286327162E-01 -6.497300818282E-01  4.688286326291E-01 -6.497300812463E-01
 -7.281529926949E-01 -5.254166026223E-01  5.248962334696E-01 -7.274318362521E-01  5.248962336891E-01 -7.274318350572E-01
 -7.849260889447E-01 -5.663826189007E-01  5.659435653723E-01 -7.843176249574E-01  5.659435653895E-01 -7.843176229646E-01
 -8.109284805664E-01 -5.851452805981E-01  5.847407277519E-01 -8.103678298455E-01  5.847407277216E-01 -8.103678275793E-01
 -3.709051039706E-01 -3.353049415808E-01  3.338212954789E-01 -3.692639385538E-01  3.338212913968E-01 -3.692639309442E-01
 -3.946912207468E-01 -3.568080225864E-01  3.554368538823E-01 -3.931744712302E-01  3.554368546130E-01 -3.931744724480E-01
 -4.466253472990E-01 -4.037574149868E-01  4.025946044172E-01 -4.453390777521E-01  4.025946036831E-01 -4.453390774174E-01
 -5.175425818674E-01 -4.678678813554E-01  4.669304661604E-01 -5.165056387457E-01  4.669304662097E-01 -5.165056390164E-01
 -5.951727300445E-01 -5.380469433871E-01  5.373043670131E-01 -5.943513120715E-01  5.373043669238E-01 -5.943513123850E-01
 -6.660899646129E-01 -6.021574097557E-01  6.015610370774E-01 -6.654302728642E-01  6.015610372632E-01 -6.654302737647E-01
 -7.180240911651E-01 -6.491068021561E-01  6.486036217564E-01 -7.174674855096E-01  6.486036217775E-01 -7.174674868701E-01
 -7.418102079413E-01 -6.706098831617E-01  6.701462423217E-01 -7.412973397655E-01  6.701462424792E-01 -7.412973413705E-01
 -3.535533905933E-01 -3.535533905933E-01  3.519889952404E-01 -3.519889952404E-01  3.519889950597E-01 -3.519889950597E-01
 -3.762267432790E-01 -3.762267432790E-01  3.747809496831E-01 -3.747809545115E-01  3.747809516250E-01 -3.747809516250E-01
 -4.257312832097E-01 -4.257312832097E-01  4.245051882491E-01 -4.245051872935E-01  4.245051877126E-01 -4.245051877126E-01
 -4.933308618209E-01 -4.933308618209E-01  4.923424292131E-01 -4.923424291316E-01  4.923424293165E-01 -4.923424293165E-01
 -5.673293099589E-01 -5.673293099589E-01  5.665463202185E-01 -5.665463198756E-01  5.665463199285E-01 -5.665463199285E-01
 -6.349288885701E-01 -6.349288885701E-01  6.343000592947E-01 -6.343000594049E-01  6.343000594339E-01 -6.343000594339E-01
 -6.844334285008E-01 -6.844334285008E-01  6.839028635968E-01 -6.839028629952E-01  6.839028633142E-01 -6.839028633142E-01
 -7.071067811865E-01 -7.071067811865E-01  7.066179077319E-01 -7.066179074566E-01  7.066179075823E-01 -7.066179075823E-01
 -3.535533905933E-01 -3.535533905933E-01  3.519889952404E-01 -3.519889952404E-01  3.519889950597E-01 -3.519889950597E-01
 -3.762267432790E-01 -3.762267432790E-01  3.747809496831E-01 -3.747809545115E-01  3.747809516250E-01 -3.747809516250E-01
 -4.257312832097E-01 -4.257312832097E-01  4.245051882491E-01 -4.245051872935E-01  4.245051877126E-01 -4.245051877126E-01
 -4.933308618209E-01 -4.933308618209E-01  4.923424292131E-01 -4.923424291316E-01  4.923424293165E-01 -4.923424293165E-01
 -5.673293099589E-01 -5.673293099589E-01  5.665463202185E-01 -5.665463198756E-01  5.665463199285E-01 -5.665463199285E-01
 -6.349288885701E-01 -6.349288885701E-01  6.343000592947E-01 -6.343000594049E-01  6.343000594339E-01 -6.343000594339E-01
 -6.844334285008E-01 -6.844334285008E-01  6.839028635968E-01 -6.839028629952E-01  6.839028633142E-01 -6.839028633142E-01
 -7.071067811865E-01 -7.071067811865E-01  7.066179077319E-01 -7.066179074566E-01  7.066179075823E-01 -7.066179075823E-01
 -3.353049415808E-01 -3.709051039706E-01  3.692639253342E-01 -3.338212835281E-01  3.692639309442E-01 -3.338212913968E-01
 -3.568080225864E-01 -3.946912207468E-01  3.931744732789E-01 -3.554368532856E-01  3.931744724480E-01 -3.554368546130E-01
 -4.037574149868E-01 -4.466253472990E-01  4.453390772349E-01 -4.025946031491E-01  4.453390774174E-01 -4.025946036831E-01
 -4.678678813554E-01 -5.175425818674E-01  5.165056388208E-01 -4.669304659172E-01  5.165056390164E-01 -4.669304662097E-01
 -5.380469433871E-01 -5.951727300445E-01  5.943513129715E-01 -5.373043670348E-01  5.943513123850E-01 -5.373043669238E-01
 -6.021574097557E-01 -6.660899646129E-01  6.654302745572E-01 -6.015610372276E-01  6.654302737647E-01 -6.015610372632E-01
 -6.491068021561E-01 -7.180240911651E-01  7.174674883369E-01 -6.486036217651E-01  7.174674868701E-01 -6.486036217775E-01
 -6.706098831617E-01 -7.418102079413E-01  7.412973430501E-01 -6.701462424548E-01  7.412973413705E-01 -6.701462424792E-01
 -2.925726402991E-01 -4.054642402832E-01  4.036701620798E-01 -2.912780813516E-01  4.036701507244E-01 -2.912780710942E-01
 -3.113353019965E-01 -4.314666319049E-01  4.298085630002E-01 -3.101388827464E-01  4.298085603656E-01 -3.101388799206E-01
 -3.523013182749E-01 -4.882397281547E-01  4.868336104446E-01 -3.512867000164E-01  4.868336098922E-01 -3.512866992488E-01
 -4.082413480515E-01 -5.657646862355E-01  5.646311258398E-01 -4.074234003819E-01  5.646311260854E-01 -4.074233999981E-01
 -4.694765728457E-01 -6.506280346142E-01  6.497300809970E-01 -4.688286327845E-01  6.497300812463E-01 -4.688286326291E-01
 -5.254166026223E-01 -7.281529926949E-01  7.274318337809E-01 -5.248962338192E-01  7.274318350572E-01 -5.248962336891E-01
 -5.663826189007E-01 -7.849260889447E-01  7.843176211421E-01 -5.659435654219E-01  7.843176229646E-01 -5.659435653895E-01
 -5.851452805981E-01 -8.109284805664E-01  8.103678254189E-01 -5.847407276764E-01  8.103678275793E-01 -5.847407277216E-01
 -2.286206189833E-01 -4.446713534462E-01  4.427037650410E-01 -2.276090133307E-01  4.427037810858E-01 -2.276090233241E-01
 -2.432820423025E-01 -4.731880943238E-01  4.713696868245E-01 -2.423471365393E-01  4.713696924963E-01 -2.423471402718E-01
 -2.752934976090E-01 -5.354509699132E-01  5.339088840404E-01 -2.745006585114E-01  5.339088844498E-01 -2.745006591893E-01
 -3.190058701001E-01 -6.204723469194E-01  6.192291744280E-01 -3.183667128205E-01  6.192291750782E-01 -3.183667133080E-01
 -3.668559868497E-01 -7.135417134193E-01  7.125569312381E-01 -3.663496766467E-01  7.125569307930E-01 -3.663496767134E-01
 -4.105683593408E-01 -7.985630904255E-01  7.977722000095E-01 -4.101617355367E-01  7.977721991188E-01 -4.101617353056E-01
 -4.425798146473E-01 -8.608259660149E-01  8.601586652104E-01 -4.422367322548E-01  8.601586632937E-01 -4.422367316941E-01
 -4.572412379666E-01 -8.893427068925E-01  8.887278427670E-01 -4.569251150785E-01  8.887278405298E-01 -4.569251143231E-01
 -1.527709394191E-01 -4.760893194234E-01  4.739827464412E-01 -1.520949688717E-01  4.739827295144E-01 -1.520949618110E-01
 -1.625681284201E-01 -5.066208921261E-01  5.046740174221E-01 -1.619434028114E-01  5.046740122973E-01 -1.619433997226E-01
 -1.839591128426E-01 -5.732829107945E-01  5.716318710756E-01 -1.834293158145E-01  5.716318702831E-01 -1.834293151773E-01
 -2.131689900593E-01 -6.643114180315E-01  6.629804109000E-01 -2.127418869605E-01  6.629804106905E-01 -2.127418869222E-01
 -2.451438281979E-01 -7.639565402386E-01  7.629021784642E-01 -2.448054967421E-01  7.629021784347E-01 -2.448054970557E-01
 -2.743537054146E-01 -8.549850474757E-01  8.541382752775E-01 -2.740819867334E-01  8.541382762568E-01 -2.740819874212E-01
 -2.957446898372E-01 -9.216470661440E-01  9.209326139484E-01 -2.955154306507E-01  9.209326155820E-01 -2.955154318407E-01
 -3.055418788382E-01 -9.521786388467E-01  9.515203274376E-01 -3.053306345125E-01  9.515203295002E-01 -3.053306358357E-01
 -7.982641588779E-02 -4.935866117780E-01  4.914025867471E-01 -7.947319778382E-02  4.914026002215E-01 -7.947320165819E-02
 -8.494567801117E-02 -5.252402845402E-01  5.232218500727E-01 -8.461924113823E-02  5.232218527480E-01 -8.461924254506E-02
 -9.612297144970E-02 -5.943522737960E-01  5.926405542483E-01 -9.584613961287E-02  5.926405540438E-01 -9.584613968488E-02
 -1.113858206250E-01 -6.887262717609E-01  6.873463466590E-01 -1.111626495462E-01  6.873463470767E-01 -1.111626491712E-01
 -1.280934270383E-01 -7.920335635732E-01  7.909404522096E-01 -1.279166413936E-01  7.909404517366E-01 -1.279166410437E-01
 -1.433562762137E-01 -8.864075615381E-01  8.855296703705E-01 -1.432142981592E-01  8.855296696807E-01 -1.432142971591E-01
 -1.545335696522E-01 -9.555195507939E-01  9.547788440552E-01 -1.544137783679E-01  9.547788426582E-01 -1.544137769465E-01
 -1.596528317756E-01 -9.871732235560E-01  9.864907215685E-01 -1.595424539099E-01  9.864907199446E-01 -1.595424523288E-01
 -2.517311623718E-02 -4.993659121515E-01  4.971563367367E-01 -2.506173326142E-02  4.971563284694E-01 -2.506173076710E-02
 -2.678746631225E-02 -5.313902110175E-01  5.293481444601E-01 -2.668452513252E-02  5.293481458379E-01 -2.668452547692E-02
 -3.031220563338E-02 -6.013114178165E-01  5.995796566583E-01 -3.022490695334E-02  5.995796559027E-01 -3.022490723577E-02
 -3.512531758547E-02 -6.967904207970E-01  6.953943386428E-01 -3.505494071357E-02  6.953943388690E-01 -3.505494087012E-02
 -4.039403112608E-02 -8.013073156575E-01  8.002014046490E-01 -4.033828169676E-02  8.002014048075E-01 -4.033828198162E-02
 -4.520714307816E-02 -8.967863186381E-01  8.958981469641E-01 -4.516236973407E-02  8.958981477322E-01 -4.516237023943E-02
 -4.873188239929E-02 -9.667075254371E-01  9.659581435308E-01 -4.869410503861E-02  9.659581445078E-01 -4.869410598569E-02
 -5.034623247436E-02 -9.987318243030E-01  9.980413281561E-01 -5.031142349137E-02  9.980413294024E-01 -5.031142451496E-02
 -1.081617080995E-16 -5.000000000000E-01  4.977876108750E-01 -4.221975488603E-16  4.977876106195E-01 -1.076831164707E-16
 -1.150981104084E-16 -5.320649628726E-01  5.300203053751E-01 -3.414168138482E-09  5.300203047072E-01 -1.146558029691E-16
 -1.302429109959E-16 -6.020749546417E-01  6.003409938439E-01  6.757544761525E-10  6.003409937609E-01 -1.298678146546E-16
 -1.509234816931E-16 -6.976751955244E-01  6.962773406672E-01  5.763308778318E-11  6.962773408711E-01 -1.506210929991E-16
 -1.735616426053E-16 -8.023248044756E-01  8.012174895231E-01  2.425049864778E-10  8.012174893555E-01 -1.733221044157E-16
 -1.942422133025E-16 -8.979250453583E-01  8.970357465466E-01 -7.793420000780E-11  8.970357466655E-01 -1.940498371712E-16
 -2.093870138900E-16 -9.679350371274E-01  9.671847046190E-01  4.253620416387E-10  9.671847046447E-01 -2.092246994041E-16
 -2.163234161989E-16 -1.000000000000E+00  9.993086283355E-01  1.946446857327E-10  9.993086283186E-01 -2.161738563149E-16
 -1.081617080995E-16 -5.000000000000E-01  4.977876108750E-01 -4.221975488603E-16  4.977876106195E-01 -1.076831164707E-16
 -1.150981104084E-16 -5.320649628726E-01  5.300203053751E-01 -3.414168138482E-09  5.300203047072E-01 -1.146558029691E-16
 -1.302429109959E-16 -6.020749546417E-01  6.003409938439E-01  6.757544761525E-10  6.003409937609E-01 -1.298678146546E-16
 -1.509234816931E-16 -6.976751955244E-01  6.962773406672E-01  5.763308778318E-11  6.962773408711E-01 -1.506210929991E-16
 -1.735616426053E-16 -8.023248044756E-01  8.012174895231E-01  2.425049864778E-10  8.012174893555E-01 -1.733221044157E-16
 -1.942422133025E-16 -8.979250453583E-01  8.970357465466E-01 -7.793420000780E-11  8.970357466655E-01 -1.940498371712E-16
 -2.093870138900E-16 -9.679350371274E-01  9.671847046190E-01  4.253620416387E-10  9.671847046447E-01 -2.092246994041E-16
 -2.163234161989E-16 -1.000000000000E+00  9.993086283355E-01  1.946446857327E-10  9.993086283186E-01 -2.161738563149E-16
  2.517311623718E-02 -4.993659121515E-01  4.971563189385E-01  2.506173236421E-02  4.971563284694E-01  2.506173076710E-02
  2.678746631225E-02 -5.313902110175E-01  5.293481454868E-01  2.668452700306E-02  5.293481458379E-01  2.668452547692E-02
  3.031220563338E-02 -6.013114178165E-01  5.995796553960E-01  3.022490748434E-02  5.995796559027E-01  3.022490723577E-02
  3.512531758546E-02 -6.967904207970E-01  6.953943385239E-01  3.505494093861E-02  6.953943388690E-01  3.505494087012E-02
  4.039403112607E-02 -8.013073156575E-01  8.002014053008E-01  4.033828231781E-02  8.002014048075E-01  4.033828198162E-02
  4.520714307816E-02 -8.967863186381E-01  8.958981482674E-01  4.516237082494E-02  8.958981477322E-01  4.516237023943E-02
  4.873188239929E-02 -9.667075254371E-01  9.659581455362E-01  4.869410703166E-02  9.659581445078E-01  4.869410598569E-02
  5.034623247436E-02 -9.987318243030E-01  9.980413305727E-01  5.031142571978E-02  9.980413294024E-01  5.031142451496E-02
  7.982641588779E-02 -4.935866117780E-01  4.914026155040E-01  7.947320243460E-02  4.914026002215E-01  7.947320165819E-02
  8.494567801117E-02 -5.252402845402E-01  5.232218566091E-01  8.461924240988E-02  5.232218527480E-01  8.461924254506E-02
  9.612297144970E-02 -5.943522737960E-01  5.926405549772E-01  9.584613953268E-02  5.926405540437E-01  9.584613968488E-02
  1.113858206250E-01 -6.887262717609E-01  6.873463471744E-01  1.111626487262E-01  6.873463470767E-01  1.111626491712E-01
  1.280934270383E-01 -7.920335635732E-01  7.909404516702E-01  1.279166407575E-01  7.909404517366E-01  1.279166410437E-01
  1.433562762137E-01 -8.864075615381E-01  8.855296688703E-01  1.432142961646E-01  8.855296696807E-01  1.432142971591E-01
  1.545335696522E-01 -9.555195507939E-01  9.547788413924E-01  1.544137756350E-01  9.547788426582E-01  1.544137769465E-01
  1.596528317756E-01 -9.871732235560E-01  9.864907183850E-01  1.595424508331E-01  9.864907199446E-01  1.595424523288E-01
  1.527709394191E-01 -4.760893194234E-01  4.739827111026E-01  1.520949575320E-01  4.739827295144E-01  1.520949618110E-01
  1.625681284201E-01 -5.066208921261E-01  5.046740056474E-01  1.619433983513E-01  5.046740122973E-01  1.619433997226E-01
  1.839591128426E-01 -5.732829107945E-01  5.716318695143E-01  1.834293153671E-01  5.716318702831E-01  1.834293151773E-01
  2.131689900593E-01 -6.643114180315E-01  6.629804098860E-01  2.127418868071E-01  6.629804106905E-01  2.127418869222E-01
  2.451438281979E-01 -7.639565402386E-01  7.629021787023E-01  2.448054974176E-01  7.629021784347E-01  2.448054970557E-01
  2.743537054146E-01 -8.549850474757E-01  8.541382770501E-01  2.740819878876E-01  8.541382762568E-01  2.740819874212E-01
  2.957446898372E-01 -9.216470661440E-01  9.209326173338E-01  2.955154327995E-01  9.209326155820E-01  2.955154318407E-01
  3.055418788382E-01 -9.521786388467E-01  9.515203316163E-01  3.053306368834E-01  9.515203295002E-01  3.053306358357E-01
  2.286206189833E-01 -4.446713534462E-01  4.427037980475E-01  2.276090303005E-01  4.427037810858E-01  2.276090233241E-01
  2.432820423025E-01 -4.731880943238E-01  4.713696983042E-01  2.423471417114E-01  4.713696924963E-01  2.423471402718E-01
  2.752934976090E-01 -5.354509699132E-01  5.339088854608E-01  2.745006592991E-01  5.339088844498E-01  2.745006591893E-01
  3.190058701001E-01 -6.204723469194E-01  6.192291752535E-01  3.183667134291E-01  6.192291750782E-01  3.183667133080E-01
  3.668559868497E-01 -7.135417134193E-01  7.125569305921E-01  3.663496769559E-01  7.125569307930E-01  3.663496767134E-01
  4.105683593408E-01 -7.985630904255E-01  7.977721979400E-01  4.101617350994E-01  7.977721991188E-01  4.101617353056E-01
  4.425798146473E-01 -8.608259660149E-01  8.601586612972E-01  4.422367313804E-01  8.601586632937E-01  4.422367316941E-01
  4.572412379666E-01 -8.893427068925E-01  8.887278381358E-01  4.569251138002E-01  8.887278405298E-01  4.569251143231E-01
  2.925726402991E-01 -4.054642402832E-01  4.036701384570E-01  2.912780643060E-01  4.036701507244E-01  2.912780710942E-01
  3.113353019965E-01 -4.314666319049E-01  4.298085574790E-01  3.101388790236E-01  4.298085603656E-01  3.101388799206E-01
  3.523013182749E-01 -4.882397281547E-01  4.868336099859E-01  3.512866994443E-01  4.868336098922E-01  3.512866992488E-01
  4.082413480515E-01 -5.657646862355E-01  5.646311260552E-01  4.074233994376E-01  5.646311260854E-01  4.074233999981E-01
  4.694765728457E-01 -6.506280346142E-01  6.497300818282E-01  4.688286327162E-01  6.497300812463E-01  4.688286326291E-01
  5.254166026223E-01 -7.281529926949E-01  7.274318362521E-01  5.248962334696E-01  7.274318350572E-01  5.248962336891E-01
  5.663826189007E-01 -7.849260889447E-01  7.843176249575E-01  5.659435653723E-01  7.843176229646E-01  5.659435653895E-01
  5.851452805981E-01 -8.109284805664E-01  8.103678298455E-01  5.847407277519E-01  8.103678275793E-01  5.847407277216E-01
  3.353049415808E-01 -3.709051039706E-01  3.692639385538E-01  3.338212954789E-01  3.692639309442E-01  3.338212913968E-01
  3.568080225864E-01 -3.946912207468E-01  3.931744712302E-01  3.554368538823E-01  3.931744724480E-01  3.554368546130E-01
  4.037574149868E-01 -4.466253472990E-01  4.453390777521E-01  4.025946044172E-01  4.453390774174E-01  4.025946036831E-01
  4.678678813554E-01 -5.175425818674E-01  5.165056387457E-01  4.669304661604E-01  5.165056390164E-01  4.669304662097E-01
  5.380469433871E-01 -5.951727300445E-01  5.943513120715E-01  5.373043670131E-01  5.943513123850E-01  5.373043669238E-01
  6.021574097557E-01 -6.660899646129E-01  6.654302728642E-01  6.015610370774E-01  6.654302737647E-01  6.015610372632E-01
  6.491068021561E-01 -7.180240911651E-01  7.174674855096E-01  6.486036217564E-01  7.174674868701E-01  6.486036217775E-01
  6.706098831617E-01 -7.418102079413E-01  7.412973397655E-01  6.701462423217E-01  7.412973413705E-01  6.701462424792E-01
  3.535533905933E-01 -3.535533905933E-01  3.519889952404E-01  3.519889952404E-01  3.519889950597E-01  3.519889950597E-01
  3.762267432790E-01 -3.762267432790E-01  3.747809545115E-01  3.747809496831E-01  3.747809516250E-01  3.747809516250E-01
  4.257312832097E-01 -4.257312832097E-01  4.245051872935E-01  4.245051882491E-01  4.245051877126E-01  4.245051877126E-01
  4.933308618209E-01 -4.933308618209E-01  4.923424291316E-01  4.923424292131E-01  4.923424293165E-01  4.923424293165E-01
  5.673293099589E-01 -5.673293099589E-01  5.665463198756E-01  5.665463202185E-01  5.665463199285E-01  5.665463199285E-01
  6.349288885701E-01 -6.349288885701E-01  6.343000594049E-01  6.343000592947E-01  6.343000594339E-01  6.343000594339E-01
  6.844334285008E-01 -6.844334285008E-01  6.839028629952E-01  6.839028635968E-01  6.839028633142E-01  6.839028633142E-01
  7.071067811865E-01 -7.071067811865E-01  7.066179074566E-01  7.066179077319E-01  7.066179075823E-01  7.066179075823E-01
  3.535533905933E-01 -3.535533905933E-01  3.519889952404E-01  3.519889952404E-01  3.519889950597E-01  3.519889950597E-01
  3.762267432790E-01 -3.762267432790E-01  3.747809545115E-01  3.747809496831E-01  3.747809516250E-01  3.747809516250E-01
  4.257312832097E-01 -4.257312832097E-01  4.245051872935E-01  4.245051882491E-01  4.245051877126E-01  4.245051877126E-01
  4.933308618209E-01 -4.933308618209E-01  4.923424291316E-01  4.923424292131E-01  4.923424293165E-01  4.923424293165E-01
  5.673293099589E-01 -5.673293099589E-01  5.665463198756E-01  5.665463202185E-01  5.665463199285E-01  5.665463199285E-01
  6.349288885701E-01 -6.349288885701E-01  6.343000594049E-01  6.343000592947E-01  6.343000594339E-01  6.343000594339E-01
  6.844334285008E-01 -6.844334285008E-01  6.839028629952E-01  6.839028635968E-01  6.839028633142E-01  6.839028633142E-01
  7.071067811865E-01 -7.071067811865E-01  7.066179074566E-01  7.066179077319E-01  7.066179075823E-01  7.066179075823E-01
  3.709051039706E-01 -3.353049415808E-01  3.338212835281E-01  3.692639253342E-01  3.338212913968E-01  3.692639309442E-01
  3.946912207468E-01 -3.568080225864E-01  3.554368532856E-01  3.931744732789E-01  3.554368546130E-01  3.931744724480E-01
  4.466253472990E-01 -4.037574149868E-01  4.025946031491E-01  4.453390772349E-01  4.025946036831E-01  4.453390774174E-01
  5.175425818674E-01 -4.678678813554E-01  4.669304659172E-01  5.165056388208E-01  4.669304662097E-01  5.165056390164E-01
  5.951727300445E-01 -5.380469433871E-01  5.373043670348E-01  5.943513129715E-01  5.373043669238E-01  5.943513123850E-01
  6.660899646129E-01 -6.021574097557E-01  6.015610372276E-01  6.654302745572E-01  6.015610372632E-01  6.654302737647E-01
  7.180240911651E-01 -6.491068021561E-01  6.486036217651E-01  7.174674883369E-01  6.486036217775E-01  7.174674868701E-01
  7.418102079413E-01 -6.706098831617E-01  6.701462424548E-01  7.412973430500E-01  6.701462424792E-01  7.412973413705E-01
  4.054642402832E-01 -2.925726402991E-01  2.912780813516E-01  4.036701620798E-01  2.912780710942E-01  4.036701507244E-01
  4.314666319049E-01 -3.113353019965E-01  3.101388827464E-01  4.298085630002E-01  3.101388799206E-01  4.298085603656E-01
  4.882397281547E-01 -3.523013182749E-01  3.512867000164E-01  4.868336104446E-01  3.512866992488E-01  4.868336098922E-01
  5.657646862355E-01 -4.082413480515E-01  4.074234003819E-01  5.646311258398E-01  4.074233999981E-01  5.646311260854E-01
  6.506280346142E-01 -4.694765728457E-01  4.688286327845E-01  6.497300809969E-01  4.688286326291E-01  6.497300812463E-01
  7.281529926949E-01 -5.254166026223E-01  5.248962338192E-01  7.274318337809E-01  5.248962336891E-01  7.274318350572E-01
  7.849260889447E-01 -5.663826189007E-01  5.659435654219E-01  7.843176211421E-01  5.659435653895E-01  7.843176229646E-01
  8.109284805664E-01 -5.851452805981E-01  5.847407276764E-01  8.103678254189E-01  5.847407277216E-01  8.103678275793E-01
  4.446713534462E-01 -2.286206189833E-01  2.276090133307E-01  4.427037650410E-01  2.276090233241E-01  4.427037810858E-01
  4.731880943238E-01 -2.432820423025E-01  2.423471365393E-01  4.713696868245E-01  2.423471402718E-01  4.713696924963E-01
  5.354509699132E-01 -2.752934976090E-01  2.745006585114E-01  5.339088840404E-01  2.745006591893E-01  5.339088844498E-01
  6.204723469194E-01 -3.190058701001E-01  3.183667128205E-01  6.192291744280E-01  3.183667133080E-01  6.192291750782E-01
  7.135417134193E-01 -3.668559868497E-01  3.663496766467E-01  7.125569312381E-01  3.663496767134E-01  7.125569307930E-01
  7.985630904255E-01 -4.105683593408E-01  4.101617355367E-01  7.977722000095E-01  4.101617353056E-01  7.977721991188E-01
  8.608259660149E-01 -4.425798146473E-01  4.422367322548E-01  8.601586652104E-01  4.422367316941E-01  8.601586632937E-01
  8.893427068925E-01 -4.572412379666E-01  4.569251150785E-01  8.887278427670E-01  4.569251143231E-01  8.887278405298E-01
  4.760893194234E-01 -1.527709394191E-01  1.520949688716E-01  4.739827464412E-01  1.520949618110E-01  4.739827295144E-01
  5.066208921261E-01 -1.625681284201E-01  1.619434028114E-01  5.046740174221E-01  1.619433997226E-01  5.046740122973E-01
  5.732829107945E-01 -1.839591128426E-01  1.834293158145E-01  5.716318710756E-01  1.834293151773E-01  5.716318702831E-01
  6.643114180315E-01 -2.131689900593E-01  2.127418869605E-01  6.629804109000E-01  2.127418869222E-01  6.629804106905E-01
  7.639565402386E-01 -2.451438281979E-01  2.448054967421E-01  7.629021784642E-01  2.448054970557E-01  7.629021784347E-01
  8.549850474757E-01 -2.743537054146E-01  2.740819867334E-01  8.541382752775E-01  2.740819874212E-01  8.541382762568E-01
  9.216470661440E-01 -2.957446898372E-01  2.955154306507E-01  9.209326139484E-01  2.955154318407E-01  9.209326155820E-01
  9.521786388467E-01 -3.055418788382E-01  3.053306345125E-01  9.515203274376E-01  3.053306358357E-01  9.515203295002E-01
  4.935866117780E-01 -7.982641588779E-02  7.947319778382E-02  4.914025867471E-01  7.947320165819E-02  4.914026002215E-01
  5.252402845402E-01 -8.494567801117E-02  8.461924113823E-02  5.232218500727E-01  8.461924254506E-02  5.232218527480E-01
  5.943522737960E-01 -9.612297144970E-02  9.584613961287E-02  5.926405542483E-01  9.584613968488E-02  5.926405540438E-01
  6.887262717609E-01 -1.113858206250E-01  1.111626495462E-01  6.873463466590E-01  1.111626491712E-01  6.873463470767E-01
  7.920335635732E-01 -1.280934270383E-01  1.279166413936E-01  7.909404522096E-01  1.279166410437E-01  7.909404517366E-01
  8.864075615381E-01 -1.433562762137E-01  1.432142981592E-01  8.855296703705E-01  1.432142971591E-01  8.855296696807E-01
  9.555195507939E-01 -1.545335696522E-01  1.544137783679E-01  9.547788440552E-01  1.544137769465E-01  9.547788426582E-01
  9.871732235560E-01 -1.596528317756E-01  1.595424539099E-01  9.864907215685E-01  1.595424523288E-01  9.864907199446E-01
  4.993659121515E-01 -2.517311623718E-02  2.506173326142E-02  4.971563367367E-01  2.506173076710E-02  4.971563284694E-01
  5.313902110175E-01 -2.678746631225E-02  2.668452513252E-02  5.293481444601E-01  2.668452547692E-02  5.293481458379E-01
  6.013114178165E-01 -3.031220563338E-02  3.022490695334E-02  5.995796566583E-01  3.022490723577E-02  5.995796559027E-01
  6.967904207970E-01 -3.512531758546E-02  3.505494071357E-02  6.953943386428E-01  3.505494087012E-02  6.953943388690E-01
  8.013073156575E-01 -4.039403112607E-02  4.033828169676E-02  8.002014046490E-01  4.033828198162E-02  8.002014048075E-01
  8.967863186381E-01 -4.520714307816E-02  4.516236973407E-02  8.958981469641E-01  4.516237023943E-02  8.958981477322E-01
  9.667075254371E-01 -4.873188239929E-02  4.869410503861E-02  9.659581435308E-01  4.869410598569E-02  9.659581445078E-01
  9.987318243030E-01 -5.034623247436E-02  5.031142349137E-02  9.980413281561E-01  5.031142451496E-02  9.980413294024E-01
  5.000000000000E-01  1.387778780781E-17 -2.146170733615E-15  4.977876108750E-01 -1.381638166707E-17  4.977876106195E-01
  5.320649628726E-01  1.476776930944E-17  3.414167690449E-09  5.300203053751E-01 -1.471101864512E-17  5.300203047072E-01
  6.020749546417E-01  1.671093692983E-17 -6.757545430725E-10  6.003409938439E-01 -1.666280984749E-17  6.003409937609E-01
  6.976751955244E-01  1.936437664453E-17 -5.763317931697E-11  6.962773406672E-01 -1.932557838400E-17  6.962773408711E-01
  8.023248044756E-01  2.226898677892E-17 -2.425051953622E-10  8.012174895231E-01 -2.223825261037E-17  8.012174893555E-01
  8.979250453583E-01  2.492242649361E-17  7.793389429182E-11  8.970357465466E-01 -2.489774349650E-17  8.970357466655E-01
  9.679350371274E-01  2.686559411401E-17 -4.253622484608E-10  9.671847046190E-01 -2.684476820405E-17  9.671847046447E-01
  1.000000000000E+00  2.775557561563E-17 -1.946449216522E-10  9.993086283355E-01 -2.773638619665E-17  9.993086283186E-01
  1.000000000000E+00  2.775557561563E-17 -1.946449216522E-10  9.993086283355E-01 -2.773638619665E-17  9.993086283186E-01
  1.032064962873E+00  2.953553861887E-17 -2.224516224262E-10  1.031429990287E+00 -2.951736703394E-17  1.031429990328E+00
  1.102074954642E+00  3.342187385967E-17 -1.938059064958E-10  1.101555303900E+00 -3.340611476803E-17  1.101555303940E+00
  1.197675195524E+00  3.872875328905E-17  2.900487467609E-10  1.197298555929E+00 -3.871657404257E-17  1.197298555943E+00
  1.302324804476E+00  4.453797355784E-17  1.672349322352E-09  1.302089541918E+00 -4.452992785385E-17  1.302089541866E+00
  1.397925045358E+00  4.984485298722E-17  2.769465262266E-09  1.397808008187E+00 -4.984067987114E-17  1.397808008129E+00
  1.467935037127E+00  5.373118822801E-17  1.319705781859E-09  1.467899179667E+00 -5.372987572751E-17  1.467899179639E+00
  1.500000000000E+00  5.551115123126E-17 -5.551115123126E-17  1.500000000000E+00 -5.551115123126E-17  1.500000000000E+00
  9.987318243030E-01  5.034623247436E-02 -5.031142571979E-02  9.980413305727E-01 -5.031142451496E-02  9.980413294024E-01
  1.030756123169E+00  5.196058254943E-02 -5.192861544552E-02  1.030121957225E+00 -5.192861407406E-02  1.030121955881E+00
  1.100677329968E+00  5.548532187056E-02 -5.545916118026E-02  1.100158339967E+00 -5.545915941553E-02  1.100158338275E+00
  1.196156332949E+00  6.029843382264E-02 -6.027947354691E-02  1.195780173063E+00 -6.027947143874E-02  1.195780171013E+00
  1.300673227809E+00  6.556714736325E-02 -6.555530463302E-02  1.300438265657E+00 -6.555530277723E-02  1.300438263554E+00
  1.396152230790E+00  7.038025931534E-02 -7.037436779405E-02  1.396035344067E+00 -7.037436693178E-02  1.396035341984E+00
  1.466073437589E+00  7.390499863647E-02 -7.390319339104E-02  1.466037627132E+00 -7.390319334701E-02  1.466037625574E+00
  1.498097736455E+00  7.551934871154E-02 -7.551934871154E-02  1.498097736455E+00 -7.551934871154E-02  1.498097736455E+00
  9.871732235560E-01  1.596528317756E-01 -1.595424508331E-01  9.864907183850E-01 -1.595424523288E-01  9.864907199446E-01
  1.018826896318E+00  1.647720938990E-01 -1.646707170594E-01  1.018200066549E+00 -1.646707187340E-01  1.018200068424E+00
  1.087938885574E+00  1.759493873375E-01 -1.758664215929E-01  1.087425897640E+00 -1.758664236314E-01  1.087425900316E+00
  1.182312883539E+00  1.912122365128E-01 -1.911521026293E-01  1.181941070902E+00 -1.911521049372E-01  1.181941075030E+00
  1.285620175351E+00  2.079198429261E-01 -2.078822806668E-01  1.285387924314E+00 -2.078822825843E-01  1.285387930403E+00
  1.379994173316E+00  2.231826921014E-01 -2.231640058775E-01  1.379878630253E+00 -2.231640067764E-01  1.379878637297E+00
  1.449106162572E+00  2.343599855400E-01 -2.343542606519E-01  1.449070760841E+00 -2.343542607904E-01  1.449070765019E+00
  1.480759835334E+00  2.394792476634E-01 -2.394792476634E-01  1.480759835334E+00 -2.394792476634E-01  1.480759835334E+00
  9.521786388467E-01  3.055418788382E-01 -3.053306368834E-01  9.515203316163E-01 -3.053306358357E-01  9.515203295002E-01
  9.827102115494E-01  3.153390678391E-01 -3.151450583507E-01  9.821056068584E-01 -3.151450571347E-01  9.821056042558E-01
  1.049372230218E+00  3.367300522617E-01 -3.365712788388E-01  1.048877433776E+00 -3.365712772100E-01  1.048877429920E+00
  1.140400737455E+00  3.659399294784E-01 -3.658248525398E-01  1.140042115345E+00 -3.658248503132E-01  1.140042109291E+00
  1.240045859662E+00  3.979147676170E-01 -3.978428878534E-01  1.239821856451E+00 -3.978428850374E-01  1.239821847631E+00
  1.331074366899E+00  4.271246448337E-01 -4.270888878087E-01  1.330962936300E+00 -4.270888850588E-01  1.330962926549E+00
  1.397736385567E+00  4.485156292563E-01 -4.485046747256E-01  1.397702248289E+00 -4.485046732918E-01  1.397702242833E+00
  1.428267958270E+00  4.583128182573E-01 -4.583128182573E-01  1.428267958270E+00 -4.583128182573E-01  1.428267958270E+00
  8.893427068925E-01  4.572412379666E-01 -4.569251138002E-01  8.887278381358E-01 -4.569251143231E-01  8.887278405298E-01
  9.178594477700E-01  4.719026612858E-01 -4.716123249409E-01  9.172947366980E-01 -4.716123256532E-01  9.172947395679E-01
  9.801223233594E-01  5.039141165923E-01 -5.036765096243E-01  9.796601717429E-01 -5.036765108622E-01  9.796601757978E-01
  1.065143700366E+00  5.476264890834E-01 -5.474542716020E-01  1.064808732697E+00 -5.474542739351E-01  1.064808738701E+00
  1.158213066866E+00  5.954766058330E-01 -5.953690301167E-01  1.158003829507E+00 -5.953690340663E-01  1.158003837780E+00
  1.243234443872E+00  6.391889783241E-01 -6.391354592433E-01  1.243130348857E+00 -6.391354640765E-01  1.243130357665E+00
  1.305497319461E+00  6.712004336306E-01 -6.711840352765E-01  1.305465425009E+00 -6.711840381081E-01  1.305465429865E+00
  1.334014060339E+00  6.858618569498E-01 -6.858618569498E-01  1.334014060339E+00 -6.858618569498E-01  1.334014060339E+00
  8.109284805664E-01  5.851452805981E-01 -5.847407277519E-01  8.103678298455E-01 -5.847407277216E-01  8.103678275793E-01
  8.369308721881E-01  6.039079422956E-01 -6.035363912072E-01  8.364159574936E-01 -6.035363911075E-01  8.364159548669E-01
  8.937039684379E-01  6.448739585740E-01 -6.445698877791E-01  8.932825723394E-01 -6.445698874184E-01  8.932825688840E-01
  9.712289265187E-01  7.008139883505E-01 -7.005936005918E-01  9.709235033677E-01 -7.005935994772E-01  9.709234987555E-01
  1.056092274897E+00  7.620492131448E-01 -7.619115530618E-01  1.055901499338E+00 -7.619115503392E-01  1.055901493747E+00
  1.133617232978E+00  8.179892429213E-01 -8.179207633299E-01  1.133522329639E+00 -8.179207591389E-01  1.133522324156E+00
  1.190390329228E+00  8.589552591997E-01 -8.589342801900E-01  1.190361254382E+00 -8.589342773595E-01  1.190361251369E+00
  1.216392720850E+00  8.777179208972E-01 -8.777179208972E-01  1.216392720850E+00 -8.777179208972E-01  1.216392720850E+00
  7.418102079413E-01  6.706098831617E-01 -6.701462423217E-01  7.412973397655E-01 -6.701462424792E-01  7.412973413705E-01
  7.655963247174E-01  6.921129641672E-01 -6.916871451500E-01  7.651252937674E-01 -6.916871453030E-01  7.651252956017E-01
  8.175304512697E-01  7.390623565677E-01 -7.387138735194E-01  8.171449667534E-01 -7.387138736714E-01  8.171449690746E-01
  8.884476858381E-01  8.031728229362E-01 -8.029202445576E-01  8.881682879868E-01 -8.029202447108E-01  8.881682907521E-01
  9.660778340152E-01  8.733518849679E-01 -8.731941153045E-01  9.659033112143E-01 -8.731941155370E-01  9.659033138100E-01
  1.036995068584E+00  9.374623513365E-01 -9.373838641973E-01  1.036908247231E+00 -9.373838650138E-01  1.036908249172E+00
  1.088929195136E+00  9.844117437369E-01 -9.843876962879E-01  1.088902594583E+00 -9.843876973506E-01  1.088902595685E+00
  1.112715311912E+00  1.005914824742E+00 -1.005914824742E+00  1.112715311912E+00 -1.005914824742E+00  1.112715311912E+00
  7.071067811865E-01  7.071067811865E-01 -7.066179077319E-01  7.066179074566E-01 -7.066179075823E-01  7.066179075823E-01
  7.297801338723E-01  7.297801338723E-01 -7.293311406083E-01  7.293311402937E-01 -7.293311404798E-01  7.293311404798E-01
  7.792846738030E-01  7.792846738030E-01 -7.789172253767E-01  7.789172251026E-01 -7.789172252680E-01  7.789172252680E-01
  8.468842524142E-01  8.468842524142E-01 -8.466179277973E-01  8.466179282075E-01 -8.466179280124E-01  8.466179280124E-01
  9.208827005522E-01  9.208827005522E-01 -9.207163436195E-01  9.207163459846E-01 -9.207163447658E-01  9.207163447658E-01
  9.884822791634E-01  9.884822791634E-01 -9.883995194274E-01  9.883995233440E-01 -9.883995213449E-01  9.883995213449E-01
  1.037986819094E+00  1.037986819094E+00 -1.037961463108E+00  1.037961464974E+00 -1.037961464021E+00  1.037961464021E+00
  1.060660171780E+00  1.060660171780E+00 -1.060660171780E+00  1.060660171780E+00 -1.060660171780E+00  1.060660171780E+00
  7.071067811865E-01  7.071067811865E-01 -7.066179077319E-01  7.066179074566E-01 -7.066179075823E-01  7.066179075823E-01
  7.297801338723E-01  7.297801338723E-01 -7.293311406083E-01  7.293311402937E-01 -7.293311404798E-01  7.293311404798E-01
  7.792846738030E-01  7.792846738030E-01 -7.789172253767E-01  7.789172251026E-01 -7.789172252680E-01  7.789172252680E-01
  8.468842524142E-01  8.468842524142E-01 -8.466179277973E-01  8.466179282075E-01 -8.466179280124E-01  8.466179280124E-01
  9.208827005522E-01  9.208827005522E-01 -9.207163436195E-01  9.207163459846E-01 -9.207163447658E-01  9.207163447658E-01
  9.884822791634E-01  9.884822791634E-01 -9.883995194274E-01  9.883995233440E-01 -9.883995213449E-01  9.883995213449E-01
  1.037986819094E+00  1.037986819094E+00 -1.037961463108E+00  1.037961464974E+00 -1.037961464021E+00  1.037961464021E+00
  1.060660171780E+00  1.060660171780E+00 -1.060660171780E+00  1.060660171780E+00 -1.060660171780E+00  1.060660171780E+00
  6.706098831617E-01  7.418102079413E-01 -7.412973430501E-01  6.701462424548E-01 -7.412973413705E-01  6.701462424792E-01
  6.921129641672E-01  7.655963247174E-01 -7.651252975221E-01  6.916871452837E-01 -7.651252956017E-01  6.916871453030E-01
  7.390623565677E-01  8.175304512697E-01 -8.171449715191E-01  7.387138736201E-01 -8.171449690746E-01  7.387138736714E-01
  8.031728229362E-01  8.884476858381E-01 -8.881682936926E-01  8.029202446699E-01 -8.881682907521E-01  8.029202447108E-01
  8.733518849679E-01  9.660778340152E-01 -9.659033166096E-01  8.731941157120E-01 -9.659033138100E-01  8.731941155370E-01
  9.374623513365E-01  1.036995068584E+00 -1.036908251255E+00  9.373838658773E-01 -1.036908249172E+00  9.373838650138E-01
  9.844117437369E-01  1.088929195136E+00 -1.088902596818E+00  9.843876984218E-01 -1.088902595685E+00  9.843876973506E-01
  1.005914824742E+00  1.112715311912E+00 -1.112715311912E+00  1.005914824742E+00 -1.112715311912E+00  1.005914824742E+00
  5.851452805981E-01  8.109284805664E-01 -8.103678254189E-01  5.847407276764E-01 -8.103678275793E-01  5.847407277216E-01
  6.039079422956E-01  8.369308721881E-01 -8.364159523570E-01  6.035363909659E-01 -8.364159548669E-01  6.035363911075E-01
  6.448739585740E-01  8.937039684379E-01 -8.932825655504E-01  6.445698869678E-01 -8.932825688840E-01  6.445698874184E-01
  7.008139883505E-01  9.712289265187E-01 -9.709234942053E-01  7.005935981908E-01 -9.709234987555E-01  7.005935994772E-01
  7.620492131448E-01  1.056092274897E+00 -1.055901488086E+00  7.619115473900E-01 -1.055901493747E+00  7.619115503392E-01
  8.179892429213E-01  1.133617232978E+00 -1.133522318539E+00  8.179207547937E-01 -1.133522324156E+00  8.179207591389E-01
  8.589552591997E-01  1.190390329228E+00 -1.190361248317E+00  8.589342745031E-01 -1.190361251369E+00  8.589342773595E-01
  8.777179208972E-01  1.216392720850E+00 -1.216392720850E+00  8.777179208972E-01 -1.216392720850E+00  8.777179208972E-01
  4.572412379666E-01  8.893427068925E-01 -8.887278427670E-01  4.569251150785E-01 -8.887278405298E-01  4.569251143231E-01
  4.719026612858E-01  9.178594477700E-01 -9.172947422682E-01  4.716123266337E-01 -9.172947395679E-01  4.716123256532E-01
  5.039141165923E-01  9.801223233594E-01 -9.796601796758E-01  5.036765124368E-01 -9.796601757978E-01  5.036765108622E-01
  5.476264890834E-01  1.065143700366E+00 -1.064808744556E+00  5.474542766414E-01 -1.064808738701E+00  5.474542739351E-01
  5.954766058330E-01  1.158213066866E+00 -1.158003846008E+00  5.953690383116E-01 -1.158003837780E+00  5.953690340663E-01
  6.391889783241E-01  1.243234443872E+00 -1.243130366505E+00  6.391354690268E-01 -1.243130357665E+00  6.391354640765E-01
  6.712004336306E-01  1.305497319461E+00 -1.305465434737E+00  6.711840409525E-01 -1.305465429865E+00  6.711840381081E-01
  6.858618569498E-01  1.334014060339E+00 -1.334014060339E+00  6.858618569498E-01 -1.334014060339E+00  6.858618569498E-01
  3.055418788382E-01  9.521786388467E-01 -9.515203274376E-01  3.053306345125E-01 -9.515203295002E-01  3.053306358357E-01
  3.153390678391E-01  9.827102115494E-01 -9.821056017228E-01  3.151450556090E-01 -9.821056042558E-01  3.151450571347E-01
  3.367300522617E-01  1.049372230218E+00 -1.048877426178E+00  3.365712752181E-01 -1.048877429920E+00  3.365712772100E-01
  3.659399294784E-01  1.140400737455E+00 -1.140042103396E+00  3.658248477171E-01 -1.140042109291E+00  3.658248503132E-01
  3.979147676170E-01  1.240045859662E+00 -1.239821838988E+00  3.978428819802E-01 -1.239821847631E+00  3.978428850374E-01
  4.271246448337E-01  1.331074366899E+00 -1.330962916903E+00  4.270888822476E-01 -1.330962926549E+00  4.270888850588E-01
  4.485156292563E-01  1.397736385567E+00 -1.397702237397E+00  4.485046718604E-01 -1.397702242833E+00  4.485046732918E-01
  4.583128182573E-01  1.428267958270E+00 -1.428267958270E+00  4.583128182573E-01 -1.428267958270E+00  4.583128182573E-01
  1.596528317756E-01  9.871732235560E-01 -9.864907215685E-01  1.595424539099E-01 -9.864907199446E-01  1.595424523288E-01
  1.647720938990E-01  1.018826896318E+00 -1.018200070352E+00  1.646707205209E-01 -1.018200068424E+00  1.646707187340E-01
  1.759493873375E-01  1.087938885574E+00 -1.087425903014E+00  1.758664258198E-01 -1.087425900316E+00  1.758664236314E-01
  1.912122365128E-01  1.182312883539E+00 -1.181941079079E+00  1.911521074103E-01 -1.181941075030E+00  1.911521049372E-01
  2.079198429261E-01  1.285620175351E+00 -1.285387936281E+00  2.078822846123E-01 -1.285387930403E+00  2.078822825843E-01
  2.231826921014E-01  1.379994173316E+00 -1.379878644138E+00  2.231640076903E-01 -1.379878637297E+00  2.231640067764E-01
  2.343599855400E-01  1.449106162572E+00 -1.449070769151E+00  2.343542609194E-01 -1.449070765019E+00  2.343542607904E-01
  2.394792476634E-01  1.480759835334E+00 -1.480759835334E+00  2.394792476634E-01 -1.480759835334E+00  2.394792476634E-01
  5.034623247436E-02  9.987318243030E-01 -9.980413281561E-01  5.031142349137E-02 -9.980413294024E-01  5.031142451496E-02
  5.196058254943E-02  1.030756123169E+00 -1.030121954475E+00  5.192861288521E-02 -1.030121955881E+00  5.192861407406E-02
  5.548532187056E-02  1.100677329968E+00 -1.100158336526E+00  5.545915788164E-02 -1.100158338275E+00  5.545915941553E-02
  6.029843382264E-02  1.196156332949E+00 -1.195780168949E+00  6.027946959166E-02 -1.195780171013E+00  6.027947143874E-02
  6.556714736325E-02  1.300673227809E+00 -1.300438261554E+00  6.555530110624E-02 -1.300438263554E+00  6.555530277723E-02
  7.038025931534E-02  1.396152230790E+00 -1.396035340034E+00  7.037436613655E-02 -1.396035341984E+00  7.037436693178E-02
  7.390499863647E-02  1.466073437589E+00 -1.466037624043E+00  7.390319331980E-02 -1.466037625574E+00  7.390319334701E-02
  7.551934871154E-02  1.498097736455E+00 -1.498097736455E+00  7.551934871154E-02 -1.498097736455E+00  7.551934871154E-02
  6.123233995737E-17  1.000000000000E+00 -9.993086283355E-01 -1.946453861060E-10 -9.993086283186E-01  6.119000565153E-17
  7.031560467768E-17  1.032064962873E+00 -1.031429990287E+00 -2.224520646654E-10 -1.031429990328E+00  7.027234337140E-17
  9.014782125728E-17  1.102074954642E+00 -1.101555303900E+00 -1.938062209171E-10 -1.101555303940E+00  9.010531473051E-17
  1.172291654245E-16  1.197675195524E+00 -1.197298555929E+00  2.900483922685E-10 -1.197298555943E+00  1.171922997168E-16
  1.468739869314E-16  1.302324804476E+00 -1.302089541918E+00  1.672349059290E-09 -1.302089541866E+00  1.468474544126E-16
  1.739553310987E-16  1.397925045358E+00 -1.397808008187E+00  2.769465295891E-09 -1.397808008129E+00  1.739407671919E-16
  1.937875476782E-16  1.467935037127E+00 -1.467899179667E+00  1.319705940657E-09 -1.467899179639E+00  1.937828139982E-16
  2.028708123986E-16  1.500000000000E+00 -1.500000000000E+00  2.028708123986E-16 -1.500000000000E+00  2.028708123986E-16
  6.123233995737E-17  1.000000000000E+00 -9.993086283355E-01 -1.946453861060E-10 -9.993086283186E-01  6.119000565153E-17
  7.031560467768E-17  1.032064962873E+00 -1.031429990287E+00 -2.224520646654E-10 -1.031429990328E+00  7.027234337140E-17
  9.014782125728E-17  1.102074954642E+00 -1.101555303900E+00 -1.938062209171E-10 -1.101555303940E+00  9.010531473051E-17
  1.172291654245E-16  1.197675195524E+00 -1.197298555929E+00  2.900483922685E-10 -1.197298555943E+00  1.171922997168E-16
  1.468739869314E-16  1.302324804476E+00 -1.302089541918E+00  1.672349059290E-09 -1.302089541866E+00  1.468474544126E-16
  1.739553310987E-16  1.397925045358E+00 -1.397808008187E+00  2.769465295891E-09 -1.397808008129E+00  1.739407671919E-16
  1.937875476782E-16  1.467935037127E+00 -1.467899179667E+00  1.319705940657E-09 -1.467899179639E+00  1.937828139982E-16
  2.028708123986E-16  1.500000000000E+00 -1.500000000000E+00  2.028708123986E-16 -1.500000000000E+00  2.028708123986E-16
 -5.034623247436E-02  9.987318243030E-01 -9.980413305727E-01 -5.031142571979E-02 -9.980413294024E-01 -5.031142451496E-02
 -5.196058254943E-02  1.030756123169E+00 -1.030121957225E+00 -5.192861544552E-02 -1.030121955881E+00 -5.192861407406E-02
 -5.548532187056E-02  1.100677329968E+00 -1.100158339967E+00 -5.545916118026E-02 -1.100158338275E+00 -5.545915941553E-02
 -6.029843382264E-02  1.196156332949E+00 -1.195780173063E+00 -6.027947354691E-02 -1.195780171013E+00 -6.027947143874E-02
 -6.556714736325E-02  1.300673227809E+00 -1.300438265657E+00 -6.555530463302E-02 -1.300438263554E+00 -6.555530277723E-02
 -7.038025931534E-02  1.396152230790E+00 -1.396035344067E+00 -7.037436779405E-02 -1.396035341984E+00 -7.037436693178E-02
 -7.390499863647E-02  1.466073437589E+00 -1.466037627132E+00 -7.390319339104E-02 -1.466037625574E+00 -7.390319334701E-02
 -7.551934871154E-02  1.498097736455E+00 -1.498097736455E+00 -7.551934871154E-02 -1.498097736455E+00 -7.551934871154E-02
 -1.596528317756E-01  9.871732235560E-01 -9.864907183850E-01 -1.595424508331E-01 -9.864907199446E-01 -1.595424523288E-01
 -1.647720938990E-01  1.018826896318E+00 -1.018200066549E+00 -1.646707170594E-01 -1.018200068424E+00 -1.646707187340E-01
 -1.759493873375E-01  1.087938885574E+00 -1.087425897640E+00 -1.758664215929E-01 -1.087425900316E+00 -1.758664236314E-01
 -1.912122365128E-01  1.182312883539E+00 -1.181941070902E+00 -1.911521026293E-01 -1.181941075030E+00 -1.911521049372E-01
 -2.079198429261E-01  1.285620175351E+00 -1.285387924314E+00 -2.078822806668E-01 -1.285387930403E+00 -2.078822825843E-01
 -2.231826921014E-01  1.379994173316E+00 -1.379878630253E+00 -2.231640058775E-01 -1.379878637297E+00 -2.231640067764E-01
 -2.343599855400E-01  1.449106162572E+00 -1.449070760841E+00 -2.343542606519E-01 -1.449070765019E+00 -2.343542607904E-01
 -2.394792476634E-01  1.480759835334E+00 -1.480759835334E+00 -2.394792476634E-01 -1.480759835334E+00 -2.394792476634E-01
 -3.055418788382E-01  9.521786388467E-01 -9.515203316163E-01 -3.053306368834E-01 -9.515203295002E-01 -3.053306358357E-01
 -3.153390678391E-01  9.827102115494E-01 -9.821056068584E-01 -3.151450583507E-01 -9.821056042558E-01 -3.151450571347E-01
 -3.367300522617E-01  1.049372230218E+00 -1.048877433776E+00 -3.365712788388E-01 -1.048877429920E+00 -3.365712772100E-01
 -3.659399294784E-01  1.140400737455E+00 -1.140042115345E+00 -3.658248525398E-01 -1.140042109291E+00 -3.658248503132E-01
 -3.979147676170E-01  1.240045859662E+00 -1.239821856451E+00 -3.978428878534E-01 -1.239821847631E+00 -3.978428850374E-01
 -4.271246448337E-01  1.331074366899E+00 -1.330962936300E+00 -4.270888878087E-01 -1.330962926549E+00 -4.270888850588E-01
 -4.485156292563E-01  1.397736385567E+00 -1.397702248289E+00 -4.485046747256E-01 -1.397702242833E+00 -4.485046732918E-01
 -4.583128182573E-01  1.428267958270E+00 -1.428267958270E+00 -4.583128182573E-01 -1.428267958270E+00 -4.583128182573E-01
 -4.572412379666E-01  8.893427068925E-01 -8.887278381358E-01 -4.569251138002E-01 -8.887278405298E-01 -4.569251143231E-01
 -4.719026612858E-01  9.178594477700E-01 -9.172947366980E-01 -4.716123249409E-01 -9.172947395679E-01 -4.716123256532E-01
 -5.039141165923E-01  9.801223233594E-01 -9.796601717429E-01 -5.036765096243E-01 -9.796601757978E-01 -5.036765108622E-01
 -5.476264890834E-01  1.065143700366E+00 -1.064808732697E+00 -5.474542716020E-01 -1.064808738701E+00 -5.474542739351E-01
 -5.954766058330E-01  1.158213066866E+00 -1.158003829507E+00 -5.953690301167E-01 -1.158003837780E+00 -5.953690340663E-01
 -6.391889783241E-01  1.243234443872E+00 -1.243130348857E+00 -6.391354592433E-01 -1.243130357665E+00 -6.391354640765E-01
 -6.712004336306E-01  1.305497319461E+00 -1.305465425009E+00 -6.711840352765E-01 -1.305465429865E+00 -6.711840381081E-01
 -6.858618569498E-01  1.334014060339E+00 -1.334014060339E+00 -6.858618569498E-01 -1.334014060339E+00 -6.858618569498E-01
 -5.851452805981E-01  8.109284805664E-01 -8.103678298455E-01 -5.847407277519E-01 -8.103678275793E-01 -5.847407277216E-01
 -6.039079422956E-01  8.369308721881E-01 -8.364159574936E-01 -6.035363912072E-01 -8.364159548669E-01 -6.035363911075E-01
 -6.448739585740E-01  8.937039684379E-01 -8.932825723395E-01 -6.445698877791E-01 -8.932825688840E-01 -6.445698874184E-01
 -7.008139883505E-01  9.712289265187E-01 -9.709235033677E-01 -7.005936005918E-01 -9.709234987555E-01 -7.005935994772E-01
 -7.620492131448E-01  1.056092274897E+00 -1.055901499338E+00 -7.619115530618E-01 -1.055901493747E+00 -7.619115503392E-01
 -8.179892429213E-01  1.133617232978E+00 -1.133522329639E+00 -8.179207633299E-01 -1.133522324156E+00 -8.179207591389E-01
 -8.589552591997E-01  1.190390329228E+00 -1.190361254382E+00 -8.589342801900E-01 -1.190361251369E+00 -8.589342773595E-01
 -8.777179208972E-01  1.216392720850E+00 -1.216392720850E+00 -8.777179208972E-01 -1.216392720850E+00 -8.777179208972E-01
 -6.706098831617E-01  7.418102079413E-01 -7.412973397655E-01 -6.701462423217E-01 -7.412973413705E-01 -6.701462424792E-01
 -6.921129641672E-01  7.655963247174E-01 -7.651252937674E-01 -6.916871451500E-01 -7.651252956017E-01 -6.916871453030E-01
 -7.390623565677E-01  8.175304512697E-01 -8.171449667534E-01 -7.387138735194E-01 -8.171449690746E-01 -7.387138736714E-01
 -8.031728229362E-01  8.884476858381E-01 -8.881682879868E-01 -8.029202445576E-01 -8.881682907521E-01 -8.029202447108E-01
 -8.733518849679E-01  9.660778340152E-01 -9.659033112144E-01 -8.731941153045E-01 -9.659033138100E-01 -8.731941155370E-01
 -9.374623513365E-01  1.036995068584E+00 -1.036908247231E+00 -9.373838641973E-01 -1.036908249172E+00 -9.373838650138E-01
 -9.844117437369E-01  1.088929195136E+00 -1.088902594583E+00 -9.843876962879E-01 -1.088902595685E+00 -9.843876973506E-01
 -1.005914824742E+00  1.112715311912E+00 -1.112715311912E+00 -1.005914824742E+00 -1.112715311912E+00 -1.005914824742E+00
 -7.071067811865E-01  7.071067811865E-01 -7.066179074566E-01 -7.066179077319E-01 -7.066179075823E-01 -7.066179075823E-01
 -7.297801338723E-01  7.297801338723E-01 -7.293311402937E-01 -7.293311406083E-01 -7.293311404798E-01 -7.293311404798E-01
 -7.792846738030E-01  7.792846738030E-01 -7.789172251026E-01 -7.789172253767E-01 -7.789172252680E-01 -7.789172252680E-01
 -8.468842524142E-01  8.468842524142E-01 -8.466179282075E-01 -8.466179277973E-01 -8.466179280124E-01 -8.466179280124E-01
 -9.208827005522E-01  9.208827005522E-01 -9.207163459846E-01 -9.207163436195E-01 -9.207163447658E-01 -9.207163447658E-01
 -9.884822791634E-01  9.884822791634E-01 -9.883995233440E-01 -9.883995194274E-01 -9.883995213449E-01 -9.883995213449E-01
 -1.037986819094E+00  1.037986819094E+00 -1.037961464974E+00 -1.037961463108E+00 -1.037961464021E+00 -1.037961464021E+00
 -1.060660171780E+00  1.060660171780E+00 -1.060660171780E+00 -1.060660171780E+00 -1.060660171780E+00 -1.060660171780E+00
 -7.071067811865E-01  7.071067811865E-01 -7.066179074566E-01 -7.066179077319E-01 -7.066179075823E-01 -7.066179075823E-01
 -7.297801338723E-01  7.297801338723E-01 -7.293311402937E-01 -7.293311406083E-01 -7.293311404798E-01 -7.293311404798E-01
 -7.792846738030E-01  7.792846738030E-01 -7.789172251026E-01 -7.789172253767E-01 -7.789172252680E-01 -7.789172252680E-01
 -8.468842524142E-01  8.468842524142E-01 -8.466179282075E-01 -8.466179277973E-01 -8.466179280124E-01 -8.466179280124E-01
 -9.208827005522E-01  9.208827005522E-01 -9.207163459846E-01 -9.207163436195E-01 -9.207163447658E-01 -9.207163447658E-01
 -9.884822791634E-01  9.884822791634E-01 -9.883995233440E-01 -9.883995194274E-01 -9.883995213449E-01 -9.883995213449E-01
 -1.037986819094E+00  1.037986819094E+00 -1.037961464974E+00 -1.037961463108E+00 -1.037961464021E+00 -1.037961464021E+00
 -1.060660171780E+00  1.060660171780E+00 -1.060660171780E+00 -1.060660171780E+00 -1.060660171780E+00 -1.060660171780E+00
 -7.418102079413E-01  6.706098831617E-01 -6.701462424548E-01 -7.412973430500E-01 -6.701462424792E-01 -7.412973413705E-01
 -7.655963247174E-01  6.921129641672E-01 -6.916871452838E-01 -7.651252975221E-01 -6.916871453030E-01 -7.651252956017E-01
 -8.175304512697E-01  7.390623565677E-01 -7.387138736201E-01 -8.171449715191E-01 -7.387138736714E-01 -8.171449690746E-01
 -8.884476858381E-01  8.031728229362E-01 -8.029202446699E-01 -8.881682936926E-01 -8.029202447108E-01 -8.881682907521E-01
 -9.660778340152E-01  8.733518849679E-01 -8.731941157120E-01 -9.659033166096E-01 -8.731941155370E-01 -9.659033138100E-01
 -1.036995068584E+00  9.374623513365E-01 -9.373838658773E-01 -1.036908251255E+00 -9.373838650138E-01 -1.036908249172E+00
 -1.088929195136E+00  9.844117437369E-01 -9.843876984218E-01 -1.088902596818E+00 -9.843876973506E-01 -1.088902595685E+00
 -1.112715311912E+00  1.005914824742E+00 -1.005914824742E+00 -1.112715311912E+00 -1.005914824742E+00 -1.112715311912E+00
 -8.109284805664E-01  5.851452805981E-01 -5.847407276764E-01 -8.103678254189E-01 -5.847407277216E-01 -8.103678275793E-01
 -8.369308721881E-01  6.039079422956E-01 -6.035363909659E-01 -8.364159523570E-01 -6.035363911075E-01 -8.364159548669E-01
 -8.937039684379E-01  6.448739585740E-01 -6.445698869678E-01 -8.932825655504E-01 -6.445698874184E-01 -8.932825688840E-01
 -9.712289265187E-01  7.008139883505E-01 -7.005935981908E-01 -9.709234942053E-01 -7.005935994772E-01 -9.709234987555E-01
 -1.056092274897E+00  7.620492131448E-01 -7.619115473900E-01 -1.055901488086E+00 -7.619115503392E-01 -1.055901493747E+00
 -1.133617232978E+00  8.179892429213E-01 -8.179207547937E-01 -1.133522318539E+00 -8.179207591389E-01 -1.133522324156E+00
 -1.190390329228E+00  8.589552591997E-01 -8.589342745031E-01 -1.190361248317E+00 -8.589342773595E-01 -1.190361251369E+00
 -1.216392720850E+00  8.777179208972E-01 -8.777179208972E-01 -1.216392720850E+00 -8.777179208972E-01 -1.216392720850E+00
 -8.893427068925E-01  4.572412379666E-01 -4.569251150785E-01 -8.887278427670E-01 -4.569251143231E-01 -8.887278405298E-01
 -9.178594477700E-01  4.719026612858E-01 -4.716123266337E-01 -9.172947422681E-01 -4.716123256532E-01 -9.172947395679E-01
 -9.801223233594E-01  5.039141165923E-01 -5.036765124368E-01 -9.796601796758E-01 -5.036765108622E-01 -9.796601757978E-01
 -1.065143700366E+00  5.476264890834E-01 -5.474542766414E-01 -1.064808744556E+00 -5.474542739351E-01 -1.064808738701E+00
 -1.158213066866E+00  5.954766058330E-01 -5.953690383116E-01 -1.158003846008E+00 -5.953690340663E-01 -1.158003837780E+00
 -1.243234443872E+00  6.391889783241E-01 -6.391354690268E-01 -1.243130366505E+00 -6.391354640765E-01 -1.243130357665E+00
 -1.305497319461E+00  6.712004336306E-01 -6.711840409525E-01 -1.305465434737E+00 -6.711840381081E-01 -1.305465429865E+00
 -1.334014060339E+00  6.858618569498E-01 -6.858618569498E-01 -1.334014060339E+00 -6.858618569498E-01 -1.334014060339E+00
 -9.521786388467E-01  3.055418788382E-01 -3.053306345125E-01 -9.515203274376E-01 -3.053306358357E-01 -9.515203295002E-01
 -9.827102115494E-01  3.153390678391E-01 -3.151450556090E-01 -9.821056017228E-01 -3.151450571347E-01 -9.821056042558E-01
 -1.049372230218E+00  3.367300522617E-01 -3.365712752181E-01 -1.048877426178E+00 -3.365712772100E-01 -1.048877429920E+00
 -1.140400737455E+00  3.659399294784E-01 -3.658248477171E-01 -1.140042103396E+00 -3.658248503132E-01 -1.140042109291E+00
 -1.240045859662E+00  3.979147676170E-01 -3.978428819802E-01 -1.239821838988E+00 -3.978428850374E-01 -1.239821847631E+00
 -1.331074366899E+00  4.271246448337E-01 -4.270888822476E-01 -1.330962916903E+00 -4.270888850588E-01 -1.330962926549E+00
 -1.397736385567E+00  4.485156292563E-01 -4.485046718604E-01 -1.397702237397E+00 -4.485046732918E-01 -1.397702242833E+00
 -1.428267958270E+00  4.583128182573E-01 -4.583128182573E-01 -1.428267958270E+00 -4.583128182573E-01 -1.428267958270E+00
 -9.871732235560E-01  1.596528317756E-01 -1.595424539099E-01 -9.864907215685E-01 -1.595424523288E-01 -9.864907199446E-01
 -1.018826896318E+00  1.647720938990E-01 -1.646707205209E-01 -1.018200070352E+00 -1.646707187340E-01 -1.018200068424E+00
 -1.087938885574E+00  1.759493873375E-01 -1.758664258198E-01 -1.087425903014E+00 -1.758664236314E-01 -1.087425900316E+00
 -1.182312883539E+00  1.912122365128E-01 -1.911521074103E-01 -1.181941079079E+00 -1.911521049372E-01 -1.181941075030E+00
 -1.285620175351E+00  2.079198429261E-01 -2.078822846123E-01 -1.285387936281E+00 -2.078822825843E-01 -1.285387930403E+00
 -1.379994173316E+00  2.231826921014E-01 -2.231640076903E-01 -1.379878644138E+00 -2.231640067764E-01 -1.379878637297E+00
 -1.449106162572E+00  2.343599855400E-01 -2.343542609194E-01 -1.449070769151E+00 -2.343542607904E-01 -1.449070765019E+00
 -1.480759835334E+00  2.394792476634E-01 -2.394792476634E-01 -1.480759835334E+00 -2.394792476634E-01 -1.480759835334E+00
 -9.987318243030E-01  5.034623247436E-02 -5.031142349137E-02 -9.980413281561E-01 -5.031142451496E-02 -9.980413294024E-01
 -1.030756123169E+00  5.196058254943E-02 -5.192861288521E-02 -1.030121954475E+00 -5.192861407406E-02 -1.030121955881E+00
 -1.100677329968E+00  5.548532187056E-02 -5.545915788164E-02 -1.100158336526E+00 -5.545915941553E-02 -1.100158338275E+00
 -1.196156332949E+00  6.029843382265E-02 -6.027946959166E-02 -1.195780168949E+00 -6.027947143874E-02 -1.195780171013E+00
 -1.300673227809E+00  6.556714736326E-02 -6.555530110624E-02 -1.300438261554E+00 -6.555530277723E-02 -1.300438263554E+00
 -1.396152230790E+00  7.038025931534E-02 -7.037436613655E-02 -1.396035340034E+00 -7.037436693178E-02 -1.396035341984E+00
 -1.466073437589E+00  7.390499863647E-02 -7.390319331980E-02 -1.466037624043E+00 -7.390319334702E-02 -1.466037625574E+00
 -1.498097736455E+00  7.551934871154E-02 -7.551934871154E-02 -1.498097736455E+00 -7.551934871154E-02 -1.498097736455E+00
 -1.000000000000E+00  1.665334536938E-16  1.946461246912E-10 -9.993086283355E-01 -1.664183171799E-16 -9.993086283186E-01
 -1.032064962873E+00  1.807731577197E-16  2.224528342290E-10 -1.031429990287E+00 -1.806619379844E-16 -1.031429990328E+00
 -1.102074954642E+00  2.118638396461E-16  1.938069716238E-10 -1.101555303900E+00 -2.117639415471E-16 -1.101555303940E+00
 -1.197675195524E+00  2.543188750812E-16 -2.900478025164E-10 -1.197298555929E+00 -2.542388980098E-16 -1.197298555943E+00
 -1.302324804476E+00  3.007926372314E-16 -1.672348575050E-09 -1.302089541918E+00 -3.007382995881E-16 -1.302089541866E+00
 -1.397925045358E+00  3.432476726665E-16 -2.769465046349E-09 -1.397808008187E+00 -3.432189352483E-16 -1.397808008129E+00
 -1.467935037127E+00  3.743383545928E-16 -1.319705984729E-09 -1.467899179667E+00 -3.743292105688E-16 -1.467899179639E+00
 -1.500000000000E+00  3.885780586188E-16 -3.885780586188E-16 -1.500000000000E+00 -3.885780586188E-16 -1.500000000000E+00
 -1.000000000000E+00  1.665334536938E-16  1.946461246912E-10 -9.993086283355E-01 -1.664183171799E-16 -9.993086283186E-01
 -1.032064962873E+00  1.807731577197E-16  2.224528342290E-10 -1.031429990287E+00 -1.806619379844E-16 -1.031429990328E+00
 -1.102074954642E+00  2.118638396461E-16  1.938069716238E-10 -1.101555303900E+00 -2.117639415471E-16 -1.101555303940E+00
 -1.197675195524E+00  2.543188750812E-16 -2.900478025164E-10 -1.197298555929E+00 -2.542388980098E-16 -1.197298555943E+00
 -1.302324804476E+00  3.007926372314E-16 -1.672348575050E-09 -1.302089541918E+00 -3.007382995881E-16 -1.302089541866E+00
 -1.397925045358E+00  3.432476726665E-16 -2.769465046349E-09 -1.397808008187E+00 -3.432189352483E-16 -1.397808008129E+00
 -1.467935037127E+00  3.743383545928E-16 -1.319705984729E-09 -1.467899179667E+00 -3.743292105688E-16 -1.467899179639E+00
 -1.500000000000E+00  3.885780586188E-16 -3.885780586188E-16 -1.500000000000E+00 -3.885780586188E-16 -1.500000000000E+00
 -9.987318243030E-01 -5.034623247436E-02  5.031142571979E-02 -9.980413305727E-01  5.031142451496E-02 -9.980413294024E-01
 -1.030756123169E+00 -5.196058254943E-02  5.192861544552E-02 -1.030121957225E+00  5.192861407406E-02 -1.030121955881E+00
 -1.100677329968E+00 -5.548532187056E-02  5.545916118026E-02 -1.100158339967E+00  5.545915941553E-02 -1.100158338275E+00
 -1.196156332949E+00 -6.029843382264E-02  6.027947354691E-02 -1.195780173063E+00  6.027947143874E-02 -1.195780171013E+00
 -1.300673227809E+00 -6.556714736325E-02  6.555530463302E-02 -1.300438265657E+00  6.555530277723E-02 -1.300438263554E+00
 -1.396152230790E+00 -7.038025931534E-02  7.037436779405E-02 -1.396035344067E+00  7.037436693178E-02 -1.396035341984E+00
 -1.466073437589E+00 -7.390499863647E-02  7.390319339104E-02 -1.466037627132E+00  7.390319334701E-02 -1.466037625574E+00
 -1.498097736455E+00 -7.551934871154E-02  7.551934871154E-02 -1.498097736455E+00  7.551934871154E-02 -1.498097736455E+00
 -9.871732235560E-01 -1.596528317756E-01  1.595424508331E-01 -9.864907183850E-01  1.595424523288E-01 -9.864907199446E-01
 -1.018826896318E+00 -1.647720938990E-01  1.646707170594E-01 -1.018200066549E+00  1.646707187340E-01 -1.018200068424E+00
 -1.087938885574E+00 -1.759493873375E-01  1.758664215929E-01 -1.087425897640E+00  1.758664236314E-01 -1.087425900316E+00
 -1.182312883539E+00 -1.912122365128E-01  1.911521026293E-01 -1.181941070902E+00  1.911521049372E-01 -1.181941075030E+00
 -1.285620175351E+00 -2.079198429261E-01  2.078822806668E-01 -1.285387924314E+00  2.078822825843E-01 -1.285387930403E+00
 -1.379994173316E+00 -2.231826921014E-01  2.231640058775E-01 -1.379878630253E+00  2.231640067764E-01 -1.379878637297E+00
 -1.449106162572E+00 -2.343599855400E-01  2.343542606519E-01 -1.449070760841E+00  2.343542607904E-01 -1.449070765019E+00
 -1.480759835334E+00 -2.394792476634E-01  2.394792476634E-01 -1.480759835334E+00  2.394792476634E-01 -1.480759835334E+00
 -9.521786388467E-01 -3.055418788382E-01  3.053306368834E-01 -9.515203316163E-01  3.053306358357E-01 -9.515203295002E-01
 -9.827102115494E-01 -3.153390678391E-01  3.151450583507E-01 -9.821056068584E-01  3.151450571347E-01 -9.821056042558E-01
 -1.049372230218E+00 -3.367300522617E-01  3.365712788388E-01 -1.048877433776E+00  3.365712772100E-01 -1.048877429920E+00
 -1.140400737455E+00 -3.659399294784E-01  3.658248525398E-01 -1.140042115345E+00  3.658248503132E-01 -1.140042109291E+00
 -1.240045859662E+00 -3.979147676170E-01  3.978428878534E-01 -1.239821856451E+00  3.978428850374E-01 -1.239821847631E+00
 -1.331074366899E+00 -4.271246448337E-01  4.270888878087E-01 -1.330962936300E+00  4.270888850588E-01 -1.330962926549E+00
 -1.397736385567E+00 -4.485156292563E-01  4.485046747256E-01 -1.397702248289E+00  4.485046732918E-01 -1.397702242833E+00
 -1.428267958270E+00 -4.583128182573E-01  4.583128182573E-01 -1.428267958270E+00  4.583128182573E-01 -1.428267958270E+00
 -8.893427068925E-01 -4.572412379666E-01  4.569251138002E-01 -8.887278381358E-01  4.569251143231E-01 -8.887278405298E-01
 -9.178594477700E-01 -4.719026612858E-01  4.716123249409E-01 -9.172947366980E-01  4.716123256532E-01 -9.172947395679E-01
 -9.801223233594E-01 -5.039141165923E-01  5.036765096243E-01 -9.796601717429E-01  5.036765108622E-01 -9.796601757978E-01
 -1.065143700366E+00 -5.476264890834E-01  5.474542716020E-01 -1.064808732697E+00  5.474542739351E-01 -1.064808738701E+00
 -1.158213066866E+00 -5.954766058330E-01  5.953690301167E-01 -1.158003829507E+00  5.953690340663E-01 -1.158003837780E+00
 -1.243234443872E+00 -6.391889783241E-01  6.391354592433E-01 -1.243130348857E+00  6.391354640765E-01 -1.243130357665E+00
 -1.305497319461E+00 -6.712004336306E-01  6.711840352765E-01 -1.305465425009E+00  6.711840381081E-01 -1.305465429865E+00
 -1.334014060339E+00 -6.858618569498E-01  6.858618569498E-01 -1.334014060339E+00  6.858618569498E-01 -1.334014060339E+00
 -8.109284805664E-01 -5.851452805981E-01  5.847407277519E-01 -8.103678298455E-01  5.847407277216E-01 -8.103678275793E-01
 -8.369308721881E-01 -6.039079422956E-01  6.035363912072E-01 -8.364159574936E-01  6.035363911075E-01 -8.364159548669E-01
 -8.937039684379E-01 -6.448739585740E-01  6.445698877791E-01 -8.932825723394E-01  6.445698874184E-01 -8.932825688840E-01
 -9.712289265187E-01 -7.008139883505E-01  7.005936005918E-01 -9.709235033677E-01  7.005935994772E-01 -9.709234987555E-01
 -1.056092274897E+00 -7.620492131448E-01  7.619115530618E-01 -1.055901499338E+00  7.619115503392E-01 -1.055901493747E+00
 -1.133617232978E+00 -8.179892429213E-01  8.179207633299E-01 -1.133522329639E+00  8.179207591389E-01 -1.133522324156E+00
 -1.190390329228E+00 -8.589552591997E-01  8.589342801900E-01 -1.190361254382E+00  8.589342773595E-01 -1.190361251369E+00
 -1.216392720850E+00 -8.777179208972E-01  8.777179208972E-01 -1.216392720850E+00  8.777179208972E-01 -1.216392720850E+00
 -7.418102079413E-01 -6.706098831617E-01  6.701462423217E-01 -7.412973397655E-01  6.701462424792E-01 -7.412973413705E-01
 -7.655963247174E-01 -6.921129641672E-01  6.916871451500E-01 -7.651252937674E-01  6.916871453030E-01 -7.651252956017E-01
 -8.175304512697E-01 -7.390623565677E-01  7.387138735194E-01 -8.171449667534E-01  7.387138736714E-01 -8.171449690746E-01
 -8.884476858381E-01 -8.031728229362E-01  8.029202445576E-01 -8.881682879868E-01  8.029202447108E-01 -8.881682907521E-01
 -9.660778340152E-01 -8.733518849679E-01  8.731941153045E-01 -9.659033112144E-01  8.731941155370E-01 -9.659033138100E-01
 -1.036995068584E+00 -9.374623513365E-01  9.373838641973E-01 -1.036908247231E+00  9.373838650138E-01 -1.036908249172E+00
 -1.088929195136E+00 -9.844117437369E-01  9.843876962879E-01 -1.088902594583E+00  9.843876973506E-01 -1.088902595685E+00
 -1.112715311912E+00 -1.005914824742E+00  1.005914824742E+00 -1.112715311912E+00  1.005914824742E+00 -1.112715311912E+00
 -7.071067811865E-01 -7.071067811865E-01  7.066179077319E-01 -7.066179074566E-01  7.066179075823E-01 -7.066179075823E-01
 -7.297801338723E-01 -7.297801338723E-01  7.293311406083E-01 -7.293311402937E-01  7.293311404798E-01 -7.293311404798E-01
 -7.792846738030E-01 -7.792846738030E-01  7.789172253767E-01 -7.789172251026E-01  7.789172252680E-01 -7.789172252680E-01
 -8.468842524142E-01 -8.468842524142E-01  8.466179277973E-01 -8.466179282075E-01  8.466179280124E-01 -8.466179280124E-01
 -9.208827005522E-01 -9.208827005522E-01  9.207163436195E-01 -9.207163459846E-01  9.207163447658E-01 -9.207163447658E-01
 -9.884822791634E-01 -9.884822791634E-01  9.883995194274E-01 -9.883995233440E-01  9.883995213449E-01 -9.883995213449E-01
 -1.037986819094E+00 -1.037986819094E+00  1.037961463108E+00 -1.037961464974E+00  1.037961464021E+00 -1.037961464021E+00
 -1.060660171780E+00 -1.060660171780E+00  1.060660171780E+00 -1.060660171780E+00  1.060660171780E+00 -1.060660171780E+00
 -7.071067811865E-01 -7.071067811865E-01  7.066179077319E-01 -7.066179074566E-01  7.066179075823E-01 -7.066179075823E-01
 -7.297801338723E-01 -7.297801338723E-01  7.293311406083E-01 -7.293311402937E-01  7.293311404798E-01 -7.293311404798E-01
 -7.792846738030E-01 -7.792846738030E-01  7.789172253767E-01 -7.789172251026E-01  7.789172252680E-01 -7.789172252680E-01
 -8.468842524142E-01 -8.468842524142E-01  8.466179277973E-01 -8.466179282075E-01  8.466179280124E-01 -8.466179280124E-01
 -9.208827005522E-01 -9.208827005522E-01  9.207163436195E-01 -9.207163459846E-01  9.207163447658E-01 -9.207163447658E-01
 -9.884822791634E-01 -9.884822791634E-01  9.883995194274E-01 -9.883995233440E-01  9.883995213449E-01 -9.883995213449E-01
 -1.037986819094E+00 -1.037986819094E+00  1.037961463108E+00 -1.037961464974E+00  1.037961464021E+00 -1.037961464021E+00
 -1.060660171780E+00 -1.060660171780E+00  1.060660171780E+00 -1.060660171780E+00  1.060660171780E+00 -1.060660171780E+00
 -6.706098831617E-01 -7.418102079413E-01  7.412973430501E-01 -6.701462424548E-01  7.412973413705E-01 -6.701462424792E-01
 -6.921129641672E-01 -7.655963247174E-01  7.651252975221E-01 -6.916871452838E-01  7.651252956017E-01 -6.916871453030E-01
 -7.390623565677E-01 -8.175304512697E-01  8.171449715191E-01 -7.387138736201E-01  8.171449690746E-01 -7.387138736714E-01
 -8.031728229362E-01 -8.884476858381E-01  8.881682936926E-01 -8.029202446699E-01  8.881682907521E-01 -8.029202447108E-01
 -8.733518849679E-01 -9.660778340152E-01  9.659033166096E-01 -8.731941157120E-01  9.659033138100E-01 -8.731941155370E-01
 -9.374623513365E-01 -1.036995068584E+00  1.036908251255E+00 -9.373838658773E-01  1.036908249172E+00 -9.373838650138E-01
 -9.844117437369E-01 -1.088929195136E+00  1.088902596818E+00 -9.843876984218E-01  1.088902595685E+00 -9.843876973506E-01
 -1.005914824742E+00 -1.112715311912E+00  1.112715311912E+00 -1.005914824742E+00  1.112715311912E+00 -1.005914824742E+00
 -5.851452805981E-01 -8.109284805664E-01  8.103678254189E-01 -5.847407276764E-01  8.103678275793E-01 -5.847407277216E-01
 -6.039079422956E-01 -8.369308721881E-01  8.364159523570E-01 -6.035363909659E-01  8.364159548669E-01 -6.035363911075E-01
 -6.448739585740E-01 -8.937039684379E-01  8.932825655504E-01 -6.445698869678E-01  8.932825688840E-01 -6.445698874184E-01
 -7.008139883505E-01 -9.712289265187E-01  9.709234942053E-01 -7.005935981908E-01  9.709234987555E-01 -7.005935994772E-01
 -7.620492131448E-01 -1.056092274897E+00  1.055901488086E+00 -7.619115473900E-01  1.055901493747E+00 -7.619115503392E-01
 -8.179892429213E-01 -1.133617232978E+00  1.133522318539E+00 -8.179207547937E-01  1.133522324156E+00 -8.179207591389E-01
 -8.589552591997E-01 -1.190390329228E+00  1.190361248317E+00 -8.589342745031E-01  1.190361251369E+00 -8.589342773595E-01
 -8.777179208972E-01 -1.216392720850E+00  1.216392720850E+00 -8.777179208972E-01  1.216392720850E+00 -8.777179208972E-01
 -4.572412379666E-01 -8.893427068925E-01  8.887278427670E-01 -4.569251150785E-01  8.887278405298E-01 -4.569251143231E-01
 -4.719026612858E-01 -9.178594477700E-01  9.172947422682E-01 -4.716123266337E-01  9.172947395679E-01 -4.716123256532E-01
 -5.039141165923E-01 -9.801223233594E-01  9.796601796758E-01 -5.036765124368E-01  9.796601757978E-01 -5.036765108622E-01
 -5.476264890834E-01 -1.065143700366E+00  1.064808744556E+00 -5.474542766414E-01  1.064808738701E+00 -5.474542739351E-01
 -5.954766058330E-01 -1.158213066866E+00  1.158003846008E+00 -5.953690383116E-01  1.158003837780E+00 -5.953690340663E-01
 -6.391889783241E-01 -1.243234443872E+00  1.243130366505E+00 -6.391354690268E-01  1.243130357665E+00 -6.391354640765E-01
 -6.712004336306E-01 -1.305497319461E+00  1.305465434737E+00 -6.711840409525E-01  1.305465429865E+00 -6.711840381081E-01
 -6.858618569498E-01 -1.334014060339E+00  1.334014060339E+00 -6.858618569498E-01  1.334014060339E+00 -6.858618569498E-01
 -3.055418788382E-01 -9.521786388467E-01  9.515203274376E-01 -3.053306345125E-01  9.515203295002E-01 -3.053306358357E-01
 -3.153390678391E-01 -9.827102115494E-01  9.821056017228E-01 -3.151450556090E-01  9.821056042558E-01 -3.151450571347E-01
 -3.367300522617E-01 -1.049372230218E+00  1.048877426178E+00 -3.365712752181E-01  1.048877429920E+00 -3.365712772100E-01
 -3.659399294784E-01 -1.140400737455E+00  1.140042103396E+00 -3.658248477171E-01  1.140042109291E+00 -3.658248503132E-01
 -3.979147676170E-01 -1.240045859662E+00  1.239821838988E+00 -3.978428819802E-01  1.239821847631E+00 -3.978428850374E-01
 -4.271246448337E-01 -1.331074366899E+00  1.330962916903E+00 -4.270888822476E-01  1.330962926549E+00 -4.270888850588E-01
 -4.485156292563E-01 -1.397736385567E+00  1.397702237397E+00 -4.485046718604E-01  1.397702242833E+00 -4.485046732918E-01
 -4.583128182573E-01 -1.428267958270E+00  1.428267958270E+00 -4.583128182573E-01  1.428267958270E+00 -4.583128182573E-01
 -1.596528317756E-01 -9.871732235560E-01  9.864907215685E-01 -1.595424539099E-01  9.864907199446E-01 -1.595424523288E-01
 -1.647720938990E-01 -1.018826896318E+00  1.018200070352E+00 -1.646707205209E-01  1.018200068424E+00 -1.646707187340E-01
 -1.759493873375E-01 -1.087938885574E+00  1.087425903014E+00 -1.758664258198E-01  1.087425900316E+00 -1.758664236314E-01
 -1.912122365128E-01 -1.182312883539E+00  1.181941079079E+00 -1.911521074103E-01  1.181941075030E+00 -1.911521049372E-01
 -2.079198429261E-01 -1.285620175351E+00  1.285387936281E+00 -2.078822846123E-01  1.285387930403E+00 -2.078822825843E-01
 -2.231826921014E-01 -1.379994173316E+00  1.379878644138E+00 -2.231640076903E-01  1.379878637297E+00 -2.231640067764E-01
 -2.343599855400E-01 -1.449106162572E+00  1.449070769151E+00 -2.343542609194E-01  1.449070765019E+00 -2.343542607904E-01
 -2.394792476634E-01 -1.480759835334E+00  1.480759835334E+00 -2.394792476634E-01  1.480759835334E+00 -2.394792476634E-01
 -5.034623247436E-02 -9.987318243030E-01  9.980413281561E-01 -5.031142349137E-02  9.980413294024E-01 -5.031142451496E-02
 -5.196058254943E-02 -1.030756123169E+00  1.030121954475E+00 -5.192861288521E-02  1.030121955881E+00 -5.192861407406E-02
 -5.548532187056E-02 -1.100677329968E+00  1.100158336526E+00 -5.545915788164E-02  1.100158338275E+00 -5.545915941553E-02
 -6.029843382264E-02 -1.196156332949E+00  1.195780168949E+00 -6.027946959166E-02  1.195780171013E+00 -6.027947143874E-02
 -6.556714736325E-02 -1.300673227809E+00  1.300438261554E+00 -6.555530110624E-02  1.300438263554E+00 -6.555530277723E-02
 -7.038025931534E-02 -1.396152230790E+00  1.396035340034E+00 -7.037436613655E-02  1.396035341984E+00 -7.037436693178E-02
 -7.390499863647E-02 -1.466073437589E+00  1.466037624043E+00 -7.390319331980E-02  1.466037625574E+00 -7.390319334701E-02
 -7.551934871154E-02 -1.498097736455E+00  1.498097736455E+00 -7.551934871154E-02  1.498097736455E+00 -7.551934871154E-02
 -2.163234161989E-16 -1.000000000000E+00  9.993086283355E-01  1.946446857327E-10  9.993086283186E-01 -2.161738563149E-16
 -2.214798555046E-16 -1.032064962873E+00  1.031429990287E+00  2.224514359673E-10  1.031429990328E+00 -2.213435911873E-16
 -2.327383208513E-16 -1.102074954642E+00  1.101555303900E+00  1.938057019474E-10  1.101555303940E+00 -2.326285800109E-16
 -2.481120121191E-16 -1.197675195524E+00  1.197298555929E+00 -2.900488287635E-10  1.197298555943E+00 -2.480339869545E-16
 -2.649409527626E-16 -1.302324804476E+00  1.302089541918E+00 -1.672349363718E-09  1.302089541866E+00 -2.648930916609E-16
 -2.803146440303E-16 -1.397925045358E+00  1.397808008187E+00 -2.769465418238E-09  1.397808008129E+00 -2.802911754979E-16
 -2.915731093771E-16 -1.467935037127E+00  1.467899179667E+00 -1.319705967236E-09  1.467899179639E+00 -2.915659870732E-16
 -2.967295486828E-16 -1.500000000000E+00  1.500000000000E+00 -2.967295486828E-16  1.500000000000E+00 -2.967295486828E-16
 -2.163234161989E-16 -1.000000000000E+00  9.993086283355E-01  1.946446857327E-10  9.993086283186E-01 -2.161738563149E-16
 -2.214798555046E-16 -1.032064962873E+00  1.031429990287E+00  2.224514359673E-10  1.031429990328E+00 -2.213435911873E-16
 -2.327383208513E-16 -1.102074954642E+00  1.101555303900E+00  1.938057019474E-10  1.101555303940E+00 -2.326285800109E-16
 -2.481120121191E-16 -1.197675195524E+00  1.197298555929E+00 -2.900488287635E-10  1.197298555943E+00 -2.480339869545E-16
 -2.649409527626E-16 -1.302324804476E+00  1.302089541918E+00 -1.672349363718E-09  1.302089541866E+00 -2.648930916609E-16
 -2.803146440303E-16 -1.397925045358E+00  1.397808008187E+00 -2.769465418238E-09  1.397808008129E+00 -2.802911754979E-16
 -2.915731093771E-16 -1.467935037127E+00  1.467899179667E+00 -1.319705967236E-09  1.467899179639E+00 -2.915659870732E-16
 -2.967295486828E-16 -1.500000000000E+00  1.500000000000E+00 -2.967295486828E-16  1.500000000000E+00 -2.967295486828E-16
  5.034623247436E-02 -9.987318243030E-01  9.980413305727E-01  5.031142571978E-02  9.980413294024E-01  5.031142451496E-02
  5.196058254942E-02 -1.030756123169E+00  1.030121957225E+00  5.192861544552E-02  1.030121955881E+00  5.192861407406E-02
  5.548532187056E-02 -1.100677329968E+00  1.100158339967E+00  5.545916118026E-02  1.100158338275E+00  5.545915941553E-02
  6.029843382264E-02 -1.196156332949E+00  1.195780173063E+00  6.027947354691E-02  1.195780171013E+00  6.027947143874E-02
  6.556714736325E-02 -1.300673227809E+00  1.300438265657E+00  6.555530463302E-02  1.300438263554E+00  6.555530277723E-02
  7.038025931534E-02 -1.396152230790E+00  1.396035344067E+00  7.037436779405E-02  1.396035341984E+00  7.037436693178E-02
  7.390499863647E-02 -1.466073437589E+00  1.466037627132E+00  7.390319339104E-02  1.466037625574E+00  7.390319334701E-02
  7.551934871154E-02 -1.498097736455E+00  1.498097736455E+00  7.551934871154E-02  1.498097736455E+00  7.551934871154E-02
  1.596528317756E-01 -9.871732235560E-01  9.864907183850E-01  1.595424508331E-01  9.864907199446E-01  1.595424523288E-01
  1.647720938990E-01 -1.018826896318E+00  1.018200066549E+00  1.646707170594E-01  1.018200068424E+00  1.646707187340E-01
  1.759493873375E-01 -1.087938885574E+00  1.087425897640E+00  1.758664215929E-01  1.087425900316E+00  1.758664236314E-01
  1.912122365128E-01 -1.182312883539E+00  1.181941070902E+00  1.911521026293E-01  1.181941075030E+00  1.911521049372E-01
  2.079198429261E-01 -1.285620175351E+00  1.285387924314E+00  2.078822806668E-01  1.285387930403E+00  2.078822825843E-01
  2.231826921014E-01 -1.379994173316E+00  1.379878630253E+00  2.231640058775E-01  1.379878637297E+00  2.231640067764E-01
  2.343599855400E-01 -1.449106162572E+00  1.449070760841E+00  2.343542606519E-01  1.449070765019E+00  2.343542607904E-01
  2.394792476634E-01 -1.480759835334E+00  1.480759835334E+00  2.394792476634E-01  1.480759835334E+00  2.394792476634E-01
  3.055418788382E-01 -9.521786388467E-01  9.515203316163E-01  3.053306368834E-01  9.515203295002E-01  3.053306358357E-01
  3.153390678391E-01 -9.827102115494E-01  9.821056068584E-01  3.151450583507E-01  9.821056042558E-01  3.151450571347E-01
  3.367300522617E-01 -1.049372230218E+00  1.048877433776E+00  3.365712788388E-01  1.048877429920E+00  3.365712772100E-01
  3.659399294784E-01 -1.140400737455E+00  1.140042115345E+00  3.658248525398E-01  1.140042109291E+00  3.658248503132E-01
  3.979147676170E-01 -1.240045859662E+00  1.239821856451E+00  3.978428878534E-01  1.239821847631E+00  3.978428850374E-01
  4.271246448337E-01 -1.331074366899E+00  1.330962936300E+00  4.270888878087E-01  1.330962926549E+00  4.270888850588E-01
  4.485156292563E-01 -1.397736385567E+00  1.397702248289E+00  4.485046747256E-01  1.397702242833E+00  4.485046732918E-01
  4.583128182573E-01 -1.428267958270E+00  1.428267958270E+00  4.583128182573E-01  1.428267958270E+00  4.583128182573E-01
  4.572412379666E-01 -8.893427068925E-01  8.887278381358E-01  4.569251138002E-01  8.887278405298E-01  4.569251143231E-01
  4.719026612858E-01 -9.178594477700E-01  9.172947366980E-01  4.716123249409E-01  9.172947395679E-01  4.716123256532E-01
  5.039141165923E-01 -9.801223233594E-01  9.796601717429E-01  5.036765096243E-01  9.796601757978E-01  5.036765108622E-01
  5.476264890834E-01 -1.065143700366E+00  1.064808732697E+00  5.474542716020E-01  1.064808738701E+00  5.474542739351E-01
  5.954766058330E-01 -1.158213066866E+00  1.158003829507E+00  5.953690301167E-01  1.158003837780E+00  5.953690340663E-01
  6.391889783241E-01 -1.243234443872E+00  1.243130348857E+00  6.391354592433E-01  1.243130357665E+00  6.391354640765E-01
  6.712004336306E-01 -1.305497319461E+00  1.305465425009E+00  6.711840352765E-01  1.305465429865E+00  6.711840381081E-01
  6.858618569498E-01 -1.334014060339E+00  1.334014060339E+00  6.858618569498E-01  1.334014060339E+00  6.858618569498E-01
  5.851452805981E-01 -8.109284805664E-01  8.103678298455E-01  5.847407277519E-01  8.103678275793E-01  5.847407277216E-01
  6.039079422956E-01 -8.369308721881E-01  8.364159574936E-01  6.035363912072E-01  8.364159548669E-01  6.035363911075E-01
  6.448739585740E-01 -8.937039684379E-01  8.932825723395E-01  6.445698877791E-01  8.932825688840E-01  6.445698874184E-01
  7.008139883505E-01 -9.712289265187E-01  9.709235033677E-01  7.005936005918E-01  9.709234987555E-01  7.005935994772E-01
  7.620492131448E-01 -1.056092274897E+00  1.055901499338E+00  7.619115530618E-01  1.055901493747E+00  7.619115503392E-01
  8.179892429213E-01 -1.133617232978E+00  1.133522329639E+00  8.179207633299E-01  1.133522324156E+00  8.179207591389E-01
  8.589552591997E-01 -1.190390329228E+00  1.190361254382E+00  8.589342801900E-01  1.190361251369E+00  8.589342773595E-01
  8.777179208972E-01 -1.216392720850E+00  1.216392720850E+00  8.777179208972E-01  1.216392720850E+00  8.777179208972E-01
  6.706098831617E-01 -7.418102079413E-01  7.412973397655E-01  6.701462423217E-01  7.412973413705E-01  6.701462424792E-01
  6.921129641672E-01 -7.655963247174E-01  7.651252937674E-01  6.916871451500E-01  7.651252956017E-01  6.916871453030E-01
  7.390623565677E-01 -8.175304512697E-01  8.171449667534E-01  7.387138735194E-01  8.171449690746E-01  7.387138736714E-01
  8.031728229362E-01 -8.884476858381E-01  8.881682879868E-01  8.029202445576E-01  8.881682907521E-01  8.029202447108E-01
  8.733518849679E-01 -9.660778340152E-01  9.659033112144E-01  8.731941153045E-01  9.659033138100E-01  8.731941155370E-01
  9.374623513365E-01 -1.036995068584E+00  1.036908247231E+00  9.373838641973E-01  1.036908249172E+00  9.373838650138E-01
  9.844117437369E-01 -1.088929195136E+00  1.088902594583E+00  9.843876962879E-01  1.088902595685E+00  9.843876973506E-01
  1.005914824742E+00 -1.112715311912E+00  1.112715311912E+00  1.005914824742E+00  1.112715311912E+00  1.005914824742E+00
  7.071067811865E-01 -7.071067811865E-01  7.066179074566E-01  7.066179077319E-01  7.066179075823E-01  7.066179075823E-01
  7.297801338723E-01 -7.297801338723E-01  7.293311402937E-01  7.293311406083E-01  7.293311404798E-01  7.293311404798E-01
  7.792846738030E-01 -7.792846738030E-01  7.789172251026E-01  7.789172253767E-01  7.789172252680E-01  7.789172252680E-01
  8.468842524142E-01 -8.468842524142E-01  8.466179282075E-01  8.466179277973E-01  8.466179280124E-01  8.466179280124E-01
  9.208827005522E-01 -9.208827005522E-01  9.207163459846E-01  9.207163436195E-01  9.207163447658E-01  9.207163447658E-01
  9.884822791634E-01 -9.884822791634E-01  9.883995233440E-01  9.883995194274E-01  9.883995213449E-01  9.883995213449E-01
  1.037986819094E+00 -1.037986819094E+00  1.037961464974E+00  1.037961463108E+00  1.037961464021E+00  1.037961464021E+00
  1.060660171780E+00 -1.060660171780E+00  1.060660171780E+00  1.060660171780E+00  1.060660171780E+00  1.060660171780E+00
  7.071067811865E-01 -7.071067811865E-01  7.066179074566E-01  7.066179077319E-01  7.066179075823E-01  7.066179075823E-01
  7.297801338723E-01 -7.297801338723E-01  7.293311402937E-01  7.293311406083E-01  7.293311404798E-01  7.293311404798E-01
  7.792846738030E-01 -7.792846738030E-01  7.789172251026E-01  7.789172253767E-01  7.789172252680E-01  7.789172252680E-01
  8.468842524142E-01 -8.468842524142E-01  8.466179282075E-01  8.466179277973E-01  8.466179280124E-01  8.466179280124E-01
  9.208827005522E-01 -9.208827005522E-01  9.207163459846E-01  9.207163436195E-01  9.207163447658E-01  9.207163447658E-01
  9.884822791634E-01 -9.884822791634E-01  9.883995233440E-01  9.883995194274E-01  9.883995213449E-01  9.883995213449E-01
  1.037986819094E+00 -1.037986819094E+00  1.037961464974E+00  1.037961463108E+00  1.037961464021E+00  1.037961464021E+00
  1.060660171780E+00 -1.060660171780E+00  1.060660171780E+00  1.060660171780E+00  1.060660171780E+00  1.060660171780E+00
  7.418102079413E-01 -6.706098831617E-01  6.701462424548E-01  7.412973430500E-01  6.701462424792E-01  7.412973413705E-01
  7.655963247174E-01 -6.921129641672E-01  6.916871452838E-01  7.651252975221E-01  6.916871453030E-01  7.651252956017E-01
  8.175304512697E-01 -7.390623565677E-01  7.387138736201E-01  8.171449715191E-01  7.387138736714E-01  8.171449690746E-01
  8.884476858381E-01 -8.031728229362E-01  8.029202446699E-01  8.881682936926E-01  8.029202447108E-01  8.881682907521E-01
  9.660778340152E-01 -8.733518849679E-01  8.731941157120E-01  9.659033166096E-01  8.731941155370E-01  9.659033138100E-01
  1.036995068584E+00 -9.374623513365E-01  9.373838658773E-01  1.036908251255E+00  9.373838650138E-01  1.036908249172E+00
  1.088929195136E+00 -9.844117437369E-01  9.843876984218E-01  1.088902596818E+00  9.843876973506E-01  1.088902595685E+00
  1.112715311912E+00 -1.005914824742E+00  1.005914824742E+00  1.112715311912E+00  1.005914824742E+00  1.112715311912E+00
  8.109284805664E-01 -5.851452805981E-01  5.847407276764E-01  8.103678254189E-01  5.847407277216E-01  8.103678275793E-01
  8.369308721881E-01 -6.039079422956E-01  6.035363909659E-01  8.364159523570E-01  6.035363911075E-01  8.364159548669E-01
  8.937039684379E-01 -6.448739585740E-01  6.445698869678E-01  8.932825655504E-01  6.445698874184E-01  8.932825688840E-01
  9.712289265187E-01 -7.008139883505E-01  7.005935981908E-01  9.709234942053E-01  7.005935994772E-01  9.709234987555E-01
  1.056092274897E+00 -7.620492131448E-01  7.619115473900E-01  1.055901488086E+00  7.619115503392E-01  1.055901493747E+00
  1.133617232978E+00 -8.179892429213E-01  8.179207547937E-01  1.133522318539E+00  8.179207591389E-01  1.133522324156E+00
  1.190390329228E+00 -8.589552591997E-01  8.589342745031E-01  1.190361248317E+00  8.589342773595E-01  1.190361251369E+00
  1.216392720850E+00 -8.777179208972E-01  8.777179208972E-01  1.216392720850E+00  8.777179208972E-01  1.216392720850E+00
  8.893427068925E-01 -4.572412379666E-01  4.569251150785E-01  8.887278427670E-01  4.569251143231E-01  8.887278405298E-01
  9.178594477700E-01 -4.719026612858E-01  4.716123266337E-01  9.172947422681E-01  4.716123256532E-01  9.172947395679E-01
  9.801223233594E-01 -5.039141165923E-01  5.036765124368E-01  9.796601796758E-01  5.036765108622E-01  9.796601757978E-01
  1.065143700366E+00 -5.476264890834E-01  5.474542766414E-01  1.064808744556E+00  5.474542739351E-01  1.064808738701E+00
  1.158213066866E+00 -5.954766058330E-01  5.953690383116E-01  1.158003846008E+00  5.953690340663E-01  1.158003837780E+00
  1.243234443872E+00 -6.391889783241E-01  6.391354690268E-01  1.243130366505E+00  6.391354640765E-01  1.243130357665E+00
  1.305497319461E+00 -6.712004336306E-01  6.711840409525E-01  1.305465434737E+00  6.711840381081E-01  1.305465429865E+00
  1.334014060339E+00 -6.858618569498E-01  6.858618569498E-01  1.334014060339E+00  6.858618569498E-01  1.334014060339E+00
  9.521786388467E-01 -3.055418788382E-01  3.053306345125E-01  9.515203274376E-01  3.053306358357E-01  9.515203295002E-01
  9.827102115494E-01 -3.153390678391E-01  3.151450556090E-01  9.821056017228E-01  3.151450571347E-01  9.821056042558E-01
  1.049372230218E+00 -3.367300522617E-01  3.365712752181E-01  1.048877426178E+00  3.365712772100E-01  1.048877429920E+00
  1.140400737455E+00 -3.659399294784E-01  3.658248477171E-01  1.140042103396E+00  3.658248503132E-01  1.140042109291E+00
  1.240045859662E+00 -3.979147676170E-01  3.978428819802E-01  1.239821838988E+00  3.978428850374E-01  1.239821847631E+00
  1.331074366899E+00 -4.271246448337E-01  4.270888822476E-01  1.330962916903E+00  4.270888850588E-01  1.330962926549E+00
  1.397736385567E+00 -4.485156292563E-01  4.485046718604E-01  1.397702237397E+00  4.485046732918E-01  1.397702242833E+00
  1.428267958270E+00 -4.583128182573E-01  4.583128182573E-01  1.428267958270E+00  4.583128182573E-01  1.428267958270E+00
  9.871732235560E-01 -1.596528317756E-01  1.595424539099E-01  9.864907215685E-01  1.595424523288E-01  9.864907199446E-01
  1.018826896318E+00 -1.647720938990E-01  1.646707205209E-01  1.018200070352E+00  1.646707187340E-01  1.018200068424E+00
  1.087938885574E+00 -1.759493873375E-01  1.758664258198E-01  1.087425903014E+00  1.758664236314E-01  1.087425900316E+00
  1.182312883539E+00 -1.912122365128E-01  1.911521074103E-01  1.181941079079E+00  1.911521049372E-01  1.181941075030E+00
  1.285620175351E+00 -2.079198429261E-01  2.078822846123E-01  1.285387936281E+00  2.078822825843E-01  1.285387930403E+00
  1.379994173316E+00 -2.231826921014E-01  2.231640076903E-01  1.379878644138E+00  2.231640067764E-01  1.379878637297E+00
  1.449106162572E+00 -2.343599855400E-01  2.343542609194E-01  1.449070769151E+00  2.343542607904E-01  1.449070765019E+00
  1.480759835334E+00 -2.394792476634E-01  2.394792476634E-01  1.480759835334E+00  2.394792476634E-01  1.480759835334E+00
  9.987318243030E-01 -5.034623247436E-02  5.031142349137E-02  9.980413281561E-01  5.031142451496E-02  9.980413294024E-01
  1.030756123169E+00 -5.196058254943E-02  5.192861288521E-02  1.030121954475E+00  5.192861407406E-02  1.030121955881E+00
  1.100677329968E+00 -5.548532187056E-02  5.545915788164E-02  1.100158336526E+00  5.545915941553E-02  1.100158338275E+00
  1.196156332949E+00 -6.029843382264E-02  6.027946959166E-02  1.195780168949E+00  6.027947143874E-02  1.195780171013E+00
  1.300673227809E+00 -6.556714736325E-02  6.555530110624E-02  1.300438261554E+00  6.555530277723E-02  1.300438263554E+00
  1.396152230790E+00 -7.038025931534E-02  7.037436613655E-02  1.396035340034E+00  7.037436693178E-02  1.396035341984E+00
  1.466073437589E+00 -7.390499863647E-02  7.390319331980E-02  1.466037624043E+00  7.390319334701E-02  1.466037625574E+00
  1.498097736455E+00 -7.551934871154E-02  7.551934871154E-02  1.498097736455E+00  7.551934871154E-02  1.498097736455E+00
  1.000000000000E+00  2.775557561563E-17 -1.946449216522E-10  9.993086283355E-01 -2.773638619665E-17  9.993086283186E-01
  1.032064962873E+00  2.953553861887E-17 -2.224516224262E-10  1.031429990287E+00 -2.951736703394E-17  1.031429990328E+00
  1.102074954642E+00  3.342187385967E-17 -1.938059064958E-10  1.101555303900E+00 -3.340611476803E-17  1.101555303940E+00
  1.197675195524E+00  3.872875328905E-17  2.900487467609E-10  1.197298555929E+00 -3.871657404257E-17  1.197298555943E+00
  1.302324804476E+00  4.453797355784E-17  1.672349322352E-09  1.302089541918E+00 -4.452992785385E-17  1.302089541866E+00
  1.397925045358E+00  4.984485298722E-17  2.769465262266E-09  1.397808008187E+00 -4.984067987114E-17  1.397808008129E+00
  1.467935037127E+00  5.373118822801E-17  1.319705781859E-09  1.467899179667E+00 -5.372987572751E-17  1.467899179639E+00
  1.500000000000E+00  5.551115123126E-17 -5.551115123126E-17  1.500000000000E+00 -5.551115123126E-17  1.500000000000E+00
