# x y ux uy ux_exact uy_exact
  5.000000000000E-01  1.387778780781E-17 -1.492414110584E-15  3.461538464334E-01 -9.607699251564E-18  3.461538461538E-01
  5.320649628726E-01  1.476776930944E-17  4.999136723953E-09  3.898825673621E-01 -1.082141542155E-17  3.898825796810E-01
  6.020749546417E-01  1.671093692983E-17 -5.588389549159E-09  4.814980013249E-01 -1.336425366536E-17  4.814979826192E-01
  6.976751955244E-01  1.936437664453E-17  7.168332171707E-09  6.004705164341E-01 -1.666640529695E-17  6.004705334795E-01
  8.023248044756E-01  2.226898677892E-17 -7.800713759465E-09  7.253238266088E-01 -2.013177998152E-17  7.253238145848E-01
  8.979250453583E-01  2.492242649361E-17  5.908713325470E-09  8.360845755057E-01 -2.320600884817E-17  8.360845824111E-01
  9.679350371274E-01  2.686559411401E-17 -3.198498270055E-09  9.157580732754E-01 -2.541739237521E-17  9.157580706379E-01
  1.000000000000E+00  2.775557561563E-17 -1.994365815191E-10  9.519230769146E-01 -2.642117294180E-17  9.519230769231E-01
  4.993659121515E-01  2.517311623718E-02 -1.742754306567E-02  3.457148545343E-01 -1.742754201036E-02  3.457148622587E-01
  5.313902110175E-01  2.678746631225E-02 -1.962911720084E-02  3.893881271119E-01 -1.962911899432E-02  3.893881400688E-01
  6.013114178165E-01  3.031220563338E-02 -2.424161548527E-02  4.808873764487E-01 -2.424160936888E-02  4.808873585795E-01
  6.967904207970E-01  3.512531758546E-02 -3.023142101753E-02  5.997090144975E-01 -3.023142907256E-02  5.997090313421E-01
  8.013073156575E-01  4.039403112607E-02 -3.651732981936E-02  7.244039883998E-01 -3.651732138828E-02  7.244039765507E-01
  8.967863186381E-01  4.520714307816E-02 -4.209370305136E-02  8.350242742028E-01 -4.209370875430E-02  8.350242802630E-01
  9.667075254371E-01  4.873188239929E-02 -4.610497259650E-02  9.145967319177E-01 -4.610496871461E-02  9.145967285084E-01
  9.987318243030E-01  5.034623247436E-02 -4.792574161852E-02  9.507158722405E-01 -4.792574052848E-02  9.507158712115E-01
  4.935866117780E-01  7.982641588779E-02 -5.526444258329E-02  3.417138204812E-01 -5.526444176847E-02  3.417138081540E-01
  5.252402845402E-01  8.494567801117E-02 -6.224585376951E-02  3.848816339174E-01 -6.224585790604E-02  3.848816429920E-01
  5.943522737960E-01  9.612297144970E-02 -7.687252441466E-02  4.753219341076E-01 -7.687251641938E-02  4.753219156380E-01
  6.887262717609E-01  1.113858206250E-01 -9.586681098722E-02  5.927684169061E-01 -9.586682106778E-02  5.927684321853E-01
  7.920335635732E-01  1.280934270383E-01 -1.158000101614E-01  7.160202587589E-01 -1.158000009527E-01  7.160202481656E-01
  8.864075615381E-01  1.433562762137E-01 -1.334832634767E-01  8.253603060023E-01 -1.334832711858E-01  8.253603123842E-01
  9.555195507939E-01  1.545335696522E-01 -1.462033712505E-01  9.040118477254E-01 -1.462033691987E-01  9.040118465891E-01
  9.871732235560E-01  1.596528317756E-01 -1.519772135292E-01  9.397129710917E-01 -1.519772148633E-01  9.397129724235E-01
  4.760893194234E-01  1.527709394191E-01 -1.057644929937E-01  3.296002835400E-01 -1.057644965209E-01  3.296002980623E-01
  5.066208921261E-01  1.625681284201E-01 -1.191254486247E-01  3.712378471769E-01 -1.191254559220E-01  3.712378640307E-01
  5.732829107945E-01  1.839591128426E-01 -1.471178087611E-01  4.584721091022E-01 -1.471177982663E-01  4.584720936978E-01
  6.643114180315E-01  2.131689900593E-01 -1.834688827348E-01  5.717552005362E-01 -1.834688949863E-01  5.717552152360E-01
  7.639565402386E-01  2.451438281979E-01 -2.216168121375E-01  6.906378515522E-01 -2.216168010743E-01  6.906378424945E-01
  8.549850474757E-01  2.743537054146E-01 -2.554588468455E-01  7.961018755231E-01 -2.554588541775E-01  7.961018796409E-01
  9.216470661440E-01  2.957446898372E-01 -2.798024457449E-01  8.719652763349E-01 -2.798024414639E-01  8.719652732129E-01
  9.521786388467E-01  3.055418788382E-01 -2.908523663144E-01  9.064008214697E-01 -2.908523654325E-01  9.064008196714E-01
  4.446713534462E-01  2.286206189833E-01 -1.582758188705E-01  3.078494120401E-01 -1.582758131423E-01  3.078493985397E-01
  4.731880943238E-01  2.432820423025E-01 -1.782703868503E-01  3.467392231482E-01 -1.782703933949E-01  3.467392287837E-01
  5.354509699132E-01  2.752934976090E-01 -2.201607468645E-01  4.282167344340E-01 -2.201607336512E-01  4.282167192258E-01
  6.204723469194E-01  3.190058701001E-01 -2.745598761517E-01  5.340240782389E-01 -2.745598900906E-01  5.340240896538E-01
  7.135417134193E-01  3.668559868497E-01 -3.316479713897E-01  6.450614516870E-01 -3.316479589074E-01  6.450614446364E-01
  7.985630904255E-01  4.105683593408E-01 -3.822923410802E-01  7.435657214024E-01 -3.822923495064E-01  7.435657257125E-01
  8.608259660149E-01  4.425798146473E-01 -4.187223574034E-01  8.144227607638E-01 -4.187223538964E-01  8.144227613997E-01
  8.893427068925E-01  4.572412379666E-01 -4.352584857316E-01  8.465858438736E-01 -4.352584861412E-01  8.465858459842E-01
  4.054642402832E-01  2.925726402991E-01 -2.025502838750E-01  2.807060028058E-01 -2.025502894378E-01  2.807060125038E-01
  4.314666319049E-01  3.113353019965E-01 -2.281379414133E-01  3.161668765044E-01 -2.281379514878E-01  3.161668879400E-01
  4.882397281547E-01  3.523013182749E-01 -2.817462872580E-01  3.904604395564E-01 -2.817462721472E-01  3.904604274412E-01
  5.657646862355E-01  4.082413480515E-01 -3.513624825753E-01  4.869386477689E-01 -3.513624988037E-01  4.869386573394E-01
  6.506280346142E-01  4.694765728457E-01 -4.244198201373E-01  5.881857445177E-01 -4.244198070097E-01  5.881857388799E-01
  7.281529926949E-01  5.254166026223E-01 -4.892309385983E-01  6.780047989811E-01 -4.892309475787E-01  6.780048000396E-01
  7.849260889447E-01  5.663826189007E-01 -5.358515169740E-01  7.426143030682E-01 -5.358515132034E-01  7.426143007888E-01
  8.109284805664E-01  5.851452805981E-01 -5.570132959217E-01  7.719415364217E-01 -5.570132959540E-01  7.719415343853E-01
  3.709051039706E-01  3.353049415808E-01 -2.321341939425E-01  2.567804627481E-01 -2.321341903252E-01  2.567804565951E-01
  3.946912207468E-01  3.568080225864E-01 -2.614591004836E-01  2.892188685854E-01 -2.614591112066E-01  2.892188775058E-01
  4.466253472990E-01  4.037574149868E-01 -3.228973226983E-01  3.571801293474E-01 -3.228973058669E-01  3.571801186101E-01
  5.175425818674E-01  4.678678813554E-01 -4.026814575914E-01  4.454351634465E-01 -4.026814742987E-01  4.454351713030E-01
  5.951727300445E-01  5.380469433871E-01 -4.864093322328E-01  5.380526131919E-01 -4.864093185531E-01  5.380526097219E-01
  6.660899646129E-01  6.021574097557E-01 -5.606865750535E-01  6.202160760219E-01 -5.606865841240E-01  6.202160779349E-01
  7.180240911651E-01  6.491068021561E-01 -6.141164166032E-01  6.793186836428E-01 -6.141164127548E-01  6.793186848038E-01
  7.418102079413E-01  6.706098831617E-01 -6.383690232542E-01  7.061462541457E-01 -6.383690233943E-01  7.061462556364E-01
  3.535533905933E-01  3.535533905933E-01 -2.447677321469E-01  2.447677321469E-01 -2.447677319492E-01  2.447677319492E-01
  3.762267432790E-01  3.762267432790E-01 -2.756886037132E-01  2.756886107831E-01 -2.756886159589E-01  2.756886159589E-01
  4.257312832097E-01  4.257312832097E-01 -3.404705058162E-01  3.404704979130E-01 -3.404704886377E-01  3.404704886377E-01
  4.933308618209E-01  4.933308618209E-01 -4.245967690044E-01  4.245967791419E-01 -4.245967861260E-01  4.245967861260E-01
  5.673293099589E-01  5.673293099589E-01 -5.128814018672E-01  5.128813908353E-01 -5.128813878490E-01  5.128813878490E-01
  6.349288885701E-01  6.349288885701E-01 -5.912010688074E-01  5.912010771636E-01 -5.912010778684E-01  5.912010778684E-01
  6.844334285008E-01  6.844334285008E-01 -6.475387458010E-01  6.475387412777E-01 -6.475387416744E-01  6.475387416744E-01
  7.071067811865E-01  7.071067811865E-01 -6.731112629953E-01  6.731112627133E-01 -6.731112628603E-01  6.731112628603E-01
  3.535533905933E-01  3.535533905933E-01 -2.447677321469E-01  2.447677321469E-01 -2.447677319492E-01  2.447677319492E-01
  3.762267432790E-01  3.762267432790E-01 -2.756886037132E-01  2.756886107831E-01 -2.756886159589E-01  2.756886159589E-01
  4.257312832097E-01  4.257312832097E-01 -3.404705058162E-01  3.404704979130E-01 -3.404704886377E-01  3.404704886377E-01
  4.933308618209E-01  4.933308618209E-01 -4.245967690044E-01  4.245967791419E-01 -4.245967861260E-01  4.245967861260E-01
  5.673293099589E-01  5.673293099589E-01 -5.128814018672E-01  5.128813908353E-01 -5.128813878490E-01  5.128813878490E-01
  6.349288885701E-01  6.349288885701E-01 -5.912010688074E-01  5.912010771636E-01 -5.912010778684E-01  5.912010778684E-01
  6.844334285008E-01  6.844334285008E-01 -6.475387458010E-01  6.475387412777E-01 -6.475387416744E-01  6.475387416744E-01
  7.071067811865E-01  7.071067811865E-01 -6.731112629953E-01  6.731112627133E-01 -6.731112628603E-01  6.731112628603E-01
  3.353049415808E-01  3.709051039706E-01 -2.567804518793E-01  2.321341841170E-01 -2.567804565951E-01  2.321341903252E-01
  3.568080225864E-01  3.946912207468E-01 -2.892188670757E-01  2.614591033129E-01 -2.892188775058E-01  2.614591112066E-01
  4.037574149868E-01  4.466253472990E-01 -3.571801355705E-01  3.228973141774E-01 -3.571801186101E-01  3.228973058669E-01
  4.678678813554E-01  5.175425818674E-01 -4.454351536962E-01  4.026814680835E-01 -4.454351713030E-01  4.026814742987E-01
  5.380469433871E-01  5.951727300445E-01 -5.380526240622E-01  4.864093209700E-01 -5.380526097219E-01  4.864093185531E-01
  6.021574097557E-01  6.660899646129E-01 -6.202160696170E-01  5.606865838713E-01 -6.202160779349E-01  5.606865841240E-01
  6.491068021561E-01  7.180240911651E-01 -6.793186899595E-01  6.141164124207E-01 -6.793186848038E-01  6.141164127548E-01
  6.706098831617E-01  7.418102079413E-01 -7.061462571348E-01  6.383690233511E-01 -7.061462556364E-01  6.383690233943E-01
  2.925726402991E-01  4.054642402832E-01 -2.807060217966E-01  2.025502975783E-01 -2.807060125038E-01  2.025502894378E-01
  3.113353019965E-01  4.314666319049E-01 -3.161668785983E-01  2.281379479959E-01 -3.161668879400E-01  2.281379514878E-01
  3.523013182749E-01  4.882397281547E-01 -3.904604461547E-01  2.817462795536E-01 -3.904604274412E-01  2.817462721472E-01
  4.082413480515E-01  5.657646862355E-01 -4.869386394073E-01  3.513624951277E-01 -4.869386573394E-01  3.513624988037E-01
  4.694765728457E-01  6.506280346142E-01 -5.881857528820E-01  4.244198079888E-01 -5.881857388799E-01  4.244198070097E-01
  5.254166026223E-01  7.281529926949E-01 -6.780047900757E-01  4.892309485171E-01 -6.780048000396E-01  4.892309475787E-01
  5.663826189007E-01  7.849260889447E-01 -7.426143030432E-01  5.358515125561E-01 -7.426143007888E-01  5.358515132034E-01
  5.851452805981E-01  8.109284805664E-01 -7.719415325002E-01  5.570132959555E-01 -7.719415343853E-01  5.570132959540E-01
  2.286206189833E-01  4.446713534462E-01 -3.078493857767E-01  1.582758053676E-01 -3.078493985397E-01  1.582758131423E-01
  2.432820423025E-01  4.731880943238E-01 -3.467392117063E-01  1.782703866375E-01 -3.467392287837E-01  1.782703933949E-01
  2.752934976090E-01  5.354509699132E-01 -4.282167375393E-01  2.201607371228E-01 -4.282167192258E-01  2.201607336512E-01
  3.190058701001E-01  6.204723469194E-01 -5.340240705963E-01  2.745598883594E-01 -5.340240896538E-01  2.745598900906E-01
  3.668559868497E-01  7.135417134193E-01 -6.450614588640E-01  3.316479574893E-01 -6.450614446364E-01  3.316479589074E-01
  4.105683593408E-01  7.985630904255E-01 -7.435657176163E-01  3.822923517791E-01 -7.435657257125E-01  3.822923495064E-01
  4.425798146473E-01  8.608259660149E-01 -8.144227666344E-01  4.187223530768E-01 -8.144227613997E-01  4.187223538964E-01
  4.572412379666E-01  8.893427068925E-01 -8.465858478793E-01  4.352584867892E-01 -8.465858459842E-01  4.352584861412E-01
  1.527709394191E-01  4.760893194234E-01 -3.296003116590E-01  1.057645020167E-01 -3.296002980623E-01  1.057644965209E-01
  1.625681284201E-01  5.066208921261E-01 -3.712378554180E-01  1.191254565648E-01 -3.712378640307E-01  1.191254559220E-01
  1.839591128426E-01  5.732829107945E-01 -4.584721137948E-01  1.471177996768E-01 -4.584720936978E-01  1.471177982663E-01
  2.131689900593E-01  6.643114180315E-01 -5.717551973082E-01  1.834688967710E-01 -5.717552152360E-01  1.834688949863E-01
  2.451438281979E-01  7.639565402386E-01 -6.906378563063E-01  2.216167972335E-01 -6.906378424945E-01  2.216168010743E-01
  2.743537054146E-01  8.549850474757E-01 -7.961018706350E-01  2.554588570880E-01 -7.961018796409E-01  2.554588541775E-01
  2.957446898372E-01  9.216470661440E-01 -8.719652752431E-01  2.798024385344E-01 -8.719652732129E-01  2.798024414639E-01
  3.055418788382E-01  9.521786388467E-01 -9.064008178893E-01  2.908523642298E-01 -9.064008196714E-01  2.908523654325E-01
  7.982641588779E-02  4.935866117780E-01 -3.417137973630E-01  5.526443884446E-02 -3.417138081540E-01  5.526444176847E-02
  8.494567801117E-02  5.252402845402E-01 -3.848816277821E-01  6.224585694352E-02 -3.848816429920E-01  6.224585790604E-02
  9.612297144970E-02  5.943522737960E-01 -4.753219348896E-01  7.687251430113E-02 -4.753219156380E-01  7.687251641938E-02
  1.113858206250E-01  6.887262717609E-01 -5.927684139427E-01  9.586682577570E-02 -5.927684321853E-01  9.586682106778E-02
  1.280934270383E-01  7.920335635732E-01 -7.160202614348E-01  1.157999956567E-01 -7.160202481656E-01  1.158000009527E-01
  1.433562762137E-01  8.864075615381E-01 -8.253603052857E-01  1.334832767875E-01 -8.253603123842E-01  1.334832711858E-01
  1.545335696522E-01  9.555195507939E-01 -9.040118508670E-01  1.462033681442E-01 -9.040118465891E-01  1.462033691987E-01
  1.596528317756E-01  9.871732235560E-01 -9.397129738406E-01  1.519772163261E-01 -9.397129724235E-01  1.519772148633E-01
  2.517311623718E-02  4.993659121515E-01 -3.457148691674E-01  1.742754380332E-02 -3.457148622587E-01  1.742754201036E-02
  2.678746631225E-02  5.313902110175E-01 -3.893881261787E-01  1.962912026900E-02 -3.893881400688E-01  1.962911899432E-02
  3.031220563338E-02  6.013114178165E-01 -4.808873780735E-01  2.424160505966E-02 -4.808873585795E-01  2.424160936888E-02
  3.512531758546E-02  6.967904207970E-01 -5.997090139730E-01  3.023143533100E-02 -5.997090313421E-01  3.023142907256E-02
  4.039403112607E-02  8.013073156575E-01 -7.244039886773E-01  3.651731416889E-02 -7.244039765507E-01  3.651732138828E-02
  4.520714307816E-02  8.967863186381E-01 -8.350242724966E-01  4.209371381538E-02 -8.350242802630E-01  4.209370875430E-02
  4.873188239929E-02  9.667075254371E-01 -9.145967304087E-01  4.610496517245E-02 -9.145967285084E-01  4.610496871461E-02
  5.034623247436E-02  9.987318243030E-01 -9.507158700584E-01  4.792573957339E-02 -9.507158712115E-01  4.792574052848E-02
  3.061616997868E-17  5.000000000000E-01 -3.461538464334E-01  1.321153488391E-15 -3.461538461538E-01  2.119580998524E-17
  3.257958268602E-17  5.320649628726E-01 -3.898825673621E-01  4.999137276443E-09 -3.898825796810E-01  2.387342266248E-17
  3.686645830244E-17  6.020749546417E-01 -4.814980013249E-01 -5.588389764715E-09 -4.814979826192E-01  2.948324816053E-17
  4.272028475217E-17  6.976751955244E-01 -6.004705164341E-01  7.168331889482E-09 -6.004705334795E-01  3.676821584040E-17
  4.912822518388E-17  8.023248044756E-01 -7.253238266088E-01 -7.800713925903E-09 -7.253238145848E-01  4.441327439383E-17
  5.498205163361E-17  8.979250453583E-01 -8.360845755057E-01  5.908713170743E-09 -8.360845824111E-01  5.119541538331E-17
  5.926892725003E-17  9.679350371274E-01 -9.157580732754E-01 -3.198498449011E-09 -9.157580706379E-01  5.607400950000E-17
  6.123233995737E-17  1.000000000000E+00 -9.519230769146E-01 -1.994367648567E-10 -9.519230769231E-01  5.828847745942E-17
  3.061616997868E-17  5.000000000000E-01 -3.461538464334E-01  1.321153488391E-15 -3.461538461538E-01  2.119580998524E-17
  3.257958268602E-17  5.320649628726E-01 -3.898825673621E-01  4.999137276443E-09 -3.898825796810E-01  2.387342266248E-17
  3.686645830244E-17  6.020749546417E-01 -4.814980013249E-01 -5.588389764715E-09 -4.814979826192E-01  2.948324816053E-17
  4.272028475217E-17  6.976751955244E-01 -6.004705164341E-01  7.168331889482E-09 -6.004705334795E-01  3.676821584040E-17
  4.912822518388E-17  8.023248044756E-01 -7.253238266088E-01 -7.800713925903E-09 -7.253238145848E-01  4.441327439383E-17
  5.498205163361E-17  8.979250453583E-01 -8.360845755057E-01  5.908713170743E-09 -8.360845824111E-01  5.119541538331E-17
  5.926892725003E-17  9.679350371274E-01 -9.157580732754E-01 -3.198498449011E-09 -9.157580706379E-01  5.607400950000E-17
  6.123233995737E-17  1.000000000000E+00 -9.519230769146E-01 -1.994367648567E-10 -9.519230769231E-01  5.828847745942E-17
 -2.517311623718E-02  4.993659121515E-01 -3.457148545343E-01 -1.742754306567E-02 -3.457148622587E-01 -1.742754201036E-02
 -2.678746631225E-02  5.313902110175E-01 -3.893881271119E-01 -1.962911720084E-02 -3.893881400688E-01 -1.962911899432E-02
 -3.031220563338E-02  6.013114178165E-01 -4.808873764487E-01 -2.424161548527E-02 -4.808873585795E-01 -2.424160936888E-02
 -3.512531758546E-02  6.967904207970E-01 -5.997090144975E-01 -3.023142101753E-02 -5.997090313421E-01 -3.023142907256E-02
 -4.039403112607E-02  8.013073156575E-01 -7.244039883998E-01 -3.651732981936E-02 -7.244039765507E-01 -3.651732138828E-02
 -4.520714307816E-02  8.967863186381E-01 -8.350242742028E-01 -4.209370305136E-02 -8.350242802630E-01 -4.209370875430E-02
 -4.873188239929E-02  9.667075254371E-01 -9.145967319177E-01 -4.610497259650E-02 -9.145967285084E-01 -4.610496871461E-02
 -5.034623247436E-02  9.987318243030E-01 -9.507158722405E-01 -4.792574161852E-02 -9.507158712115E-01 -4.792574052848E-02
 -7.982641588779E-02  4.935866117780E-01 -3.417138204812E-01 -5.526444258329E-02 -3.417138081540E-01 -5.526444176847E-02
 -8.494567801117E-02  5.252402845402E-01 -3.848816339174E-01 -6.224585376951E-02 -3.848816429920E-01 -6.224585790604E-02
 -9.612297144970E-02  5.943522737960E-01 -4.753219341076E-01 -7.687252441466E-02 -4.753219156380E-01 -7.687251641938E-02
 -1.113858206250E-01  6.887262717609E-01 -5.927684169061E-01 -9.586681098722E-02 -5.927684321853E-01 -9.586682106778E-02
 -1.280934270383E-01  7.920335635732E-01 -7.160202587589E-01 -1.158000101614E-01 -7.160202481656E-01 -1.158000009527E-01
 -1.433562762137E-01  8.864075615381E-01 -8.253603060023E-01 -1.334832634767E-01 -8.253603123842E-01 -1.334832711858E-01
 -1.545335696522E-01  9.555195507939E-01 -9.040118477254E-01 -1.462033712505E-01 -9.040118465891E-01 -1.462033691987E-01
 -1.596528317756E-01  9.871732235560E-01 -9.397129710917E-01 -1.519772135292E-01 -9.397129724235E-01 -1.519772148633E-01
 -1.527709394191E-01  4.760893194234E-01 -3.296002835400E-01 -1.057644929937E-01 -3.296002980623E-01 -1.057644965209E-01
 -1.625681284201E-01  5.066208921261E-01 -3.712378471769E-01 -1.191254486247E-01 -3.712378640307E-01 -1.191254559220E-01
 -1.839591128426E-01  5.732829107945E-01 -4.584721091022E-01 -1.471178087611E-01 -4.584720936978E-01 -1.471177982663E-01
 -2.131689900593E-01  6.643114180315E-01 -5.717552005362E-01 -1.834688827348E-01 -5.717552152360E-01 -1.834688949863E-01
 -2.451438281979E-01  7.639565402386E-01 -6.906378515522E-01 -2.216168121375E-01 -6.906378424945E-01 -2.216168010743E-01
 -2.743537054146E-01  8.549850474757E-01 -7.961018755231E-01 -2.554588468455E-01 -7.961018796409E-01 -2.554588541775E-01
 -2.957446898372E-01  9.216470661440E-01 -8.719652763349E-01 -2.798024457449E-01 -8.719652732129E-01 -2.798024414639E-01
 -3.055418788382E-01  9.521786388467E-01 -9.064008214697E-01 -2.908523663144E-01 -9.064008196714E-01 -2.908523654325E-01
 -2.286206189833E-01  4.446713534462E-01 -3.078494120401E-01 -1.582758188705E-01 -3.078493985397E-01 -1.582758131423E-01
 -2.432820423025E-01  4.731880943238E-01 -3.467392231482E-01 -1.782703868503E-01 -3.467392287837E-01 -1.782703933949E-01
 -2.752934976090E-01  5.354509699132E-01 -4.282167344340E-01 -2.201607468645E-01 -4.282167192258E-01 -2.201607336512E-01
 -3.190058701001E-01  6.204723469194E-01 -5.340240782389E-01 -2.745598761517E-01 -5.340240896538E-01 -2.745598900906E-01
 -3.668559868497E-01  7.135417134193E-01 -6.450614516870E-01 -3.316479713897E-01 -6.450614446364E-01 -3.316479589074E-01
 -4.105683593408E-01  7.985630904255E-01 -7.435657214024E-01 -3.822923410802E-01 -7.435657257125E-01 -3.822923495064E-01
 -4.425798146473E-01  8.608259660149E-01 -8.144227607638E-01 -4.187223574034E-01 -8.144227613997E-01 -4.187223538964E-01
 -4.572412379666E-01  8.893427068925E-01 -8.465858438736E-01 -4.352584857316E-01 -8.465858459842E-01 -4.352584861412E-01
 -2.925726402991E-01  4.054642402832E-01 -2.807060028058E-01 -2.025502838750E-01 -2.807060125038E-01 -2.025502894378E-01
 -3.113353019965E-01  4.314666319049E-01 -3.161668765044E-01 -2.281379414133E-01 -3.161668879400E-01 -2.281379514878E-01
 -3.523013182749E-01  4.882397281547E-01 -3.904604395564E-01 -2.817462872580E-01 -3.904604274412E-01 -2.817462721472E-01
 -4.082413480515E-01  5.657646862355E-01 -4.869386477689E-01 -3.513624825753E-01 -4.869386573394E-01 -3.513624988037E-01
 -4.694765728457E-01  6.506280346142E-01 -5.881857445177E-01 -4.244198201373E-01 -5.881857388799E-01 -4.244198070097E-01
 -5.254166026223E-01  7.281529926949E-01 -6.780047989811E-01 -4.892309385983E-01 -6.780048000396E-01 -4.892309475787E-01
 -5.663826189007E-01  7.849260889447E-01 -7.426143030682E-01 -5.358515169740E-01 -7.426143007888E-01 -5.358515132034E-01
 -5.851452805981E-01  8.109284805664E-01 -7.719415364217E-01 -5.570132959217E-01 -7.719415343853E-01 -5.570132959540E-01
 -3.353049415808E-01  3.709051039706E-01 -2.567804627481E-01 -2.321341939425E-01 -2.567804565951E-01 -2.321341903252E-01
 -3.568080225864E-01  3.946912207468E-01 -2.892188685854E-01 -2.614591004836E-01 -2.892188775058E-01 -2.614591112066E-01
 -4.037574149868E-01  4.466253472990E-01 -3.571801293474E-01 -3.228973226983E-01 -3.571801186101E-01 -3.228973058669E-01
 -4.678678813554E-01  5.175425818674E-01 -4.454351634465E-01 -4.026814575914E-01 -4.454351713030E-01 -4.026814742987E-01
 -5.380469433871E-01  5.951727300445E-01 -5.380526131919E-01 -4.864093322328E-01 -5.380526097219E-01 -4.864093185531E-01
 -6.021574097557E-01  6.660899646129E-01 -6.202160760219E-01 -5.606865750535E-01 -6.202160779349E-01 -5.606865841240E-01
 -6.491068021561E-01  7.180240911651E-01 -6.793186836428E-01 -6.141164166032E-01 -6.793186848038E-01 -6.141164127548E-01
 -6.706098831617E-01  7.418102079413E-01 -7.061462541457E-01 -6.383690232542E-01 -7.061462556364E-01 -6.383690233943E-01
 -3.535533905933E-01  3.535533905933E-01 -2.447677321469E-01 -2.447677321469E-01 -2.447677319492E-01 -2.447677319492E-01
 -3.762267432790E-01  3.762267432790E-01 -2.756886107831E-01 -2.756886037132E-01 -2.756886159589E-01 -2.756886159589E-01
 -4.257312832097E-01  4.257312832097E-01 -3.404704979130E-01 -3.404705058162E-01 -3.404704886377E-01 -3.404704886377E-01
 -4.933308618209E-01  4.933308618209E-01 -4.245967791419E-01 -4.245967690044E-01 -4.245967861260E-01 -4.245967861260E-01
 -5.673293099589E-01  5.673293099589E-01 -5.128813908353E-01 -5.128814018672E-01 -5.128813878490E-01 -5.128813878490E-01
 -6.349288885701E-01  6.349288885701E-01 -5.912010771636E-01 -5.912010688074E-01 -5.912010778684E-01 -5.912010778684E-01
 -6.844334285008E-01  6.844334285008E-01 -6.475387412777E-01 -6.475387458010E-01 -6.475387416744E-01 -6.475387416744E-01
 -7.071067811865E-01  7.071067811865E-01 -6.731112627133E-01 -6.731112629953E-01 -6.731112628603E-01 -6.731112628603E-01
 -3.535533905933E-01  3.535533905933E-01 -2.447677321469E-01 -2.447677321469E-01 -2.447677319492E-01 -2.447677319492E-01
 -3.762267432790E-01  3.762267432790E-01 -2.756886107831E-01 -2.756886037132E-01 -2.756886159589E-01 -2.756886159589E-01
 -4.257312832097E-01  4.257312832097E-01 -3.404704979130E-01 -3.404705058162E-01 -3.404704886377E-01 -3.404704886377E-01
 -4.933308618209E-01  4.933308618209E-01 -4.245967791419E-01 -4.245967690044E-01 -4.245967861260E-01 -4.245967861260E-01
 -5.673293099589E-01  5.673293099589E-01 -5.128813908353E-01 -5.128814018672E-01 -5.128813878490E-01 -5.128813878490E-01
 -6.349288885701E-01  6.349288885701E-01 -5.912010771636E-01 -5.912010688074E-01 -5.912010778684E-01 -5.912010778684E-01
 -6.844334285008E-01  6.844334285008E-01 -6.475387412777E-01 -6.475387458010E-01 -6.475387416744E-01 -6.475387416744E-01
 -7.071067811865E-01  7.071067811865E-01 -6.731112627133E-01 -6.731112629953E-01 -6.731112628603E-01 -6.731112628603E-01
 -3.709051039706E-01  3.353049415808E-01 -2.321341841170E-01 -2.567804518793E-01 -2.321341903252E-01 -2.567804565951E-01
 -3.946912207468E-01  3.568080225864E-01 -2.614591033129E-01 -2.892188670757E-01 -2.614591112066E-01 -2.892188775058E-01
 -4.466253472990E-01  4.037574149868E-01 -3.228973141774E-01 -3.571801355705E-01 -3.228973058669E-01 -3.571801186101E-01
 -5.175425818674E-01  4.678678813554E-01 -4.026814680835E-01 -4.454351536962E-01 -4.026814742987E-01 -4.454351713030E-01
 -5.951727300445E-01  5.380469433871E-01 -4.864093209700E-01 -5.380526240622E-01 -4.864093185531E-01 -5.380526097219E-01
 -6.660899646129E-01  6.021574097557E-01 -5.606865838713E-01 -6.202160696170E-01 -5.606865841240E-01 -6.202160779349E-01
 -7.180240911651E-01  6.491068021561E-01 -6.141164124207E-01 -6.793186899595E-01 -6.141164127548E-01 -6.793186848038E-01
 -7.418102079413E-01  6.706098831617E-01 -6.383690233511E-01 -7.061462571348E-01 -6.383690233943E-01 -7.061462556364E-01
 -4.054642402832E-01  2.925726402991E-01 -2.025502975783E-01 -2.807060217966E-01 -2.025502894378E-01 -2.807060125038E-01
 -4.314666319049E-01  3.113353019965E-01 -2.281379479959E-01 -3.161668785983E-01 -2.281379514878E-01 -3.161668879400E-01
 -4.882397281547E-01  3.523013182749E-01 -2.817462795536E-01 -3.904604461547E-01 -2.817462721472E-01 -3.904604274412E-01
 -5.657646862355E-01  4.082413480515E-01 -3.513624951277E-01 -4.869386394073E-01 -3.513624988037E-01 -4.869386573394E-01
 -6.506280346142E-01  4.694765728457E-01 -4.244198079888E-01 -5.881857528820E-01 -4.244198070097E-01 -5.881857388799E-01
 -7.281529926949E-01  5.254166026223E-01 -4.892309485171E-01 -6.780047900757E-01 -4.892309475787E-01 -6.780048000396E-01
 -7.849260889447E-01  5.663826189007E-01 -5.358515125561E-01 -7.426143030432E-01 -5.358515132034E-01 -7.426143007888E-01
 -8.109284805664E-01  5.851452805981E-01 -5.570132959555E-01 -7.719415325002E-01 -5.570132959540E-01 -7.719415343853E-01
 -4.446713534462E-01  2.286206189833E-01 -1.582758053676E-01 -3.078493857767E-01 -1.582758131423E-01 -3.078493985397E-01
 -4.731880943238E-01  2.432820423025E-01 -1.782703866375E-01 -3.467392117063E-01 -1.782703933949E-01 -3.467392287837E-01
 -5.354509699132E-01  2.752934976090E-01 -2.201607371228E-01 -4.282167375393E-01 -2.201607336512E-01 -4.282167192258E-01
 -6.204723469194E-01  3.190058701001E-01 -2.745598883594E-01 -5.340240705963E-01 -2.745598900906E-01 -5.340240896538E-01
 -7.135417134193E-01  3.668559868497E-01 -3.316479574893E-01 -6.450614588640E-01 -3.316479589074E-01 -6.450614446364E-01
 -7.985630904255E-01  4.105683593408E-01 -3.822923517791E-01 -7.435657176163E-01 -3.822923495064E-01 -7.435657257125E-01
 -8.608259660149E-01  4.425798146473E-01 -4.187223530768E-01 -8.144227666344E-01 -4.187223538964E-01 -8.144227613997E-01
 -8.893427068925E-01  4.572412379666E-01 -4.352584867892E-01 -8.465858478793E-01 -4.352584861412E-01 -8.465858459842E-01
 -4.760893194234E-01  1.527709394191E-01 -1.057645020167E-01 -3.296003116590E-01 -1.057644965209E-01 -3.296002980623E-01
 -5.066208921261E-01  1.625681284201E-01 -1.191254565648E-01 -3.712378554180E-01 -1.191254559220E-01 -3.712378640307E-01
 -5.732829107945E-01  1.839591128426E-01 -1.471177996768E-01 -4.584721137948E-01 -1.471177982663E-01 -4.584720936978E-01
 -6.643114180315E-01  2.131689900593E-01 -1.834688967710E-01 -5.717551973082E-01 -1.834688949863E-01 -5.717552152360E-01
 -7.639565402386E-01  2.451438281979E-01 -2.216167972335E-01 -6.906378563063E-01 -2.216168010743E-01 -6.906378424945E-01
 -8.549850474757E-01  2.743537054146E-01 -2.554588570880E-01 -7.961018706350E-01 -2.554588541775E-01 -7.961018796409E-01
 -9.216470661440E-01  2.957446898372E-01 -2.798024385344E-01 -8.719652752431E-01 -2.798024414639E-01 -8.719652732129E-01
 -9.521786388467E-01  3.055418788382E-01 -2.908523642298E-01 -9.064008178893E-01 -2.908523654325E-01 -9.064008196714E-01
 -4.935866117780E-01  7.982641588779E-02 -5.526443884446E-02 -3.417137973630E-01 -5.526444176847E-02 -3.417138081540E-01
 -5.252402845402E-01  8.494567801117E-02 -6.224585694352E-02 -3.848816277821E-01 -6.224585790604E-02 -3.848816429920E-01
 -5.943522737960E-01  9.612297144970E-02 -7.687251430113E-02 -4.753219348896E-01 -7.687251641938E-02 -4.753219156380E-01
 -6.887262717609E-01  1.113858206250E-01 -9.586682577570E-02 -5.927684139427E-01 -9.586682106778E-02 -5.927684321853E-01
 -7.920335635732E-01  1.280934270383E-01 -1.157999956567E-01 -7.160202614348E-01 -1.158000009527E-01 -7.160202481656E-01
 -8.864075615381E-01  1.433562762137E-01 -1.334832767875E-01 -8.253603052857E-01 -1.334832711858E-01 -8.253603123842E-01
 -9.555195507939E-01  1.545335696522E-01 -1.462033681442E-01 -9.040118508670E-01 -1.462033691987E-01 -9.040118465891E-01
 -9.871732235560E-01  1.596528317756E-01 -1.519772163261E-01 -9.397129738406E-01 -1.519772148633E-01 -9.397129724235E-01
 -4.993659121515E-01  2.517311623718E-02 -1.742754380333E-02 -3.457148691674E-01 -1.742754201036E-02 -3.457148622587E-01
 -5.313902110175E-01  2.678746631225E-02 -1.962912026900E-02 -3.893881261787E-01 -1.962911899432E-02 -3.893881400688E-01
 -6.013114178165E-01  3.031220563338E-02 -2.424160505966E-02 -4.808873780735E-01 -2.424160936888E-02 -4.808873585795E-01
 -6.967904207970E-01  3.512531758546E-02 -3.023143533100E-02 -5.997090139730E-01 -3.023142907256E-02 -5.997090313421E-01
 -8.013073156575E-01  4.039403112607E-02 -3.651731416889E-02 -7.244039886773E-01 -3.651732138828E-02 -7.244039765507E-01
 -8.967863186381E-01  4.520714307816E-02 -4.209371381538E-02 -8.350242724966E-01 -4.209370875430E-02 -8.350242802630E-01
 -9.667075254371E-01  4.873188239929E-02 -4.610496517245E-02 -9.145967304087E-01 -4.610496871461E-02 -9.145967285084E-01
 -9.987318243030E-01  5.034623247436E-02 -4.792573957339E-02 -9.507158700584E-01 -4.792574052848E-02 -9.507158712115E-01
 -5.000000000000E-01  8.326672684689E-17  2.935896796443E-16 -3.461538464334E-01 -5.764619550938E-17 -3.461538461538E-01
 -5.320649628726E-01  8.860661585662E-17 -4.999137152701E-09 -3.898825673621E-01 -6.492849252931E-17 -3.898825796810E-01
 -6.020749546417E-01  1.002656215790E-16  5.588389454642E-09 -4.814980013249E-01 -8.018552199216E-17 -4.814979826192E-01
 -6.976751955244E-01  1.161862598672E-16 -7.168332267275E-09 -6.004705164341E-01 -9.999843178168E-17 -6.004705334795E-01
 -8.023248044756E-01  1.336139206735E-16  7.800713603869E-09 -7.253238266088E-01 -1.207906798891E-16 -7.253238145848E-01
 -8.979250453583E-01  1.495345589617E-16 -5.908713369909E-09 -8.360845755057E-01 -1.392360530890E-16 -8.360845824111E-01
 -9.679350371274E-01  1.611935646840E-16  3.198498250380E-09 -9.157580732754E-01 -1.525043542513E-16 -9.157580706379E-01
 -1.000000000000E+00  1.665334536938E-16  1.994365476431E-10 -9.519230769146E-01 -1.585270376508E-16 -9.519230769231E-01
 -5.000000000000E-01  8.326672684689E-17  2.935896796443E-16 -3.461538464334E-01 -5.764619550938E-17 -3.461538461538E-01
 -5.320649628726E-01  8.860661585662E-17 -4.999137152701E-09 -3.898825673621E-01 -6.492849252931E-17 -3.898825796810E-01
 -6.020749546417E-01  1.002656215790E-16  5.588389454642E-09 -4.814980013249E-01 -8.018552199216E-17 -4.814979826192E-01
 -6.976751955244E-01  1.161862598672E-16 -7.168332267275E-09 -6.004705164341E-01 -9.999843178168E-17 -6.004705334795E-01
 -8.023248044756E-01  1.336139206735E-16  7.800713603869E-09 -7.253238266088E-01 -1.207906798891E-16 -7.253238145848E-01
 -8.979250453583E-01  1.495345589617E-16 -5.908713369909E-09 -8.360845755057E-01 -1.392360530890E-16 -8.360845824111E-01
 -9.679350371274E-01  1.611935646840E-16  3.198498250380E-09 -9.157580732754E-01 -1.525043542513E-16 -9.157580706379E-01
 -1.000000000000E+00  1.665334536938E-16  1.994365476431E-10 -9.519230769146E-01 -1.585270376508E-16 -9.519230769231E-01
 -4.993659121515E-01 -2.517311623718E-02  1.742754306567E-02 -3.457148545343E-01  1.742754201036E-02 -3.457148622587E-01
 -5.313902110175E-01 -2.678746631225E-02  1.962911720084E-02 -3.893881271119E-01  1.962911899432E-02 -3.893881400688E-01
 -6.013114178165E-01 -3.031220563338E-02  2.424161548527E-02 -4.808873764487E-01  2.424160936888E-02 -4.808873585795E-01
 -6.967904207970E-01 -3.512531758546E-02  3.023142101753E-02 -5.997090144975E-01  3.023142907256E-02 -5.997090313421E-01
 -8.013073156575E-01 -4.039403112607E-02  3.651732981936E-02 -7.244039883998E-01  3.651732138828E-02 -7.244039765507E-01
 -8.967863186381E-01 -4.520714307816E-02  4.209370305136E-02 -8.350242742028E-01  4.209370875430E-02 -8.350242802630E-01
 -9.667075254371E-01 -4.873188239929E-02  4.610497259650E-02 -9.145967319177E-01  4.610496871461E-02 -9.145967285084E-01
 -9.987318243030E-01 -5.034623247436E-02  4.792574161852E-02 -9.507158722405E-01  4.792574052848E-02 -9.507158712115E-01
 -4.935866117780E-01 -7.982641588779E-02  5.526444258329E-02 -3.417138204812E-01  5.526444176847E-02 -3.417138081540E-01
 -5.252402845402E-01 -8.494567801117E-02  6.224585376951E-02 -3.848816339174E-01  6.224585790604E-02 -3.848816429920E-01
 -5.943522737960E-01 -9.612297144970E-02  7.687252441466E-02 -4.753219341076E-01  7.687251641938E-02 -4.753219156380E-01
 -6.887262717609E-01 -1.113858206250E-01  9.586681098722E-02 -5.927684169061E-01  9.586682106778E-02 -5.927684321853E-01
 -7.920335635732E-01 -1.280934270383E-01  1.158000101614E-01 -7.160202587589E-01  1.158000009527E-01 -7.160202481656E-01
 -8.864075615381E-01 -1.433562762137E-01  1.334832634767E-01 -8.253603060023E-01  1.334832711858E-01 -8.253603123842E-01
 -9.555195507939E-01 -1.545335696522E-01  1.462033712505E-01 -9.040118477254E-01  1.462033691987E-01 -9.040118465891E-01
 -9.871732235560E-01 -1.596528317756E-01  1.519772135292E-01 -9.397129710917E-01  1.519772148633E-01 -9.397129724235E-01
 -4.760893194234E-01 -1.527709394191E-01  1.057644929937E-01 -3.296002835400E-01  1.057644965209E-01 -3.296002980623E-01
 -5.066208921261E-01 -1.625681284201E-01  1.191254486247E-01 -3.712378471769E-01  1.191254559220E-01 -3.712378640307E-01
 -5.732829107945E-01 -1.839591128426E-01  1.471178087611E-01 -4.584721091022E-01  1.471177982663E-01 -4.584720936978E-01
 -6.643114180315E-01 -2.131689900593E-01  1.834688827348E-01 -5.717552005362E-01  1.834688949863E-01 -5.717552152360E-01
 -7.639565402386E-01 -2.451438281979E-01  2.216168121375E-01 -6.906378515522E-01  2.216168010743E-01 -6.906378424945E-01
 -8.549850474757E-01 -2.743537054146E-01  2.554588468455E-01 -7.961018755231E-01  2.554588541775E-01 -7.961018796409E-01
 -9.216470661440E-01 -2.957446898372E-01  2.798024457449E-01 -8.719652763349E-01  2.798024414639E-01 -8.719652732129E-01
 -9.521786388467E-01 -3.055418788382E-01  2.908523663144E-01 -9.064008214697E-01  2.908523654325E-01 -9.064008196714E-01
 -4.446713534462E-01 -2.286206189833E-01  1.582758188705E-01 -3.078494120401E-01  1.582758131423E-01 -3.078493985397E-01
 -4.731880943238E-01 -2.432820423025E-01  1.782703868503E-01 -3.467392231482E-01  1.782703933949E-01 -3.467392287837E-01
 -5.354509699132E-01 -2.752934976090E-01  2.201607468645E-01 -4.282167344340E-01  2.201607336512E-01 -4.282167192258E-01
 -6.204723469194E-01 -3.190058701001E-01  2.745598761517E-01 -5.340240782389E-01  2.745598900906E-01 -5.340240896538E-01
 -7.135417134193E-01 -3.668559868497E-01  3.316479713897E-01 -6.450614516870E-01  3.316479589074E-01 -6.450614446364E-01
 -7.985630904255E-01 -4.105683593408E-01  3.822923410802E-01 -7.435657214024E-01  3.822923495064E-01 -7.435657257125E-01
 -8.608259660149E-01 -4.425798146473E-01  4.187223574034E-01 -8.144227607638E-01  4.187223538964E-01 -8.144227613997E-01
 -8.893427068925E-01 -4.572412379666E-01  4.352584857316E-01 -8.465858438736E-01  4.352584861412E-01 -8.465858459842E-01
 -4.054642402832E-01 -2.925726402991E-01  2.025502838750E-01 -2.807060028058E-01  2.025502894378E-01 -2.807060125038E-01
 -4.314666319049E-01 -3.113353019965E-01  2.281379414133E-01 -3.161668765044E-01  2.281379514878E-01 -3.161668879400E-01
 -4.882397281547E-01 -3.523013182749E-01  2.817462872580E-01 -3.904604395564E-01  2.817462721472E-01 -3.904604274412E-01
 -5.657646862355E-01 -4.082413480515E-01  3.513624825753E-01 -4.869386477689E-01  3.513624988037E-01 -4.869386573394E-01
 -6.506280346142E-01 -4.694765728457E-01  4.244198201373E-01 -5.881857445177E-01  4.244198070097E-01 -5.881857388799E-01
 -7.281529926949E-01 -5.254166026223E-01  4.892309385983E-01 -6.780047989811E-01  4.892309475787E-01 -6.780048000396E-01
 -7.849260889447E-01 -5.663826189007E-01  5.358515169740E-01 -7.426143030682E-01  5.358515132034E-01 -7.426143007888E-01
 -8.109284805664E-01 -5.851452805981E-01  5.570132959217E-01 -7.719415364217E-01  5.570132959540E-01 -7.719415343853E-01
 -3.709051039706E-01 -3.353049415808E-01  2.321341939425E-01 -2.567804627481E-01  2.321341903252E-01 -2.567804565951E-01
 -3.946912207468E-01 -3.568080225864E-01  2.614591004836E-01 -2.892188685854E-01  2.614591112066E-01 -2.892188775058E-01
 -4.466253472990E-01 -4.037574149868E-01  3.228973226983E-01 -3.571801293474E-01  3.228973058669E-01 -3.571801186101E-01
 -5.175425818674E-01 -4.678678813554E-01  4.026814575914E-01 -4.454351634465E-01  4.026814742987E-01 -4.454351713030E-01
 -5.951727300445E-01 -5.380469433871E-01  4.864093322328E-01 -5.380526131919E-01  4.864093185531E-01 -5.380526097219E-01
 -6.660899646129E-01 -6.021574097557E-01  5.606865750535E-01 -6.202160760219E-01  5.606865841240E-01 -6.202160779349E-01
 -7.180240911651E-01 -6.491068021561E-01  6.141164166032E-01 -6.793186836428E-01  6.141164127548E-01 -6.793186848038E-01
 -7.418102079413E-01 -6.706098831617E-01  6.383690232542E-01 -7.061462541457E-01  6.383690233943E-01 -7.061462556364E-01
 -3.535533905933E-01 -3.535533905933E-01  2.447677321469E-01 -2.447677321469E-01  2.447677319492E-01 -2.447677319492E-01
 -3.762267432790E-01 -3.762267432790E-01  2.756886037132E-01 -2.756886107831E-01  2.756886159589E-01 -2.756886159589E-01
 -4.257312832097E-01 -4.257312832097E-01  3.404705058162E-01 -3.404704979130E-01  3.404704886377E-01 -3.404704886377E-01
 -4.933308618209E-01 -4.933308618209E-01  4.245967690044E-01 -4.245967791419E-01  4.245967861260E-01 -4.245967861260E-01
 -5.673293099589E-01 -5.673293099589E-01  5.128814018672E-01 -5.128813908353E-01  5.128813878490E-01 -5.128813878490E-01
 -6.349288885701E-01 -6.349288885701E-01  5.912010688074E-01 -5.912010771636E-01  5.912010778684E-01 -5.912010778684E-01
 -6.844334285008E-01 -6.844334285008E-01  6.475387458010E-01 -6.475387412777E-01  6.475387416744E-01 -6.475387416744E-01
 -7.071067811865E-01 -7.071067811865E-01  6.731112629953E-01 -6.731112627133E-01  6.731112628603E-01 -6.731112628603E-01
 -3.535533905933E-01 -3.535533905933E-01  2.447677321469E-01 -2.447677321469E-01  2.447677319492E-01 -2.447677319492E-01
 -3.762267432790E-01 -3.762267432790E-01  2.756886037132E-01 -2.756886107831E-01  2.756886159589E-01 -2.756886159589E-01
 -4.257312832097E-01 -4.257312832097E-01  3.404705058162E-01 -3.404704979130E-01  3.404704886377E-01 -3.404704886377E-01
 -4.933308618209E-01 -4.933308618209E-01  4.245967690044E-01 -4.245967791419E-01  4.245967861260E-01 -4.245967861260E-01
 -5.673293099589E-01 -5.673293099589E-01  5.128814018672E-01 -5.128813908353E-01  5.128813878490E-01 -5.128813878490E-01
 -6.349288885701E-01 -6.349288885701E-01  5.912010688074E-01 -5.912010771636E-01  5.912010778684E-01 -5.912010778684E-01
 -6.844334285008E-01 -6.844334285008E-01  6.475387458010E-01 -6.475387412777E-01  6.475387416744E-01 -6.475387416744E-01
 -7.071067811865E-01 -7.071067811865E-01  6.731112629953E-01 -6.731112627133E-01  6.731112628603E-01 -6.731112628603E-01
 -3.353049415808E-01 -3.709051039706E-01  2.567804518793E-01 -2.321341841170E-01  2.567804565951E-01 -2.321341903252E-01
 -3.568080225864E-01 -3.946912207468E-01  2.892188670757E-01 -2.614591033129E-01  2.892188775058E-01 -2.614591112066E-01
 -4.037574149868E-01 -4.466253472990E-01  3.571801355705E-01 -3.228973141774E-01  3.571801186101E-01 -3.228973058669E-01
 -4.678678813554E-01 -5.175425818674E-01  4.454351536962E-01 -4.026814680835E-01  4.454351713030E-01 -4.026814742987E-01
 -5.380469433871E-01 -5.951727300445E-01  5.380526240622E-01 -4.864093209700E-01  5.380526097219E-01 -4.864093185531E-01
 -6.021574097557E-01 -6.660899646129E-01  6.202160696170E-01 -5.606865838713E-01  6.202160779349E-01 -5.606865841240E-01
 -6.491068021561E-01 -7.180240911651E-01  6.793186899595E-01 -6.141164124207E-01  6.793186848038E-01 -6.141164127548E-01
 -6.706098831617E-01 -7.418102079413E-01  7.061462571348E-01 -6.383690233511E-01  7.061462556364E-01 -6.383690233943E-01
 -2.925726402991E-01 -4.054642402832E-01  2.807060217966E-01 -2.025502975783E-01  2.807060125038E-01 -2.025502894378E-01
 -3.113353019965E-01 -4.314666319049E-01  3.161668785983E-01 -2.281379479959E-01  3.161668879400E-01 -2.281379514878E-01
 -3.523013182749E-01 -4.882397281547E-01  3.904604461547E-01 -2.817462795536E-01  3.904604274412E-01 -2.817462721472E-01
 -4.082413480515E-01 -5.657646862355E-01  4.869386394073E-01 -3.513624951277E-01  4.869386573394E-01 -3.513624988037E-01
 -4.694765728457E-01 -6.506280346142E-01  5.881857528820E-01 -4.244198079888E-01  5.881857388799E-01 -4.244198070097E-01
 -5.254166026223E-01 -7.281529926949E-01  6.780047900757E-01 -4.892309485171E-01  6.780048000396E-01 -4.892309475787E-01
 -5.663826189007E-01 -7.849260889447E-01  7.426143030432E-01 -5.358515125561E-01  7.426143007888E-01 -5.358515132034E-01
 -5.851452805981E-01 -8.109284805664E-01  7.719415325002E-01 -5.570132959555E-01  7.719415343853E-01 -5.570132959540E-01
 -2.286206189833E-01 -4.446713534462E-01  3.078493857767E-01 -1.582758053676E-01  3.078493985397E-01 -1.582758131423E-01
 -2.432820423025E-01 -4.731880943238E-01  3.467392117063E-01 -1.782703866375E-01  3.467392287837E-01 -1.782703933949E-01
 -2.752934976090E-01 -5.354509699132E-01  4.282167375393E-01 -2.201607371228E-01  4.282167192258E-01 -2.201607336512E-01
 -3.190058701001E-01 -6.204723469194E-01  5.340240705963E-01 -2.745598883594E-01  5.340240896538E-01 -2.745598900906E-01
 -3.668559868497E-01 -7.135417134193E-01  6.450614588640E-01 -3.316479574893E-01  6.450614446364E-01 -3.316479589074E-01
 -4.105683593408E-01 -7.985630904255E-01  7.435657176163E-01 -3.822923517791E-01  7.435657257125E-01 -3.822923495064E-01
 -4.425798146473E-01 -8.608259660149E-01  8.144227666344E-01 -4.187223530768E-01  8.144227613997E-01 -4.187223538964E-01
 -4.572412379666E-01 -8.893427068925E-01  8.465858478793E-01 -4.352584867892E-01  8.465858459842E-01 -4.352584861412E-01
 -1.527709394191E-01 -4.760893194234E-01  3.296003116590E-01 -1.057645020167E-01  3.296002980623E-01 -1.057644965209E-01
 -1.625681284201E-01 -5.066208921261E-01  3.712378554180E-01 -1.191254565648E-01  3.712378640307E-01 -1.191254559220E-01
 -1.839591128426E-01 -5.732829107945E-01  4.584721137948E-01 -1.471177996768E-01  4.584720936978E-01 -1.471177982663E-01
 -2.131689900593E-01 -6.643114180315E-01  5.717551973082E-01 -1.834688967710E-01  5.717552152360E-01 -1.834688949863E-01
 -2.451438281979E-01 -7.639565402386E-01  6.906378563063E-01 -2.216167972335E-01  6.906378424945E-01 -2.216168010743E-01
 -2.743537054146E-01 -8.549850474757E-01  7.961018706350E-01 -2.554588570880E-01  7.961018796409E-01 -2.554588541775E-01
 -2.957446898372E-01 -9.216470661440E-01  8.719652752431E-01 -2.798024385344E-01  8.719652732129E-01 -2.798024414639E-01
 -3.055418788382E-01 -9.521786388467E-01  9.064008178894E-01 -2.908523642298E-01  9.064008196714E-01 -2.908523654325E-01
 -7.982641588779E-02 -4.935866117780E-01  3.417137973630E-01 -5.526443884446E-02  3.417138081540E-01 -5.526444176847E-02
 -8.494567801117E-02 -5.252402845402E-01  3.848816277821E-01 -6.224585694352E-02  3.848816429920E-01 -6.224585790604E-02
 -9.612297144970E-02 -5.943522737960E-01  4.753219348896E-01 -7.687251430113E-02  4.753219156380E-01 -7.687251641938E-02
 -1.113858206250E-01 -6.887262717609E-01  5.927684139427E-01 -9.586682577570E-02  5.927684321853E-01 -9.586682106778E-02
 -1.280934270383E-01 -7.920335635732E-01  7.160202614348E-01 -1.157999956567E-01  7.160202481656E-01 -1.158000009527E-01
 -1.433562762137E-01 -8.864075615381E-01  8.253603052857E-01 -1.334832767875E-01  8.253603123842E-01 -1.334832711858E-01
 -1.545335696522E-01 -9.555195507939E-01  9.040118508670E-01 -1.462033681442E-01  9.040118465891E-01 -1.462033691987E-01
 -1.596528317756E-01 -9.871732235560E-01  9.397129738406E-01 -1.519772163261E-01  9.397129724235E-01 -1.519772148633E-01
 -2.517311623718E-02 -4.993659121515E-01  3.457148691674E-01 -1.742754380332E-02  3.457148622587E-01 -1.742754201036E-02
 -2.678746631225E-02 -5.313902110175E-01  3.893881261787E-01 -1.962912026900E-02  3.893881400688E-01 -1.962911899432E-02
 -3.031220563338E-02 -6.013114178165E-01  4.808873780735E-01 -2.424160505966E-02  4.808873585795E-01 -2.424160936888E-02
 -3.512531758547E-02 -6.967904207970E-01  5.997090139730E-01 -3.023143533100E-02  5.997090313421E-01 -3.023142907256E-02
 -4.039403112608E-02 -8.013073156575E-01  7.244039886773E-01 -3.651731416889E-02  7.244039765507E-01 -3.651732138828E-02
 -4.520714307816E-02 -8.967863186381E-01  8.350242724966E-01 -4.209371381538E-02  8.350242802630E-01 -4.209370875430E-02
 -4.873188239929E-02 -9.667075254371E-01  9.145967304087E-01 -4.610496517245E-02  9.145967285084E-01 -4.610496871461E-02
 -5.034623247436E-02 -9.987318243030E-01  9.507158700584E-01 -4.792573957339E-02  9.507158712115E-01 -4.792574052848E-02
 -1.081617080995E-16 -5.000000000000E-01  3.461538464334E-01 -2.935896802170E-16  3.461538461538E-01 -7.488118253040E-17
 -1.150981104084E-16 -5.320649628726E-01  3.898825673621E-01 -4.999137050542E-09  3.898825796810E-01 -8.434073155304E-17
 -1.302429109959E-16 -6.020749546417E-01  4.814980013249E-01  5.588389568979E-09  4.814979826192E-01 -1.041592884931E-16
 -1.509234816931E-16 -6.976751955244E-01  6.004705164341E-01 -7.168332133305E-09  6.004705334795E-01 -1.298958371291E-16
 -1.735616426053E-16 -8.023248044756E-01  7.253238266088E-01  7.800713912081E-09  7.253238145848E-01 -1.569045254214E-16
 -1.942422133025E-16 -8.979250453583E-01  8.360845755057E-01 -5.908713140617E-09  8.360845824111E-01 -1.808646730984E-16
 -2.093870138900E-16 -9.679350371274E-01  9.157580732754E-01  3.198498429920E-09  9.157580706379E-01 -1.980999142521E-16
 -2.163234161989E-16 -1.000000000000E+00  9.519230769146E-01  1.994366983971E-10  9.519230769231E-01 -2.059232519586E-16
 -1.081617080995E-16 -5.000000000000E-01  3.461538464334E-01 -2.935896802170E-16  3.461538461538E-01 -7.488118253040E-17
 -1.150981104084E-16 -5.320649628726E-01  3.898825673621E-01 -4.999137050542E-09  3.898825796810E-01 -8.434073155304E-17
 -1.302429109959E-16 -6.020749546417E-01  4.814980013249E-01  5.588389568979E-09  4.814979826192E-01 -1.041592884931E-16
 -1.509234816931E-16 -6.976751955244E-01  6.004705164341E-01 -7.168332133305E-09  6.004705334795E-01 -1.298958371291E-16
 -1.735616426053E-16 -8.023248044756E-01  7.253238266088E-01  7.800713912081E-09  7.253238145848E-01 -1.569045254214E-16
 -1.942422133025E-16 -8.979250453583E-01  8.360845755057E-01 -5.908713140617E-09  8.360845824111E-01 -1.808646730984E-16
 -2.093870138900E-16 -9.679350371274E-01  9.157580732754E-01  3.198498429920E-09  9.157580706379E-01 -1.980999142521E-16
 -2.163234161989E-16 -1.000000000000E+00  9.519230769146E-01  1.994366983971E-10  9.519230769231E-01 -2.059232519586E-16
  2.517311623718E-02 -4.993659121515E-01  3.457148545343E-01  1.742754306567E-02  3.457148622587E-01  1.742754201036E-02
  2.678746631225E-02 -5.313902110175E-01  3.893881271119E-01  1.962911720084E-02  3.893881400688E-01  1.962911899432E-02
  3.031220563338E-02 -6.013114178165E-01  4.808873764487E-01  2.424161548527E-02  4.808873585795E-01  2.424160936888E-02
  3.512531758546E-02 -6.967904207970E-01  5.997090144975E-01  3.023142101753E-02  5.997090313421E-01  3.023142907256E-02
  4.039403112607E-02 -8.013073156575E-01  7.244039883998E-01  3.651732981936E-02  7.244039765507E-01  3.651732138828E-02
  4.520714307816E-02 -8.967863186381E-01  8.350242742028E-01  4.209370305136E-02  8.350242802630E-01  4.209370875430E-02
  4.873188239929E-02 -9.667075254371E-01  9.145967319177E-01  4.610497259650E-02  9.145967285084E-01  4.610496871461E-02
  5.034623247436E-02 -9.987318243030E-01  9.507158722405E-01  4.792574161852E-02  9.507158712115E-01  4.792574052848E-02
  7.982641588779E-02 -4.935866117780E-01  3.417138204812E-01  5.526444258329E-02  3.417138081540E-01  5.526444176847E-02
  8.494567801117E-02 -5.252402845402E-01  3.848816339174E-01  6.224585376951E-02  3.848816429920E-01  6.224585790604E-02
  9.612297144970E-02 -5.943522737960E-01  4.753219341076E-01  7.687252441466E-02  4.753219156380E-01  7.687251641938E-02
  1.113858206250E-01 -6.887262717609E-01  5.927684169061E-01  9.586681098722E-02  5.927684321853E-01  9.586682106778E-02
  1.280934270383E-01 -7.920335635732E-01  7.160202587589E-01  1.158000101614E-01  7.160202481656E-01  1.158000009527E-01
  1.433562762137E-01 -8.864075615381E-01  8.253603060023E-01  1.334832634767E-01  8.253603123842E-01  1.334832711858E-01
  1.545335696522E-01 -9.555195507939E-01  9.040118477254E-01  1.462033712505E-01  9.040118465891E-01  1.462033691987E-01
  1.596528317756E-01 -9.871732235560E-01  9.397129710917E-01  1.519772135292E-01  9.397129724235E-01  1.519772148633E-01
  1.527709394191E-01 -4.760893194234E-01  3.296002835400E-01  1.057644929937E-01  3.296002980623E-01  1.057644965209E-01
  1.625681284201E-01 -5.066208921261E-01  3.712378471769E-01  1.191254486247E-01  3.712378640307E-01  1.191254559220E-01
  1.839591128426E-01 -5.732829107945E-01  4.584721091022E-01  1.471178087611E-01  4.584720936978E-01  1.471177982663E-01
  2.131689900593E-01 -6.643114180315E-01  5.717552005362E-01  1.834688827348E-01  5.717552152360E-01  1.834688949863E-01
  2.451438281979E-01 -7.639565402386E-01  6.906378515522E-01  2.216168121375E-01  6.906378424945E-01  2.216168010743E-01
  2.743537054146E-01 -8.549850474757E-01  7.961018755231E-01  2.554588468455E-01  7.961018796409E-01  2.554588541775E-01
  2.957446898372E-01 -9.216470661440E-01  8.719652763349E-01  2.798024457449E-01  8.719652732129E-01  2.798024414639E-01
  3.055418788382E-01 -9.521786388467E-01  9.064008214697E-01  2.908523663144E-01  9.064008196714E-01  2.908523654325E-01
  2.286206189833E-01 -4.446713534462E-01  3.078494120401E-01  1.582758188705E-01  3.078493985397E-01  1.582758131423E-01
  2.432820423025E-01 -4.731880943238E-01  3.467392231482E-01  1.782703868503E-01  3.467392287837E-01  1.782703933949E-01
  2.752934976090E-01 -5.354509699132E-01  4.282167344340E-01  2.201607468645E-01  4.282167192258E-01  2.201607336512E-01
  3.190058701001E-01 -6.204723469194E-01  5.340240782389E-01  2.745598761517E-01  5.340240896538E-01  2.745598900906E-01
  3.668559868497E-01 -7.135417134193E-01  6.450614516870E-01  3.316479713897E-01  6.450614446364E-01  3.316479589074E-01
  4.105683593408E-01 -7.985630904255E-01  7.435657214024E-01  3.822923410802E-01  7.435657257125E-01  3.822923495064E-01
  4.425798146473E-01 -8.608259660149E-01  8.144227607638E-01  4.187223574034E-01  8.144227613997E-01  4.187223538964E-01
  4.572412379666E-01 -8.893427068925E-01  8.465858438736E-01  4.352584857316E-01  8.465858459842E-01  4.352584861412E-01
  2.925726402991E-01 -4.054642402832E-01  2.807060028058E-01  2.025502838750E-01  2.807060125038E-01  2.025502894378E-01
  3.113353019965E-01 -4.314666319049E-01  3.161668765044E-01  2.281379414133E-01  3.161668879400E-01  2.281379514878E-01
  3.523013182749E-01 -4.882397281547E-01  3.904604395564E-01  2.817462872580E-01  3.904604274412E-01  2.817462721472E-01
  4.082413480515E-01 -5.657646862355E-01  4.869386477689E-01  3.513624825753E-01  4.869386573394E-01  3.513624988037E-01
  4.694765728457E-01 -6.506280346142E-01  5.881857445177E-01  4.244198201373E-01  5.881857388799E-01  4.244198070097E-01
  5.254166026223E-01 -7.281529926949E-01  6.780047989811E-01  4.892309385983E-01  6.780048000396E-01  4.892309475787E-01
  5.663826189007E-01 -7.849260889447E-01  7.426143030682E-01  5.358515169740E-01  7.426143007888E-01  5.358515132034E-01
  5.851452805981E-01 -8.109284805664E-01  7.719415364217E-01  5.570132959217E-01  7.719415343853E-01  5.570132959540E-01
  3.353049415808E-01 -3.709051039706E-01  2.567804627481E-01  2.321341939425E-01  2.567804565951E-01  2.321341903252E-01
  3.568080225864E-01 -3.946912207468E-01  2.892188685854E-01  2.614591004836E-01  2.892188775058E-01  2.614591112066E-01
  4.037574149868E-01 -4.466253472990E-01  3.571801293474E-01  3.228973226983E-01  3.571801186101E-01  3.228973058669E-01
  4.678678813554E-01 -5.175425818674E-01  4.454351634465E-01  4.026814575914E-01  4.454351713030E-01  4.026814742987E-01
  5.380469433871E-01 -5.951727300445E-01  5.380526131919E-01  4.864093322328E-01  5.380526097219E-01  4.864093185531E-01
  6.021574097557E-01 -6.660899646129E-01  6.202160760219E-01  5.606865750535E-01  6.202160779349E-01  5.606865841240E-01
  6.491068021561E-01 -7.180240911651E-01  6.793186836428E-01  6.141164166032E-01  6.793186848038E-01  6.141164127548E-01
  6.706098831617E-01 -7.418102079413E-01  7.061462541457E-01  6.383690232542E-01  7.061462556364E-01  6.383690233943E-01
  3.535533905933E-01 -3.535533905933E-01  2.447677321469E-01  2.447677321469E-01  2.447677319492E-01  2.447677319492E-01
  3.762267432790E-01 -3.762267432790E-01  2.756886107831E-01  2.756886037132E-01  2.756886159589E-01  2.756886159589E-01
  4.257312832097E-01 -4.257312832097E-01  3.404704979130E-01  3.404705058162E-01  3.404704886377E-01  3.404704886377E-01
  4.933308618209E-01 -4.933308618209E-01  4.245967791419E-01  4.245967690044E-01  4.245967861260E-01  4.245967861260E-01
  5.673293099589E-01 -5.673293099589E-01  5.128813908353E-01  5.128814018672E-01  5.128813878490E-01  5.128813878490E-01
  6.349288885701E-01 -6.349288885701E-01  5.912010771636E-01  5.912010688074E-01  5.912010778684E-01  5.912010778684E-01
  6.844334285008E-01 -6.844334285008E-01  6.475387412777E-01  6.475387458010E-01  6.475387416744E-01  6.475387416744E-01
  7.071067811865E-01 -7.071067811865E-01  6.731112627133E-01  6.731112629953E-01  6.731112628603E-01  6.731112628603E-01
  3.535533905933E-01 -3.535533905933E-01  2.447677321469E-01  2.447677321469E-01  2.447677319492E-01  2.447677319492E-01
  3.762267432790E-01 -3.762267432790E-01  2.756886107831E-01  2.756886037132E-01  2.756886159589E-01  2.756886159589E-01
  4.257312832097E-01 -4.257312832097E-01  3.404704979130E-01  3.404705058162E-01  3.404704886377E-01  3.404704886377E-01
  4.933308618209E-01 -4.933308618209E-01  4.245967791419E-01  4.245967690044E-01  4.245967861260E-01  4.245967861260E-01
  5.673293099589E-01 -5.673293099589E-01  5.128813908353E-01  5.128814018672E-01  5.128813878490E-01  5.128813878490E-01
  6.349288885701E-01 -6.349288885701E-01  5.912010771636E-01  5.912010688074E-01  5.912010778684E-01  5.912010778684E-01
  6.844334285008E-01 -6.844334285008E-01  6.475387412777E-01  6.475387458010E-01  6.475387416744E-01  6.475387416744E-01
  7.071067811865E-01 -7.071067811865E-01  6.731112627133E-01  6.731112629953E-01  6.731112628603E-01  6.731112628603E-01
  3.709051039706E-01 -3.353049415808E-01  2.321341841170E-01  2.567804518793E-01  2.321341903252E-01  2.567804565951E-01
  3.946912207468E-01 -3.568080225864E-01  2.614591033129E-01  2.892188670757E-01  2.614591112066E-01  2.892188775058E-01
  4.466253472990E-01 -4.037574149868E-01  3.228973141774E-01  3.571801355705E-01  3.228973058669E-01  3.571801186101E-01
  5.175425818674E-01 -4.678678813554E-01  4.026814680835E-01  4.454351536962E-01  4.026814742987E-01  4.454351713030E-01
  5.951727300445E-01 -5.380469433871E-01  4.864093209700E-01  5.380526240622E-01  4.864093185531E-01  5.380526097219E-01
  6.660899646129E-01 -6.021574097557E-01  5.606865838713E-01  6.202160696170E-01  5.606865841240E-01  6.202160779349E-01
  7.180240911651E-01 -6.491068021561E-01  6.141164124207E-01  6.793186899595E-01  6.141164127548E-01  6.793186848038E-01
  7.418102079413E-01 -6.706098831617E-01  6.383690233511E-01  7.061462571348E-01  6.383690233943E-01  7.061462556364E-01
  4.054642402832E-01 -2.925726402991E-01  2.025502975783E-01  2.807060217966E-01  2.025502894378E-01  2.807060125038E-01
  4.314666319049E-01 -3.113353019965E-01  2.281379479959E-01  3.161668785983E-01  2.281379514878E-01  3.161668879400E-01
  4.882397281547E-01 -3.523013182749E-01  2.817462795536E-01  3.904604461547E-01  2.817462721472E-01  3.904604274412E-01
  5.657646862355E-01 -4.082413480515E-01  3.513624951277E-01  4.869386394073E-01  3.513624988037E-01  4.869386573394E-01
  6.506280346142E-01 -4.694765728457E-01  4.244198079888E-01  5.881857528820E-01  4.244198070097E-01  5.881857388799E-01
  7.281529926949E-01 -5.254166026223E-01  4.892309485171E-01  6.780047900757E-01  4.892309475787E-01  6.780048000396E-01
  7.849260889447E-01 -5.663826189007E-01  5.358515125561E-01  7.426143030432E-01  5.358515132034E-01  7.426143007888E-01
  8.109284805664E-01 -5.851452805981E-01  5.570132959555E-01  7.719415325002E-01  5.570132959540E-01  7.719415343853E-01
  4.446713534462E-01 -2.286206189833E-01  1.582758053676E-01  3.078493857767E-01  1.582758131423E-01  3.078493985397E-01
  4.731880943238E-01 -2.432820423025E-01  1.782703866375E-01  3.467392117063E-01  1.782703933949E-01  3.467392287837E-01
  5.354509699132E-01 -2.752934976090E-01  2.201607371228E-01  4.282167375393E-01  2.201607336512E-01  4.282167192258E-01
  6.204723469194E-01 -3.190058701001E-01  2.745598883594E-01  5.340240705963E-01  2.745598900906E-01  5.340240896538E-01
  7.135417134193E-01 -3.668559868497E-01  3.316479574893E-01  6.450614588640E-01  3.316479589074E-01  6.450614446364E-01
  7.985630904255E-01 -4.105683593408E-01  3.822923517791E-01  7.435657176163E-01  3.822923495064E-01  7.435657257125E-01
  8.608259660149E-01 -4.425798146473E-01  4.187223530768E-01  8.144227666344E-01  4.187223538964E-01  8.144227613997E-01
  8.893427068925E-01 -4.572412379666E-01  4.352584867892E-01  8.465858478793E-01  4.352584861412E-01  8.465858459842E-01
  4.760893194234E-01 -1.527709394191E-01  1.057645020167E-01  3.296003116590E-01  1.057644965209E-01  3.296002980623E-01
  5.066208921261E-01 -1.625681284201E-01  1.191254565648E-01  3.712378554180E-01  1.191254559220E-01  3.712378640307E-01
  5.732829107945E-01 -1.839591128426E-01  1.471177996768E-01  4.584721137948E-01  1.471177982663E-01  4.584720936978E-01
  6.643114180315E-01 -2.131689900593E-01  1.834688967710E-01  5.717551973082E-01  1.834688949863E-01  5.717552152360E-01
  7.639565402386E-01 -2.451438281979E-01  2.216167972335E-01  6.906378563063E-01  2.216168010743E-01  6.906378424945E-01
  8.549850474757E-01 -2.743537054146E-01  2.554588570880E-01  7.961018706350E-01  2.554588541775E-01  7.961018796409E-01
  9.216470661440E-01 -2.957446898372E-01  2.798024385344E-01  8.719652752431E-01  2.798024414639E-01  8.719652732129E-01
  9.521786388467E-01 -3.055418788382E-01  2.908523642298E-01  9.064008178893E-01  2.908523654325E-01  9.064008196714E-01
  4.935866117780E-01 -7.982641588779E-02  5.526443884446E-02  3.417137973630E-01  5.526444176847E-02  3.417138081540E-01
  5.252402845402E-01 -8.494567801117E-02  6.224585694352E-02  3.848816277821E-01  6.224585790604E-02  3.848816429920E-01
  5.943522737960E-01 -9.612297144970E-02  7.687251430113E-02  4.753219348896E-01  7.687251641938E-02  4.753219156380E-01
  6.887262717609E-01 -1.113858206250E-01  9.586682577570E-02  5.927684139427E-01  9.586682106778E-02  5.927684321853E-01
  7.920335635732E-01 -1.280934270383E-01  1.157999956567E-01  7.160202614348E-01  1.158000009527E-01  7.160202481656E-01
  8.864075615381E-01 -1.433562762137E-01  1.334832767875E-01  8.253603052857E-01  1.334832711858E-01  8.253603123842E-01
  9.555195507939E-01 -1.545335696522E-01  1.462033681442E-01  9.040118508670E-01  1.462033691987E-01  9.040118465891E-01
  9.871732235560E-01 -1.596528317756E-01  1.519772163261E-01  9.397129738406E-01  1.519772148633E-01  9.397129724235E-01
  4.993659121515E-01 -2.517311623718E-02  1.742754380333E-02  3.457148691674E-01  1.742754201036E-02  3.457148622587E-01
  5.313902110175E-01 -2.678746631225E-02  1.962912026900E-02  3.893881261787E-01  1.962911899432E-02  3.893881400688E-01
  6.013114178165E-01 -3.031220563338E-02  2.424160505966E-02  4.808873780735E-01  2.424160936888E-02  4.808873585795E-01
  6.967904207970E-01 -3.512531758546E-02  3.023143533100E-02  5.997090139729E-01  3.023142907256E-02  5.997090313421E-01
  8.013073156575E-01 -4.039403112607E-02  3.651731416889E-02  7.244039886773E-01  3.651732138828E-02  7.244039765507E-01
  8.967863186381E-01 -4.520714307816E-02  4.209371381538E-02  8.350242724966E-01  4.209370875430E-02  8.350242802630E-01
  9.667075254371E-01 -4.873188239929E-02  4.610496517245E-02  9.145967304087E-01  4.610496871461E-02  9.145967285084E-01
  9.987318243030E-01 -5.034623247436E-02  4.792573957339E-02  9.507158700584E-01  4.792574052848E-02  9.507158712115E-01
  5.000000000000E-01  1.387778780781E-17 -1.492414110584E-15  3.461538464334E-01 -9.607699251564E-18  3.461538461538E-01
  5.320649628726E-01  1.476776930944E-17  4.999136723953E-09  3.898825673621E-01 -1.082141542155E-17  3.898825796810E-01
  6.020749546417E-01  1.671093692983E-17 -5.588389549159E-09  4.814980013249E-01 -1.336425366536E-17  4.814979826192E-01
  6.976751955244E-01  1.936437664453E-17  7.168332171707E-09  6.004705164341E-01 -1.666640529695E-17  6.004705334795E-01
  8.023248044756E-01  2.226898677892E-17 -7.800713759465E-09  7.253238266088E-01 -2.013177998152E-17  7.253238145848E-01
  8.979250453583E-01  2.492242649361E-17  5.908713325470E-09  8.360845755057E-01 -2.320600884817E-17  8.360845824111E-01
  9.679350371274E-01  2.686559411401E-17 -3.198498270055E-09  9.157580732754E-01 -2.541739237521E-17  9.157580706379E-01
  1.000000000000E+00  2.775557561563E-17 -1.994365815191E-10  9.519230769146E-01 -2.642117294180E-17  9.519230769231E-01
  1.000000000000E+00  2.775557561563E-17 -1.994365815191E-10  9.519230769146E-01 -2.642117294180E-17  9.519230769231E-01
  1.032064962873E+00  2.953553861887E-17 -1.242658644163E-10  9.879099488754E-01 -2.827191455907E-17  9.879099489690E-01
  1.102074954642E+00  3.342187385967E-17 -4.100491584372E-10  1.065939244343E+00 -3.232601087200E-17  1.065939244313E+00
  1.197675195524E+00  3.872875328905E-17  5.786149145955E-10  1.171484258400E+00 -3.788182722592E-17  1.171484258504E+00
  1.302324804476E+00  4.453797355784E-17  1.327465392858E-09  1.285965004680E+00 -4.397848768055E-17  1.285965004567E+00
  1.397925045358E+00  4.984485298722E-17  2.956482622105E-09  1.389786456500E+00 -4.955466091501E-17  1.389786456489E+00
  1.467935037127E+00  5.373118822801E-17  1.187973586093E-09  1.465441562576E+00 -5.363991896240E-17  1.465441562532E+00
  1.500000000000E+00  5.551115123126E-17 -5.551115123126E-17  1.500000000000E+00 -5.551115123126E-17  1.500000000000E+00
  9.987318243030E-01  5.034623247436E-02 -4.792574161852E-02  9.507158722405E-01 -4.792574052848E-02  9.507158712115E-01
  1.030756123169E+00  5.196058254943E-02 -4.973754511172E-02  9.866571067404E-01 -4.973754395453E-02  9.866571055809E-01
  1.100677329968E+00  5.548532187056E-02 -5.366602686652E-02  1.064587447683E+00 -5.366602499774E-02  1.064587446069E+00
  1.196156332949E+00  6.029843382264E-02 -5.897982051587E-02  1.169998612484E+00 -5.897981881872E-02  1.169998610638E+00
  1.300673227809E+00  6.556714736325E-02 -6.474349516566E-02  1.284334177048E+00 -6.474349307382E-02  1.284334175001E+00
  1.396152230790E+00  7.038025931534E-02 -6.997051262381E-02  1.388023965060E+00 -6.997051202813E-02  1.388023963081E+00
  1.466073437589E+00  7.390499863647E-02 -7.377946174262E-02  1.463583126691E+00 -7.377946158485E-02  1.463583125158E+00
  1.498097736455E+00  7.551934871154E-02 -7.551934871154E-02  1.498097736455E+00 -7.551934871154E-02  1.498097736455E+00
  9.871732235560E-01  1.596528317756E-01 -1.519772135292E-01  9.397129710917E-01 -1.519772148633E-01  9.397129724235E-01
  1.018826896318E+00  1.647720938990E-01 -1.577226192749E-01  9.752382472437E-01 -1.577226208922E-01  9.752382489068E-01
  1.087938885574E+00  1.759493873375E-01 -1.701802172029E-01  1.052266677550E+00 -1.701802188553E-01  1.052266679924E+00
  1.182312883539E+00  1.912122365128E-01 -1.870307767782E-01  1.156457887930E+00 -1.870307792507E-01  1.156457891813E+00
  1.285620175351E+00  2.079198429261E-01 -2.053079530446E-01  1.269470213151E+00 -2.053079545434E-01  1.269470218939E+00
  1.379994173316E+00  2.231826921014E-01 -2.218833422496E-01  1.371959969498E+00 -2.218833433419E-01  1.371959976307E+00
  1.449106162572E+00  2.343599855400E-01 -2.339618952443E-01  1.446644667156E+00 -2.339618952599E-01  1.446644671218E+00
  1.480759835334E+00  2.394792476634E-01 -2.394792476634E-01  1.480759835334E+00 -2.394792476634E-01  1.480759835334E+00
  9.521786388467E-01  3.055418788382E-01 -2.908523663144E-01  9.064008214697E-01 -2.908523654325E-01  9.064008196714E-01
  9.827102115494E-01  3.153390678391E-01 -3.018478628711E-01  9.406667527682E-01 -3.018478619309E-01  9.406667505125E-01
  1.049372230218E+00  3.367300522617E-01 -3.256890811202E-01  1.014964582239E+00 -3.256890794348E-01  1.014964578744E+00
  1.140400737455E+00  3.659399294784E-01 -3.579375031166E-01  1.115462292358E+00 -3.579375013728E-01  1.115462286693E+00
  1.240045859662E+00  3.979147676170E-01 -3.929161665902E-01  1.224468416038E+00 -3.929161636155E-01  1.224468407653E+00
  1.331074366899E+00  4.271246448337E-01 -4.246379674969E-01  1.323324985874E+00 -4.246379650996E-01  1.323324976428E+00
  1.397736385567E+00  4.485156292563E-01 -4.477537698413E-01  1.395362157602E+00 -4.477537683437E-01  1.395362152322E+00
  1.428267958270E+00  4.583128182573E-01 -4.583128182573E-01  1.428267958270E+00 -4.583128182573E-01  1.428267958270E+00
  8.893427068925E-01  4.572412379666E-01 -4.352584857316E-01  8.465858438736E-01 -4.352584861412E-01  8.465858459842E-01
  9.178594477700E-01  4.719026612858E-01 -4.517131673673E-01  8.785905056192E-01 -4.517131680661E-01  8.785905081821E-01
  9.801223233594E-01  5.039141165923E-01 -4.873913787968E-01  9.479852891680E-01 -4.873913796669E-01  9.479852929204E-01
  1.065143700366E+00  5.476264890834E-01 -5.356509101444E-01  1.041850975956E+00 -5.356509126169E-01  1.041850981540E+00
  1.158213066866E+00  5.954766058330E-01 -5.879962272128E-01  1.143663590133E+00 -5.879962306699E-01  1.143663598131E+00
  1.243234443872E+00  6.391889783241E-01 -6.354676749820E-01  1.235996440767E+00 -6.354676798743E-01  1.235996449217E+00
  1.305497319461E+00  6.712004336306E-01 -6.700603115813E-01  1.303279761257E+00 -6.700603142200E-01  1.303279766015E+00
  1.334014060339E+00  6.858618569498E-01 -6.858618569498E-01  1.334014060339E+00 -6.858618569498E-01  1.334014060339E+00
  8.109284805664E-01  5.851452805981E-01 -5.570132959217E-01  7.719415364217E-01 -5.570132959540E-01  7.719415343853E-01
  8.369308721881E-01  6.039079422956E-01 -5.780708442237E-01  8.011243162630E-01 -5.780708442952E-01  8.011243138539E-01
  8.937039684379E-01  6.448739585740E-01 -6.237293187202E-01  8.644004949065E-01 -6.237293182142E-01  8.644004917670E-01
  9.712289265187E-01  7.008139883505E-01 -6.854884858863E-01  9.499899542228E-01 -6.854884851588E-01  9.499899497564E-01
  1.056092274897E+00  7.620492131448E-01 -7.524763563262E-01  1.042825652455E+00 -7.524763534367E-01  1.042825647215E+00
  1.133617232978E+00  8.179892429213E-01 -8.132269898944E-01  1.127017424895E+00 -8.132269860539E-01  1.127017419473E+00
  1.190390329228E+00  8.589552591997E-01 -8.574962171639E-01  1.188368302551E+00 -8.574962143082E-01  1.188368299663E+00
  1.216392720850E+00  8.777179208972E-01 -8.777179208972E-01  1.216392720850E+00 -8.777179208972E-01  1.216392720850E+00
  7.418102079413E-01  6.706098831617E-01 -6.383690232542E-01  7.061462541457E-01 -6.383690233943E-01  7.061462556364E-01
  7.655963247174E-01  6.921129641672E-01 -6.625021752107E-01  7.328416829903E-01 -6.625021754524E-01  7.328416846720E-01
  8.175304512697E-01  7.390623565677E-01 -7.148293921619E-01  7.907246101932E-01 -7.148293920863E-01  7.907246124768E-01
  8.884476858381E-01  8.031728229362E-01 -7.856089213049E-01  8.690189788920E-01 -7.856089217214E-01  8.690189814011E-01
  9.660778340152E-01  8.733518849679E-01 -8.623808415205E-01  9.539419647770E-01 -8.623808414627E-01  9.539419674431E-01
  1.036995068584E+00  9.374623513365E-01 -9.320045322096E-01  1.030957778512E+00 -9.320045332059E-01  1.030957780282E+00
  1.088929195136E+00  9.844117437369E-01 -9.827395940859E-01  1.087079509079E+00 -9.827395950302E-01  1.087079510228E+00
  1.112715311912E+00  1.005914824742E+00 -1.005914824742E+00  1.112715311912E+00 -1.005914824742E+00  1.112715311912E+00
  7.071067811865E-01  7.071067811865E-01 -6.731112629953E-01  6.731112627133E-01 -6.731112628603E-01  6.731112628603E-01
  7.297801338723E-01  7.297801338723E-01 -6.985578241393E-01  6.985578239636E-01 -6.985578241177E-01  6.985578241177E-01
  7.792846738030E-01  7.792846738030E-01 -7.537328682980E-01  7.537328677181E-01 -7.537328679867E-01  7.537328679867E-01
  8.468842524142E-01  8.468842524142E-01 -8.283644627585E-01  8.283644635768E-01 -8.283644632418E-01  8.283644632418E-01
  9.208827005522E-01  9.208827005522E-01 -9.093145742391E-01  9.093145761164E-01 -9.093145750979E-01  9.093145750979E-01
  9.884822791634E-01  9.884822791634E-01 -9.827274257015E-01  9.827274298826E-01 -9.827274277848E-01  9.827274277848E-01
  1.037986819094E+00  1.037986819094E+00 -1.036223665490E+00  1.036223667170E+00 -1.036223666299E+00  1.036223666299E+00
  1.060660171780E+00  1.060660171780E+00 -1.060660171780E+00  1.060660171780E+00 -1.060660171780E+00  1.060660171780E+00
  7.071067811865E-01  7.071067811865E-01 -6.731112629953E-01  6.731112627133E-01 -6.731112628603E-01  6.731112628603E-01
  7.297801338723E-01  7.297801338723E-01 -6.985578241393E-01  6.985578239636E-01 -6.985578241177E-01  6.985578241177E-01
  7.792846738030E-01  7.792846738030E-01 -7.537328682980E-01  7.537328677181E-01 -7.537328679867E-01  7.537328679867E-01
  8.468842524142E-01  8.468842524142E-01 -8.283644627585E-01  8.283644635768E-01 -8.283644632418E-01  8.283644632418E-01
  9.208827005522E-01  9.208827005522E-01 -9.093145742391E-01  9.093145761164E-01 -9.093145750979E-01  9.093145750979E-01
  9.884822791634E-01  9.884822791634E-01 -9.827274257015E-01  9.827274298826E-01 -9.827274277848E-01  9.827274277848E-01
  1.037986819094E+00  1.037986819094E+00 -1.036223665490E+00  1.036223667170E+00 -1.036223666299E+00  1.036223666299E+00
  1.060660171780E+00  1.060660171780E+00 -1.060660171780E+00  1.060660171780E+00 -1.060660171780E+00  1.060660171780E+00
  6.706098831617E-01  7.418102079413E-01 -7.061462571348E-01  6.383690233511E-01 -7.061462556364E-01  6.383690233943E-01
  6.921129641672E-01  7.655963247174E-01 -7.328416863101E-01  6.625021754539E-01 -7.328416846720E-01  6.625021754524E-01
  7.390623565677E-01  8.175304512697E-01 -7.907246149394E-01  7.148293919060E-01 -7.907246124768E-01  7.148293920863E-01
  8.031728229362E-01  8.884476858381E-01 -8.690189839063E-01  7.856089218264E-01 -8.690189814011E-01  7.856089217214E-01
  8.733518849679E-01  9.660778340152E-01 -9.539419703700E-01  8.623808414313E-01 -9.539419674431E-01  8.623808414627E-01
  9.374623513365E-01  1.036995068584E+00 -1.030957782103E+00  9.320045341842E-01 -1.030957780282E+00  9.320045332059E-01
  9.844117437369E-01  1.088929195136E+00 -1.087079511424E+00  9.827395960030E-01 -1.087079510228E+00  9.827395950302E-01
  1.005914824742E+00  1.112715311912E+00 -1.112715311912E+00  1.005914824742E+00 -1.112715311912E+00  1.005914824742E+00
  5.851452805981E-01  8.109284805664E-01 -7.719415325002E-01  5.570132959555E-01 -7.719415343853E-01  5.570132959540E-01
  6.039079422956E-01  8.369308721881E-01 -8.011243115343E-01  5.780708442627E-01 -8.011243138539E-01  5.780708442952E-01
  6.448739585740E-01  8.937039684379E-01 -8.644004889203E-01  6.237293177043E-01 -8.644004917670E-01  6.237293182142E-01
  7.008139883505E-01  9.712289265187E-01 -9.499899452624E-01  6.854884841615E-01 -9.499899497564E-01  6.854884851588E-01
  7.620492131448E-01  1.056092274897E+00 -1.042825642063E+00  7.524763504040E-01 -1.042825647215E+00  7.524763534367E-01
  8.179892429213E-01  1.133617232978E+00 -1.127017413885E+00  8.132269820114E-01 -1.127017419473E+00  8.132269860539E-01
  8.589552591997E-01  1.190390329228E+00 -1.188368296780E+00  8.574962114466E-01 -1.188368299663E+00  8.574962143082E-01
  8.777179208972E-01  1.216392720850E+00 -1.216392720850E+00  8.777179208972E-01 -1.216392720850E+00  8.777179208972E-01
  4.572412379666E-01  8.893427068925E-01 -8.465858478793E-01  4.352584867892E-01 -8.465858459842E-01  4.352584861412E-01
  4.719026612858E-01  9.178594477700E-01 -8.785905104419E-01  4.517131689963E-01 -8.785905081821E-01  4.517131680661E-01
  5.039141165923E-01  9.801223233594E-01 -9.479852965840E-01  4.873913809469E-01 -9.479852929204E-01  4.873913796669E-01
  5.476264890834E-01  1.065143700366E+00 -1.041850986779E+00  5.356509153896E-01 -1.041850981540E+00  5.356509126169E-01
  5.954766058330E-01  1.158213066866E+00 -1.143663606163E+00  5.879962344954E-01 -1.143663598131E+00  5.879962306699E-01
  6.391889783241E-01  1.243234443872E+00 -1.235996457591E+00  6.354676848588E-01 -1.235996449217E+00  6.354676798743E-01
  6.712004336306E-01  1.305497319461E+00 -1.303279770808E+00  6.700603168950E-01 -1.303279766015E+00  6.700603142200E-01
  6.858618569498E-01  1.334014060339E+00 -1.334014060339E+00  6.858618569498E-01 -1.334014060339E+00  6.858618569498E-01
  3.055418788382E-01  9.521786388467E-01 -9.064008178893E-01  2.908523642298E-01 -9.064008196714E-01  2.908523654325E-01
  3.153390678391E-01  9.827102115494E-01 -9.406667482061E-01  3.018478606127E-01 -9.406667505125E-01  3.018478619309E-01
  3.367300522617E-01  1.049372230218E+00 -1.014964575475E+00  3.256890773967E-01 -1.014964578744E+00  3.256890794348E-01
  3.659399294784E-01  1.140400737455E+00 -1.115462280996E+00  3.579374991725E-01 -1.115462286693E+00  3.579375013728E-01
  3.979147676170E-01  1.240045859662E+00 -1.224468399553E+00  3.929161604046E-01 -1.224468407653E+00  3.929161636155E-01
  4.271246448337E-01  1.331074366899E+00 -1.323324966993E+00  4.246379625839E-01 -1.323324976428E+00  4.246379650996E-01
  4.485156292563E-01  1.397736385567E+00 -1.395362147091E+00  4.477537668451E-01 -1.395362152322E+00  4.477537683437E-01
  4.583128182573E-01  1.428267958270E+00 -1.428267958270E+00  4.583128182573E-01 -1.428267958270E+00  4.583128182573E-01
  1.596528317756E-01  9.871732235560E-01 -9.397129738406E-01  1.519772163261E-01 -9.397129724235E-01  1.519772148633E-01
  1.647720938990E-01  1.018826896318E+00 -9.752382505598E-01  1.577226226462E-01 -9.752382489068E-01  1.577226208922E-01
  1.759493873375E-01  1.087938885574E+00 -1.052266682501E+00  1.701802207175E-01 -1.052266679924E+00  1.701802188553E-01
  1.912122365128E-01  1.182312883539E+00 -1.156457895486E+00  1.870307818945E-01 -1.156457891813E+00  1.870307792507E-01
  2.079198429261E-01  1.285620175351E+00 -1.269470224687E+00  2.053079562053E-01 -1.269470218939E+00  2.053079545434E-01
  2.231826921014E-01  1.379994173316E+00 -1.371959982857E+00  2.218833444602E-01 -1.371959976307E+00  2.218833433419E-01
  2.343599855400E-01  1.449106162572E+00 -1.446644675279E+00  2.339618952826E-01 -1.446644671218E+00  2.339618952599E-01
  2.394792476634E-01  1.480759835334E+00 -1.480759835334E+00  2.394792476634E-01 -1.480759835334E+00  2.394792476634E-01
  5.034623247436E-02  9.987318243030E-01 -9.507158700584E-01  4.792573957339E-02 -9.507158712115E-01  4.792574052848E-02
  5.196058254943E-02  1.030756123169E+00 -9.866571042210E-01  4.973754293627E-02 -9.866571055809E-01  4.973754395453E-02
  5.548532187056E-02  1.100677329968E+00 -1.064587444508E+00  5.366602332956E-02 -1.064587446069E+00  5.366602499774E-02
  6.029843382264E-02  1.196156332949E+00 -1.169998608570E+00  5.897981733898E-02 -1.169998610638E+00  5.897981881872E-02
  6.556714736325E-02  1.300673227809E+00 -1.284334173157E+00  6.474349114774E-02 -1.284334175001E+00  6.474349307382E-02
  7.038025931534E-02  1.396152230790E+00 -1.388023961125E+00  6.997051148077E-02 -1.388023963081E+00  6.997051202813E-02
  7.390499863647E-02  1.466073437589E+00 -1.463583123678E+00  7.377946144030E-02 -1.463583125158E+00  7.377946158485E-02
  7.551934871154E-02  1.498097736455E+00 -1.498097736455E+00  7.551934871154E-02 -1.498097736455E+00  7.551934871154E-02
  6.123233995737E-17  1.000000000000E+00 -9.519230769146E-01 -1.994367648567E-10 -9.519230769231E-01  5.828847745942E-17
  7.031560467768E-17  1.032064962873E+00 -9.879099488754E-01 -1.242660693926E-10 -9.879099489690E-01  6.730727999477E-17
  9.014782125728E-17  1.102074954642E+00 -1.065939244343E+00 -4.100493262912E-10 -1.065939244313E+00  8.719198278007E-17
  1.172291654245E-16  1.197675195524E+00 -1.171484258400E+00  5.786147226671E-10 -1.171484258504E+00  1.146655808233E-16
  1.468739869314E-16  1.302324804476E+00 -1.285965004680E+00  1.327465414671E-09 -1.285965004567E+00  1.450289563908E-16
  1.739553310987E-16  1.397925045358E+00 -1.389786456500E+00  2.956482930374E-09 -1.389786456489E+00  1.729425794307E-16
  1.937875476782E-16  1.467935037127E+00 -1.465441562576E+00  1.187973803909E-09 -1.465441562532E+00  1.934583748506E-16
  2.028708123986E-16  1.500000000000E+00 -1.500000000000E+00  2.028708123986E-16 -1.500000000000E+00  2.028708123986E-16
  6.123233995737E-17  1.000000000000E+00 -9.519230769146E-01 -1.994367648567E-10 -9.519230769231E-01  5.828847745942E-17
  7.031560467768E-17  1.032064962873E+00 -9.879099488754E-01 -1.242660693926E-10 -9.879099489690E-01  6.730727999477E-17
  9.014782125728E-17  1.102074954642E+00 -1.065939244343E+00 -4.100493262912E-10 -1.065939244313E+00  8.719198278007E-17
  1.172291654245E-16  1.197675195524E+00 -1.171484258400E+00  5.786147226671E-10 -1.171484258504E+00  1.146655808233E-16
  1.468739869314E-16  1.302324804476E+00 -1.285965004680E+00  1.327465414671E-09 -1.285965004567E+00  1.450289563908E-16
  1.739553310987E-16  1.397925045358E+00 -1.389786456500E+00  2.956482930374E-09 -1.389786456489E+00  1.729425794307E-16
  1.937875476782E-16  1.467935037127E+00 -1.465441562576E+00  1.187973803909E-09 -1.465441562532E+00  1.934583748506E-16
  2.028708123986E-16  1.500000000000E+00 -1.500000000000E+00  2.028708123986E-16 -1.500000000000E+00  2.028708123986E-16
 -5.034623247436E-02  9.987318243030E-01 -9.507158722405E-01 -4.792574161852E-02 -9.507158712115E-01 -4.792574052848E-02
 -5.196058254943E-02  1.030756123169E+00 -9.866571067404E-01 -4.973754511172E-02 -9.866571055809E-01 -4.973754395453E-02
 -5.548532187056E-02  1.100677329968E+00 -1.064587447683E+00 -5.366602686652E-02 -1.064587446069E+00 -5.366602499774E-02
 -6.029843382264E-02  1.196156332949E+00 -1.169998612484E+00 -5.897982051587E-02 -1.169998610638E+00 -5.897981881872E-02
 -6.556714736325E-02  1.300673227809E+00 -1.284334177048E+00 -6.474349516566E-02 -1.284334175001E+00 -6.474349307382E-02
 -7.038025931534E-02  1.396152230790E+00 -1.388023965060E+00 -6.997051262381E-02 -1.388023963081E+00 -6.997051202813E-02
 -7.390499863647E-02  1.466073437589E+00 -1.463583126691E+00 -7.377946174262E-02 -1.463583125158E+00 -7.377946158485E-02
 -7.551934871154E-02  1.498097736455E+00 -1.498097736455E+00 -7.551934871154E-02 -1.498097736455E+00 -7.551934871154E-02
 -1.596528317756E-01  9.871732235560E-01 -9.397129710917E-01 -1.519772135292E-01 -9.397129724235E-01 -1.519772148633E-01
 -1.647720938990E-01  1.018826896318E+00 -9.752382472437E-01 -1.577226192749E-01 -9.752382489068E-01 -1.577226208922E-01
 -1.759493873375E-01  1.087938885574E+00 -1.052266677550E+00 -1.701802172029E-01 -1.052266679924E+00 -1.701802188553E-01
 -1.912122365128E-01  1.182312883539E+00 -1.156457887930E+00 -1.870307767782E-01 -1.156457891813E+00 -1.870307792507E-01
 -2.079198429261E-01  1.285620175351E+00 -1.269470213151E+00 -2.053079530446E-01 -1.269470218939E+00 -2.053079545434E-01
 -2.231826921014E-01  1.379994173316E+00 -1.371959969498E+00 -2.218833422496E-01 -1.371959976307E+00 -2.218833433419E-01
 -2.343599855400E-01  1.449106162572E+00 -1.446644667156E+00 -2.339618952443E-01 -1.446644671218E+00 -2.339618952599E-01
 -2.394792476634E-01  1.480759835334E+00 -1.480759835334E+00 -2.394792476634E-01 -1.480759835334E+00 -2.394792476634E-01
 -3.055418788382E-01  9.521786388467E-01 -9.064008214697E-01 -2.908523663144E-01 -9.064008196714E-01 -2.908523654325E-01
 -3.153390678391E-01  9.827102115494E-01 -9.406667527682E-01 -3.018478628711E-01 -9.406667505125E-01 -3.018478619309E-01
 -3.367300522617E-01  1.049372230218E+00 -1.014964582239E+00 -3.256890811202E-01 -1.014964578744E+00 -3.256890794348E-01
 -3.659399294784E-01  1.140400737455E+00 -1.115462292358E+00 -3.579375031166E-01 -1.115462286693E+00 -3.579375013728E-01
 -3.979147676170E-01  1.240045859662E+00 -1.224468416038E+00 -3.929161665902E-01 -1.224468407653E+00 -3.929161636155E-01
 -4.271246448337E-01  1.331074366899E+00 -1.323324985874E+00 -4.246379674969E-01 -1.323324976428E+00 -4.246379650996E-01
 -4.485156292563E-01  1.397736385567E+00 -1.395362157602E+00 -4.477537698413E-01 -1.395362152322E+00 -4.477537683437E-01
 -4.583128182573E-01  1.428267958270E+00 -1.428267958270E+00 -4.583128182573E-01 -1.428267958270E+00 -4.583128182573E-01
 -4.572412379666E-01  8.893427068925E-01 -8.465858438736E-01 -4.352584857316E-01 -8.465858459842E-01 -4.352584861412E-01
 -4.719026612858E-01  9.178594477700E-01 -8.785905056192E-01 -4.517131673673E-01 -8.785905081821E-01 -4.517131680661E-01
 -5.039141165923E-01  9.801223233594E-01 -9.479852891680E-01 -4.873913787968E-01 -9.479852929204E-01 -4.873913796669E-01
 -5.476264890834E-01  1.065143700366E+00 -1.041850975956E+00 -5.356509101444E-01 -1.041850981540E+00 -5.356509126169E-01
 -5.954766058330E-01  1.158213066866E+00 -1.143663590133E+00 -5.879962272128E-01 -1.143663598131E+00 -5.879962306699E-01
 -6.391889783241E-01  1.243234443872E+00 -1.235996440767E+00 -6.354676749820E-01 -1.235996449217E+00 -6.354676798743E-01
 -6.712004336306E-01  1.305497319461E+00 -1.303279761257E+00 -6.700603115813E-01 -1.303279766015E+00 -6.700603142200E-01
 -6.858618569498E-01  1.334014060339E+00 -1.334014060339E+00 -6.858618569498E-01 -1.334014060339E+00 -6.858618569498E-01
 -5.851452805981E-01  8.109284805664E-01 -7.719415364217E-01 -5.570132959217E-01 -7.719415343853E-01 -5.570132959540E-01
 -6.039079422956E-01  8.369308721881E-01 -8.011243162630E-01 -5.780708442237E-01 -8.011243138539E-01 -5.780708442952E-01
 -6.448739585740E-01  8.937039684379E-01 -8.644004949065E-01 -6.237293187202E-01 -8.644004917670E-01 -6.237293182142E-01
 -7.008139883505E-01  9.712289265187E-01 -9.499899542228E-01 -6.854884858863E-01 -9.499899497564E-01 -6.854884851588E-01
 -7.620492131448E-01  1.056092274897E+00 -1.042825652455E+00 -7.524763563262E-01 -1.042825647215E+00 -7.524763534367E-01
 -8.179892429213E-01  1.133617232978E+00 -1.127017424895E+00 -8.132269898944E-01 -1.127017419473E+00 -8.132269860539E-01
 -8.589552591997E-01  1.190390329228E+00 -1.188368302551E+00 -8.574962171639E-01 -1.188368299663E+00 -8.574962143082E-01
 -8.777179208972E-01  1.216392720850E+00 -1.216392720850E+00 -8.777179208972E-01 -1.216392720850E+00 -8.777179208972E-01
 -6.706098831617E-01  7.418102079413E-01 -7.061462541457E-01 -6.383690232542E-01 -7.061462556364E-01 -6.383690233943E-01
 -6.921129641672E-01  7.655963247174E-01 -7.328416829903E-01 -6.625021752107E-01 -7.328416846720E-01 -6.625021754524E-01
 -7.390623565677E-01  8.175304512697E-01 -7.907246101932E-01 -7.148293921619E-01 -7.907246124768E-01 -7.148293920863E-01
 -8.031728229362E-01  8.884476858381E-01 -8.690189788920E-01 -7.856089213049E-01 -8.690189814011E-01 -7.856089217214E-01
 -8.733518849679E-01  9.660778340152E-01 -9.539419647770E-01 -8.623808415205E-01 -9.539419674431E-01 -8.623808414627E-01
 -9.374623513365E-01  1.036995068584E+00 -1.030957778512E+00 -9.320045322096E-01 -1.030957780282E+00 -9.320045332059E-01
 -9.844117437369E-01  1.088929195136E+00 -1.087079509079E+00 -9.827395940859E-01 -1.087079510228E+00 -9.827395950302E-01
 -1.005914824742E+00  1.112715311912E+00 -1.112715311912E+00 -1.005914824742E+00 -1.112715311912E+00 -1.005914824742E+00
 -7.071067811865E-01  7.071067811865E-01 -6.731112627133E-01 -6.731112629953E-01 -6.731112628603E-01 -6.731112628603E-01
 -7.297801338723E-01  7.297801338723E-01 -6.985578239636E-01 -6.985578241393E-01 -6.985578241177E-01 -6.985578241177E-01
 -7.792846738030E-01  7.792846738030E-01 -7.537328677181E-01 -7.537328682980E-01 -7.537328679867E-01 -7.537328679867E-01
 -8.468842524142E-01  8.468842524142E-01 -8.283644635768E-01 -8.283644627585E-01 -8.283644632418E-01 -8.283644632418E-01
 -9.208827005522E-01  9.208827005522E-01 -9.093145761164E-01 -9.093145742391E-01 -9.093145750979E-01 -9.093145750979E-01
 -9.884822791634E-01  9.884822791634E-01 -9.827274298826E-01 -9.827274257015E-01 -9.827274277848E-01 -9.827274277848E-01
 -1.037986819094E+00  1.037986819094E+00 -1.036223667170E+00 -1.036223665490E+00 -1.036223666299E+00 -1.036223666299E+00
 -1.060660171780E+00  1.060660171780E+00 -1.060660171780E+00 -1.060660171780E+00 -1.060660171780E+00 -1.060660171780E+00
 -7.071067811865E-01  7.071067811865E-01 -6.731112627133E-01 -6.731112629953E-01 -6.731112628603E-01 -6.731112628603E-01
 -7.297801338723E-01  7.297801338723E-01 -6.985578239636E-01 -6.985578241393E-01 -6.985578241177E-01 -6.985578241177E-01
 -7.792846738030E-01  7.792846738030E-01 -7.537328677181E-01 -7.537328682980E-01 -7.537328679867E-01 -7.537328679867E-01
 -8.468842524142E-01  8.468842524142E-01 -8.283644635768E-01 -8.283644627585E-01 -8.283644632418E-01 -8.283644632418E-01
 -9.208827005522E-01  9.208827005522E-01 -9.093145761164E-01 -9.093145742391E-01 -9.093145750979E-01 -9.093145750979E-01
 -9.884822791634E-01  9.884822791634E-01 -9.827274298826E-01 -9.827274257015E-01 -9.827274277848E-01 -9.827274277848E-01
 -1.037986819094E+00  1.037986819094E+00 -1.036223667170E+00 -1.036223665490E+00 -1.036223666299E+00 -1.036223666299E+00
 -1.060660171780E+00  1.060660171780E+00 -1.060660171780E+00 -1.060660171780E+00 -1.060660171780E+00 -1.060660171780E+00
 -7.418102079413E-01  6.706098831617E-01 -6.383690233511E-01 -7.061462571348E-01 -6.383690233943E-01 -7.061462556364E-01
 -7.655963247174E-01  6.921129641672E-01 -6.625021754539E-01 -7.328416863101E-01 -6.625021754524E-01 -7.328416846720E-01
 -8.175304512697E-01  7.390623565677E-01 -7.148293919060E-01 -7.907246149394E-01 -7.148293920863E-01 -7.907246124768E-01
 -8.884476858381E-01  8.031728229362E-01 -7.856089218264E-01 -8.690189839063E-01 -7.856089217214E-01 -8.690189814011E-01
 -9.660778340152E-01  8.733518849679E-01 -8.623808414313E-01 -9.539419703700E-01 -8.623808414627E-01 -9.539419674431E-01
 -1.036995068584E+00  9.374623513365E-01 -9.320045341842E-01 -1.030957782103E+00 -9.320045332059E-01 -1.030957780282E+00
 -1.088929195136E+00  9.844117437369E-01 -9.827395960030E-01 -1.087079511424E+00 -9.827395950302E-01 -1.087079510228E+00
 -1.112715311912E+00  1.005914824742E+00 -1.005914824742E+00 -1.112715311912E+00 -1.005914824742E+00 -1.112715311912E+00
 -8.109284805664E-01  5.851452805981E-01 -5.570132959555E-01 -7.719415325002E-01 -5.570132959540E-01 -7.719415343853E-01
 -8.369308721881E-01  6.039079422956E-01 -5.780708442627E-01 -8.011243115343E-01 -5.780708442952E-01 -8.011243138539E-01
 -8.937039684379E-01  6.448739585740E-01 -6.237293177043E-01 -8.644004889203E-01 -6.237293182142E-01 -8.644004917670E-01
 -9.712289265187E-01  7.008139883505E-01 -6.854884841615E-01 -9.499899452624E-01 -6.854884851588E-01 -9.499899497564E-01
 -1.056092274897E+00  7.620492131448E-01 -7.524763504040E-01 -1.042825642063E+00 -7.524763534367E-01 -1.042825647215E+00
 -1.133617232978E+00  8.179892429213E-01 -8.132269820114E-01 -1.127017413885E+00 -8.132269860539E-01 -1.127017419473E+00
 -1.190390329228E+00  8.589552591997E-01 -8.574962114466E-01 -1.188368296780E+00 -8.574962143082E-01 -1.188368299663E+00
 -1.216392720850E+00  8.777179208972E-01 -8.777179208972E-01 -1.216392720850E+00 -8.777179208972E-01 -1.216392720850E+00
 -8.893427068925E-01  4.572412379666E-01 -4.352584867892E-01 -8.465858478793E-01 -4.352584861412E-01 -8.465858459842E-01
 -9.178594477700E-01  4.719026612858E-01 -4.517131689963E-01 -8.785905104419E-01 -4.517131680661E-01 -8.785905081821E-01
 -9.801223233594E-01  5.039141165923E-01 -4.873913809469E-01 -9.479852965840E-01 -4.873913796669E-01 -9.479852929204E-01
 -1.065143700366E+00  5.476264890834E-01 -5.356509153896E-01 -1.041850986779E+00 -5.356509126169E-01 -1.041850981540E+00
 -1.158213066866E+00  5.954766058330E-01 -5.879962344954E-01 -1.143663606163E+00 -5.879962306699E-01 -1.143663598131E+00
 -1.243234443872E+00  6.391889783241E-01 -6.354676848588E-01 -1.235996457591E+00 -6.354676798743E-01 -1.235996449217E+00
 -1.305497319461E+00  6.712004336306E-01 -6.700603168950E-01 -1.303279770808E+00 -6.700603142200E-01 -1.303279766015E+00
 -1.334014060339E+00  6.858618569498E-01 -6.858618569498E-01 -1.334014060339E+00 -6.858618569498E-01 -1.334014060339E+00
 -9.521786388467E-01  3.055418788382E-01 -2.908523642298E-01 -9.064008178893E-01 -2.908523654325E-01 -9.064008196714E-01
 -9.827102115494E-01  3.153390678391E-01 -3.018478606127E-01 -9.406667482061E-01 -3.018478619309E-01 -9.406667505125E-01
 -1.049372230218E+00  3.367300522617E-01 -3.256890773967E-01 -1.014964575475E+00 -3.256890794348E-01 -1.014964578744E+00
 -1.140400737455E+00  3.659399294784E-01 -3.579374991725E-01 -1.115462280996E+00 -3.579375013728E-01 -1.115462286693E+00
 -1.240045859662E+00  3.979147676170E-01 -3.929161604046E-01 -1.224468399553E+00 -3.929161636155E-01 -1.224468407653E+00
 -1.331074366899E+00  4.271246448337E-01 -4.246379625839E-01 -1.323324966993E+00 -4.246379650996E-01 -1.323324976428E+00
 -1.397736385567E+00  4.485156292563E-01 -4.477537668451E-01 -1.395362147091E+00 -4.477537683437E-01 -1.395362152322E+00
 -1.428267958270E+00  4.583128182573E-01 -4.583128182573E-01 -1.428267958270E+00 -4.583128182573E-01 -1.428267958270E+00
 -9.871732235560E-01  1.596528317756E-01 -1.519772163261E-01 -9.397129738406E-01 -1.519772148633E-01 -9.397129724235E-01
 -1.018826896318E+00  1.647720938990E-01 -1.577226226462E-01 -9.752382505598E-01 -1.577226208922E-01 -9.752382489068E-01
 -1.087938885574E+00  1.759493873375E-01 -1.701802207175E-01 -1.052266682501E+00 -1.701802188553E-01 -1.052266679924E+00
 -1.182312883539E+00  1.912122365128E-01 -1.870307818945E-01 -1.156457895486E+00 -1.870307792507E-01 -1.156457891813E+00
 -1.285620175351E+00  2.079198429261E-01 -2.053079562053E-01 -1.269470224687E+00 -2.053079545434E-01 -1.269470218939E+00
 -1.379994173316E+00  2.231826921014E-01 -2.218833444602E-01 -1.371959982857E+00 -2.218833433419E-01 -1.371959976307E+00
 -1.449106162572E+00  2.343599855400E-01 -2.339618952826E-01 -1.446644675279E+00 -2.339618952599E-01 -1.446644671218E+00
 -1.480759835334E+00  2.394792476634E-01 -2.394792476634E-01 -1.480759835334E+00 -2.394792476634E-01 -1.480759835334E+00
 -9.987318243030E-01  5.034623247436E-02 -4.792573957339E-02 -9.507158700584E-01 -4.792574052848E-02 -9.507158712115E-01
 -1.030756123169E+00  5.196058254943E-02 -4.973754293627E-02 -9.866571042210E-01 -4.973754395453E-02 -9.866571055809E-01
 -1.100677329968E+00  5.548532187056E-02 -5.366602332956E-02 -1.064587444508E+00 -5.366602499774E-02 -1.064587446069E+00
 -1.196156332949E+00  6.029843382265E-02 -5.897981733898E-02 -1.169998608570E+00 -5.897981881872E-02 -1.169998610638E+00
 -1.300673227809E+00  6.556714736326E-02 -6.474349114774E-02 -1.284334173157E+00 -6.474349307382E-02 -1.284334175001E+00
 -1.396152230790E+00  7.038025931534E-02 -6.997051148077E-02 -1.388023961125E+00 -6.997051202813E-02 -1.388023963081E+00
 -1.466073437589E+00  7.390499863647E-02 -7.377946144030E-02 -1.463583123678E+00 -7.377946158485E-02 -1.463583125158E+00
 -1.498097736455E+00  7.551934871154E-02 -7.551934871154E-02 -1.498097736455E+00 -7.551934871154E-02 -1.498097736455E+00
 -1.000000000000E+00  1.665334536938E-16  1.994365476431E-10 -9.519230769146E-01 -1.585270376508E-16 -9.519230769231E-01
 -1.032064962873E+00  1.807731577197E-16  1.242658175227E-10 -9.879099488754E-01 -1.730391084305E-16 -9.879099489690E-01
 -1.102074954642E+00  2.118638396461E-16  4.100491862350E-10 -1.065939244343E+00 -2.049170795312E-16 -1.065939244313E+00
 -1.197675195524E+00  2.543188750812E-16 -5.786149640334E-10 -1.171484258400E+00 -2.487573925814E-16 -1.171484258504E+00
 -1.302324804476E+00  3.007926372314E-16 -1.327465565162E-09 -1.285965004680E+00 -2.970140811123E-16 -1.285965004567E+00
 -1.397925045358E+00  3.432476726665E-16 -2.956482891973E-09 -1.389786456500E+00 -3.412493168195E-16 -1.389786456489E+00
 -1.467935037127E+00  3.743383545928E-16 -1.187973917662E-09 -1.465441562576E+00 -3.737024932274E-16 -1.465441562532E+00
 -1.500000000000E+00  3.885780586188E-16 -3.885780586188E-16 -1.500000000000E+00 -3.885780586188E-16 -1.500000000000E+00
 -1.000000000000E+00  1.665334536938E-16  1.994365476431E-10 -9.519230769146E-01 -1.585270376508E-16 -9.519230769231E-01
 -1.032064962873E+00  1.807731577197E-16  1.242658175227E-10 -9.879099488754E-01 -1.730391084305E-16 -9.879099489690E-01
 -1.102074954642E+00  2.118638396461E-16  4.100491862350E-10 -1.065939244343E+00 -2.049170795312E-16 -1.065939244313E+00
 -1.197675195524E+00  2.543188750812E-16 -5.786149640334E-10 -1.171484258400E+00 -2.487573925814E-16 -1.171484258504E+00
 -1.302324804476E+00  3.007926372314E-16 -1.327465565162E-09 -1.285965004680E+00 -2.970140811123E-16 -1.285965004567E+00
 -1.397925045358E+00  3.432476726665E-16 -2.956482891973E-09 -1.389786456500E+00 -3.412493168195E-16 -1.389786456489E+00
 -1.467935037127E+00  3.743383545928E-16 -1.187973917662E-09 -1.465441562576E+00 -3.737024932274E-16 -1.465441562532E+00
 -1.500000000000E+00  3.885780586188E-16 -3.885780586188E-16 -1.500000000000E+00 -3.885780586188E-16 -1.500000000000E+00
 -9.987318243030E-01 -5.034623247436E-02  4.792574161852E-02 -9.507158722405E-01  4.792574052848E-02 -9.507158712115E-01
 -1.030756123169E+00 -5.196058254943E-02  4.973754511172E-02 -9.866571067404E-01  4.973754395453E-02 -9.866571055809E-01
 -1.100677329968E+00 -5.548532187056E-02  5.366602686652E-02 -1.064587447683E+00  5.366602499774E-02 -1.064587446069E+00
 -1.196156332949E+00 -6.029843382264E-02  5.897982051587E-02 -1.169998612484E+00  5.897981881872E-02 -1.169998610638E+00
 -1.300673227809E+00 -6.556714736325E-02  6.474349516566E-02 -1.284334177048E+00  6.474349307382E-02 -1.284334175001E+00
 -1.396152230790E+00 -7.038025931534E-02  6.997051262381E-02 -1.388023965060E+00  6.997051202813E-02 -1.388023963081E+00
 -1.466073437589E+00 -7.390499863647E-02  7.377946174262E-02 -1.463583126691E+00  7.377946158485E-02 -1.463583125158E+00
 -1.498097736455E+00 -7.551934871154E-02  7.551934871154E-02 -1.498097736455E+00  7.551934871154E-02 -1.498097736455E+00
 -9.871732235560E-01 -1.596528317756E-01  1.519772135292E-01 -9.397129710917E-01  1.519772148633E-01 -9.397129724235E-01
 -1.018826896318E+00 -1.647720938990E-01  1.577226192749E-01 -9.752382472437E-01  1.577226208922E-01 -9.752382489068E-01
 -1.087938885574E+00 -1.759493873375E-01  1.701802172029E-01 -1.052266677550E+00  1.701802188553E-01 -1.052266679924E+00
 -1.182312883539E+00 -1.912122365128E-01  1.870307767782E-01 -1.156457887930E+00  1.870307792507E-01 -1.156457891813E+00
 -1.285620175351E+00 -2.079198429261E-01  2.053079530446E-01 -1.269470213151E+00  2.053079545434E-01 -1.269470218939E+00
 -1.379994173316E+00 -2.231826921014E-01  2.218833422496E-01 -1.371959969498E+00  2.218833433419E-01 -1.371959976307E+00
 -1.449106162572E+00 -2.343599855400E-01  2.339618952443E-01 -1.446644667156E+00  2.339618952599E-01 -1.446644671218E+00
 -1.480759835334E+00 -2.394792476634E-01  2.394792476634E-01 -1.480759835334E+00  2.394792476634E-01 -1.480759835334E+00
 -9.521786388467E-01 -3.055418788382E-01  2.908523663144E-01 -9.064008214697E-01  2.908523654325E-01 -9.064008196714E-01
 -9.827102115494E-01 -3.153390678391E-01  3.018478628711E-01 -9.406667527682E-01  3.018478619309E-01 -9.406667505125E-01
 -1.049372230218E+00 -3.367300522617E-01  3.256890811202E-01 -1.014964582239E+00  3.256890794348E-01 -1.014964578744E+00
 -1.140400737455E+00 -3.659399294784E-01  3.579375031166E-01 -1.115462292358E+00  3.579375013728E-01 -1.115462286693E+00
 -1.240045859662E+00 -3.979147676170E-01  3.929161665902E-01 -1.224468416038E+00  3.929161636155E-01 -1.224468407653E+00
 -1.331074366899E+00 -4.271246448337E-01  4.246379674969E-01 -1.323324985874E+00  4.246379650996E-01 -1.323324976428E+00
 -1.397736385567E+00 -4.485156292563E-01  4.477537698413E-01 -1.395362157602E+00  4.477537683437E-01 -1.395362152322E+00
 -1.428267958270E+00 -4.583128182573E-01  4.583128182573E-01 -1.428267958270E+00  4.583128182573E-01 -1.428267958270E+00
 -8.893427068925E-01 -4.572412379666E-01  4.352584857316E-01 -8.465858438736E-01  4.352584861412E-01 -8.465858459842E-01
 -9.178594477700E-01 -4.719026612858E-01  4.517131673673E-01 -8.785905056192E-01  4.517131680661E-01 -8.785905081821E-01
 -9.801223233594E-01 -5.039141165923E-01  4.873913787968E-01 -9.479852891680E-01  4.873913796669E-01 -9.479852929204E-01
 -1.065143700366E+00 -5.476264890834E-01  5.356509101444E-01 -1.041850975956E+00  5.356509126169E-01 -1.041850981540E+00
 -1.158213066866E+00 -5.954766058330E-01  5.879962272128E-01 -1.143663590133E+00  5.879962306699E-01 -1.143663598131E+00
 -1.243234443872E+00 -6.391889783241E-01  6.354676749820E-01 -1.235996440767E+00  6.354676798743E-01 -1.235996449217E+00
 -1.305497319461E+00 -6.712004336306E-01  6.700603115813E-01 -1.303279761257E+00  6.700603142200E-01 -1.303279766015E+00
 -1.334014060339E+00 -6.858618569498E-01  6.858618569498E-01 -1.334014060339E+00  6.858618569498E-01 -1.334014060339E+00
 -8.109284805664E-01 -5.851452805981E-01  5.570132959217E-01 -7.719415364217E-01  5.570132959540E-01 -7.719415343853E-01
 -8.369308721881E-01 -6.039079422956E-01  5.780708442237E-01 -8.011243162630E-01  5.780708442952E-01 -8.011243138539E-01
 -8.937039684379E-01 -6.448739585740E-01  6.237293187202E-01 -8.644004949065E-01  6.237293182142E-01 -8.644004917670E-01
 -9.712289265187E-01 -7.008139883505E-01  6.854884858863E-01 -9.499899542228E-01  6.854884851588E-01 -9.499899497564E-01
 -1.056092274897E+00 -7.620492131448E-01  7.524763563262E-01 -1.042825652455E+00  7.524763534367E-01 -1.042825647215E+00
 -1.133617232978E+00 -8.179892429213E-01  8.132269898944E-01 -1.127017424895E+00  8.132269860539E-01 -1.127017419473E+00
 -1.190390329228E+00 -8.589552591997E-01  8.574962171639E-01 -1.188368302551E+00  8.574962143082E-01 -1.188368299663E+00
 -1.216392720850E+00 -8.777179208972E-01  8.777179208972E-01 -1.216392720850E+00  8.777179208972E-01 -1.216392720850E+00
 -7.418102079413E-01 -6.706098831617E-01  6.383690232542E-01 -7.061462541457E-01  6.383690233943E-01 -7.061462556364E-01
 -7.655963247174E-01 -6.921129641672E-01  6.625021752107E-01 -7.328416829903E-01  6.625021754524E-01 -7.328416846720E-01
 -8.175304512697E-01 -7.390623565677E-01  7.148293921619E-01 -7.907246101932E-01  7.148293920863E-01 -7.907246124768E-01
 -8.884476858381E-01 -8.031728229362E-01  7.856089213049E-01 -8.690189788920E-01  7.856089217214E-01 -8.690189814011E-01
 -9.660778340152E-01 -8.733518849679E-01  8.623808415205E-01 -9.539419647770E-01  8.623808414627E-01 -9.539419674431E-01
 -1.036995068584E+00 -9.374623513365E-01  9.320045322096E-01 -1.030957778512E+00  9.320045332059E-01 -1.030957780282E+00
 -1.088929195136E+00 -9.844117437369E-01  9.827395940859E-01 -1.087079509079E+00  9.827395950302E-01 -1.087079510228E+00
 -1.112715311912E+00 -1.005914824742E+00  1.005914824742E+00 -1.112715311912E+00  1.005914824742E+00 -1.112715311912E+00
 -7.071067811865E-01 -7.071067811865E-01  6.731112629953E-01 -6.731112627133E-01  6.731112628603E-01 -6.731112628603E-01
 -7.297801338723E-01 -7.297801338723E-01  6.985578241393E-01 -6.985578239636E-01  6.985578241177E-01 -6.985578241177E-01
 -7.792846738030E-01 -7.792846738030E-01  7.537328682980E-01 -7.537328677181E-01  7.537328679867E-01 -7.537328679867E-01
 -8.468842524142E-01 -8.468842524142E-01  8.283644627585E-01 -8.283644635768E-01  8.283644632418E-01 -8.283644632418E-01
 -9.208827005522E-01 -9.208827005522E-01  9.093145742391E-01 -9.093145761164E-01  9.093145750979E-01 -9.093145750979E-01
 -9.884822791634E-01 -9.884822791634E-01  9.827274257015E-01 -9.827274298826E-01  9.827274277848E-01 -9.827274277848E-01
 -1.037986819094E+00 -1.037986819094E+00  1.036223665490E+00 -1.036223667170E+00  1.036223666299E+00 -1.036223666299E+00
 -1.060660171780E+00 -1.060660171780E+00  1.060660171780E+00 -1.060660171780E+00  1.060660171780E+00 -1.060660171780E+00
 -7.071067811865E-01 -7.071067811865E-01  6.731112629953E-01 -6.731112627133E-01  6.731112628603E-01 -6.731112628603E-01
 -7.297801338723E-01 -7.297801338723E-01  6.985578241393E-01 -6.985578239636E-01  6.985578241177E-01 -6.985578241177E-01
 -7.792846738030E-01 -7.792846738030E-01  7.537328682980E-01 -7.537328677181E-01  7.537328679867E-01 -7.537328679867E-01
 -8.468842524142E-01 -8.468842524142E-01  8.283644627585E-01 -8.283644635768E-01  8.283644632418E-01 -8.283644632418E-01
 -9.208827005522E-01 -9.208827005522E-01  9.093145742391E-01 -9.093145761164E-01  9.093145750979E-01 -9.093145750979E-01
 -9.884822791634E-01 -9.884822791634E-01  9.827274257015E-01 -9.827274298826E-01  9.827274277848E-01 -9.827274277848E-01
 -1.037986819094E+00 -1.037986819094E+00  1.036223665490E+00 -1.036223667170E+00  1.036223666299E+00 -1.036223666299E+00
 -1.060660171780E+00 -1.060660171780E+00  1.060660171780E+00 -1.060660171780E+00  1.060660171780E+00 -1.060660171780E+00
 -6.706098831617E-01 -7.418102079413E-01  7.061462571348E-01 -6.383690233511E-01  7.061462556364E-01 -6.383690233943E-01
 -6.921129641672E-01 -7.655963247174E-01  7.328416863101E-01 -6.625021754539E-01  7.328416846720E-01 -6.625021754524E-01
 -7.390623565677E-01 -8.175304512697E-01  7.907246149394E-01 -7.148293919060E-01  7.907246124768E-01 -7.148293920863E-01
 -8.031728229362E-01 -8.884476858381E-01  8.690189839063E-01 -7.856089218264E-01  8.690189814011E-01 -7.856089217214E-01
 -8.733518849679E-01 -9.660778340152E-01  9.539419703700E-01 -8.623808414313E-01  9.539419674431E-01 -8.623808414627E-01
 -9.374623513365E-01 -1.036995068584E+00  1.030957782103E+00 -9.320045341842E-01  1.030957780282E+00 -9.320045332059E-01
 -9.844117437369E-01 -1.088929195136E+00  1.087079511424E+00 -9.827395960030E-01  1.087079510228E+00 -9.827395950302E-01
 -1.005914824742E+00 -1.112715311912E+00  1.112715311912E+00 -1.005914824742E+00  1.112715311912E+00 -1.005914824742E+00
 -5.851452805981E-01 -8.109284805664E-01  7.719415325002E-01 -5.570132959555E-01  7.719415343853E-01 -5.570132959540E-01
 -6.039079422956E-01 -8.369308721881E-01  8.011243115343E-01 -5.780708442627E-01  8.011243138539E-01 -5.780708442952E-01
 -6.448739585740E-01 -8.937039684379E-01  8.644004889203E-01 -6.237293177043E-01  8.644004917670E-01 -6.237293182142E-01
 -7.008139883505E-01 -9.712289265187E-01  9.499899452624E-01 -6.854884841615E-01  9.499899497564E-01 -6.854884851588E-01
 -7.620492131448E-01 -1.056092274897E+00  1.042825642063E+00 -7.524763504040E-01  1.042825647215E+00 -7.524763534367E-01
 -8.179892429213E-01 -1.133617232978E+00  1.127017413885E+00 -8.132269820114E-01  1.127017419473E+00 -8.132269860539E-01
 -8.589552591997E-01 -1.190390329228E+00  1.188368296780E+00 -8.574962114466E-01  1.188368299663E+00 -8.574962143082E-01
 -8.777179208972E-01 -1.216392720850E+00  1.216392720850E+00 -8.777179208972E-01  1.216392720850E+00 -8.777179208972E-01
 -4.572412379666E-01 -8.893427068925E-01  8.465858478793E-01 -4.352584867892E-01  8.465858459842E-01 -4.352584861412E-01
 -4.719026612858E-01 -9.178594477700E-01  8.785905104419E-01 -4.517131689963E-01  8.785905081821E-01 -4.517131680661E-01
 -5.039141165923E-01 -9.801223233594E-01  9.479852965840E-01 -4.873913809469E-01  9.479852929204E-01 -4.873913796669E-01
 -5.476264890834E-01 -1.065143700366E+00  1.041850986779E+00 -5.356509153896E-01  1.041850981540E+00 -5.356509126169E-01
 -5.954766058330E-01 -1.158213066866E+00  1.143663606163E+00 -5.879962344954E-01  1.143663598131E+00 -5.879962306699E-01
 -6.391889783241E-01 -1.243234443872E+00  1.235996457591E+00 -6.354676848588E-01  1.235996449217E+00 -6.354676798743E-01
 -6.712004336306E-01 -1.305497319461E+00  1.303279770808E+00 -6.700603168950E-01  1.303279766015E+00 -6.700603142200E-01
 -6.858618569498E-01 -1.334014060339E+00  1.334014060339E+00 -6.858618569498E-01  1.334014060339E+00 -6.858618569498E-01
 -3.055418788382E-01 -9.521786388467E-01  9.064008178894E-01 -2.908523642298E-01  9.064008196714E-01 -2.908523654325E-01
 -3.153390678391E-01 -9.827102115494E-01  9.406667482061E-01 -3.018478606127E-01  9.406667505125E-01 -3.018478619309E-01
 -3.367300522617E-01 -1.049372230218E+00  1.014964575475E+00 -3.256890773967E-01  1.014964578744E+00 -3.256890794348E-01
 -3.659399294784E-01 -1.140400737455E+00  1.115462280996E+00 -3.579374991725E-01  1.115462286693E+00 -3.579375013728E-01
 -3.979147676170E-01 -1.240045859662E+00  1.224468399553E+00 -3.929161604046E-01  1.224468407653E+00 -3.929161636155E-01
 -4.271246448337E-01 -1.331074366899E+00  1.323324966993E+00 -4.246379625839E-01  1.323324976428E+00 -4.246379650996E-01
 -4.485156292563E-01 -1.397736385567E+00  1.395362147091E+00 -4.477537668451E-01  1.395362152322E+00 -4.477537683437E-01
 -4.583128182573E-01 -1.428267958270E+00  1.428267958270E+00 -4.583128182573E-01  1.428267958270E+00 -4.583128182573E-01
 -1.596528317756E-01 -9.871732235560E-01  9.397129738406E-01 -1.519772163261E-01  9.397129724235E-01 -1.519772148633E-01
 -1.647720938990E-01 -1.018826896318E+00  9.752382505598E-01 -1.577226226462E-01  9.752382489068E-01 -1.577226208922E-01
 -1.759493873375E-01 -1.087938885574E+00  1.052266682501E+00 -1.701802207175E-01  1.052266679924E+00 -1.701802188553E-01
 -1.912122365128E-01 -1.182312883539E+00  1.156457895486E+00 -1.870307818945E-01  1.156457891813E+00 -1.870307792507E-01
 -2.079198429261E-01 -1.285620175351E+00  1.269470224687E+00 -2.053079562053E-01  1.269470218939E+00 -2.053079545434E-01
 -2.231826921014E-01 -1.379994173316E+00  1.371959982857E+00 -2.218833444603E-01  1.371959976307E+00 -2.218833433419E-01
 -2.343599855400E-01 -1.449106162572E+00  1.446644675279E+00 -2.339618952826E-01  1.446644671218E+00 -2.339618952599E-01
 -2.394792476634E-01 -1.480759835334E+00  1.480759835334E+00 -2.394792476634E-01  1.480759835334E+00 -2.394792476634E-01
 -5.034623247436E-02 -9.987318243030E-01  9.507158700584E-01 -4.792573957339E-02  9.507158712115E-01 -4.792574052848E-02
 -5.196058254943E-02 -1.030756123169E+00  9.866571042210E-01 -4.973754293627E-02  9.866571055809E-01 -4.973754395453E-02
 -5.548532187056E-02 -1.100677329968E+00  1.064587444508E+00 -5.366602332956E-02  1.064587446069E+00 -5.366602499774E-02
 -6.029843382264E-02 -1.196156332949E+00  1.169998608570E+00 -5.897981733898E-02  1.169998610638E+00 -5.897981881872E-02
 -6.556714736325E-02 -1.300673227809E+00  1.284334173157E+00 -6.474349114774E-02  1.284334175001E+00 -6.474349307382E-02
 -7.038025931534E-02 -1.396152230790E+00  1.388023961125E+00 -6.997051148077E-02  1.388023963081E+00 -6.997051202813E-02
 -7.390499863647E-02 -1.466073437589E+00  1.463583123678E+00 -7.377946144030E-02  1.463583125158E+00 -7.377946158485E-02
 -7.551934871154E-02 -1.498097736455E+00  1.498097736455E+00 -7.551934871154E-02  1.498097736455E+00 -7.551934871154E-02
 -2.163234161989E-16 -1.000000000000E+00  9.519230769146E-01  1.994366983971E-10  9.519230769231E-01 -2.059232519586E-16
 -2.214798555046E-16 -1.032064962873E+00  9.879099488754E-01  1.242659290458E-10  9.879099489690E-01 -2.120042445198E-16
 -2.327383208513E-16 -1.102074954642E+00  1.065939244343E+00  4.100490928477E-10  1.065939244313E+00 -2.251071116407E-16
 -2.481120121191E-16 -1.197675195524E+00  1.171484258400E+00 -5.786151399463E-10  1.171484258504E+00 -2.426862622100E-16
 -2.649409527626E-16 -1.302324804476E+00  1.285965004680E+00 -1.327465944476E-09  1.285965004567E+00 -2.616127653857E-16
 -2.803146440303E-16 -1.397925045358E+00  1.389786456500E+00 -2.956483302426E-09  1.389786456489E+00 -2.786826783901E-16
 -2.915731093771E-16 -1.467935037127E+00  1.465441562576E+00 -1.187974008807E-09  1.465441562532E+00 -2.910778353204E-16
 -2.967295486828E-16 -1.500000000000E+00  1.500000000000E+00 -2.967295486828E-16  1.500000000000E+00 -2.967295486828E-16
 -2.163234161989E-16 -1.000000000000E+00  9.519230769146E-01  1.994366983971E-10  9.519230769231E-01 -2.059232519586E-16
 -2.214798555046E-16 -1.032064962873E+00  9.879099488754E-01  1.242659290458E-10  9.879099489690E-01 -2.120042445198E-16
 -2.327383208513E-16 -1.102074954642E+00  1.065939244343E+00  4.100490928477E-10  1.065939244313E+00 -2.251071116407E-16
 -2.481120121191E-16 -1.197675195524E+00  1.171484258400E+00 -5.786151399463E-10  1.171484258504E+00 -2.426862622100E-16
 -2.649409527626E-16 -1.302324804476E+00  1.285965004680E+00 -1.327465944476E-09  1.285965004567E+00 -2.616127653857E-16
 -2.803146440303E-16 -1.397925045358E+00  1.389786456500E+00 -2.956483302426E-09  1.389786456489E+00 -2.786826783901E-16
 -2.915731093771E-16 -1.467935037127E+00  1.465441562576E+00 -1.187974008807E-09  1.465441562532E+00 -2.910778353204E-16
 -2.967295486828E-16 -1.500000000000E+00  1.500000000000E+00 -2.967295486828E-16  1.500000000000E+00 -2.967295486828E-16
  5.034623247436E-02 -9.987318243030E-01  9.507158722405E-01  4.792574161852E-02  9.507158712115E-01  4.792574052848E-02
  5.196058254942E-02 -1.030756123169E+00  9.866571067404E-01  4.973754511172E-02  9.866571055809E-01  4.973754395453E-02
  5.548532187056E-02 -1.100677329968E+00  1.064587447683E+00  5.366602686652E-02  1.064587446069E+00  5.366602499774E-02
  6.029843382264E-02 -1.196156332949E+00  1.169998612484E+00  5.897982051587E-02  1.169998610638E+00  5.897981881872E-02
  6.556714736325E-02 -1.300673227809E+00  1.284334177048E+00  6.474349516565E-02  1.284334175001E+00  6.474349307382E-02
  7.038025931534E-02 -1.396152230790E+00  1.388023965060E+00  6.997051262381E-02  1.388023963081E+00  6.997051202813E-02
  7.390499863647E-02 -1.466073437589E+00  1.463583126691E+00  7.377946174262E-02  1.463583125158E+00  7.377946158485E-02
  7.551934871154E-02 -1.498097736455E+00  1.498097736455E+00  7.551934871154E-02  1.498097736455E+00  7.551934871154E-02
  1.596528317756E-01 -9.871732235560E-01  9.397129710917E-01  1.519772135292E-01  9.397129724235E-01  1.519772148633E-01
  1.647720938990E-01 -1.018826896318E+00  9.752382472437E-01  1.577226192749E-01  9.752382489068E-01  1.577226208922E-01
  1.759493873375E-01 -1.087938885574E+00  1.052266677550E+00  1.701802172029E-01  1.052266679924E+00  1.701802188553E-01
  1.912122365128E-01 -1.182312883539E+00  1.156457887930E+00  1.870307767782E-01  1.156457891813E+00  1.870307792507E-01
  2.079198429261E-01 -1.285620175351E+00  1.269470213151E+00  2.053079530446E-01  1.269470218939E+00  2.053079545434E-01
  2.231826921014E-01 -1.379994173316E+00  1.371959969498E+00  2.218833422496E-01  1.371959976307E+00  2.218833433419E-01
  2.343599855400E-01 -1.449106162572E+00  1.446644667156E+00  2.339618952443E-01  1.446644671218E+00  2.339618952599E-01
  2.394792476634E-01 -1.480759835334E+00  1.480759835334E+00  2.394792476634E-01  1.480759835334E+00  2.394792476634E-01
  3.055418788382E-01 -9.521786388467E-01  9.064008214697E-01  2.908523663144E-01  9.064008196714E-01  2.908523654325E-01
  3.153390678391E-01 -9.827102115494E-01  9.406667527682E-01  3.018478628711E-01  9.406667505125E-01  3.018478619309E-01
  3.367300522617E-01 -1.049372230218E+00  1.014964582239E+00  3.256890811202E-01  1.014964578744E+00  3.256890794348E-01
  3.659399294784E-01 -1.140400737455E+00  1.115462292358E+00  3.579375031166E-01  1.115462286693E+00  3.579375013728E-01
  3.979147676170E-01 -1.240045859662E+00  1.224468416038E+00  3.929161665902E-01  1.224468407653E+00  3.929161636155E-01
  4.271246448337E-01 -1.331074366899E+00  1.323324985874E+00  4.246379674969E-01  1.323324976428E+00  4.246379650996E-01
  4.485156292563E-01 -1.397736385567E+00  1.395362157602E+00  4.477537698413E-01  1.395362152322E+00  4.477537683437E-01
  4.583128182573E-01 -1.428267958270E+00  1.428267958270E+00  4.583128182573E-01  1.428267958270E+00  4.583128182573E-01
  4.572412379666E-01 -8.893427068925E-01  8.465858438736E-01  4.352584857316E-01  8.465858459842E-01  4.352584861412E-01
  4.719026612858E-01 -9.178594477700E-01  8.785905056192E-01  4.517131673673E-01  8.785905081821E-01  4.517131680661E-01
  5.039141165923E-01 -9.801223233594E-01  9.479852891680E-01  4.873913787968E-01  9.479852929204E-01  4.873913796669E-01
  5.476264890834E-01 -1.065143700366E+00  1.041850975956E+00  5.356509101444E-01  1.041850981540E+00  5.356509126169E-01
  5.954766058330E-01 -1.158213066866E+00  1.143663590133E+00  5.879962272128E-01  1.143663598131E+00  5.879962306699E-01
  6.391889783241E-01 -1.243234443872E+00  1.235996440767E+00  6.354676749820E-01  1.235996449217E+00  6.354676798743E-01
  6.712004336306E-01 -1.305497319461E+00  1.303279761257E+00  6.700603115813E-01  1.303279766015E+00  6.700603142200E-01
  6.858618569498E-01 -1.334014060339E+00  1.334014060339E+00  6.858618569498E-01  1.334014060339E+00  6.858618569498E-01
  5.851452805981E-01 -8.109284805664E-01  7.719415364217E-01  5.570132959217E-01  7.719415343853E-01  5.570132959540E-01
  6.039079422956E-01 -8.369308721881E-01  8.011243162630E-01  5.780708442237E-01  8.011243138539E-01  5.780708442952E-01
  6.448739585740E-01 -8.937039684379E-01  8.644004949065E-01  6.237293187202E-01  8.644004917670E-01  6.237293182142E-01
  7.008139883505E-01 -9.712289265187E-01  9.499899542228E-01  6.854884858863E-01  9.499899497564E-01  6.854884851588E-01
  7.620492131448E-01 -1.056092274897E+00  1.042825652455E+00  7.524763563262E-01  1.042825647215E+00  7.524763534367E-01
  8.179892429213E-01 -1.133617232978E+00  1.127017424895E+00  8.132269898944E-01  1.127017419473E+00  8.132269860539E-01
  8.589552591997E-01 -1.190390329228E+00  1.188368302551E+00  8.574962171639E-01  1.188368299663E+00  8.574962143082E-01
  8.777179208972E-01 -1.216392720850E+00  1.216392720850E+00  8.777179208972E-01  1.216392720850E+00  8.777179208972E-01
  6.706098831617E-01 -7.418102079413E-01  7.061462541457E-01  6.383690232542E-01  7.061462556364E-01  6.383690233943E-01
  6.921129641672E-01 -7.655963247174E-01  7.328416829903E-01  6.625021752107E-01  7.328416846720E-01  6.625021754524E-01
  7.390623565677E-01 -8.175304512697E-01  7.907246101932E-01  7.148293921619E-01  7.907246124768E-01  7.148293920863E-01
  8.031728229362E-01 -8.884476858381E-01  8.690189788920E-01  7.856089213049E-01  8.690189814011E-01  7.856089217214E-01
  8.733518849679E-01 -9.660778340152E-01  9.539419647770E-01  8.623808415205E-01  9.539419674431E-01  8.623808414627E-01
  9.374623513365E-01 -1.036995068584E+00  1.030957778512E+00  9.320045322096E-01  1.030957780282E+00  9.320045332059E-01
  9.844117437369E-01 -1.088929195136E+00  1.087079509079E+00  9.827395940859E-01  1.087079510228E+00  9.827395950302E-01
  1.005914824742E+00 -1.112715311912E+00  1.112715311912E+00  1.005914824742E+00  1.112715311912E+00  1.005914824742E+00
  7.071067811865E-01 -7.071067811865E-01  6.731112627133E-01  6.731112629953E-01  6.731112628603E-01  6.731112628603E-01
  7.297801338723E-01 -7.297801338723E-01  6.985578239636E-01  6.985578241393E-01  6.985578241177E-01  6.985578241177E-01
  7.792846738030E-01 -7.792846738030E-01  7.537328677181E-01  7.537328682980E-01  7.537328679867E-01  7.537328679867E-01
  8.468842524142E-01 -8.468842524142E-01  8.283644635768E-01  8.283644627585E-01  8.283644632418E-01  8.283644632418E-01
  9.208827005522E-01 -9.208827005522E-01  9.093145761164E-01  9.093145742391E-01  9.093145750979E-01  9.093145750979E-01
  9.884822791634E-01 -9.884822791634E-01  9.827274298826E-01  9.827274257015E-01  9.827274277848E-01  9.827274277848E-01
  1.037986819094E+00 -1.037986819094E+00  1.036223667170E+00  1.036223665490E+00  1.036223666299E+00  1.036223666299E+00
  1.060660171780E+00 -1.060660171780E+00  1.060660171780E+00  1.060660171780E+00  1.060660171780E+00  1.060660171780E+00
  7.071067811865E-01 -7.071067811865E-01  6.731112627133E-01  6.731112629953E-01  6.731112628603E-01  6.731112628603E-01
  7.297801338723E-01 -7.297801338723E-01  6.985578239636E-01  6.985578241393E-01  6.985578241177E-01  6.985578241177E-01
  7.792846738030E-01 -7.792846738030E-01  7.537328677181E-01  7.537328682980E-01  7.537328679867E-01  7.537328679867E-01
  8.468842524142E-01 -8.468842524142E-01  8.283644635768E-01  8.283644627585E-01  8.283644632418E-01  8.283644632418E-01
  9.208827005522E-01 -9.208827005522E-01  9.093145761164E-01  9.093145742391E-01  9.093145750979E-01  9.093145750979E-01
  9.884822791634E-01 -9.884822791634E-01  9.827274298826E-01  9.827274257015E-01  9.827274277848E-01  9.827274277848E-01
  1.037986819094E+00 -1.037986819094E+00  1.036223667170E+00  1.036223665490E+00  1.036223666299E+00  1.036223666299E+00
  1.060660171780E+00 -1.060660171780E+00  1.060660171780E+00  1.060660171780E+00  1.060660171780E+00  1.060660171780E+00
  7.418102079413E-01 -6.706098831617E-01  6.383690233511E-01  7.061462571348E-01  6.383690233943E-01  7.061462556364E-01
  7.655963247174E-01 -6.921129641672E-01  6.625021754539E-01  7.328416863101E-01  6.625021754524E-01  7.328416846720E-01
  8.175304512697E-01 -7.390623565677E-01  7.148293919060E-01  7.907246149394E-01  7.148293920863E-01  7.907246124768E-01
  8.884476858381E-01 -8.031728229362E-01  7.856089218264E-01  8.690189839063E-01  7.856089217214E-01  8.690189814011E-01
  9.660778340152E-01 -8.733518849679E-01  8.623808414313E-01  9.539419703700E-01  8.623808414627E-01  9.539419674431E-01
  1.036995068584E+00 -9.374623513365E-01  9.320045341842E-01  1.030957782103E+00  9.320045332059E-01  1.030957780282E+00
  1.088929195136E+00 -9.844117437369E-01  9.827395960030E-01  1.087079511424E+00  9.827395950302E-01  1.087079510228E+00
  1.112715311912E+00 -1.005914824742E+00  1.005914824742E+00  1.112715311912E+00  1.005914824742E+00  1.112715311912E+00
  8.109284805664E-01 -5.851452805981E-01  5.570132959555E-01  7.719415325002E-01  5.570132959540E-01  7.719415343853E-01
  8.369308721881E-01 -6.039079422956E-01  5.780708442627E-01  8.011243115343E-01  5.780708442952E-01  8.011243138539E-01
  8.937039684379E-01 -6.448739585740E-01  6.237293177043E-01  8.644004889203E-01  6.237293182142E-01  8.644004917670E-01
  9.712289265187E-01 -7.008139883505E-01  6.854884841615E-01  9.499899452624E-01  6.854884851588E-01  9.499899497564E-01
  1.056092274897E+00 -7.620492131448E-01  7.524763504040E-01  1.042825642063E+00  7.524763534367E-01  1.042825647215E+00
  1.133617232978E+00 -8.179892429213E-01  8.132269820114E-01  1.127017413885E+00  8.132269860539E-01  1.127017419473E+00
  1.190390329228E+00 -8.589552591997E-01  8.574962114466E-01  1.188368296780E+00  8.574962143082E-01  1.188368299663E+00
  1.216392720850E+00 -8.777179208972E-01  8.777179208972E-01  1.216392720850E+00  8.777179208972E-01  1.216392720850E+00
  8.893427068925E-01 -4.572412379666E-01  4.352584867892E-01  8.465858478793E-01  4.352584861412E-01  8.465858459842E-01
  9.178594477700E-01 -4.719026612858E-01  4.517131689963E-01  8.785905104419E-01  4.517131680661E-01  8.785905081821E-01
  9.801223233594E-01 -5.039141165923E-01  4.873913809469E-01  9.479852965840E-01  4.873913796669E-01  9.479852929204E-01
  1.065143700366E+00 -5.476264890834E-01  5.356509153896E-01  1.041850986779E+00  5.356509126169E-01  1.041850981540E+00
  1.158213066866E+00 -5.954766058330E-01  5.879962344954E-01  1.143663606163E+00  5.879962306699E-01  1.143663598131E+00
  1.243234443872E+00 -6.391889783241E-01  6.354676848588E-01  1.235996457591E+00  6.354676798743E-01  1.235996449217E+00
  1.305497319461E+00 -6.712004336306E-01  6.700603168950E-01  1.303279770808E+00  6.700603142200E-01  1.303279766015E+00
  1.334014060339E+00 -6.858618569498E-01  6.858618569498E-01  1.334014060339E+00  6.858618569498E-01  1.334014060339E+00
  9.521786388467E-01 -3.055418788382E-01  2.908523642298E-01  9.064008178893E-01  2.908523654325E-01  9.064008196714E-01
  9.827102115494E-01 -3.153390678391E-01  3.018478606127E-01  9.406667482061E-01  3.018478619309E-01  9.406667505125E-01
  1.049372230218E+00 -3.367300522617E-01  3.256890773967E-01  1.014964575475E+00  3.256890794348E-01  1.014964578744E+00
  1.140400737455E+00 -3.659399294784E-01  3.579374991725E-01  1.115462280996E+00  3.579375013728E-01  1.115462286693E+00
  1.240045859662E+00 -3.979147676170E-01  3.929161604046E-01  1.224468399553E+00  3.929161636155E-01  1.224468407653E+00
  1.331074366899E+00 -4.271246448337E-01  4.246379625839E-01  1.323324966993E+00  4.246379650996E-01  1.323324976428E+00
  1.397736385567E+00 -4.485156292563E-01  4.477537668451E-01  1.395362147091E+00  4.477537683437E-01  1.395362152322E+00
  1.428267958270E+00 -4.583128182573E-01  4.583128182573E-01  1.428267958270E+00  4.583128182573E-01  1.428267958270E+00
  9.871732235560E-01 -1.596528317756E-01  1.519772163261E-01  9.397129738406E-01  1.519772148633E-01  9.397129724235E-01
  1.018826896318E+00 -1.647720938990E-01  1.577226226462E-01  9.752382505598E-01  1.577226208922E-01  9.752382489068E-01
  1.087938885574E+00 -1.759493873375E-01  1.701802207175E-01  1.052266682501E+00  1.701802188553E-01  1.052266679924E+00
  1.182312883539E+00 -1.912122365128E-01  1.870307818945E-01  1.156457895486E+00  1.870307792507E-01  1.156457891813E+00
  1.285620175351E+00 -2.079198429261E-01  2.053079562053E-01  1.269470224687E+00  2.053079545434E-01  1.269470218939E+00
  1.379994173316E+00 -2.231826921014E-01  2.218833444603E-01  1.371959982857E+00  2.218833433419E-01  1.371959976307E+00
  1.449106162572E+00 -2.343599855400E-01  2.339618952826E-01  1.446644675279E+00  2.339618952599E-01  1.446644671218E+00
  1.480759835334E+00 -2.394792476634E-01  2.394792476634E-01  1.480759835334E+00  2.394792476634E-01  1.480759835334E+00
  9.987318243030E-01 -5.034623247436E-02  4.792573957339E-02  9.507158700584E-01  4.792574052848E-02  9.507158712115E-01
  1.030756123169E+00 -5.196058254943E-02  4.973754293627E-02  9.866571042210E-01  4.973754395453E-02  9.866571055809E-01
  1.100677329968E+00 -5.548532187056E-02  5.366602332956E-02  1.064587444508E+00  5.366602499774E-02  1.064587446069E+00
  1.196156332949E+00 -6.029843382264E-02  5.897981733898E-02  1.169998608570E+00  5.897981881872E-02  1.169998610638E+00
  1.300673227809E+00 -6.556714736325E-02  6.474349114774E-02  1.284334173157E+00  6.474349307382E-02  1.284334175001E+00
  1.396152230790E+00 -7.038025931534E-02  6.997051148077E-02  1.388023961125E+00  6.997051202813E-02  1.388023963081E+00
  1.466073437589E+00 -7.390499863647E-02  7.377946144030E-02  1.463583123678E+00  7.377946158485E-02  1.463583125158E+00
  1.498097736455E+00 -7.551934871154E-02  7.551934871154E-02  1.498097736455E+00  7.551934871154E-02  1.498097736455E+00
  1.000000000000E+00  2.775557561563E-17 -1.994365815191E-10  9.519230769146E-01 -2.642117294180E-17  9.519230769231E-01
  1.032064962873E+00  2.953553861887E-17 -1.242658644163E-10  9.879099488754E-01 -2.827191455907E-17  9.879099489690E-01
  1.102074954642E+00  3.342187385967E-17 -4.100491584372E-10  1.065939244343E+00 -3.232601087200E-17  1.065939244313E+00
  1.197675195524E+00  3.872875328905E-17  5.786149145955E-10  1.171484258400E+00 -3.788182722592E-17  1.171484258504E+00
  1.302324804476E+00  4.453797355784E-17  1.327465392858E-09  1.285965004680E+00 -4.397848768055E-17  1.285965004567E+00
  1.397925045358E+00  4.984485298722E-17  2.956482622105E-09  1.389786456500E+00 -4.955466091501E-17  1.389786456489E+00
  1.467935037127E+00  5.373118822801E-17  1.187973586093E-09  1.465441562576E+00 -5.363991896240E-17  1.465441562532E+00
  1.500000000000E+00  5.551115123126E-17 -5.551115123126E-17  1.500000000000E+00 -5.551115123126E-17  1.500000000000E+00
