# x y ux uy ux_exact uy_exact
  5.000000000000E-01  1.387778780781E-17 -4.743614579263E-17  1.100244510532E-02 -3.053791938150E-19  1.100244498778E-02
  5.320649628726E-01  1.476776930944E-17  9.709725823036E-09  8.014047628117E-02 -2.224346193911E-18  8.014051752032E-02
  6.020749546417E-01  1.671093692983E-17 -2.079850937063E-08  2.188230249792E-01 -6.073557360602E-18  2.188229653282E-01
  6.976751955244E-01  1.936437664453E-17  2.966433662432E-08  3.887116675827E-01 -1.078891759354E-17  3.887117220319E-01
  8.023248044756E-01  2.226898677892E-17 -3.130379497699E-08  5.575784199712E-01 -1.547590893879E-17  5.575783818398E-01
  8.979250453583E-01  2.492242649361E-17  2.403029518485E-08  7.013660946602E-01 -1.946682028562E-17  7.013661166752E-01
  9.679350371274E-01  2.686559411401E-17 -1.181753835692E-08  8.020913867904E-01 -2.226250790268E-17  8.020913783589E-01
  1.000000000000E+00  2.775557561563E-17 -2.241353736522E-10  8.471882639169E-01 -2.351419792375E-17  8.471882640587E-01
  4.993659121515E-01  2.517311623718E-02 -5.539316070879E-04  1.098849012995E-02 -5.539316531409E-04  1.098849195443E-02
  5.313902110175E-01  2.678746631225E-02 -4.034761652188E-03  8.003884413332E-02 -4.034773125694E-03  8.003888526366E-02
  6.013114178165E-01  3.031220563338E-02 -1.101693539901E-02  2.185455175710E-01 -1.101691188314E-02  2.185454593616E-01
  6.967904207970E-01  3.512531758546E-02 -1.957013819518E-02  3.882187141517E-01 -1.957017072293E-02  3.882187672729E-01
  8.013073156575E-01  4.039403112607E-02 -2.807200399886E-02  5.568713110196E-01 -2.807197083478E-02  5.568712744867E-01
  8.967863186381E-01  4.520714307816E-02 -3.531111671030E-02  7.004766407682E-01 -3.531114155977E-02  7.004766612113E-01
  9.667075254371E-01  4.873188239929E-02 -4.038229169337E-02  8.010741940549E-01 -4.038227900053E-02  8.010741855661E-01
  9.987318243030E-01  5.034623247436E-02 -4.265273814932E-02  8.461138811549E-01 -4.265273729185E-02  8.461138804914E-01
  4.935866117780E-01  7.982641588779E-02 -1.756571739644E-03  1.086132080674E-02 -1.756571498753E-03  1.086131908558E-02
  5.252402845402E-01  8.494567801117E-02 -1.279464544662E-02  7.911253465923E-02 -1.279466056208E-02  7.911257301799E-02
  5.943522737960E-01  9.612297144970E-02 -3.493573657525E-02  2.160162283577E-01 -3.493570607217E-02  2.160161720711E-01
  6.887262717609E-01  1.113858206250E-01 -6.205888939237E-02  3.837257551904E-01 -6.205892716676E-02  3.837258036723E-01
  7.920335635732E-01  1.280934270383E-01 -8.901900446168E-02  5.504264815003E-01 -8.901896759756E-02  5.504264485859E-01
  8.864075615381E-01  1.433562762137E-01 -1.119750588286E-01  6.923698322579E-01 -1.119750866386E-01  6.923698502912E-01
  9.555195507939E-01  1.545335696522E-01 -1.280561718463E-01  7.918031374541E-01 -1.280561598978E-01  7.918031315610E-01
  9.871732235560E-01  1.596528317756E-01 -1.352560043819E-01  8.363215686225E-01 -1.352560054040E-01  8.363215695897E-01
  4.760893194234E-01  1.527709394191E-01 -3.361707229267E-03  1.047629147157E-02 -3.361707713378E-03  1.047629309245E-02
  5.066208921261E-01  1.625681284201E-01 -2.448626249256E-02  7.630805126225E-02 -2.448628429422E-02  7.630808888898E-02
  5.732829107945E-01  1.839591128426E-01 -6.685961756982E-02  2.083586029282E-01 -6.685957995931E-02  2.083585532746E-01
  6.643114180315E-01  2.131689900593E-01 -1.187676646015E-01  3.701229548923E-01 -1.187677098761E-01  3.701229983881E-01
  7.639565402386E-01  2.451438281979E-01 -1.703635876099E-01  5.309142510591E-01 -1.703635463869E-01  5.309142246705E-01
  8.549850474757E-01  2.743537054146E-01 -2.142966914630E-01  6.678258209374E-01 -2.142967210424E-01  6.678258343090E-01
  9.216470661440E-01  2.957446898372E-01 -2.450725207759E-01  7.637342822442E-01 -2.450725067437E-01  7.637342768764E-01
  9.521786388467E-01  3.055418788382E-01 -2.588514944585E-01  8.066745692248E-01 -2.588514939301E-01  8.066745681183E-01
  4.446713534462E-01  2.286206189833E-01 -5.030772293826E-03  9.784945696787E-03 -5.030771566869E-03  9.784944207863E-03
  4.731880943238E-01  2.432820423025E-01 -3.664352271735E-02  7.127235323120E-02 -3.664354944227E-02  7.127238478329E-02
  5.354509699132E-01  2.752934976090E-01 -1.000549296408E-01  1.946086525512E-01 -1.000548835622E-01  1.946086083152E-01
  6.204723469194E-01  3.190058701001E-01 -1.777349780664E-01  3.456979007376E-01 -1.777350289940E-01  3.456979350727E-01
  7.135417134193E-01  3.668559868497E-01 -2.549478751085E-01  4.958782871907E-01 -2.549478295758E-01  4.958782674101E-01
  7.985630904255E-01  4.105683593408E-01 -3.206934800880E-01  6.237548317082E-01 -3.206935114564E-01  6.237548407266E-01
  8.608259660149E-01  4.425798146473E-01 -3.667492689351E-01  7.133341186591E-01 -3.667492548031E-01  7.133341176048E-01
  8.893427068925E-01  4.572412379666E-01 -3.873694104242E-01  7.534407023614E-01 -3.873694106489E-01  7.534407040055E-01
  4.054642402832E-01  2.925726402991E-01 -6.438027861368E-03  8.922194688367E-03 -6.438028759637E-03  8.922195996452E-03
  4.314666319049E-01  3.113353019965E-01 -4.689381398786E-02  6.498819938472E-02 -4.689384561171E-02  6.498822810456E-02
  4.882397281547E-01  3.523013182749E-01 -1.280432771651E-01  1.774498106609E-01 -1.280432254483E-01  1.774497747866E-01
  5.657646862355E-01  4.082413480515E-01 -2.274527735053E-01  3.152173791478E-01 -2.274528296602E-01  3.152174061257E-01
  6.506280346142E-01  4.694765728457E-01 -3.262644061251E-01  4.521562028027E-01 -3.262643586971E-01  4.521561899820E-01
  7.281529926949E-01  5.254166026223E-01 -4.104010404822E-01  5.687577563483E-01 -4.104010731439E-01  5.687577593162E-01
  7.849260889447E-01  5.663826189007E-01 -4.693399988199E-01  6.504387441431E-01 -4.693399846551E-01  6.504387427280E-01
  8.109284805664E-01  5.851452805981E-01 -4.957282142942E-01  6.870090932576E-01 -4.957282144921E-01  6.870090917268E-01
  3.709051039706E-01  3.353049415808E-01 -7.378349445297E-03  8.161727286714E-03 -7.378348347744E-03  8.161726004244E-03
  3.946912207468E-01  3.568080225864E-01 -5.374298856329E-02  5.944902949717E-02 -5.374302309082E-02  5.944905396627E-02
  4.466253472990E-01  4.037574149868E-01 -1.467448986896E-01  1.623251398903E-01 -1.467448432118E-01  1.623251094124E-01
  5.175425818674E-01  4.678678813554E-01 -2.606738639782E-01  2.883503029294E-01 -2.606739224954E-01  2.883503233497E-01
  5.951727300445E-01  5.380469433871E-01 -3.739176222124E-01  4.136173425233E-01 -3.739175734990E-01  4.136173353761E-01
  6.660899646129E-01  6.021574097557E-01 -4.703430168509E-01  5.202805441172E-01 -4.703430495571E-01  5.202805448538E-01
  7.180240911651E-01  6.491068021561E-01 -5.378904197288E-01  5.949995696479E-01 -5.378904055262E-01  5.949995721683E-01
  7.418102079413E-01  6.706098831617E-01 -5.681328226165E-01  6.284529009979E-01 -5.681328227763E-01  6.284529023268E-01
  3.535533905933E-01  3.535533905933E-01 -7.779903543601E-03  7.779903543601E-03 -7.779903460488E-03  7.779903460488E-03
  3.762267432790E-01  3.762267432790E-01 -5.666786736012E-02  5.666788109175E-02 -5.666790338642E-02  5.666790338642E-02
  4.257312832097E-01  4.257312832097E-01 -1.547312595493E-01  1.547312301358E-01 -1.547312026629E-01  1.547312026629E-01
  4.933308618209E-01  4.933308618209E-01 -2.748606350982E-01  2.748606770499E-01 -2.748606945755E-01  2.748606945755E-01
  5.673293099589E-01  5.673293099589E-01 -3.942675039400E-01  3.942674596698E-01 -3.942674548419E-01  3.942674548419E-01
  6.349288885701E-01  6.349288885701E-01 -4.959407046365E-01  4.959407386205E-01 -4.959407371955E-01  4.959407371955E-01
  6.844334285008E-01  6.844334285008E-01 -5.671642670870E-01  5.671642503745E-01 -5.671642527688E-01  5.671642527688E-01
  7.071067811865E-01  7.071067811865E-01 -5.990525665158E-01  5.990525661988E-01 -5.990525664576E-01  5.990525664576E-01
  3.535533905933E-01  3.535533905933E-01 -7.779903543601E-03  7.779903543601E-03 -7.779903460488E-03  7.779903460488E-03
  3.762267432790E-01  3.762267432790E-01 -5.666786736012E-02  5.666788109175E-02 -5.666790338642E-02  5.666790338642E-02
  4.257312832097E-01  4.257312832097E-01 -1.547312595493E-01  1.547312301358E-01 -1.547312026629E-01  1.547312026629E-01
  4.933308618209E-01  4.933308618209E-01 -2.748606350982E-01  2.748606770499E-01 -2.748606945755E-01  2.748606945755E-01
  5.673293099589E-01  5.673293099589E-01 -3.942675039400E-01  3.942674596698E-01 -3.942674548419E-01  3.942674548419E-01
  6.349288885701E-01  6.349288885701E-01 -4.959407046365E-01  4.959407386205E-01 -4.959407371955E-01  4.959407371955E-01
  6.844334285008E-01  6.844334285008E-01 -5.671642670870E-01  5.671642503745E-01 -5.671642527688E-01  5.671642527688E-01
  7.071067811865E-01  7.071067811865E-01 -5.990525665158E-01  5.990525661988E-01 -5.990525664576E-01  5.990525664576E-01
  3.353049415808E-01  3.709051039706E-01 -8.161724681574E-03  7.378347090203E-03 -8.161726004244E-03  7.378348347745E-03
  3.568080225864E-01  3.946912207468E-01 -5.944901676974E-02  5.374300212027E-02 -5.944905396627E-02  5.374302309082E-02
  4.037574149868E-01  4.466253472990E-01 -1.623251672009E-01  1.467448677439E-01 -1.623251094124E-01  1.467448432118E-01
  4.678678813554E-01  5.175425818674E-01 -2.883502627868E-01  2.606739079337E-01 -2.883503233497E-01  2.606739224954E-01
  5.380469433871E-01  5.951727300445E-01 -4.136173846593E-01  3.739175758811E-01 -4.136173353761E-01  3.739175734990E-01
  6.021574097557E-01  6.660899646129E-01 -5.202805128271E-01  4.703430526729E-01 -5.202805448538E-01  4.703430495571E-01
  6.491068021561E-01  7.180240911651E-01 -5.949995871460E-01  5.378904025535E-01 -5.949995721683E-01  5.378904055262E-01
  6.706098831617E-01  7.418102079413E-01 -6.284529034022E-01  5.681328226391E-01 -6.284529023268E-01  5.681328227763E-01
  2.925726402991E-01  4.054642402832E-01 -8.922197383834E-03  6.438029806348E-03 -8.922195996452E-03  6.438028759637E-03
  3.113353019965E-01  4.314666319049E-01 -6.498819029258E-02  4.689382917622E-02 -6.498822810456E-02  4.689384561171E-02
  3.523013182749E-01  4.882397281547E-01 -1.774498361562E-01  1.280432436800E-01 -1.774497747866E-01  1.280432254483E-01
  4.082413480515E-01  5.657646862355E-01 -3.152173451333E-01  2.274528220888E-01 -3.152174061257E-01  2.274528296602E-01
  4.694765728457E-01  6.506280346142E-01 -4.521562393229E-01  3.262643559042E-01 -4.521561899820E-01  3.262643586971E-01
  5.254166026223E-01  7.281529926949E-01 -5.687577269000E-01  4.104010800571E-01 -5.687577593162E-01  4.104010731439E-01
  5.663826189007E-01  7.849260889447E-01 -6.504387553439E-01  4.693399803733E-01 -6.504387427280E-01  4.693399846551E-01
  5.851452805981E-01  8.109284805664E-01 -6.870090903202E-01  4.957282145309E-01 -6.870090917268E-01  4.957282144921E-01
  2.286206189833E-01  4.446713534462E-01 -9.784942719414E-03  5.030770763057E-03 -9.784944207863E-03  5.030771566869E-03
  2.432820423025E-01  4.731880943238E-01 -7.127234276107E-02  3.664353825227E-02 -7.127238478329E-02  3.664354944227E-02
  2.752934976090E-01  5.354509699132E-01 -1.946086700203E-01  1.000548920779E-01 -1.946086083152E-01  1.000548835622E-01
  3.190058701001E-01  6.204723469194E-01 -3.456978723026E-01  1.777350302518E-01 -3.456979350727E-01  1.777350289940E-01
  3.668559868497E-01  7.135417134193E-01 -4.958783152187E-01  2.549478190862E-01 -4.958782674101E-01  2.549478295758E-01
  4.105683593408E-01  7.985630904255E-01 -6.237548103556E-01  3.206935229169E-01 -6.237548407266E-01  3.206935114564E-01
  4.425798146473E-01  8.608259660149E-01 -7.133341313227E-01  3.667492486764E-01 -7.133341176048E-01  3.667492548031E-01
  4.572412379666E-01  8.893427068925E-01 -7.534407051615E-01  3.873694110577E-01 -7.534407040055E-01  3.873694106489E-01
  1.527709394191E-01  4.760893194234E-01 -1.047629465931E-02  3.361708252171E-03 -1.047629309245E-02  3.361707713378E-03
  1.625681284201E-01  5.066208921261E-01 -7.630804768091E-02  2.448628088091E-02 -7.630808888898E-02  2.448628429422E-02
  1.839591128426E-01  5.732829107945E-01 -2.083586171367E-01  6.685957865641E-02 -2.083585532746E-01  6.685957995931E-02
  2.131689900593E-01  6.643114180315E-01 -3.701229380983E-01  1.187677216087E-01 -3.701229983881E-01  1.187677098761E-01
  2.451438281979E-01  7.639565402386E-01 -5.309142708540E-01  1.703635281774E-01 -5.309142246705E-01  1.703635463869E-01
  2.743537054146E-01  8.549850474757E-01 -6.678258057512E-01  2.142967368462E-01 -6.678258343090E-01  2.142967210424E-01
  2.957446898372E-01  9.216470661440E-01 -7.637342876148E-01  2.450724974964E-01 -7.637342768764E-01  2.450725067437E-01
  3.055418788382E-01  9.521786388467E-01 -8.066745667968E-01  2.588514929265E-01 -8.066745681183E-01  2.588514939301E-01
  7.982641588779E-02  4.935866117780E-01 -1.086131752545E-02  1.756571208970E-03 -1.086131908558E-02  1.756571498753E-03
  8.494567801117E-02  5.252402845402E-01 -7.911253034855E-02  1.279466261552E-02 -7.911257301799E-02  1.279466056208E-02
  9.612297144970E-02  5.943522737960E-01 -2.160162340073E-01  3.493569486980E-02 -2.160161720711E-01  3.493570607217E-02
  1.113858206250E-01  6.887262717609E-01 -3.837257448885E-01  6.205894779802E-02 -3.837258036723E-01  6.205892716676E-02
  1.280934270383E-01  7.920335635732E-01 -5.504264911882E-01  8.901894312647E-02 -5.504264485859E-01  8.901896759756E-02
  1.433562762137E-01  8.864075615381E-01 -6.923698250973E-01  1.119751076353E-01 -6.923698502912E-01  1.119750866386E-01
  1.545335696522E-01  9.555195507939E-01 -7.918031425776E-01  1.280561508824E-01 -7.918031315610E-01  1.280561598978E-01
  1.596528317756E-01  9.871732235560E-01 -8.363215705321E-01  1.352560066263E-01 -8.363215695897E-01  1.352560054040E-01
  2.517311623718E-02  4.993659121515E-01 -1.098849363736E-02  5.539317838972E-04 -1.098849195443E-02  5.539316531409E-04
  2.678746631225E-02  5.313902110175E-01 -8.003884354674E-02  4.034780238076E-03 -8.003888526366E-02  4.034773125694E-03
  3.031220563338E-02  6.013114178165E-01 -2.185455201414E-01  1.101689420559E-02 -2.185454593616E-01  1.101691188314E-02
  3.512531758546E-02  6.967904207970E-01 -3.882187114556E-01  1.957019766149E-02 -3.882187672729E-01  1.957017072293E-02
  4.039403112607E-02  8.013073156575E-01 -5.568713139861E-01  2.807194144305E-02 -5.568712744867E-01  2.807197083478E-02
  4.520714307816E-02  8.967863186381E-01 -7.004766375637E-01  3.531116416571E-02 -7.004766612113E-01  3.531114155977E-02
  4.873188239929E-02  9.667075254371E-01 -8.010741938267E-01  4.038226717560E-02 -8.010741855661E-01  4.038227900053E-02
  5.034623247436E-02  9.987318243030E-01 -8.461138794387E-01  4.265273646524E-02 -8.461138804914E-01  4.265273729185E-02
  3.061616997868E-17  5.000000000000E-01 -1.100244510532E-02  4.199265407994E-17 -1.100244498778E-02  6.737054518537E-19
  3.257958268602E-17  5.320649628726E-01 -8.014047628117E-02  9.709725972583E-09 -8.014051752032E-02  4.907191413164E-18
  3.686645830244E-17  6.020749546417E-01 -2.188230249792E-01 -2.079850916397E-08 -2.188229653282E-01  1.339904220345E-17
  4.272028475217E-17  6.976751955244E-01 -3.887116675827E-01  2.966433679356E-08 -3.887117220319E-01  2.380172830887E-17
  4.912822518388E-17  8.023248044756E-01 -5.575784199712E-01 -3.130379483844E-08 -5.575783818398E-01  3.414182902969E-17
  5.498205163361E-17  8.979250453583E-01 -7.013660946602E-01  2.403029529635E-08 -7.013661166752E-01  4.294628849083E-17
  5.926892725003E-17  9.679350371274E-01 -8.020913867904E-01 -1.181753828833E-08 -8.020913783589E-01  4.911393195654E-17
  6.123233995737E-17  1.000000000000E+00 -8.471882639169E-01 -2.241353742892E-10 -8.471882640587E-01  5.187531979273E-17
  3.061616997868E-17  5.000000000000E-01 -1.100244510532E-02  4.199265407994E-17 -1.100244498778E-02  6.737054518537E-19
  3.257958268602E-17  5.320649628726E-01 -8.014047628117E-02  9.709725972583E-09 -8.014051752032E-02  4.907191413164E-18
  3.686645830244E-17  6.020749546417E-01 -2.188230249792E-01 -2.079850916397E-08 -2.188229653282E-01  1.339904220345E-17
  4.272028475217E-17  6.976751955244E-01 -3.887116675827E-01  2.966433679356E-08 -3.887117220319E-01  2.380172830887E-17
  4.912822518388E-17  8.023248044756E-01 -5.575784199712E-01 -3.130379483844E-08 -5.575783818398E-01  3.414182902969E-17
  5.498205163361E-17  8.979250453583E-01 -7.013660946602E-01  2.403029529635E-08 -7.013661166752E-01  4.294628849083E-17
  5.926892725003E-17  9.679350371274E-01 -8.020913867904E-01 -1.181753828833E-08 -8.020913783589E-01  4.911393195654E-17
  6.123233995737E-17  1.000000000000E+00 -8.471882639169E-01 -2.241353742892E-10 -8.471882640587E-01  5.187531979273E-17
 -2.517311623718E-02  4.993659121515E-01 -1.098849012995E-02 -5.539316070879E-04 -1.098849195443E-02 -5.539316531409E-04
 -2.678746631225E-02  5.313902110175E-01 -8.003884413332E-02 -4.034761652188E-03 -8.003888526366E-02 -4.034773125694E-03
 -3.031220563338E-02  6.013114178165E-01 -2.185455175710E-01 -1.101693539901E-02 -2.185454593616E-01 -1.101691188314E-02
 -3.512531758546E-02  6.967904207970E-01 -3.882187141517E-01 -1.957013819518E-02 -3.882187672729E-01 -1.957017072293E-02
 -4.039403112607E-02  8.013073156575E-01 -5.568713110196E-01 -2.807200399886E-02 -5.568712744867E-01 -2.807197083478E-02
 -4.520714307816E-02  8.967863186381E-01 -7.004766407682E-01 -3.531111671030E-02 -7.004766612113E-01 -3.531114155977E-02
 -4.873188239929E-02  9.667075254371E-01 -8.010741940549E-01 -4.038229169337E-02 -8.010741855661E-01 -4.038227900053E-02
 -5.034623247436E-02  9.987318243030E-01 -8.461138811549E-01 -4.265273814932E-02 -8.461138804914E-01 -4.265273729185E-02
 -7.982641588779E-02  4.935866117780E-01 -1.086132080674E-02 -1.756571739644E-03 -1.086131908558E-02 -1.756571498753E-03
 -8.494567801117E-02  5.252402845402E-01 -7.911253465923E-02 -1.279464544662E-02 -7.911257301799E-02 -1.279466056208E-02
 -9.612297144970E-02  5.943522737960E-01 -2.160162283577E-01 -3.493573657525E-02 -2.160161720711E-01 -3.493570607217E-02
 -1.113858206250E-01  6.887262717609E-01 -3.837257551904E-01 -6.205888939237E-02 -3.837258036723E-01 -6.205892716676E-02
 -1.280934270383E-01  7.920335635732E-01 -5.504264815003E-01 -8.901900446168E-02 -5.504264485859E-01 -8.901896759756E-02
 -1.433562762137E-01  8.864075615381E-01 -6.923698322579E-01 -1.119750588286E-01 -6.923698502912E-01 -1.119750866386E-01
 -1.545335696522E-01  9.555195507939E-01 -7.918031374541E-01 -1.280561718463E-01 -7.918031315610E-01 -1.280561598978E-01
 -1.596528317756E-01  9.871732235560E-01 -8.363215686225E-01 -1.352560043819E-01 -8.363215695897E-01 -1.352560054040E-01
 -1.527709394191E-01  4.760893194234E-01 -1.047629147157E-02 -3.361707229267E-03 -1.047629309245E-02 -3.361707713378E-03
 -1.625681284201E-01  5.066208921261E-01 -7.630805126225E-02 -2.448626249256E-02 -7.630808888898E-02 -2.448628429422E-02
 -1.839591128426E-01  5.732829107945E-01 -2.083586029282E-01 -6.685961756982E-02 -2.083585532746E-01 -6.685957995931E-02
 -2.131689900593E-01  6.643114180315E-01 -3.701229548923E-01 -1.187676646015E-01 -3.701229983881E-01 -1.187677098761E-01
 -2.451438281979E-01  7.639565402386E-01 -5.309142510591E-01 -1.703635876099E-01 -5.309142246705E-01 -1.703635463869E-01
 -2.743537054146E-01  8.549850474757E-01 -6.678258209374E-01 -2.142966914630E-01 -6.678258343090E-01 -2.142967210424E-01
 -2.957446898372E-01  9.216470661440E-01 -7.637342822442E-01 -2.450725207759E-01 -7.637342768764E-01 -2.450725067437E-01
 -3.055418788382E-01  9.521786388467E-01 -8.066745692248E-01 -2.588514944585E-01 -8.066745681183E-01 -2.588514939301E-01
 -2.286206189833E-01  4.446713534462E-01 -9.784945696788E-03 -5.030772293826E-03 -9.784944207863E-03 -5.030771566869E-03
 -2.432820423025E-01  4.731880943238E-01 -7.127235323120E-02 -3.664352271735E-02 -7.127238478329E-02 -3.664354944227E-02
 -2.752934976090E-01  5.354509699132E-01 -1.946086525512E-01 -1.000549296408E-01 -1.946086083152E-01 -1.000548835622E-01
 -3.190058701001E-01  6.204723469194E-01 -3.456979007376E-01 -1.777349780664E-01 -3.456979350727E-01 -1.777350289940E-01
 -3.668559868497E-01  7.135417134193E-01 -4.958782871907E-01 -2.549478751085E-01 -4.958782674101E-01 -2.549478295758E-01
 -4.105683593408E-01  7.985630904255E-01 -6.237548317082E-01 -3.206934800880E-01 -6.237548407266E-01 -3.206935114564E-01
 -4.425798146473E-01  8.608259660149E-01 -7.133341186591E-01 -3.667492689351E-01 -7.133341176048E-01 -3.667492548031E-01
 -4.572412379666E-01  8.893427068925E-01 -7.534407023614E-01 -3.873694104242E-01 -7.534407040055E-01 -3.873694106489E-01
 -2.925726402991E-01  4.054642402832E-01 -8.922194688367E-03 -6.438027861368E-03 -8.922195996452E-03 -6.438028759637E-03
 -3.113353019965E-01  4.314666319049E-01 -6.498819938472E-02 -4.689381398786E-02 -6.498822810456E-02 -4.689384561171E-02
 -3.523013182749E-01  4.882397281547E-01 -1.774498106609E-01 -1.280432771651E-01 -1.774497747866E-01 -1.280432254483E-01
 -4.082413480515E-01  5.657646862355E-01 -3.152173791478E-01 -2.274527735053E-01 -3.152174061257E-01 -2.274528296602E-01
 -4.694765728457E-01  6.506280346142E-01 -4.521562028027E-01 -3.262644061251E-01 -4.521561899820E-01 -3.262643586971E-01
 -5.254166026223E-01  7.281529926949E-01 -5.687577563483E-01 -4.104010404822E-01 -5.687577593162E-01 -4.104010731439E-01
 -5.663826189007E-01  7.849260889447E-01 -6.504387441431E-01 -4.693399988199E-01 -6.504387427280E-01 -4.693399846551E-01
 -5.851452805981E-01  8.109284805664E-01 -6.870090932576E-01 -4.957282142942E-01 -6.870090917268E-01 -4.957282144921E-01
 -3.353049415808E-01  3.709051039706E-01 -8.161727286714E-03 -7.378349445297E-03 -8.161726004244E-03 -7.378348347745E-03
 -3.568080225864E-01  3.946912207468E-01 -5.944902949717E-02 -5.374298856329E-02 -5.944905396627E-02 -5.374302309082E-02
 -4.037574149868E-01  4.466253472990E-01 -1.623251398903E-01 -1.467448986896E-01 -1.623251094124E-01 -1.467448432118E-01
 -4.678678813554E-01  5.175425818674E-01 -2.883503029294E-01 -2.606738639782E-01 -2.883503233497E-01 -2.606739224954E-01
 -5.380469433871E-01  5.951727300445E-01 -4.136173425233E-01 -3.739176222124E-01 -4.136173353761E-01 -3.739175734990E-01
 -6.021574097557E-01  6.660899646129E-01 -5.202805441172E-01 -4.703430168509E-01 -5.202805448538E-01 -4.703430495571E-01
 -6.491068021561E-01  7.180240911651E-01 -5.949995696479E-01 -5.378904197288E-01 -5.949995721683E-01 -5.378904055262E-01
 -6.706098831617E-01  7.418102079413E-01 -6.284529009979E-01 -5.681328226165E-01 -6.284529023268E-01 -5.681328227763E-01
 -3.535533905933E-01  3.535533905933E-01 -7.779903543601E-03 -7.779903543601E-03 -7.779903460488E-03 -7.779903460488E-03
 -3.762267432790E-01  3.762267432790E-01 -5.666788109175E-02 -5.666786736012E-02 -5.666790338642E-02 -5.666790338642E-02
 -4.257312832097E-01  4.257312832097E-01 -1.547312301358E-01 -1.547312595493E-01 -1.547312026629E-01 -1.547312026629E-01
 -4.933308618209E-01  4.933308618209E-01 -2.748606770499E-01 -2.748606350982E-01 -2.748606945755E-01 -2.748606945755E-01
 -5.673293099589E-01  5.673293099589E-01 -3.942674596698E-01 -3.942675039400E-01 -3.942674548419E-01 -3.942674548419E-01
 -6.349288885701E-01  6.349288885701E-01 -4.959407386205E-01 -4.959407046365E-01 -4.959407371955E-01 -4.959407371955E-01
 -6.844334285008E-01  6.844334285008E-01 -5.671642503745E-01 -5.671642670870E-01 -5.671642527688E-01 -5.671642527688E-01
 -7.071067811865E-01  7.071067811865E-01 -5.990525661988E-01 -5.990525665158E-01 -5.990525664576E-01 -5.990525664576E-01
 -3.535533905933E-01  3.535533905933E-01 -7.779903543601E-03 -7.779903543601E-03 -7.779903460488E-03 -7.779903460488E-03
 -3.762267432790E-01  3.762267432790E-01 -5.666788109175E-02 -5.666786736012E-02 -5.666790338642E-02 -5.666790338642E-02
 -4.257312832097E-01  4.257312832097E-01 -1.547312301358E-01 -1.547312595493E-01 -1.547312026629E-01 -1.547312026629E-01
 -4.933308618209E-01  4.933308618209E-01 -2.748606770499E-01 -2.748606350982E-01 -2.748606945755E-01 -2.748606945755E-01
 -5.673293099589E-01  5.673293099589E-01 -3.942674596698E-01 -3.942675039400E-01 -3.942674548419E-01 -3.942674548419E-01
 -6.349288885701E-01  6.349288885701E-01 -4.959407386205E-01 -4.959407046365E-01 -4.959407371955E-01 -4.959407371955E-01
 -6.844334285008E-01  6.844334285008E-01 -5.671642503745E-01 -5.671642670870E-01 -5.671642527688E-01 -5.671642527688E-01
 -7.071067811865E-01  7.071067811865E-01 -5.990525661988E-01 -5.990525665158E-01 -5.990525664576E-01 -5.990525664576E-01
 -3.709051039706E-01  3.353049415808E-01 -7.378347090203E-03 -8.161724681574E-03 -7.378348347745E-03 -8.161726004244E-03
 -3.946912207468E-01  3.568080225864E-01 -5.374300212027E-02 -5.944901676974E-02 -5.374302309082E-02 -5.944905396627E-02
 -4.466253472990E-01  4.037574149868E-01 -1.467448677439E-01 -1.623251672009E-01 -1.467448432118E-01 -1.623251094124E-01
 -5.175425818674E-01  4.678678813554E-01 -2.606739079337E-01 -2.883502627868E-01 -2.606739224954E-01 -2.883503233497E-01
 -5.951727300445E-01  5.380469433871E-01 -3.739175758811E-01 -4.136173846593E-01 -3.739175734990E-01 -4.136173353761E-01
 -6.660899646129E-01  6.021574097557E-01 -4.703430526729E-01 -5.202805128271E-01 -4.703430495571E-01 -5.202805448538E-01
 -7.180240911651E-01  6.491068021561E-01 -5.378904025535E-01 -5.949995871460E-01 -5.378904055262E-01 -5.949995721683E-01
 -7.418102079413E-01  6.706098831617E-01 -5.681328226391E-01 -6.284529034022E-01 -5.681328227763E-01 -6.284529023268E-01
 -4.054642402832E-01  2.925726402991E-01 -6.438029806348E-03 -8.922197383834E-03 -6.438028759637E-03 -8.922195996452E-03
 -4.314666319049E-01  3.113353019965E-01 -4.689382917622E-02 -6.498819029258E-02 -4.689384561171E-02 -6.498822810456E-02
 -4.882397281547E-01  3.523013182749E-01 -1.280432436800E-01 -1.774498361562E-01 -1.280432254483E-01 -1.774497747866E-01
 -5.657646862355E-01  4.082413480515E-01 -2.274528220888E-01 -3.152173451333E-01 -2.274528296602E-01 -3.152174061257E-01
 -6.506280346142E-01  4.694765728457E-01 -3.262643559042E-01 -4.521562393229E-01 -3.262643586971E-01 -4.521561899820E-01
 -7.281529926949E-01  5.254166026223E-01 -4.104010800571E-01 -5.687577269000E-01 -4.104010731439E-01 -5.687577593162E-01
 -7.849260889447E-01  5.663826189007E-01 -4.693399803733E-01 -6.504387553439E-01 -4.693399846551E-01 -6.504387427280E-01
 -8.109284805664E-01  5.851452805981E-01 -4.957282145309E-01 -6.870090903202E-01 -4.957282144921E-01 -6.870090917268E-01
 -4.446713534462E-01  2.286206189833E-01 -5.030770763057E-03 -9.784942719414E-03 -5.030771566869E-03 -9.784944207863E-03
 -4.731880943238E-01  2.432820423025E-01 -3.664353825227E-02 -7.127234276107E-02 -3.664354944227E-02 -7.127238478329E-02
 -5.354509699132E-01  2.752934976090E-01 -1.000548920779E-01 -1.946086700203E-01 -1.000548835622E-01 -1.946086083152E-01
 -6.204723469194E-01  3.190058701001E-01 -1.777350302518E-01 -3.456978723026E-01 -1.777350289940E-01 -3.456979350727E-01
 -7.135417134193E-01  3.668559868497E-01 -2.549478190862E-01 -4.958783152187E-01 -2.549478295758E-01 -4.958782674101E-01
 -7.985630904255E-01  4.105683593408E-01 -3.206935229169E-01 -6.237548103556E-01 -3.206935114564E-01 -6.237548407266E-01
 -8.608259660149E-01  4.425798146473E-01 -3.667492486764E-01 -7.133341313227E-01 -3.667492548031E-01 -7.133341176048E-01
 -8.893427068925E-01  4.572412379666E-01 -3.873694110577E-01 -7.534407051615E-01 -3.873694106489E-01 -7.534407040055E-01
 -4.760893194234E-01  1.527709394191E-01 -3.361708252171E-03 -1.047629465931E-02 -3.361707713378E-03 -1.047629309245E-02
 -5.066208921261E-01  1.625681284201E-01 -2.448628088091E-02 -7.630804768091E-02 -2.448628429422E-02 -7.630808888898E-02
 -5.732829107945E-01  1.839591128426E-01 -6.685957865641E-02 -2.083586171367E-01 -6.685957995931E-02 -2.083585532746E-01
 -6.643114180315E-01  2.131689900593E-01 -1.187677216087E-01 -3.701229380983E-01 -1.187677098761E-01 -3.701229983881E-01
 -7.639565402386E-01  2.451438281979E-01 -1.703635281774E-01 -5.309142708540E-01 -1.703635463869E-01 -5.309142246705E-01
 -8.549850474757E-01  2.743537054146E-01 -2.142967368462E-01 -6.678258057512E-01 -2.142967210424E-01 -6.678258343090E-01
 -9.216470661440E-01  2.957446898372E-01 -2.450724974964E-01 -7.637342876148E-01 -2.450725067437E-01 -7.637342768764E-01
 -9.521786388467E-01  3.055418788382E-01 -2.588514929265E-01 -8.066745667968E-01 -2.588514939301E-01 -8.066745681183E-01
 -4.935866117780E-01  7.982641588779E-02 -1.756571208970E-03 -1.086131752545E-02 -1.756571498753E-03 -1.086131908558E-02
 -5.252402845402E-01  8.494567801117E-02 -1.279466261552E-02 -7.911253034855E-02 -1.279466056208E-02 -7.911257301799E-02
 -5.943522737960E-01  9.612297144970E-02 -3.493569486980E-02 -2.160162340073E-01 -3.493570607217E-02 -2.160161720711E-01
 -6.887262717609E-01  1.113858206250E-01 -6.205894779802E-02 -3.837257448885E-01 -6.205892716676E-02 -3.837258036723E-01
 -7.920335635732E-01  1.280934270383E-01 -8.901894312647E-02 -5.504264911882E-01 -8.901896759756E-02 -5.504264485859E-01
 -8.864075615381E-01  1.433562762137E-01 -1.119751076353E-01 -6.923698250973E-01 -1.119750866386E-01 -6.923698502912E-01
 -9.555195507939E-01  1.545335696522E-01 -1.280561508824E-01 -7.918031425776E-01 -1.280561598978E-01 -7.918031315610E-01
 -9.871732235560E-01  1.596528317756E-01 -1.352560066263E-01 -8.363215705321E-01 -1.352560054040E-01 -8.363215695897E-01
 -4.993659121515E-01  2.517311623718E-02 -5.539317838973E-04 -1.098849363736E-02 -5.539316531409E-04 -1.098849195443E-02
 -5.313902110175E-01  2.678746631225E-02 -4.034780238076E-03 -8.003884354674E-02 -4.034773125694E-03 -8.003888526366E-02
 -6.013114178165E-01  3.031220563338E-02 -1.101689420559E-02 -2.185455201414E-01 -1.101691188314E-02 -2.185454593616E-01
 -6.967904207970E-01  3.512531758546E-02 -1.957019766149E-02 -3.882187114556E-01 -1.957017072293E-02 -3.882187672729E-01
 -8.013073156575E-01  4.039403112607E-02 -2.807194144305E-02 -5.568713139861E-01 -2.807197083478E-02 -5.568712744867E-01
 -8.967863186381E-01  4.520714307816E-02 -3.531116416571E-02 -7.004766375637E-01 -3.531114155977E-02 -7.004766612113E-01
 -9.667075254371E-01  4.873188239929E-02 -4.038226717560E-02 -8.010741938267E-01 -4.038227900053E-02 -8.010741855661E-01
 -9.987318243030E-01  5.034623247436E-02 -4.265273646524E-02 -8.461138794387E-01 -4.265273729185E-02 -8.461138804914E-01
 -5.000000000000E-01  8.326672684689E-17  9.331701401142E-18 -1.100244510532E-02 -1.832275162890E-18 -1.100244498778E-02
 -5.320649628726E-01  8.860661585662E-17 -9.709725916900E-09 -8.014047628117E-02 -1.334607716347E-17 -8.014051752032E-02
 -6.020749546417E-01  1.002656215790E-16  2.079850921087E-08 -2.188230249792E-01 -3.644134416361E-17 -2.188229653282E-01
 -6.976751955244E-01  1.161862598672E-16 -2.966433676440E-08 -3.887116675827E-01 -6.473350556123E-17 -3.887117220319E-01
 -8.023248044756E-01  1.336139206735E-16  3.130379487868E-08 -5.575784199712E-01 -9.285545363276E-17 -5.575783818398E-01
 -8.979250453583E-01  1.495345589617E-16 -2.403029517045E-08 -7.013660946602E-01 -1.168009217137E-16 -7.013661166752E-01
 -9.679350371274E-01  1.611935646840E-16  1.181753835600E-08 -8.020913867904E-01 -1.335750474161E-16 -8.020913783589E-01
 -1.000000000000E+00  1.665334536938E-16  2.241353548592E-10 -8.471882639169E-01 -1.410851875425E-16 -8.471882640587E-01
 -5.000000000000E-01  8.326672684689E-17  9.331701401142E-18 -1.100244510532E-02 -1.832275162890E-18 -1.100244498778E-02
 -5.320649628726E-01  8.860661585662E-17 -9.709725916900E-09 -8.014047628117E-02 -1.334607716347E-17 -8.014051752032E-02
 -6.020749546417E-01  1.002656215790E-16  2.079850921087E-08 -2.188230249792E-01 -3.644134416361E-17 -2.188229653282E-01
 -6.976751955244E-01  1.161862598672E-16 -2.966433676440E-08 -3.887116675827E-01 -6.473350556123E-17 -3.887117220319E-01
 -8.023248044756E-01  1.336139206735E-16  3.130379487868E-08 -5.575784199712E-01 -9.285545363276E-17 -5.575783818398E-01
 -8.979250453583E-01  1.495345589617E-16 -2.403029517045E-08 -7.013660946602E-01 -1.168009217137E-16 -7.013661166752E-01
 -9.679350371274E-01  1.611935646840E-16  1.181753835600E-08 -8.020913867904E-01 -1.335750474161E-16 -8.020913783589E-01
 -1.000000000000E+00  1.665334536938E-16  2.241353548592E-10 -8.471882639169E-01 -1.410851875425E-16 -8.471882640587E-01
 -4.993659121515E-01 -2.517311623718E-02  5.539316070879E-04 -1.098849012995E-02  5.539316531409E-04 -1.098849195443E-02
 -5.313902110175E-01 -2.678746631225E-02  4.034761652188E-03 -8.003884413332E-02  4.034773125694E-03 -8.003888526366E-02
 -6.013114178165E-01 -3.031220563338E-02  1.101693539901E-02 -2.185455175710E-01  1.101691188314E-02 -2.185454593616E-01
 -6.967904207970E-01 -3.512531758546E-02  1.957013819518E-02 -3.882187141517E-01  1.957017072293E-02 -3.882187672729E-01
 -8.013073156575E-01 -4.039403112607E-02  2.807200399886E-02 -5.568713110196E-01  2.807197083478E-02 -5.568712744867E-01
 -8.967863186381E-01 -4.520714307816E-02  3.531111671030E-02 -7.004766407682E-01  3.531114155977E-02 -7.004766612113E-01
 -9.667075254371E-01 -4.873188239929E-02  4.038229169337E-02 -8.010741940549E-01  4.038227900053E-02 -8.010741855661E-01
 -9.987318243030E-01 -5.034623247436E-02  4.265273814932E-02 -8.461138811549E-01  4.265273729185E-02 -8.461138804914E-01
 -4.935866117780E-01 -7.982641588779E-02  1.756571739644E-03 -1.086132080674E-02  1.756571498753E-03 -1.086131908558E-02
 -5.252402845402E-01 -8.494567801117E-02  1.279464544662E-02 -7.911253465923E-02  1.279466056208E-02 -7.911257301799E-02
 -5.943522737960E-01 -9.612297144970E-02  3.493573657525E-02 -2.160162283577E-01  3.493570607217E-02 -2.160161720711E-01
 -6.887262717609E-01 -1.113858206250E-01  6.205888939237E-02 -3.837257551904E-01  6.205892716676E-02 -3.837258036723E-01
 -7.920335635732E-01 -1.280934270383E-01  8.901900446168E-02 -5.504264815003E-01  8.901896759756E-02 -5.504264485859E-01
 -8.864075615381E-01 -1.433562762137E-01  1.119750588286E-01 -6.923698322579E-01  1.119750866386E-01 -6.923698502912E-01
 -9.555195507939E-01 -1.545335696522E-01  1.280561718463E-01 -7.918031374541E-01  1.280561598978E-01 -7.918031315610E-01
 -9.871732235560E-01 -1.596528317756E-01  1.352560043819E-01 -8.363215686225E-01  1.352560054040E-01 -8.363215695897E-01
 -4.760893194234E-01 -1.527709394191E-01  3.361707229267E-03 -1.047629147157E-02  3.361707713378E-03 -1.047629309245E-02
 -5.066208921261E-01 -1.625681284201E-01  2.448626249256E-02 -7.630805126225E-02  2.448628429422E-02 -7.630808888898E-02
 -5.732829107945E-01 -1.839591128426E-01  6.685961756982E-02 -2.083586029282E-01  6.685957995931E-02 -2.083585532746E-01
 -6.643114180315E-01 -2.131689900593E-01  1.187676646015E-01 -3.701229548923E-01  1.187677098761E-01 -3.701229983881E-01
 -7.639565402386E-01 -2.451438281979E-01  1.703635876099E-01 -5.309142510591E-01  1.703635463869E-01 -5.309142246705E-01
 -8.549850474757E-01 -2.743537054146E-01  2.142966914630E-01 -6.678258209374E-01  2.142967210424E-01 -6.678258343090E-01
 -9.216470661440E-01 -2.957446898372E-01  2.450725207759E-01 -7.637342822442E-01  2.450725067437E-01 -7.637342768764E-01
 -9.521786388467E-01 -3.055418788382E-01  2.588514944585E-01 -8.066745692248E-01  2.588514939301E-01 -8.066745681183E-01
 -4.446713534462E-01 -2.286206189833E-01  5.030772293826E-03 -9.784945696787E-03  5.030771566869E-03 -9.784944207863E-03
 -4.731880943238E-01 -2.432820423025E-01  3.664352271735E-02 -7.127235323120E-02  3.664354944227E-02 -7.127238478329E-02
 -5.354509699132E-01 -2.752934976090E-01  1.000549296408E-01 -1.946086525512E-01  1.000548835622E-01 -1.946086083152E-01
 -6.204723469194E-01 -3.190058701001E-01  1.777349780664E-01 -3.456979007376E-01  1.777350289940E-01 -3.456979350727E-01
 -7.135417134193E-01 -3.668559868497E-01  2.549478751085E-01 -4.958782871907E-01  2.549478295758E-01 -4.958782674101E-01
 -7.985630904255E-01 -4.105683593408E-01  3.206934800880E-01 -6.237548317082E-01  3.206935114564E-01 -6.237548407266E-01
 -8.608259660149E-01 -4.425798146473E-01  3.667492689351E-01 -7.133341186591E-01  3.667492548031E-01 -7.133341176048E-01
 -8.893427068925E-01 -4.572412379666E-01  3.873694104241E-01 -7.534407023614E-01  3.873694106489E-01 -7.534407040055E-01
 -4.054642402832E-01 -2.925726402991E-01  6.438027861368E-03 -8.922194688367E-03  6.438028759637E-03 -8.922195996452E-03
 -4.314666319049E-01 -3.113353019965E-01  4.689381398786E-02 -6.498819938472E-02  4.689384561171E-02 -6.498822810456E-02
 -4.882397281547E-01 -3.523013182749E-01  1.280432771651E-01 -1.774498106609E-01  1.280432254483E-01 -1.774497747866E-01
 -5.657646862355E-01 -4.082413480515E-01  2.274527735053E-01 -3.152173791478E-01  2.274528296602E-01 -3.152174061257E-01
 -6.506280346142E-01 -4.694765728457E-01  3.262644061251E-01 -4.521562028027E-01  3.262643586971E-01 -4.521561899820E-01
 -7.281529926949E-01 -5.254166026223E-01  4.104010404822E-01 -5.687577563483E-01  4.104010731439E-01 -5.687577593162E-01
 -7.849260889447E-01 -5.663826189007E-01  4.693399988199E-01 -6.504387441431E-01  4.693399846551E-01 -6.504387427280E-01
 -8.109284805664E-01 -5.851452805981E-01  4.957282142942E-01 -6.870090932576E-01  4.957282144921E-01 -6.870090917268E-01
 -3.709051039706E-01 -3.353049415808E-01  7.378349445297E-03 -8.161727286714E-03  7.378348347745E-03 -8.161726004244E-03
 -3.946912207468E-01 -3.568080225864E-01  5.374298856329E-02 -5.944902949717E-02  5.374302309082E-02 -5.944905396627E-02
 -4.466253472990E-01 -4.037574149868E-01  1.467448986896E-01 -1.623251398903E-01  1.467448432118E-01 -1.623251094124E-01
 -5.175425818674E-01 -4.678678813554E-01  2.606738639782E-01 -2.883503029294E-01  2.606739224954E-01 -2.883503233497E-01
 -5.951727300445E-01 -5.380469433871E-01  3.739176222124E-01 -4.136173425233E-01  3.739175734990E-01 -4.136173353761E-01
 -6.660899646129E-01 -6.021574097557E-01  4.703430168509E-01 -5.202805441172E-01  4.703430495571E-01 -5.202805448538E-01
 -7.180240911651E-01 -6.491068021561E-01  5.378904197288E-01 -5.949995696479E-01  5.378904055262E-01 -5.949995721683E-01
 -7.418102079413E-01 -6.706098831617E-01  5.681328226165E-01 -6.284529009979E-01  5.681328227763E-01 -6.284529023268E-01
 -3.535533905933E-01 -3.535533905933E-01  7.779903543601E-03 -7.779903543601E-03  7.779903460488E-03 -7.779903460488E-03
 -3.762267432790E-01 -3.762267432790E-01  5.666786736012E-02 -5.666788109175E-02  5.666790338642E-02 -5.666790338642E-02
 -4.257312832097E-01 -4.257312832097E-01  1.547312595493E-01 -1.547312301358E-01  1.547312026629E-01 -1.547312026629E-01
 -4.933308618209E-01 -4.933308618209E-01  2.748606350982E-01 -2.748606770499E-01  2.748606945755E-01 -2.748606945755E-01
 -5.673293099589E-01 -5.673293099589E-01  3.942675039400E-01 -3.942674596698E-01  3.942674548419E-01 -3.942674548419E-01
 -6.349288885701E-01 -6.349288885701E-01  4.959407046365E-01 -4.959407386205E-01  4.959407371955E-01 -4.959407371955E-01
 -6.844334285008E-01 -6.844334285008E-01  5.671642670870E-01 -5.671642503745E-01  5.671642527688E-01 -5.671642527688E-01
 -7.071067811865E-01 -7.071067811865E-01  5.990525665158E-01 -5.990525661988E-01  5.990525664576E-01 -5.990525664576E-01
 -3.535533905933E-01 -3.535533905933E-01  7.779903543601E-03 -7.779903543601E-03  7.779903460488E-03 -7.779903460488E-03
 -3.762267432790E-01 -3.762267432790E-01  5.666786736012E-02 -5.666788109175E-02  5.666790338642E-02 -5.666790338642E-02
 -4.257312832097E-01 -4.257312832097E-01  1.547312595493E-01 -1.547312301358E-01  1.547312026629E-01 -1.547312026629E-01
 -4.933308618209E-01 -4.933308618209E-01  2.748606350982E-01 -2.748606770499E-01  2.748606945755E-01 -2.748606945755E-01
 -5.673293099589E-01 -5.673293099589E-01  3.942675039400E-01 -3.942674596698E-01  3.942674548419E-01 -3.942674548419E-01
 -6.349288885701E-01 -6.349288885701E-01  4.959407046365E-01 -4.959407386205E-01  4.959407371955E-01 -4.959407371955E-01
 -6.844334285008E-01 -6.844334285008E-01  5.671642670870E-01 -5.671642503745E-01  5.671642527688E-01 -5.671642527688E-01
 -7.071067811865E-01 -7.071067811865E-01  5.990525665158E-01 -5.990525661988E-01  5.990525664576E-01 -5.990525664576E-01
 -3.353049415808E-01 -3.709051039706E-01  8.161724681574E-03 -7.378347090203E-03  8.161726004244E-03 -7.378348347745E-03
 -3.568080225864E-01 -3.946912207468E-01  5.944901676974E-02 -5.374300212027E-02  5.944905396627E-02 -5.374302309082E-02
 -4.037574149868E-01 -4.466253472990E-01  1.623251672009E-01 -1.467448677439E-01  1.623251094124E-01 -1.467448432118E-01
 -4.678678813554E-01 -5.175425818674E-01  2.883502627868E-01 -2.606739079337E-01  2.883503233497E-01 -2.606739224954E-01
 -5.380469433871E-01 -5.951727300445E-01  4.136173846593E-01 -3.739175758811E-01  4.136173353761E-01 -3.739175734990E-01
 -6.021574097557E-01 -6.660899646129E-01  5.202805128271E-01 -4.703430526729E-01  5.202805448538E-01 -4.703430495571E-01
 -6.491068021561E-01 -7.180240911651E-01  5.949995871460E-01 -5.378904025535E-01  5.949995721683E-01 -5.378904055262E-01
 -6.706098831617E-01 -7.418102079413E-01  6.284529034022E-01 -5.681328226391E-01  6.284529023268E-01 -5.681328227763E-01
 -2.925726402991E-01 -4.054642402832E-01  8.922197383834E-03 -6.438029806348E-03  8.922195996452E-03 -6.438028759637E-03
 -3.113353019965E-01 -4.314666319049E-01  6.498819029258E-02 -4.689382917622E-02  6.498822810456E-02 -4.689384561171E-02
 -3.523013182749E-01 -4.882397281547E-01  1.774498361562E-01 -1.280432436800E-01  1.774497747866E-01 -1.280432254483E-01
 -4.082413480515E-01 -5.657646862355E-01  3.152173451333E-01 -2.274528220888E-01  3.152174061257E-01 -2.274528296602E-01
 -4.694765728457E-01 -6.506280346142E-01  4.521562393229E-01 -3.262643559042E-01  4.521561899820E-01 -3.262643586971E-01
 -5.254166026223E-01 -7.281529926949E-01  5.687577269000E-01 -4.104010800571E-01  5.687577593162E-01 -4.104010731439E-01
 -5.663826189007E-01 -7.849260889447E-01  6.504387553439E-01 -4.693399803733E-01  6.504387427280E-01 -4.693399846551E-01
 -5.851452805981E-01 -8.109284805664E-01  6.870090903202E-01 -4.957282145309E-01  6.870090917268E-01 -4.957282144921E-01
 -2.286206189833E-01 -4.446713534462E-01  9.784942719414E-03 -5.030770763057E-03  9.784944207863E-03 -5.030771566869E-03
 -2.432820423025E-01 -4.731880943238E-01  7.127234276107E-02 -3.664353825227E-02  7.127238478329E-02 -3.664354944227E-02
 -2.752934976090E-01 -5.354509699132E-01  1.946086700203E-01 -1.000548920779E-01  1.946086083152E-01 -1.000548835622E-01
 -3.190058701001E-01 -6.204723469194E-01  3.456978723026E-01 -1.777350302518E-01  3.456979350727E-01 -1.777350289940E-01
 -3.668559868497E-01 -7.135417134193E-01  4.958783152187E-01 -2.549478190862E-01  4.958782674101E-01 -2.549478295758E-01
 -4.105683593408E-01 -7.985630904255E-01  6.237548103556E-01 -3.206935229169E-01  6.237548407266E-01 -3.206935114564E-01
 -4.425798146473E-01 -8.608259660149E-01  7.133341313227E-01 -3.667492486764E-01  7.133341176048E-01 -3.667492548031E-01
 -4.572412379666E-01 -8.893427068925E-01  7.534407051615E-01 -3.873694110577E-01  7.534407040055E-01 -3.873694106489E-01
 -1.527709394191E-01 -4.760893194234E-01  1.047629465931E-02 -3.361708252171E-03  1.047629309245E-02 -3.361707713378E-03
 -1.625681284201E-01 -5.066208921261E-01  7.630804768091E-02 -2.448628088091E-02  7.630808888898E-02 -2.448628429422E-02
 -1.839591128426E-01 -5.732829107945E-01  2.083586171367E-01 -6.685957865641E-02  2.083585532746E-01 -6.685957995931E-02
 -2.131689900593E-01 -6.643114180315E-01  3.701229380983E-01 -1.187677216087E-01  3.701229983881E-01 -1.187677098761E-01
 -2.451438281979E-01 -7.639565402386E-01  5.309142708540E-01 -1.703635281774E-01  5.309142246705E-01 -1.703635463869E-01
 -2.743537054146E-01 -8.549850474757E-01  6.678258057512E-01 -2.142967368462E-01  6.678258343090E-01 -2.142967210424E-01
 -2.957446898372E-01 -9.216470661440E-01  7.637342876148E-01 -2.450724974964E-01  7.637342768764E-01 -2.450725067437E-01
 -3.055418788382E-01 -9.521786388467E-01  8.066745667968E-01 -2.588514929265E-01  8.066745681183E-01 -2.588514939301E-01
 -7.982641588779E-02 -4.935866117780E-01  1.086131752545E-02 -1.756571208970E-03  1.086131908558E-02 -1.756571498753E-03
 -8.494567801117E-02 -5.252402845402E-01  7.911253034855E-02 -1.279466261552E-02  7.911257301799E-02 -1.279466056208E-02
 -9.612297144970E-02 -5.943522737960E-01  2.160162340073E-01 -3.493569486980E-02  2.160161720711E-01 -3.493570607217E-02
 -1.113858206250E-01 -6.887262717609E-01  3.837257448885E-01 -6.205894779802E-02  3.837258036723E-01 -6.205892716676E-02
 -1.280934270383E-01 -7.920335635732E-01  5.504264911882E-01 -8.901894312647E-02  5.504264485859E-01 -8.901896759756E-02
 -1.433562762137E-01 -8.864075615381E-01  6.923698250973E-01 -1.119751076353E-01  6.923698502912E-01 -1.119750866386E-01
 -1.545335696522E-01 -9.555195507939E-01  7.918031425776E-01 -1.280561508824E-01  7.918031315610E-01 -1.280561598978E-01
 -1.596528317756E-01 -9.871732235560E-01  8.363215705321E-01 -1.352560066263E-01  8.363215695897E-01 -1.352560054040E-01
 -2.517311623718E-02 -4.993659121515E-01  1.098849363736E-02 -5.539317838973E-04  1.098849195443E-02 -5.539316531409E-04
 -2.678746631225E-02 -5.313902110175E-01  8.003884354674E-02 -4.034780238076E-03  8.003888526366E-02 -4.034773125694E-03
 -3.031220563338E-02 -6.013114178165E-01  2.185455201414E-01 -1.101689420559E-02  2.185454593616E-01 -1.101691188314E-02
 -3.512531758547E-02 -6.967904207970E-01  3.882187114556E-01 -1.957019766149E-02  3.882187672729E-01 -1.957017072293E-02
 -4.039403112608E-02 -8.013073156575E-01  5.568713139861E-01 -2.807194144305E-02  5.568712744867E-01 -2.807197083478E-02
 -4.520714307816E-02 -8.967863186381E-01  7.004766375637E-01 -3.531116416571E-02  7.004766612113E-01 -3.531114155977E-02
 -4.873188239929E-02 -9.667075254371E-01  8.010741938267E-01 -4.038226717560E-02  8.010741855661E-01 -4.038227900053E-02
 -5.034623247436E-02 -9.987318243030E-01  8.461138794387E-01 -4.265273646524E-02  8.461138804914E-01 -4.265273729185E-02
 -1.081617080995E-16 -5.000000000000E-01  1.100244510532E-02 -9.331701419344E-18  1.100244498778E-02 -2.380086486296E-18
 -1.150981104084E-16 -5.320649628726E-01  8.014047628117E-02 -9.709725914429E-09  8.014051752032E-02 -1.733627052595E-17
 -1.302429109959E-16 -6.020749546417E-01  2.188230249792E-01  2.079850921327E-08  2.188229653282E-01 -4.733653140257E-17
 -1.509234816931E-16 -6.976751955244E-01  3.887116675827E-01 -2.966433676578E-08  3.887117220319E-01 -8.408744762651E-17
 -1.735616426053E-16 -8.023248044756E-01  5.575784199712E-01  3.130379483898E-08  5.575783818398E-01 -1.206172603582E-16
 -1.942422133025E-16 -8.979250453583E-01  7.013660946602E-01 -2.403029526430E-08  7.013661166752E-01 -1.517219143653E-16
 -2.093870138900E-16 -9.679350371274E-01  8.020913867904E-01  1.181753831190E-08  8.020913783589E-01 -1.735111470703E-16
 -2.163234161989E-16 -1.000000000000E+00  8.471882639169E-01  2.241353258412E-10  8.471882640587E-01 -1.832666594448E-16
 -1.081617080995E-16 -5.000000000000E-01  1.100244510532E-02 -9.331701419344E-18  1.100244498778E-02 -2.380086486296E-18
 -1.150981104084E-16 -5.320649628726E-01  8.014047628117E-02 -9.709725914429E-09  8.014051752032E-02 -1.733627052595E-17
 -1.302429109959E-16 -6.020749546417E-01  2.188230249792E-01  2.079850921327E-08  2.188229653282E-01 -4.733653140257E-17
 -1.509234816931E-16 -6.976751955244E-01  3.887116675827E-01 -2.966433676578E-08  3.887117220319E-01 -8.408744762651E-17
 -1.735616426053E-16 -8.023248044756E-01  5.575784199712E-01  3.130379483898E-08  5.575783818398E-01 -1.206172603582E-16
 -1.942422133025E-16 -8.979250453583E-01  7.013660946602E-01 -2.403029526430E-08  7.013661166752E-01 -1.517219143653E-16
 -2.093870138900E-16 -9.679350371274E-01  8.020913867904E-01  1.181753831190E-08  8.020913783589E-01 -1.735111470703E-16
 -2.163234161989E-16 -1.000000000000E+00  8.471882639169E-01  2.241353258412E-10  8.471882640587E-01 -1.832666594448E-16
  2.517311623718E-02 -4.993659121515E-01  1.098849012995E-02  5.539316070879E-04  1.098849195443E-02  5.539316531409E-04
  2.678746631225E-02 -5.313902110175E-01  8.003884413332E-02  4.034761652188E-03  8.003888526366E-02  4.034773125694E-03
  3.031220563338E-02 -6.013114178165E-01  2.185455175710E-01  1.101693539901E-02  2.185454593616E-01  1.101691188314E-02
  3.512531758546E-02 -6.967904207970E-01  3.882187141517E-01  1.957013819518E-02  3.882187672729E-01  1.957017072293E-02
  4.039403112607E-02 -8.013073156575E-01  5.568713110196E-01  2.807200399886E-02  5.568712744867E-01  2.807197083478E-02
  4.520714307816E-02 -8.967863186381E-01  7.004766407682E-01  3.531111671030E-02  7.004766612113E-01  3.531114155977E-02
  4.873188239929E-02 -9.667075254371E-01  8.010741940549E-01  4.038229169337E-02  8.010741855661E-01  4.038227900053E-02
  5.034623247436E-02 -9.987318243030E-01  8.461138811549E-01  4.265273814932E-02  8.461138804914E-01  4.265273729185E-02
  7.982641588779E-02 -4.935866117780E-01  1.086132080674E-02  1.756571739644E-03  1.086131908558E-02  1.756571498753E-03
  8.494567801117E-02 -5.252402845402E-01  7.911253465923E-02  1.279464544662E-02  7.911257301799E-02  1.279466056208E-02
  9.612297144970E-02 -5.943522737960E-01  2.160162283577E-01  3.493573657525E-02  2.160161720711E-01  3.493570607217E-02
  1.113858206250E-01 -6.887262717609E-01  3.837257551904E-01  6.205888939237E-02  3.837258036723E-01  6.205892716676E-02
  1.280934270383E-01 -7.920335635732E-01  5.504264815003E-01  8.901900446168E-02  5.504264485859E-01  8.901896759756E-02
  1.433562762137E-01 -8.864075615381E-01  6.923698322579E-01  1.119750588286E-01  6.923698502912E-01  1.119750866386E-01
  1.545335696522E-01 -9.555195507939E-01  7.918031374541E-01  1.280561718463E-01  7.918031315610E-01  1.280561598978E-01
  1.596528317756E-01 -9.871732235560E-01  8.363215686225E-01  1.352560043819E-01  8.363215695897E-01  1.352560054040E-01
  1.527709394191E-01 -4.760893194234E-01  1.047629147157E-02  3.361707229267E-03  1.047629309245E-02  3.361707713378E-03
  1.625681284201E-01 -5.066208921261E-01  7.630805126225E-02  2.448626249256E-02  7.630808888898E-02  2.448628429422E-02
  1.839591128426E-01 -5.732829107945E-01  2.083586029282E-01  6.685961756982E-02  2.083585532746E-01  6.685957995931E-02
  2.131689900593E-01 -6.643114180315E-01  3.701229548923E-01  1.187676646015E-01  3.701229983881E-01  1.187677098761E-01
  2.451438281979E-01 -7.639565402386E-01  5.309142510591E-01  1.703635876099E-01  5.309142246705E-01  1.703635463869E-01
  2.743537054146E-01 -8.549850474757E-01  6.678258209374E-01  2.142966914630E-01  6.678258343090E-01  2.142967210424E-01
  2.957446898372E-01 -9.216470661440E-01  7.637342822442E-01  2.450725207759E-01  7.637342768764E-01  2.450725067437E-01
  3.055418788382E-01 -9.521786388467E-01  8.066745692248E-01  2.588514944585E-01  8.066745681183E-01  2.588514939301E-01
  2.286206189833E-01 -4.446713534462E-01  9.784945696787E-03  5.030772293826E-03  9.784944207863E-03  5.030771566869E-03
  2.432820423025E-01 -4.731880943238E-01  7.127235323121E-02  3.664352271735E-02  7.127238478329E-02  3.664354944227E-02
  2.752934976090E-01 -5.354509699132E-01  1.946086525512E-01  1.000549296408E-01  1.946086083152E-01  1.000548835622E-01
  3.190058701001E-01 -6.204723469194E-01  3.456979007376E-01  1.777349780664E-01  3.456979350727E-01  1.777350289940E-01
  3.668559868497E-01 -7.135417134193E-01  4.958782871907E-01  2.549478751085E-01  4.958782674101E-01  2.549478295758E-01
  4.105683593408E-01 -7.985630904255E-01  6.237548317082E-01  3.206934800880E-01  6.237548407266E-01  3.206935114564E-01
  4.425798146473E-01 -8.608259660149E-01  7.133341186591E-01  3.667492689351E-01  7.133341176048E-01  3.667492548031E-01
  4.572412379666E-01 -8.893427068925E-01  7.534407023614E-01  3.873694104242E-01  7.534407040055E-01  3.873694106489E-01
  2.925726402991E-01 -4.054642402832E-01  8.922194688368E-03  6.438027861368E-03  8.922195996452E-03  6.438028759637E-03
  3.113353019965E-01 -4.314666319049E-01  6.498819938472E-02  4.689381398786E-02  6.498822810456E-02  4.689384561171E-02
  3.523013182749E-01 -4.882397281547E-01  1.774498106609E-01  1.280432771651E-01  1.774497747866E-01  1.280432254483E-01
  4.082413480515E-01 -5.657646862355E-01  3.152173791478E-01  2.274527735053E-01  3.152174061257E-01  2.274528296602E-01
  4.694765728457E-01 -6.506280346142E-01  4.521562028027E-01  3.262644061251E-01  4.521561899820E-01  3.262643586971E-01
  5.254166026223E-01 -7.281529926949E-01  5.687577563483E-01  4.104010404822E-01  5.687577593162E-01  4.104010731439E-01
  5.663826189007E-01 -7.849260889447E-01  6.504387441431E-01  4.693399988199E-01  6.504387427280E-01  4.693399846551E-01
  5.851452805981E-01 -8.109284805664E-01  6.870090932576E-01  4.957282142942E-01  6.870090917268E-01  4.957282144921E-01
  3.353049415808E-01 -3.709051039706E-01  8.161727286714E-03  7.378349445297E-03  8.161726004244E-03  7.378348347745E-03
  3.568080225864E-01 -3.946912207468E-01  5.944902949717E-02  5.374298856329E-02  5.944905396627E-02  5.374302309082E-02
  4.037574149868E-01 -4.466253472990E-01  1.623251398903E-01  1.467448986896E-01  1.623251094124E-01  1.467448432118E-01
  4.678678813554E-01 -5.175425818674E-01  2.883503029294E-01  2.606738639782E-01  2.883503233497E-01  2.606739224954E-01
  5.380469433871E-01 -5.951727300445E-01  4.136173425233E-01  3.739176222124E-01  4.136173353761E-01  3.739175734990E-01
  6.021574097557E-01 -6.660899646129E-01  5.202805441172E-01  4.703430168509E-01  5.202805448538E-01  4.703430495571E-01
  6.491068021561E-01 -7.180240911651E-01  5.949995696479E-01  5.378904197288E-01  5.949995721683E-01  5.378904055262E-01
  6.706098831617E-01 -7.418102079413E-01  6.284529009979E-01  5.681328226165E-01  6.284529023268E-01  5.681328227763E-01
  3.535533905933E-01 -3.535533905933E-01  7.779903543601E-03  7.779903543601E-03  7.779903460488E-03  7.779903460488E-03
  3.762267432790E-01 -3.762267432790E-01  5.666788109175E-02  5.666786736012E-02  5.666790338642E-02  5.666790338642E-02
  4.257312832097E-01 -4.257312832097E-01  1.547312301358E-01  1.547312595493E-01  1.547312026629E-01  1.547312026629E-01
  4.933308618209E-01 -4.933308618209E-01  2.748606770499E-01  2.748606350982E-01  2.748606945755E-01  2.748606945755E-01
  5.673293099589E-01 -5.673293099589E-01  3.942674596698E-01  3.942675039400E-01  3.942674548419E-01  3.942674548419E-01
  6.349288885701E-01 -6.349288885701E-01  4.959407386205E-01  4.959407046365E-01  4.959407371955E-01  4.959407371955E-01
  6.844334285008E-01 -6.844334285008E-01  5.671642503745E-01  5.671642670870E-01  5.671642527688E-01  5.671642527688E-01
  7.071067811865E-01 -7.071067811865E-01  5.990525661988E-01  5.990525665158E-01  5.990525664576E-01  5.990525664576E-01
  3.535533905933E-01 -3.535533905933E-01  7.779903543601E-03  7.779903543601E-03  7.779903460488E-03  7.779903460488E-03
  3.762267432790E-01 -3.762267432790E-01  5.666788109175E-02  5.666786736012E-02  5.666790338642E-02  5.666790338642E-02
  4.257312832097E-01 -4.257312832097E-01  1.547312301358E-01  1.547312595493E-01  1.547312026629E-01  1.547312026629E-01
  4.933308618209E-01 -4.933308618209E-01  2.748606770499E-01  2.748606350982E-01  2.748606945755E-01  2.748606945755E-01
  5.673293099589E-01 -5.673293099589E-01  3.942674596698E-01  3.942675039400E-01  3.942674548419E-01  3.942674548419E-01
  6.349288885701E-01 -6.349288885701E-01  4.959407386205E-01  4.959407046365E-01  4.959407371955E-01  4.959407371955E-01
  6.844334285008E-01 -6.844334285008E-01  5.671642503745E-01  5.671642670870E-01  5.671642527688E-01  5.671642527688E-01
  7.071067811865E-01 -7.071067811865E-01  5.990525661988E-01  5.990525665158E-01  5.990525664576E-01  5.990525664576E-01
  3.709051039706E-01 -3.353049415808E-01  7.378347090203E-03  8.161724681574E-03  7.378348347745E-03  8.161726004244E-03
  3.946912207468E-01 -3.568080225864E-01  5.374300212027E-02  5.944901676974E-02  5.374302309082E-02  5.944905396627E-02
  4.466253472990E-01 -4.037574149868E-01  1.467448677439E-01  1.623251672009E-01  1.467448432118E-01  1.623251094124E-01
  5.175425818674E-01 -4.678678813554E-01  2.606739079337E-01  2.883502627868E-01  2.606739224954E-01  2.883503233497E-01
  5.951727300445E-01 -5.380469433871E-01  3.739175758811E-01  4.136173846593E-01  3.739175734990E-01  4.136173353761E-01
  6.660899646129E-01 -6.021574097557E-01  4.703430526729E-01  5.202805128271E-01  4.703430495571E-01  5.202805448538E-01
  7.180240911651E-01 -6.491068021561E-01  5.378904025535E-01  5.949995871460E-01  5.378904055262E-01  5.949995721683E-01
  7.418102079413E-01 -6.706098831617E-01  5.681328226391E-01  6.284529034022E-01  5.681328227763E-01  6.284529023268E-01
  4.054642402832E-01 -2.925726402991E-01  6.438029806348E-03  8.922197383834E-03  6.438028759637E-03  8.922195996452E-03
  4.314666319049E-01 -3.113353019965E-01  4.689382917622E-02  6.498819029258E-02  4.689384561171E-02  6.498822810456E-02
  4.882397281547E-01 -3.523013182749E-01  1.280432436800E-01  1.774498361562E-01  1.280432254483E-01  1.774497747866E-01
  5.657646862355E-01 -4.082413480515E-01  2.274528220888E-01  3.152173451333E-01  2.274528296602E-01  3.152174061257E-01
  6.506280346142E-01 -4.694765728457E-01  3.262643559042E-01  4.521562393229E-01  3.262643586971E-01  4.521561899820E-01
  7.281529926949E-01 -5.254166026223E-01  4.104010800571E-01  5.687577269000E-01  4.104010731439E-01  5.687577593162E-01
  7.849260889447E-01 -5.663826189007E-01  4.693399803733E-01  6.504387553439E-01  4.693399846551E-01  6.504387427280E-01
  8.109284805664E-01 -5.851452805981E-01  4.957282145309E-01  6.870090903202E-01  4.957282144921E-01  6.870090917268E-01
  4.446713534462E-01 -2.286206189833E-01  5.030770763057E-03  9.784942719414E-03  5.030771566869E-03  9.784944207863E-03
  4.731880943238E-01 -2.432820423025E-01  3.664353825227E-02  7.127234276107E-02  3.664354944227E-02  7.127238478329E-02
  5.354509699132E-01 -2.752934976090E-01  1.000548920779E-01  1.946086700203E-01  1.000548835622E-01  1.946086083152E-01
  6.204723469194E-01 -3.190058701001E-01  1.777350302518E-01  3.456978723026E-01  1.777350289940E-01  3.456979350727E-01
  7.135417134193E-01 -3.668559868497E-01  2.549478190862E-01  4.958783152187E-01  2.549478295758E-01  4.958782674101E-01
  7.985630904255E-01 -4.105683593408E-01  3.206935229169E-01  6.237548103556E-01  3.206935114564E-01  6.237548407266E-01
  8.608259660149E-01 -4.425798146473E-01  3.667492486764E-01  7.133341313227E-01  3.667492548031E-01  7.133341176048E-01
  8.893427068925E-01 -4.572412379666E-01  3.873694110577E-01  7.534407051615E-01  3.873694106489E-01  7.534407040055E-01
  4.760893194234E-01 -1.527709394191E-01  3.361708252171E-03  1.047629465931E-02  3.361707713378E-03  1.047629309245E-02
  5.066208921261E-01 -1.625681284201E-01  2.448628088091E-02  7.630804768091E-02  2.448628429422E-02  7.630808888898E-02
  5.732829107945E-01 -1.839591128426E-01  6.685957865641E-02  2.083586171367E-01  6.685957995931E-02  2.083585532746E-01
  6.643114180315E-01 -2.131689900593E-01  1.187677216087E-01  3.701229380983E-01  1.187677098761E-01  3.701229983881E-01
  7.639565402386E-01 -2.451438281979E-01  1.703635281774E-01  5.309142708540E-01  1.703635463869E-01  5.309142246705E-01
  8.549850474757E-01 -2.743537054146E-01  2.142967368462E-01  6.678258057512E-01  2.142967210424E-01  6.678258343090E-01
  9.216470661440E-01 -2.957446898372E-01  2.450724974964E-01  7.637342876148E-01  2.450725067437E-01  7.637342768764E-01
  9.521786388467E-01 -3.055418788382E-01  2.588514929265E-01  8.066745667968E-01  2.588514939301E-01  8.066745681183E-01
  4.935866117780E-01 -7.982641588779E-02  1.756571208970E-03  1.086131752545E-02  1.756571498753E-03  1.086131908558E-02
  5.252402845402E-01 -8.494567801117E-02  1.279466261552E-02  7.911253034855E-02  1.279466056208E-02  7.911257301799E-02
  5.943522737960E-01 -9.612297144970E-02  3.493569486980E-02  2.160162340073E-01  3.493570607217E-02  2.160161720711E-01
  6.887262717609E-01 -1.113858206250E-01  6.205894779802E-02  3.837257448885E-01  6.205892716676E-02  3.837258036723E-01
  7.920335635732E-01 -1.280934270383E-01  8.901894312647E-02  5.504264911882E-01  8.901896759756E-02  5.504264485859E-01
  8.864075615381E-01 -1.433562762137E-01  1.119751076353E-01  6.923698250973E-01  1.119750866386E-01  6.923698502912E-01
  9.555195507939E-01 -1.545335696522E-01  1.280561508824E-01  7.918031425776E-01  1.280561598978E-01  7.918031315610E-01
  9.871732235560E-01 -1.596528317756E-01  1.352560066263E-01  8.363215705321E-01  1.352560054040E-01  8.363215695897E-01
  4.993659121515E-01 -2.517311623718E-02  5.539317838973E-04  1.098849363736E-02  5.539316531409E-04  1.098849195443E-02
  5.313902110175E-01 -2.678746631225E-02  4.034780238076E-03  8.003884354674E-02  4.034773125694E-03  8.003888526366E-02
  6.013114178165E-01 -3.031220563338E-02  1.101689420559E-02  2.185455201414E-01  1.101691188314E-02  2.185454593616E-01
  6.967904207970E-01 -3.512531758546E-02  1.957019766149E-02  3.882187114556E-01  1.957017072293E-02  3.882187672729E-01
  8.013073156575E-01 -4.039403112607E-02  2.807194144305E-02  5.568713139861E-01  2.807197083478E-02  5.568712744867E-01
  8.967863186381E-01 -4.520714307816E-02  3.531116416571E-02  7.004766375637E-01  3.531114155977E-02  7.004766612113E-01
  9.667075254371E-01 -4.873188239929E-02  4.038226717560E-02  8.010741938267E-01  4.038227900053E-02  8.010741855661E-01
  9.987318243030E-01 -5.034623247436E-02  4.265273646524E-02  8.461138794387E-01  4.265273729185E-02  8.461138804914E-01
  5.000000000000E-01  1.387778780781E-17 -4.743614579263E-17  1.100244510532E-02 -3.053791938150E-19  1.100244498778E-02
  5.320649628726E-01  1.476776930944E-17  9.709725823036E-09  8.014047628117E-02 -2.224346193911E-18  8.014051752032E-02
  6.020749546417E-01  1.671093692983E-17 -2.079850937063E-08  2.188230249792E-01 -6.073557360602E-18  2.188229653282E-01
  6.976751955244E-01  1.936437664453E-17  2.966433662432E-08  3.887116675827E-01 -1.078891759354E-17  3.887117220319E-01
  8.023248044756E-01  2.226898677892E-17 -3.130379497699E-08  5.575784199712E-01 -1.547590893879E-17  5.575783818398E-01
  8.979250453583E-01  2.492242649361E-17  2.403029518485E-08  7.013660946602E-01 -1.946682028562E-17  7.013661166752E-01
  9.679350371274E-01  2.686559411401E-17 -1.181753835692E-08  8.020913867904E-01 -2.226250790268E-17  8.020913783589E-01
  1.000000000000E+00  2.775557561563E-17 -2.241353736522E-10  8.471882639169E-01 -2.351419792375E-17  8.471882640587E-01
  1.000000000000E+00  2.775557561563E-17 -2.241353736522E-10  8.471882639169E-01 -2.351419792375E-17  8.471882640587E-01
  1.032064962873E+00  2.953553861887E-17  1.315218242137E-10  8.917189526271E-01 -2.551912962683E-17  8.917189529101E-01
  1.102074954642E+00  3.342187385967E-17 -9.939904988479E-10  9.872181737726E-01 -2.993869076928E-17  9.872181736465E-01
  1.197675195524E+00  3.872875328905E-17  1.358594720238E-09  1.114427718095E+00 -3.603681225709E-17  1.114427718444E+00
  1.302324804476E+00  4.453797355784E-17  4.272537986257E-10  1.250325440686E+00 -4.275965658847E-17  1.250325440463E+00
  1.397925045358E+00  4.984485298722E-17  3.495896607688E-09  1.372056669872E+00 -4.892248209757E-17  1.372056669980E+00
  1.467935037127E+00  5.373118822801E-17  8.498313359779E-10  1.460009567829E+00 -5.344109031776E-17  1.460009567755E+00
  1.500000000000E+00  5.551115123126E-17 -5.551115123126E-17  1.500000000000E+00 -5.551115123126E-17  1.500000000000E+00
  9.987318243030E-01  5.034623247436E-02 -4.265273814932E-02  8.461138811549E-01 -4.265273729185E-02  8.461138804914E-01
  1.030756123169E+00  5.196058254943E-02 -4.489469036345E-02  8.905880973129E-01 -4.489468970501E-02  8.905880966055E-01
  1.100677329968E+00  5.548532187056E-02 -4.970271789560E-02  9.859662089538E-01 -4.970271567332E-02  9.859662075511E-01
  1.196156332949E+00  6.029843382264E-02 -5.610723765463E-02  1.113014429676E+00 -5.610723698864E-02  1.113014428295E+00
  1.300673227809E+00  6.556714736325E-02 -6.294917806713E-02  1.248739810035E+00 -6.294917529416E-02  1.248739808126E+00
  1.396152230790E+00  7.038025931534E-02 -6.907788397436E-02  1.370316662811E+00 -6.907788407481E-02  1.370316661056E+00
  1.466073437589E+00  7.390499863647E-02 -7.350598157509E-02  1.458158020583E+00 -7.350598111297E-02  1.458158019104E+00
  1.498097736455E+00  7.551934871154E-02 -7.551934871154E-02  1.498097736455E+00 -7.551934871154E-02  1.498097736455E+00
  9.871732235560E-01  1.596528317756E-01 -1.352560043819E-01  8.363215686225E-01 -1.352560054040E-01  8.363215695897E-01
  1.018826896318E+00  1.647720938990E-01 -1.423654544003E-01  8.802810719318E-01 -1.423654559801E-01  8.802810732503E-01
  1.087938885574E+00  1.759493873375E-01 -1.576121762663E-01  9.745553449940E-01 -1.576121770030E-01  9.745553468318E-01
  1.182312883539E+00  1.912122365128E-01 -1.779215380498E-01  1.100133199816E+00 -1.779215410587E-01  1.100133203236E+00
  1.285620175351E+00  2.079198429261E-01 -1.996179967602E-01  1.234287790328E+00 -1.996179972110E-01  1.234287795556E+00
  1.379994173316E+00  2.231826921014E-01 -2.190527310794E-01  1.354457599469E+00 -2.190527327189E-01  1.354457605806E+00
  1.449106162572E+00  2.343599855400E-01 -2.330946622186E-01  1.441282347576E+00 -2.330946619115E-01  1.441282351423E+00
  1.480759835334E+00  2.394792476634E-01 -2.394792476634E-01  1.480759835334E+00 -2.394792476634E-01  1.480759835334E+00
  9.521786388467E-01  3.055418788382E-01 -2.588514944585E-01  8.066745692248E-01 -2.588514939301E-01  8.066745681183E-01
  9.827102115494E-01  3.153390678391E-01 -2.724574845675E-01  8.490757403348E-01 -2.724574842678E-01  8.490757388158E-01
  1.049372230218E+00  3.367300522617E-01 -3.016364975231E-01  9.400080595230E-01 -3.016364955991E-01  9.400080568275E-01
  1.140400737455E+00  3.659399294784E-01 -3.405043394823E-01  1.061134272931E+00 -3.405043389226E-01  1.061134268041E+00
  1.240045859662E+00  3.979147676170E-01 -3.820267877230E-01  1.190533183452E+00 -3.820267842382E-01  1.190533176016E+00
  1.331074366899E+00  4.271246448337E-01 -4.192207743471E-01  1.306443061310E+00 -4.192207728181E-01  1.306443052442E+00
  1.397736385567E+00  4.485156292563E-01 -4.460940681516E-01  1.390189927837E+00 -4.460940664535E-01  1.390189922928E+00
  1.428267958270E+00  4.583128182573E-01 -4.583128182573E-01  1.428267958270E+00 -4.583128182573E-01  1.428267958270E+00
  8.893427068925E-01  4.572412379666E-01 -3.873694104242E-01  7.534407023614E-01 -3.873694106489E-01  7.534407040055E-01
  9.178594477700E-01  4.719026612858E-01 -4.077306771743E-01  7.930437453529E-01 -4.077306779469E-01  7.930437473684E-01
  9.801223233594E-01  5.039141165923E-01 -4.513968598382E-01  8.779752795761E-01 -4.513968598612E-01  8.779752828442E-01
  1.065143700366E+00  5.476264890834E-01 -5.095623066464E-01  9.911081590460E-01 -5.095623096055E-01  9.911081637568E-01
  1.158213066866E+00  5.954766058330E-01 -5.717003499710E-01  1.111967804159E+00 -5.717003522584E-01  1.111967811718E+00
  1.243234443872E+00  6.391889783241E-01 -6.273608851771E-01  1.220228585205E+00 -6.273608903420E-01  1.220228592890E+00
  1.305497319461E+00  6.712004336306E-01 -6.675765800171E-01  1.298448856473E+00 -6.675765822032E-01  1.298448861076E+00
  1.334014060339E+00  6.858618569498E-01 -6.858618569498E-01  1.334014060339E+00 -6.858618569498E-01  1.334014060339E+00
  8.109284805664E-01  5.851452805981E-01 -4.957282142942E-01  6.870090932576E-01 -4.957282144921E-01  6.870090917268E-01
  8.369308721881E-01  6.039079422956E-01 -5.217851364035E-01  7.231202975374E-01 -5.217851369153E-01  7.231202955757E-01
  8.937039684379E-01  6.448739585740E-01 -5.776660561238E-01  8.005633359372E-01 -5.776660552300E-01  8.005633335427E-01
  9.712289265187E-01  7.008139883505E-01 -6.521021197665E-01  9.037211806669E-01 -6.521021200151E-01  9.037211764187E-01
  1.056092274897E+00  7.620492131448E-01 -7.316220340863E-01  1.013924514056E+00 -7.316220306987E-01  1.013924509648E+00
  1.133617232978E+00  8.179892429213E-01 -8.028524881497E-01  1.112639836019E+00 -8.028524851520E-01  1.112639830638E+00
  1.190390329228E+00  8.589552591997E-01 -8.543177111706E-01  1.183963342988E+00 -8.543177081998E-01  1.183963340392E+00
  1.216392720850E+00  8.777179208972E-01 -8.777179208972E-01  1.216392720850E+00 -8.777179208972E-01  1.216392720850E+00
  7.418102079413E-01  6.706098831617E-01 -5.681328226165E-01  6.284529009979E-01 -5.681328227763E-01  6.284529023268E-01
  7.655963247174E-01  6.921129641672E-01 -5.979955422988E-01  6.614862204841E-01 -5.979955428241E-01  6.614862218835E-01
  8.175304512697E-01  7.390623565677E-01 -6.620382646940E-01  7.323285163308E-01 -6.620382640842E-01  7.323285186762E-01
  8.884476858381E-01  8.031728229362E-01 -7.473462409204E-01  8.266938556455E-01 -7.473462420577E-01  8.266938575543E-01
  9.660778340152E-01  8.733518849679E-01 -8.384805983294E-01  9.275041720233E-01 -8.384805975429E-01  9.275041749841E-01
  1.036995068584E+00  9.374623513365E-01 -9.201147616541E-01  1.017805642324E+00 -9.201147631465E-01  1.017805643665E+00
  1.088929195136E+00  9.844117437369E-01 -9.790968449946E-01  1.083049999754E+00 -9.790968456470E-01  1.083050001052E+00
  1.112715311912E+00  1.005914824742E+00 -1.005914824742E+00  1.112715311912E+00 -1.005914824742E+00  1.112715311912E+00
  7.071067811865E-01  7.071067811865E-01 -5.990525665158E-01  5.990525661988E-01 -5.990525664576E-01  5.990525664576E-01
  7.297801338723E-01  7.297801338723E-01 -6.305405182222E-01  6.305405184082E-01 -6.305405185153E-01  6.305405185153E-01
  7.792846738030E-01  7.792846738030E-01 -6.980686658880E-01  6.980686644823E-01 -6.980686650961E-01  6.980686650961E-01
  8.468842524142E-01  8.468842524142E-01 -7.880193956466E-01  7.880193975680E-01 -7.880193968538E-01  7.880193968538E-01
  9.208827005522E-01  9.208827005522E-01 -8.841135974972E-01  8.841135981015E-01 -8.841135976414E-01  8.841135976414E-01
  9.884822791634E-01  9.884822791634E-01 -9.701905729668E-01  9.701905779108E-01 -9.701905755151E-01  9.701905755151E-01
  1.037986819094E+00  1.037986819094E+00 -1.032382665408E+00  1.032382666610E+00 -1.032382665957E+00  1.032382665957E+00
  1.060660171780E+00  1.060660171780E+00 -1.060660171780E+00  1.060660171780E+00 -1.060660171780E+00  1.060660171780E+00
  7.071067811865E-01  7.071067811865E-01 -5.990525665158E-01  5.990525661988E-01 -5.990525664576E-01  5.990525664576E-01
  7.297801338723E-01  7.297801338723E-01 -6.305405182222E-01  6.305405184082E-01 -6.305405185153E-01  6.305405185153E-01
  7.792846738030E-01  7.792846738030E-01 -6.980686658880E-01  6.980686644823E-01 -6.980686650961E-01  6.980686650961E-01
  8.468842524142E-01  8.468842524142E-01 -7.880193956466E-01  7.880193975680E-01 -7.880193968538E-01  7.880193968538E-01
  9.208827005522E-01  9.208827005522E-01 -8.841135974972E-01  8.841135981015E-01 -8.841135976414E-01  8.841135976414E-01
  9.884822791634E-01  9.884822791634E-01 -9.701905729668E-01  9.701905779108E-01 -9.701905755151E-01  9.701905755151E-01
  1.037986819094E+00  1.037986819094E+00 -1.032382665408E+00  1.032382666610E+00 -1.032382665957E+00  1.032382665957E+00
  1.060660171780E+00  1.060660171780E+00 -1.060660171780E+00  1.060660171780E+00 -1.060660171780E+00  1.060660171780E+00
  6.706098831617E-01  7.418102079413E-01 -6.284529034022E-01  5.681328226391E-01 -6.284529023268E-01  5.681328227763E-01
  6.921129641672E-01  7.655963247174E-01 -6.614862228493E-01  5.979955428587E-01 -6.614862218835E-01  5.979955428241E-01
  7.390623565677E-01  8.175304512697E-01 -7.323285212394E-01  6.620382635046E-01 -7.323285186762E-01  6.620382640842E-01
  8.031728229362E-01  8.884476858381E-01 -8.266938590017E-01  7.473462425633E-01 -8.266938575543E-01  7.473462420577E-01
  8.733518849679E-01  9.660778340152E-01 -9.275041782950E-01  8.384805969322E-01 -9.275041749841E-01  8.384805975429E-01
  9.374623513365E-01  1.036995068584E+00 -1.017805644835E+00  9.201147644586E-01 -1.017805643665E+00  9.201147631465E-01
  9.844117437369E-01  1.088929195136E+00 -1.083050002426E+00  9.790968463665E-01 -1.083050001052E+00  9.790968456470E-01
  1.005914824742E+00  1.112715311912E+00 -1.112715311912E+00  1.005914824742E+00 -1.112715311912E+00  1.005914824742E+00
  5.851452805981E-01  8.109284805664E-01 -6.870090903202E-01  4.957282145309E-01 -6.870090917268E-01  4.957282144921E-01
  6.039079422956E-01  8.369308721881E-01 -7.231202935262E-01  5.217851371000E-01 -7.231202955757E-01  5.217851369153E-01
  6.448739585740E-01  8.937039684379E-01 -8.005633317223E-01  5.776660544514E-01 -8.005633335427E-01  5.776660552300E-01
  7.008139883505E-01  9.712289265187E-01 -9.037211718728E-01  6.521021197246E-01 -9.037211764187E-01  6.521021200151E-01
  7.620492131448E-01  1.056092274897E+00 -1.013924505632E+00  7.316220273203E-01 -1.013924509648E+00  7.316220306987E-01
  8.179892429213E-01  1.133617232978E+00 -1.112639824998E+00  8.028524818307E-01 -1.112639830638E+00  8.028524851520E-01
  8.589552591997E-01  1.190390329228E+00 -1.183963337889E+00  8.543177052626E-01 -1.183963340392E+00  8.543177081998E-01
  8.777179208972E-01  1.216392720850E+00 -1.216392720850E+00  8.777179208972E-01 -1.216392720850E+00  8.777179208972E-01
  4.572412379666E-01  8.893427068925E-01 -7.534407051615E-01  3.873694110577E-01 -7.534407040055E-01  3.873694106489E-01
  4.719026612858E-01  9.178594477700E-01 -7.930437486544E-01  4.077306788090E-01 -7.930437473684E-01  4.077306779469E-01
  5.039141165923E-01  9.801223233594E-01 -8.779752861107E-01  4.513968604067E-01 -8.779752828442E-01  4.513968598612E-01
  5.476264890834E-01  1.065143700366E+00 -9.911081676104E-01  5.095623126676E-01 -9.911081637568E-01  5.095623096055E-01
  5.954766058330E-01  1.158213066866E+00 -1.111967819440E+00  5.717003550528E-01 -1.111967811718E+00  5.717003522584E-01
  6.391889783241E-01  1.243234443872E+00 -1.220228600242E+00  6.273608955315E-01 -1.220228592890E+00  6.273608903420E-01
  6.712004336306E-01  1.305497319461E+00 -1.298448865748E+00  6.675765844736E-01 -1.298448861076E+00  6.675765822032E-01
  6.858618569498E-01  1.334014060339E+00 -1.334014060339E+00  6.858618569498E-01 -1.334014060339E+00  6.858618569498E-01
  3.055418788382E-01  9.521786388467E-01 -8.066745667968E-01  2.588514929265E-01 -8.066745681183E-01  2.588514939301E-01
  3.153390678391E-01  9.827102115494E-01 -8.490757368444E-01  2.724574833889E-01 -8.490757388158E-01  2.724574842678E-01
  3.367300522617E-01  1.049372230218E+00 -9.400080545004E-01  3.016364933045E-01 -9.400080568275E-01  3.016364955991E-01
  3.659399294784E-01  1.140400737455E+00 -1.061134262617E+00  3.405043376840E-01 -1.061134268041E+00  3.405043389226E-01
  3.979147676170E-01  1.240045859662E+00 -1.190533169053E+00  3.820267805105E-01 -1.190533176016E+00  3.820267842382E-01
  4.271246448337E-01  1.331074366899E+00 -1.306443043356E+00  4.192207710362E-01 -1.306443052442E+00  4.192207728181E-01
  4.485156292563E-01  1.397736385567E+00 -1.390189918127E+00  4.460940647444E-01 -1.390189922928E+00  4.460940664535E-01
  4.583128182573E-01  1.428267958270E+00 -1.428267958270E+00  4.583128182573E-01 -1.428267958270E+00  4.583128182573E-01
  1.596528317756E-01  9.871732235560E-01 -8.363215705321E-01  1.352560066263E-01 -8.363215695897E-01  1.352560054040E-01
  1.647720938990E-01  1.018826896318E+00 -8.802810742756E-01  1.423654577291E-01 -8.802810732503E-01  1.423654559801E-01
  1.759493873375E-01  1.087938885574E+00 -9.745553491570E-01  1.576121780641E-01 -9.745553468318E-01  1.576121770030E-01
  1.912122365128E-01  1.182312883539E+00 -1.100133206064E+00  1.779215442384E-01 -1.100133203236E+00  1.779215410587E-01
  2.079198429261E-01  1.285620175351E+00 -1.234287801068E+00  1.996179979325E-01 -1.234287795556E+00  1.996179972110E-01
  2.231826921014E-01  1.379994173316E+00 -1.354457611731E+00  2.190527344043E-01 -1.354457605806E+00  2.190527327189E-01
  2.343599855400E-01  1.449106162572E+00 -1.441282355359E+00  2.330946616464E-01 -1.441282351423E+00  2.330946619115E-01
  2.394792476634E-01  1.480759835334E+00 -1.480759835334E+00  2.394792476634E-01 -1.480759835334E+00  2.394792476634E-01
  5.034623247436E-02  9.987318243030E-01 -8.461138794387E-01  4.265273646524E-02 -8.461138804914E-01  4.265273729185E-02
  5.196058254943E-02  1.030756123169E+00 -8.905880952446E-01  4.489468908697E-02 -8.905880966055E-01  4.489468970501E-02
  5.548532187056E-02  1.100677329968E+00 -9.859662063239E-01  4.970271358374E-02 -9.859662075511E-01  4.970271567332E-02
  6.029843382264E-02  1.196156332949E+00 -1.113014426141E+00  5.610723644309E-02 -1.113014428295E+00  5.610723698864E-02
  6.556714736325E-02  1.300673227809E+00 -1.248739806589E+00  6.294917264444E-02 -1.248739808126E+00  6.294917529416E-02
  7.038025931534E-02  1.396152230790E+00 -1.370316659053E+00  6.907788418169E-02 -1.370316661056E+00  6.907788407481E-02
  7.390499863647E-02  1.466073437589E+00 -1.458158017724E+00  7.350598065596E-02 -1.458158019104E+00  7.350598111297E-02
  7.551934871154E-02  1.498097736455E+00 -1.498097736455E+00  7.551934871154E-02 -1.498097736455E+00  7.551934871154E-02
  6.123233995737E-17  1.000000000000E+00 -8.471882639169E-01 -2.241353742892E-10 -8.471882640587E-01  5.187531979273E-17
  7.031560467768E-17  1.032064962873E+00 -8.917189526271E-01  1.315217695209E-10 -8.917189529101E-01  6.075369248260E-17
  9.014782125728E-17  1.102074954642E+00 -9.872181737726E-01 -9.939905746429E-10 -9.872181736465E-01  8.075273563290E-17
  1.172291654245E-16  1.197675195524E+00 -1.114427718095E+00  1.358594822017E-09 -1.114427718444E+00  1.090808525111E-16
  1.468739869314E-16  1.302324804476E+00 -1.250325440686E+00  4.272540399941E-10 -1.250325440463E+00  1.410095866803E-16
  1.739553310987E-16  1.397925045358E+00 -1.372056669872E+00  3.495896886577E-09 -1.372056669980E+00  1.707363160171E-16
  1.937875476782E-16  1.467935037127E+00 -1.460009567829E+00  8.498315884202E-10 -1.460009567755E+00  1.927412770770E-16
  2.028708123986E-16  1.500000000000E+00 -1.500000000000E+00  2.028708123986E-16 -1.500000000000E+00  2.028708123986E-16
  6.123233995737E-17  1.000000000000E+00 -8.471882639169E-01 -2.241353742892E-10 -8.471882640587E-01  5.187531979273E-17
  7.031560467768E-17  1.032064962873E+00 -8.917189526271E-01  1.315217695209E-10 -8.917189529101E-01  6.075369248260E-17
  9.014782125728E-17  1.102074954642E+00 -9.872181737726E-01 -9.939905746429E-10 -9.872181736465E-01  8.075273563290E-17
  1.172291654245E-16  1.197675195524E+00 -1.114427718095E+00  1.358594822017E-09 -1.114427718444E+00  1.090808525111E-16
  1.468739869314E-16  1.302324804476E+00 -1.250325440686E+00  4.272540399941E-10 -1.250325440463E+00  1.410095866803E-16
  1.739553310987E-16  1.397925045358E+00 -1.372056669872E+00  3.495896886577E-09 -1.372056669980E+00  1.707363160171E-16
  1.937875476782E-16  1.467935037127E+00 -1.460009567829E+00  8.498315884202E-10 -1.460009567755E+00  1.927412770770E-16
  2.028708123986E-16  1.500000000000E+00 -1.500000000000E+00  2.028708123986E-16 -1.500000000000E+00  2.028708123986E-16
 -5.034623247436E-02  9.987318243030E-01 -8.461138811549E-01 -4.265273814932E-02 -8.461138804914E-01 -4.265273729185E-02
 -5.196058254943E-02  1.030756123169E+00 -8.905880973129E-01 -4.489469036345E-02 -8.905880966055E-01 -4.489468970501E-02
 -5.548532187056E-02  1.100677329968E+00 -9.859662089538E-01 -4.970271789560E-02 -9.859662075511E-01 -4.970271567332E-02
 -6.029843382264E-02  1.196156332949E+00 -1.113014429676E+00 -5.610723765463E-02 -1.113014428295E+00 -5.610723698864E-02
 -6.556714736325E-02  1.300673227809E+00 -1.248739810035E+00 -6.294917806713E-02 -1.248739808126E+00 -6.294917529416E-02
 -7.038025931534E-02  1.396152230790E+00 -1.370316662811E+00 -6.907788397436E-02 -1.370316661056E+00 -6.907788407481E-02
 -7.390499863647E-02  1.466073437589E+00 -1.458158020583E+00 -7.350598157509E-02 -1.458158019104E+00 -7.350598111297E-02
 -7.551934871154E-02  1.498097736455E+00 -1.498097736455E+00 -7.551934871154E-02 -1.498097736455E+00 -7.551934871154E-02
 -1.596528317756E-01  9.871732235560E-01 -8.363215686225E-01 -1.352560043819E-01 -8.363215695897E-01 -1.352560054040E-01
 -1.647720938990E-01  1.018826896318E+00 -8.802810719318E-01 -1.423654544003E-01 -8.802810732503E-01 -1.423654559801E-01
 -1.759493873375E-01  1.087938885574E+00 -9.745553449940E-01 -1.576121762663E-01 -9.745553468318E-01 -1.576121770030E-01
 -1.912122365128E-01  1.182312883539E+00 -1.100133199816E+00 -1.779215380498E-01 -1.100133203236E+00 -1.779215410587E-01
 -2.079198429261E-01  1.285620175351E+00 -1.234287790328E+00 -1.996179967602E-01 -1.234287795556E+00 -1.996179972110E-01
 -2.231826921014E-01  1.379994173316E+00 -1.354457599469E+00 -2.190527310794E-01 -1.354457605806E+00 -2.190527327189E-01
 -2.343599855400E-01  1.449106162572E+00 -1.441282347576E+00 -2.330946622186E-01 -1.441282351423E+00 -2.330946619115E-01
 -2.394792476634E-01  1.480759835334E+00 -1.480759835334E+00 -2.394792476634E-01 -1.480759835334E+00 -2.394792476634E-01
 -3.055418788382E-01  9.521786388467E-01 -8.066745692248E-01 -2.588514944585E-01 -8.066745681183E-01 -2.588514939301E-01
 -3.153390678391E-01  9.827102115494E-01 -8.490757403348E-01 -2.724574845675E-01 -8.490757388158E-01 -2.724574842678E-01
 -3.367300522617E-01  1.049372230218E+00 -9.400080595230E-01 -3.016364975231E-01 -9.400080568275E-01 -3.016364955991E-01
 -3.659399294784E-01  1.140400737455E+00 -1.061134272931E+00 -3.405043394823E-01 -1.061134268041E+00 -3.405043389226E-01
 -3.979147676170E-01  1.240045859662E+00 -1.190533183452E+00 -3.820267877230E-01 -1.190533176016E+00 -3.820267842382E-01
 -4.271246448337E-01  1.331074366899E+00 -1.306443061310E+00 -4.192207743471E-01 -1.306443052442E+00 -4.192207728181E-01
 -4.485156292563E-01  1.397736385567E+00 -1.390189927837E+00 -4.460940681516E-01 -1.390189922928E+00 -4.460940664535E-01
 -4.583128182573E-01  1.428267958270E+00 -1.428267958270E+00 -4.583128182573E-01 -1.428267958270E+00 -4.583128182573E-01
 -4.572412379666E-01  8.893427068925E-01 -7.534407023614E-01 -3.873694104242E-01 -7.534407040055E-01 -3.873694106489E-01
 -4.719026612858E-01  9.178594477700E-01 -7.930437453529E-01 -4.077306771743E-01 -7.930437473684E-01 -4.077306779469E-01
 -5.039141165923E-01  9.801223233594E-01 -8.779752795761E-01 -4.513968598382E-01 -8.779752828442E-01 -4.513968598612E-01
 -5.476264890834E-01  1.065143700366E+00 -9.911081590460E-01 -5.095623066464E-01 -9.911081637568E-01 -5.095623096055E-01
 -5.954766058330E-01  1.158213066866E+00 -1.111967804159E+00 -5.717003499710E-01 -1.111967811718E+00 -5.717003522584E-01
 -6.391889783241E-01  1.243234443872E+00 -1.220228585205E+00 -6.273608851771E-01 -1.220228592890E+00 -6.273608903420E-01
 -6.712004336306E-01  1.305497319461E+00 -1.298448856473E+00 -6.675765800171E-01 -1.298448861076E+00 -6.675765822032E-01
 -6.858618569498E-01  1.334014060339E+00 -1.334014060339E+00 -6.858618569498E-01 -1.334014060339E+00 -6.858618569498E-01
 -5.851452805981E-01  8.109284805664E-01 -6.870090932576E-01 -4.957282142942E-01 -6.870090917268E-01 -4.957282144921E-01
 -6.039079422956E-01  8.369308721881E-01 -7.231202975374E-01 -5.217851364035E-01 -7.231202955757E-01 -5.217851369153E-01
 -6.448739585740E-01  8.937039684379E-01 -8.005633359372E-01 -5.776660561238E-01 -8.005633335427E-01 -5.776660552300E-01
 -7.008139883505E-01  9.712289265187E-01 -9.037211806669E-01 -6.521021197665E-01 -9.037211764187E-01 -6.521021200151E-01
 -7.620492131448E-01  1.056092274897E+00 -1.013924514056E+00 -7.316220340863E-01 -1.013924509648E+00 -7.316220306987E-01
 -8.179892429213E-01  1.133617232978E+00 -1.112639836019E+00 -8.028524881497E-01 -1.112639830638E+00 -8.028524851520E-01
 -8.589552591997E-01  1.190390329228E+00 -1.183963342988E+00 -8.543177111706E-01 -1.183963340392E+00 -8.543177081998E-01
 -8.777179208972E-01  1.216392720850E+00 -1.216392720850E+00 -8.777179208972E-01 -1.216392720850E+00 -8.777179208972E-01
 -6.706098831617E-01  7.418102079413E-01 -6.284529009979E-01 -5.681328226165E-01 -6.284529023268E-01 -5.681328227763E-01
 -6.921129641672E-01  7.655963247174E-01 -6.614862204841E-01 -5.979955422988E-01 -6.614862218835E-01 -5.979955428241E-01
 -7.390623565677E-01  8.175304512697E-01 -7.323285163308E-01 -6.620382646940E-01 -7.323285186762E-01 -6.620382640842E-01
 -8.031728229362E-01  8.884476858381E-01 -8.266938556455E-01 -7.473462409204E-01 -8.266938575543E-01 -7.473462420577E-01
 -8.733518849679E-01  9.660778340152E-01 -9.275041720233E-01 -8.384805983294E-01 -9.275041749841E-01 -8.384805975429E-01
 -9.374623513365E-01  1.036995068584E+00 -1.017805642324E+00 -9.201147616541E-01 -1.017805643665E+00 -9.201147631465E-01
 -9.844117437369E-01  1.088929195136E+00 -1.083049999754E+00 -9.790968449946E-01 -1.083050001052E+00 -9.790968456470E-01
 -1.005914824742E+00  1.112715311912E+00 -1.112715311912E+00 -1.005914824742E+00 -1.112715311912E+00 -1.005914824742E+00
 -7.071067811865E-01  7.071067811865E-01 -5.990525661988E-01 -5.990525665158E-01 -5.990525664576E-01 -5.990525664576E-01
 -7.297801338723E-01  7.297801338723E-01 -6.305405184082E-01 -6.305405182222E-01 -6.305405185153E-01 -6.305405185153E-01
 -7.792846738030E-01  7.792846738030E-01 -6.980686644823E-01 -6.980686658880E-01 -6.980686650961E-01 -6.980686650961E-01
 -8.468842524142E-01  8.468842524142E-01 -7.880193975680E-01 -7.880193956466E-01 -7.880193968538E-01 -7.880193968538E-01
 -9.208827005522E-01  9.208827005522E-01 -8.841135981015E-01 -8.841135974972E-01 -8.841135976414E-01 -8.841135976414E-01
 -9.884822791634E-01  9.884822791634E-01 -9.701905779108E-01 -9.701905729668E-01 -9.701905755151E-01 -9.701905755151E-01
 -1.037986819094E+00  1.037986819094E+00 -1.032382666610E+00 -1.032382665408E+00 -1.032382665957E+00 -1.032382665957E+00
 -1.060660171780E+00  1.060660171780E+00 -1.060660171780E+00 -1.060660171780E+00 -1.060660171780E+00 -1.060660171780E+00
 -7.071067811865E-01  7.071067811865E-01 -5.990525661988E-01 -5.990525665158E-01 -5.990525664576E-01 -5.990525664576E-01
 -7.297801338723E-01  7.297801338723E-01 -6.305405184082E-01 -6.305405182222E-01 -6.305405185153E-01 -6.305405185153E-01
 -7.792846738030E-01  7.792846738030E-01 -6.980686644823E-01 -6.980686658880E-01 -6.980686650961E-01 -6.980686650961E-01
 -8.468842524142E-01  8.468842524142E-01 -7.880193975680E-01 -7.880193956466E-01 -7.880193968538E-01 -7.880193968538E-01
 -9.208827005522E-01  9.208827005522E-01 -8.841135981015E-01 -8.841135974972E-01 -8.841135976414E-01 -8.841135976414E-01
 -9.884822791634E-01  9.884822791634E-01 -9.701905779108E-01 -9.701905729668E-01 -9.701905755151E-01 -9.701905755151E-01
 -1.037986819094E+00  1.037986819094E+00 -1.032382666610E+00 -1.032382665408E+00 -1.032382665957E+00 -1.032382665957E+00
 -1.060660171780E+00  1.060660171780E+00 -1.060660171780E+00 -1.060660171780E+00 -1.060660171780E+00 -1.060660171780E+00
 -7.418102079413E-01  6.706098831617E-01 -5.681328226391E-01 -6.284529034022E-01 -5.681328227763E-01 -6.284529023268E-01
 -7.655963247174E-01  6.921129641672E-01 -5.979955428587E-01 -6.614862228493E-01 -5.979955428241E-01 -6.614862218835E-01
 -8.175304512697E-01  7.390623565677E-01 -6.620382635046E-01 -7.323285212394E-01 -6.620382640842E-01 -7.323285186762E-01
 -8.884476858381E-01  8.031728229362E-01 -7.473462425633E-01 -8.266938590017E-01 -7.473462420577E-01 -8.266938575543E-01
 -9.660778340152E-01  8.733518849679E-01 -8.384805969322E-01 -9.275041782950E-01 -8.384805975429E-01 -9.275041749841E-01
 -1.036995068584E+00  9.374623513365E-01 -9.201147644586E-01 -1.017805644835E+00 -9.201147631465E-01 -1.017805643665E+00
 -1.088929195136E+00  9.844117437369E-01 -9.790968463665E-01 -1.083050002426E+00 -9.790968456470E-01 -1.083050001052E+00
 -1.112715311912E+00  1.005914824742E+00 -1.005914824742E+00 -1.112715311912E+00 -1.005914824742E+00 -1.112715311912E+00
 -8.109284805664E-01  5.851452805981E-01 -4.957282145309E-01 -6.870090903202E-01 -4.957282144921E-01 -6.870090917268E-01
 -8.369308721881E-01  6.039079422956E-01 -5.217851371000E-01 -7.231202935262E-01 -5.217851369153E-01 -7.231202955757E-01
 -8.937039684379E-01  6.448739585740E-01 -5.776660544514E-01 -8.005633317223E-01 -5.776660552300E-01 -8.005633335427E-01
 -9.712289265187E-01  7.008139883505E-01 -6.521021197246E-01 -9.037211718728E-01 -6.521021200151E-01 -9.037211764187E-01
 -1.056092274897E+00  7.620492131448E-01 -7.316220273203E-01 -1.013924505632E+00 -7.316220306987E-01 -1.013924509648E+00
 -1.133617232978E+00  8.179892429213E-01 -8.028524818307E-01 -1.112639824998E+00 -8.028524851520E-01 -1.112639830638E+00
 -1.190390329228E+00  8.589552591997E-01 -8.543177052626E-01 -1.183963337889E+00 -8.543177081998E-01 -1.183963340392E+00
 -1.216392720850E+00  8.777179208972E-01 -8.777179208972E-01 -1.216392720850E+00 -8.777179208972E-01 -1.216392720850E+00
 -8.893427068925E-01  4.572412379666E-01 -3.873694110577E-01 -7.534407051615E-01 -3.873694106489E-01 -7.534407040055E-01
 -9.178594477700E-01  4.719026612858E-01 -4.077306788090E-01 -7.930437486544E-01 -4.077306779469E-01 -7.930437473684E-01
 -9.801223233594E-01  5.039141165923E-01 -4.513968604067E-01 -8.779752861107E-01 -4.513968598612E-01 -8.779752828442E-01
 -1.065143700366E+00  5.476264890834E-01 -5.095623126676E-01 -9.911081676104E-01 -5.095623096055E-01 -9.911081637568E-01
 -1.158213066866E+00  5.954766058330E-01 -5.717003550528E-01 -1.111967819440E+00 -5.717003522584E-01 -1.111967811718E+00
 -1.243234443872E+00  6.391889783241E-01 -6.273608955315E-01 -1.220228600242E+00 -6.273608903420E-01 -1.220228592890E+00
 -1.305497319461E+00  6.712004336306E-01 -6.675765844736E-01 -1.298448865748E+00 -6.675765822032E-01 -1.298448861076E+00
 -1.334014060339E+00  6.858618569498E-01 -6.858618569498E-01 -1.334014060339E+00 -6.858618569498E-01 -1.334014060339E+00
 -9.521786388467E-01  3.055418788382E-01 -2.588514929265E-01 -8.066745667968E-01 -2.588514939301E-01 -8.066745681183E-01
 -9.827102115494E-01  3.153390678391E-01 -2.724574833889E-01 -8.490757368444E-01 -2.724574842678E-01 -8.490757388158E-01
 -1.049372230218E+00  3.367300522617E-01 -3.016364933045E-01 -9.400080545004E-01 -3.016364955991E-01 -9.400080568275E-01
 -1.140400737455E+00  3.659399294784E-01 -3.405043376840E-01 -1.061134262617E+00 -3.405043389226E-01 -1.061134268041E+00
 -1.240045859662E+00  3.979147676170E-01 -3.820267805105E-01 -1.190533169053E+00 -3.820267842382E-01 -1.190533176016E+00
 -1.331074366899E+00  4.271246448337E-01 -4.192207710362E-01 -1.306443043356E+00 -4.192207728181E-01 -1.306443052442E+00
 -1.397736385567E+00  4.485156292563E-01 -4.460940647444E-01 -1.390189918127E+00 -4.460940664535E-01 -1.390189922928E+00
 -1.428267958270E+00  4.583128182573E-01 -4.583128182573E-01 -1.428267958270E+00 -4.583128182573E-01 -1.428267958270E+00
 -9.871732235560E-01  1.596528317756E-01 -1.352560066263E-01 -8.363215705321E-01 -1.352560054040E-01 -8.363215695897E-01
 -1.018826896318E+00  1.647720938990E-01 -1.423654577291E-01 -8.802810742756E-01 -1.423654559801E-01 -8.802810732503E-01
 -1.087938885574E+00  1.759493873375E-01 -1.576121780641E-01 -9.745553491570E-01 -1.576121770030E-01 -9.745553468318E-01
 -1.182312883539E+00  1.912122365128E-01 -1.779215442384E-01 -1.100133206064E+00 -1.779215410587E-01 -1.100133203236E+00
 -1.285620175351E+00  2.079198429261E-01 -1.996179979325E-01 -1.234287801068E+00 -1.996179972110E-01 -1.234287795556E+00
 -1.379994173316E+00  2.231826921014E-01 -2.190527344043E-01 -1.354457611731E+00 -2.190527327189E-01 -1.354457605806E+00
 -1.449106162572E+00  2.343599855400E-01 -2.330946616464E-01 -1.441282355359E+00 -2.330946619115E-01 -1.441282351423E+00
 -1.480759835334E+00  2.394792476634E-01 -2.394792476634E-01 -1.480759835334E+00 -2.394792476634E-01 -1.480759835334E+00
 -9.987318243030E-01  5.034623247436E-02 -4.265273646524E-02 -8.461138794387E-01 -4.265273729185E-02 -8.461138804914E-01
 -1.030756123169E+00  5.196058254943E-02 -4.489468908697E-02 -8.905880952446E-01 -4.489468970501E-02 -8.905880966055E-01
 -1.100677329968E+00  5.548532187056E-02 -4.970271358374E-02 -9.859662063239E-01 -4.970271567332E-02 -9.859662075511E-01
 -1.196156332949E+00  6.029843382265E-02 -5.610723644309E-02 -1.113014426141E+00 -5.610723698864E-02 -1.113014428295E+00
 -1.300673227809E+00  6.556714736326E-02 -6.294917264444E-02 -1.248739806589E+00 -6.294917529416E-02 -1.248739808126E+00
 -1.396152230790E+00  7.038025931534E-02 -6.907788418169E-02 -1.370316659053E+00 -6.907788407481E-02 -1.370316661056E+00
 -1.466073437589E+00  7.390499863647E-02 -7.350598065596E-02 -1.458158017724E+00 -7.350598111297E-02 -1.458158019104E+00
 -1.498097736455E+00  7.551934871154E-02 -7.551934871154E-02 -1.498097736455E+00 -7.551934871154E-02 -1.498097736455E+00
 -1.000000000000E+00  1.665334536938E-16  2.241353548592E-10 -8.471882639169E-01 -1.410851875425E-16 -8.471882640587E-01
 -1.032064962873E+00  1.807731577197E-16 -1.315218065534E-10 -8.917189526271E-01 -1.561906049668E-16 -8.917189529101E-01
 -1.102074954642E+00  2.118638396461E-16  9.939905287621E-10 -9.872181737726E-01 -1.897836730217E-16 -9.872181736465E-01
 -1.197675195524E+00  2.543188750812E-16 -1.358594906639E-09 -1.114427718095E+00 -2.366417913413E-16 -1.114427718444E+00
 -1.302324804476E+00  3.007926372314E-16 -4.272540327446E-10 -1.250325440686E+00 -2.887825566571E-16 -1.250325440463E+00
 -1.397925045358E+00  3.432476726665E-16 -3.495896971965E-09 -1.372056669872E+00 -3.368959303655E-16 -1.372056669980E+00
 -1.467935037127E+00  3.743383545928E-16 -8.498317408022E-10 -1.460009567829E+00 -3.723172793482E-16 -1.460009567755E+00
 -1.500000000000E+00  3.885780586188E-16 -3.885780586188E-16 -1.500000000000E+00 -3.885780586188E-16 -1.500000000000E+00
 -1.000000000000E+00  1.665334536938E-16  2.241353548592E-10 -8.471882639169E-01 -1.410851875425E-16 -8.471882640587E-01
 -1.032064962873E+00  1.807731577197E-16 -1.315218065534E-10 -8.917189526271E-01 -1.561906049668E-16 -8.917189529101E-01
 -1.102074954642E+00  2.118638396461E-16  9.939905287621E-10 -9.872181737726E-01 -1.897836730217E-16 -9.872181736465E-01
 -1.197675195524E+00  2.543188750812E-16 -1.358594906639E-09 -1.114427718095E+00 -2.366417913413E-16 -1.114427718444E+00
 -1.302324804476E+00  3.007926372314E-16 -4.272540327446E-10 -1.250325440686E+00 -2.887825566571E-16 -1.250325440463E+00
 -1.397925045358E+00  3.432476726665E-16 -3.495896971965E-09 -1.372056669872E+00 -3.368959303655E-16 -1.372056669980E+00
 -1.467935037127E+00  3.743383545928E-16 -8.498317408022E-10 -1.460009567829E+00 -3.723172793482E-16 -1.460009567755E+00
 -1.500000000000E+00  3.885780586188E-16 -3.885780586188E-16 -1.500000000000E+00 -3.885780586188E-16 -1.500000000000E+00
 -9.987318243030E-01 -5.034623247436E-02  4.265273814932E-02 -8.461138811549E-01  4.265273729185E-02 -8.461138804914E-01
 -1.030756123169E+00 -5.196058254943E-02  4.489469036345E-02 -8.905880973129E-01  4.489468970501E-02 -8.905880966055E-01
 -1.100677329968E+00 -5.548532187056E-02  4.970271789560E-02 -9.859662089538E-01  4.970271567332E-02 -9.859662075511E-01
 -1.196156332949E+00 -6.029843382264E-02  5.610723765463E-02 -1.113014429676E+00  5.610723698864E-02 -1.113014428295E+00
 -1.300673227809E+00 -6.556714736325E-02  6.294917806713E-02 -1.248739810035E+00  6.294917529416E-02 -1.248739808126E+00
 -1.396152230790E+00 -7.038025931534E-02  6.907788397436E-02 -1.370316662811E+00  6.907788407481E-02 -1.370316661056E+00
 -1.466073437589E+00 -7.390499863647E-02  7.350598157509E-02 -1.458158020583E+00  7.350598111297E-02 -1.458158019104E+00
 -1.498097736455E+00 -7.551934871154E-02  7.551934871154E-02 -1.498097736455E+00  7.551934871154E-02 -1.498097736455E+00
 -9.871732235560E-01 -1.596528317756E-01  1.352560043819E-01 -8.363215686225E-01  1.352560054040E-01 -8.363215695897E-01
 -1.018826896318E+00 -1.647720938990E-01  1.423654544003E-01 -8.802810719318E-01  1.423654559801E-01 -8.802810732503E-01
 -1.087938885574E+00 -1.759493873375E-01  1.576121762663E-01 -9.745553449940E-01  1.576121770030E-01 -9.745553468318E-01
 -1.182312883539E+00 -1.912122365128E-01  1.779215380498E-01 -1.100133199816E+00  1.779215410587E-01 -1.100133203236E+00
 -1.285620175351E+00 -2.079198429261E-01  1.996179967602E-01 -1.234287790328E+00  1.996179972110E-01 -1.234287795556E+00
 -1.379994173316E+00 -2.231826921014E-01  2.190527310794E-01 -1.354457599469E+00  2.190527327189E-01 -1.354457605806E+00
 -1.449106162572E+00 -2.343599855400E-01  2.330946622186E-01 -1.441282347576E+00  2.330946619115E-01 -1.441282351423E+00
 -1.480759835334E+00 -2.394792476634E-01  2.394792476634E-01 -1.480759835334E+00  2.394792476634E-01 -1.480759835334E+00
 -9.521786388467E-01 -3.055418788382E-01  2.588514944585E-01 -8.066745692248E-01  2.588514939301E-01 -8.066745681183E-01
 -9.827102115494E-01 -3.153390678391E-01  2.724574845675E-01 -8.490757403348E-01  2.724574842678E-01 -8.490757388158E-01
 -1.049372230218E+00 -3.367300522617E-01  3.016364975231E-01 -9.400080595230E-01  3.016364955991E-01 -9.400080568275E-01
 -1.140400737455E+00 -3.659399294784E-01  3.405043394823E-01 -1.061134272931E+00  3.405043389226E-01 -1.061134268041E+00
 -1.240045859662E+00 -3.979147676170E-01  3.820267877230E-01 -1.190533183452E+00  3.820267842382E-01 -1.190533176016E+00
 -1.331074366899E+00 -4.271246448337E-01  4.192207743471E-01 -1.306443061310E+00  4.192207728181E-01 -1.306443052442E+00
 -1.397736385567E+00 -4.485156292563E-01  4.460940681516E-01 -1.390189927837E+00  4.460940664535E-01 -1.390189922928E+00
 -1.428267958270E+00 -4.583128182573E-01  4.583128182573E-01 -1.428267958270E+00  4.583128182573E-01 -1.428267958270E+00
 -8.893427068925E-01 -4.572412379666E-01  3.873694104241E-01 -7.534407023614E-01  3.873694106489E-01 -7.534407040055E-01
 -9.178594477700E-01 -4.719026612858E-01  4.077306771743E-01 -7.930437453529E-01  4.077306779469E-01 -7.930437473684E-01
 -9.801223233594E-01 -5.039141165923E-01  4.513968598382E-01 -8.779752795761E-01  4.513968598612E-01 -8.779752828442E-01
 -1.065143700366E+00 -5.476264890834E-01  5.095623066464E-01 -9.911081590460E-01  5.095623096055E-01 -9.911081637568E-01
 -1.158213066866E+00 -5.954766058330E-01  5.717003499710E-01 -1.111967804159E+00  5.717003522584E-01 -1.111967811718E+00
 -1.243234443872E+00 -6.391889783241E-01  6.273608851771E-01 -1.220228585205E+00  6.273608903420E-01 -1.220228592890E+00
 -1.305497319461E+00 -6.712004336306E-01  6.675765800171E-01 -1.298448856473E+00  6.675765822032E-01 -1.298448861076E+00
 -1.334014060339E+00 -6.858618569498E-01  6.858618569498E-01 -1.334014060339E+00  6.858618569498E-01 -1.334014060339E+00
 -8.109284805664E-01 -5.851452805981E-01  4.957282142942E-01 -6.870090932576E-01  4.957282144921E-01 -6.870090917268E-01
 -8.369308721881E-01 -6.039079422956E-01  5.217851364035E-01 -7.231202975374E-01  5.217851369153E-01 -7.231202955757E-01
 -8.937039684379E-01 -6.448739585740E-01  5.776660561238E-01 -8.005633359372E-01  5.776660552300E-01 -8.005633335427E-01
 -9.712289265187E-01 -7.008139883505E-01  6.521021197665E-01 -9.037211806669E-01  6.521021200151E-01 -9.037211764187E-01
 -1.056092274897E+00 -7.620492131448E-01  7.316220340863E-01 -1.013924514056E+00  7.316220306987E-01 -1.013924509648E+00
 -1.133617232978E+00 -8.179892429213E-01  8.028524881497E-01 -1.112639836019E+00  8.028524851520E-01 -1.112639830638E+00
 -1.190390329228E+00 -8.589552591997E-01  8.543177111706E-01 -1.183963342988E+00  8.543177081998E-01 -1.183963340392E+00
 -1.216392720850E+00 -8.777179208972E-01  8.777179208972E-01 -1.216392720850E+00  8.777179208972E-01 -1.216392720850E+00
 -7.418102079413E-01 -6.706098831617E-01  5.681328226165E-01 -6.284529009979E-01  5.681328227763E-01 -6.284529023268E-01
 -7.655963247174E-01 -6.921129641672E-01  5.979955422988E-01 -6.614862204841E-01  5.979955428241E-01 -6.614862218835E-01
 -8.175304512697E-01 -7.390623565677E-01  6.620382646940E-01 -7.323285163308E-01  6.620382640842E-01 -7.323285186762E-01
 -8.884476858381E-01 -8.031728229362E-01  7.473462409204E-01 -8.266938556455E-01  7.473462420577E-01 -8.266938575543E-01
 -9.660778340152E-01 -8.733518849679E-01  8.384805983294E-01 -9.275041720233E-01  8.384805975429E-01 -9.275041749841E-01
 -1.036995068584E+00 -9.374623513365E-01  9.201147616541E-01 -1.017805642324E+00  9.201147631465E-01 -1.017805643665E+00
 -1.088929195136E+00 -9.844117437369E-01  9.790968449946E-01 -1.083049999754E+00  9.790968456470E-01 -1.083050001052E+00
 -1.112715311912E+00 -1.005914824742E+00  1.005914824742E+00 -1.112715311912E+00  1.005914824742E+00 -1.112715311912E+00
 -7.071067811865E-01 -7.071067811865E-01  5.990525665158E-01 -5.990525661988E-01  5.990525664576E-01 -5.990525664576E-01
 -7.297801338723E-01 -7.297801338723E-01  6.305405182222E-01 -6.305405184082E-01  6.305405185153E-01 -6.305405185153E-01
 -7.792846738030E-01 -7.792846738030E-01  6.980686658880E-01 -6.980686644823E-01  6.980686650961E-01 -6.980686650961E-01
 -8.468842524142E-01 -8.468842524142E-01  7.880193956466E-01 -7.880193975680E-01  7.880193968538E-01 -7.880193968538E-01
 -9.208827005522E-01 -9.208827005522E-01  8.841135974972E-01 -8.841135981015E-01  8.841135976414E-01 -8.841135976414E-01
 -9.884822791634E-01 -9.884822791634E-01  9.701905729668E-01 -9.701905779108E-01  9.701905755151E-01 -9.701905755151E-01
 -1.037986819094E+00 -1.037986819094E+00  1.032382665408E+00 -1.032382666610E+00  1.032382665957E+00 -1.032382665957E+00
 -1.060660171780E+00 -1.060660171780E+00  1.060660171780E+00 -1.060660171780E+00  1.060660171780E+00 -1.060660171780E+00
 -7.071067811865E-01 -7.071067811865E-01  5.990525665158E-01 -5.990525661988E-01  5.990525664576E-01 -5.990525664576E-01
 -7.297801338723E-01 -7.297801338723E-01  6.305405182222E-01 -6.305405184082E-01  6.305405185153E-01 -6.305405185153E-01
 -7.792846738030E-01 -7.792846738030E-01  6.980686658880E-01 -6.980686644823E-01  6.980686650961E-01 -6.980686650961E-01
 -8.468842524142E-01 -8.468842524142E-01  7.880193956466E-01 -7.880193975680E-01  7.880193968538E-01 -7.880193968538E-01
 -9.208827005522E-01 -9.208827005522E-01  8.841135974972E-01 -8.841135981015E-01  8.841135976414E-01 -8.841135976414E-01
 -9.884822791634E-01 -9.884822791634E-01  9.701905729668E-01 -9.701905779108E-01  9.701905755151E-01 -9.701905755151E-01
 -1.037986819094E+00 -1.037986819094E+00  1.032382665408E+00 -1.032382666610E+00  1.032382665957E+00 -1.032382665957E+00
 -1.060660171780E+00 -1.060660171780E+00  1.060660171780E+00 -1.060660171780E+00  1.060660171780E+00 -1.060660171780E+00
 -6.706098831617E-01 -7.418102079413E-01  6.284529034022E-01 -5.681328226391E-01  6.284529023268E-01 -5.681328227763E-01
 -6.921129641672E-01 -7.655963247174E-01  6.614862228493E-01 -5.979955428587E-01  6.614862218835E-01 -5.979955428241E-01
 -7.390623565677E-01 -8.175304512697E-01  7.323285212394E-01 -6.620382635046E-01  7.323285186762E-01 -6.620382640842E-01
 -8.031728229362E-01 -8.884476858381E-01  8.266938590017E-01 -7.473462425633E-01  8.266938575543E-01 -7.473462420577E-01
 -8.733518849679E-01 -9.660778340152E-01  9.275041782950E-01 -8.384805969322E-01  9.275041749841E-01 -8.384805975429E-01
 -9.374623513365E-01 -1.036995068584E+00  1.017805644835E+00 -9.201147644586E-01  1.017805643665E+00 -9.201147631465E-01
 -9.844117437369E-01 -1.088929195136E+00  1.083050002426E+00 -9.790968463665E-01  1.083050001052E+00 -9.790968456470E-01
 -1.005914824742E+00 -1.112715311912E+00  1.112715311912E+00 -1.005914824742E+00  1.112715311912E+00 -1.005914824742E+00
 -5.851452805981E-01 -8.109284805664E-01  6.870090903202E-01 -4.957282145309E-01  6.870090917268E-01 -4.957282144921E-01
 -6.039079422956E-01 -8.369308721881E-01  7.231202935262E-01 -5.217851371000E-01  7.231202955757E-01 -5.217851369153E-01
 -6.448739585740E-01 -8.937039684379E-01  8.005633317223E-01 -5.776660544514E-01  8.005633335427E-01 -5.776660552300E-01
 -7.008139883505E-01 -9.712289265187E-01  9.037211718728E-01 -6.521021197246E-01  9.037211764187E-01 -6.521021200151E-01
 -7.620492131448E-01 -1.056092274897E+00  1.013924505632E+00 -7.316220273203E-01  1.013924509648E+00 -7.316220306987E-01
 -8.179892429213E-01 -1.133617232978E+00  1.112639824998E+00 -8.028524818307E-01  1.112639830638E+00 -8.028524851520E-01
 -8.589552591997E-01 -1.190390329228E+00  1.183963337889E+00 -8.543177052626E-01  1.183963340392E+00 -8.543177081998E-01
 -8.777179208972E-01 -1.216392720850E+00  1.216392720850E+00 -8.777179208972E-01  1.216392720850E+00 -8.777179208972E-01
 -4.572412379666E-01 -8.893427068925E-01  7.534407051615E-01 -3.873694110577E-01  7.534407040055E-01 -3.873694106489E-01
 -4.719026612858E-01 -9.178594477700E-01  7.930437486544E-01 -4.077306788090E-01  7.930437473684E-01 -4.077306779469E-01
 -5.039141165923E-01 -9.801223233594E-01  8.779752861107E-01 -4.513968604067E-01  8.779752828442E-01 -4.513968598612E-01
 -5.476264890834E-01 -1.065143700366E+00  9.911081676104E-01 -5.095623126676E-01  9.911081637568E-01 -5.095623096055E-01
 -5.954766058330E-01 -1.158213066866E+00  1.111967819440E+00 -5.717003550528E-01  1.111967811718E+00 -5.717003522584E-01
 -6.391889783241E-01 -1.243234443872E+00  1.220228600242E+00 -6.273608955315E-01  1.220228592890E+00 -6.273608903420E-01
 -6.712004336306E-01 -1.305497319461E+00  1.298448865748E+00 -6.675765844736E-01  1.298448861076E+00 -6.675765822032E-01
 -6.858618569498E-01 -1.334014060339E+00  1.334014060339E+00 -6.858618569498E-01  1.334014060339E+00 -6.858618569498E-01
 -3.055418788382E-01 -9.521786388467E-01  8.066745667968E-01 -2.588514929265E-01  8.066745681183E-01 -2.588514939301E-01
 -3.153390678391E-01 -9.827102115494E-01  8.490757368444E-01 -2.724574833889E-01  8.490757388158E-01 -2.724574842678E-01
 -3.367300522617E-01 -1.049372230218E+00  9.400080545004E-01 -3.016364933045E-01  9.400080568275E-01 -3.016364955991E-01
 -3.659399294784E-01 -1.140400737455E+00  1.061134262617E+00 -3.405043376840E-01  1.061134268041E+00 -3.405043389226E-01
 -3.979147676170E-01 -1.240045859662E+00  1.190533169053E+00 -3.820267805105E-01  1.190533176016E+00 -3.820267842382E-01
 -4.271246448337E-01 -1.331074366899E+00  1.306443043356E+00 -4.192207710362E-01  1.306443052442E+00 -4.192207728181E-01
 -4.485156292563E-01 -1.397736385567E+00  1.390189918127E+00 -4.460940647444E-01  1.390189922928E+00 -4.460940664535E-01
 -4.583128182573E-01 -1.428267958270E+00  1.428267958270E+00 -4.583128182573E-01  1.428267958270E+00 -4.583128182573E-01
 -1.596528317756E-01 -9.871732235560E-01  8.363215705321E-01 -1.352560066263E-01  8.363215695897E-01 -1.352560054040E-01
 -1.647720938990E-01 -1.018826896318E+00  8.802810742756E-01 -1.423654577291E-01  8.802810732503E-01 -1.423654559801E-01
 -1.759493873375E-01 -1.087938885574E+00  9.745553491570E-01 -1.576121780641E-01  9.745553468318E-01 -1.576121770030E-01
 -1.912122365128E-01 -1.182312883539E+00  1.100133206064E+00 -1.779215442384E-01  1.100133203236E+00 -1.779215410587E-01
 -2.079198429261E-01 -1.285620175351E+00  1.234287801068E+00 -1.996179979325E-01  1.234287795556E+00 -1.996179972110E-01
 -2.231826921014E-01 -1.379994173316E+00  1.354457611731E+00 -2.190527344043E-01  1.354457605806E+00 -2.190527327189E-01
 -2.343599855400E-01 -1.449106162572E+00  1.441282355359E+00 -2.330946616464E-01  1.441282351423E+00 -2.330946619115E-01
 -2.394792476634E-01 -1.480759835334E+00  1.480759835334E+00 -2.394792476634E-01  1.480759835334E+00 -2.394792476634E-01
 -5.034623247436E-02 -9.987318243030E-01  8.461138794387E-01 -4.265273646524E-02  8.461138804914E-01 -4.265273729185E-02
 -5.196058254943E-02 -1.030756123169E+00  8.905880952446E-01 -4.489468908697E-02  8.905880966055E-01 -4.489468970501E-02
 -5.548532187056E-02 -1.100677329968E+00  9.859662063239E-01 -4.970271358374E-02  9.859662075511E-01 -4.970271567332E-02
 -6.029843382264E-02 -1.196156332949E+00  1.113014426141E+00 -5.610723644309E-02  1.113014428295E+00 -5.610723698864E-02
 -6.556714736325E-02 -1.300673227809E+00  1.248739806589E+00 -6.294917264444E-02  1.248739808126E+00 -6.294917529416E-02
 -7.038025931534E-02 -1.396152230790E+00  1.370316659053E+00 -6.907788418169E-02  1.370316661056E+00 -6.907788407481E-02
 -7.390499863647E-02 -1.466073437589E+00  1.458158017724E+00 -7.350598065596E-02  1.458158019104E+00 -7.350598111297E-02
 -7.551934871154E-02 -1.498097736455E+00  1.498097736455E+00 -7.551934871154E-02  1.498097736455E+00 -7.551934871154E-02
 -2.163234161989E-16 -1.000000000000E+00  8.471882639169E-01  2.241353258412E-10  8.471882640587E-01 -1.832666594448E-16
 -2.214798555046E-16 -1.032064962873E+00  8.917189526271E-01 -1.315218009115E-10  8.917189529101E-01 -1.913617765800E-16
 -2.327383208513E-16 -1.102074954642E+00  9.872181737726E-01  9.939906535625E-10  9.872181736465E-01 -2.084826436539E-16
 -2.481120121191E-16 -1.197675195524E+00  1.114427718095E+00 -1.358594753549E-09  1.114427718444E+00 -2.308663522612E-16
 -2.649409527626E-16 -1.302324804476E+00  1.250325440686E+00 -4.272540976985E-10  1.250325440463E+00 -2.543623620783E-16
 -2.803146440303E-16 -1.397925045358E+00  1.372056669872E+00 -3.495896920387E-09  1.372056669980E+00 -2.751274671786E-16
 -2.915731093771E-16 -1.467935037127E+00  1.460009567829E+00 -8.498315846836E-10  1.460009567755E+00 -2.899988886590E-16
 -2.967295486828E-16 -1.500000000000E+00  1.500000000000E+00 -2.967295486828E-16  1.500000000000E+00 -2.967295486828E-16
 -2.163234161989E-16 -1.000000000000E+00  8.471882639169E-01  2.241353258412E-10  8.471882640587E-01 -1.832666594448E-16
 -2.214798555046E-16 -1.032064962873E+00  8.917189526271E-01 -1.315218009115E-10  8.917189529101E-01 -1.913617765800E-16
 -2.327383208513E-16 -1.102074954642E+00  9.872181737726E-01  9.939906535625E-10  9.872181736465E-01 -2.084826436539E-16
 -2.481120121191E-16 -1.197675195524E+00  1.114427718095E+00 -1.358594753549E-09  1.114427718444E+00 -2.308663522612E-16
 -2.649409527626E-16 -1.302324804476E+00  1.250325440686E+00 -4.272540976985E-10  1.250325440463E+00 -2.543623620783E-16
 -2.803146440303E-16 -1.397925045358E+00  1.372056669872E+00 -3.495896920387E-09  1.372056669980E+00 -2.751274671786E-16
 -2.915731093771E-16 -1.467935037127E+00  1.460009567829E+00 -8.498315846836E-10  1.460009567755E+00 -2.899988886590E-16
 -2.967295486828E-16 -1.500000000000E+00  1.500000000000E+00 -2.967295486828E-16  1.500000000000E+00 -2.967295486828E-16
  5.034623247436E-02 -9.987318243030E-01  8.461138811549E-01  4.265273814932E-02  8.461138804914E-01  4.265273729185E-02
  5.196058254942E-02 -1.030756123169E+00  8.905880973129E-01  4.489469036345E-02  8.905880966055E-01  4.489468970501E-02
  5.548532187056E-02 -1.100677329968E+00  9.859662089538E-01  4.970271789560E-02  9.859662075511E-01  4.970271567332E-02
  6.029843382264E-02 -1.196156332949E+00  1.113014429676E+00  5.610723765463E-02  1.113014428295E+00  5.610723698864E-02
  6.556714736325E-02 -1.300673227809E+00  1.248739810035E+00  6.294917806713E-02  1.248739808126E+00  6.294917529416E-02
  7.038025931534E-02 -1.396152230790E+00  1.370316662811E+00  6.907788397436E-02  1.370316661056E+00  6.907788407481E-02
  7.390499863647E-02 -1.466073437589E+00  1.458158020583E+00  7.350598157509E-02  1.458158019104E+00  7.350598111297E-02
  7.551934871154E-02 -1.498097736455E+00  1.498097736455E+00  7.551934871154E-02  1.498097736455E+00  7.551934871154E-02
  1.596528317756E-01 -9.871732235560E-01  8.363215686225E-01  1.352560043819E-01  8.363215695897E-01  1.352560054040E-01
  1.647720938990E-01 -1.018826896318E+00  8.802810719318E-01  1.423654544003E-01  8.802810732503E-01  1.423654559801E-01
  1.759493873375E-01 -1.087938885574E+00  9.745553449940E-01  1.576121762663E-01  9.745553468318E-01  1.576121770030E-01
  1.912122365128E-01 -1.182312883539E+00  1.100133199816E+00  1.779215380498E-01  1.100133203236E+00  1.779215410587E-01
  2.079198429261E-01 -1.285620175351E+00  1.234287790328E+00  1.996179967602E-01  1.234287795556E+00  1.996179972110E-01
  2.231826921014E-01 -1.379994173316E+00  1.354457599469E+00  2.190527310794E-01  1.354457605806E+00  2.190527327189E-01
  2.343599855400E-01 -1.449106162572E+00  1.441282347576E+00  2.330946622186E-01  1.441282351423E+00  2.330946619115E-01
  2.394792476634E-01 -1.480759835334E+00  1.480759835334E+00  2.394792476634E-01  1.480759835334E+00  2.394792476634E-01
  3.055418788382E-01 -9.521786388467E-01  8.066745692248E-01  2.588514944585E-01  8.066745681183E-01  2.588514939301E-01
  3.153390678391E-01 -9.827102115494E-01  8.490757403348E-01  2.724574845675E-01  8.490757388158E-01  2.724574842678E-01
  3.367300522617E-01 -1.049372230218E+00  9.400080595230E-01  3.016364975231E-01  9.400080568275E-01  3.016364955991E-01
  3.659399294784E-01 -1.140400737455E+00  1.061134272931E+00  3.405043394823E-01  1.061134268041E+00  3.405043389226E-01
  3.979147676170E-01 -1.240045859662E+00  1.190533183452E+00  3.820267877230E-01  1.190533176016E+00  3.820267842382E-01
  4.271246448337E-01 -1.331074366899E+00  1.306443061310E+00  4.192207743471E-01  1.306443052442E+00  4.192207728181E-01
  4.485156292563E-01 -1.397736385567E+00  1.390189927837E+00  4.460940681516E-01  1.390189922928E+00  4.460940664535E-01
  4.583128182573E-01 -1.428267958270E+00  1.428267958270E+00  4.583128182573E-01  1.428267958270E+00  4.583128182573E-01
  4.572412379666E-01 -8.893427068925E-01  7.534407023614E-01  3.873694104242E-01  7.534407040055E-01  3.873694106489E-01
  4.719026612858E-01 -9.178594477700E-01  7.930437453529E-01  4.077306771743E-01  7.930437473684E-01  4.077306779469E-01
  5.039141165923E-01 -9.801223233594E-01  8.779752795761E-01  4.513968598382E-01  8.779752828442E-01  4.513968598612E-01
  5.476264890834E-01 -1.065143700366E+00  9.911081590460E-01  5.095623066464E-01  9.911081637568E-01  5.095623096055E-01
  5.954766058330E-01 -1.158213066866E+00  1.111967804159E+00  5.717003499710E-01  1.111967811718E+00  5.717003522584E-01
  6.391889783241E-01 -1.243234443872E+00  1.220228585205E+00  6.273608851771E-01  1.220228592890E+00  6.273608903420E-01
  6.712004336306E-01 -1.305497319461E+00  1.298448856473E+00  6.675765800171E-01  1.298448861076E+00  6.675765822032E-01
  6.858618569498E-01 -1.334014060339E+00  1.334014060339E+00  6.858618569498E-01  1.334014060339E+00  6.858618569498E-01
  5.851452805981E-01 -8.109284805664E-01  6.870090932576E-01  4.957282142942E-01  6.870090917268E-01  4.957282144921E-01
  6.039079422956E-01 -8.369308721881E-01  7.231202975374E-01  5.217851364035E-01  7.231202955757E-01  5.217851369153E-01
  6.448739585740E-01 -8.937039684379E-01  8.005633359372E-01  5.776660561238E-01  8.005633335427E-01  5.776660552300E-01
  7.008139883505E-01 -9.712289265187E-01  9.037211806669E-01  6.521021197665E-01  9.037211764187E-01  6.521021200151E-01
  7.620492131448E-01 -1.056092274897E+00  1.013924514056E+00  7.316220340863E-01  1.013924509648E+00  7.316220306987E-01
  8.179892429213E-01 -1.133617232978E+00  1.112639836019E+00  8.028524881497E-01  1.112639830638E+00  8.028524851520E-01
  8.589552591997E-01 -1.190390329228E+00  1.183963342988E+00  8.543177111706E-01  1.183963340392E+00  8.543177081998E-01
  8.777179208972E-01 -1.216392720850E+00  1.216392720850E+00  8.777179208972E-01  1.216392720850E+00  8.777179208972E-01
  6.706098831617E-01 -7.418102079413E-01  6.284529009979E-01  5.681328226165E-01  6.284529023268E-01  5.681328227763E-01
  6.921129641672E-01 -7.655963247174E-01  6.614862204841E-01  5.979955422988E-01  6.614862218835E-01  5.979955428241E-01
  7.390623565677E-01 -8.175304512697E-01  7.323285163308E-01  6.620382646940E-01  7.323285186762E-01  6.620382640842E-01
  8.031728229362E-01 -8.884476858381E-01  8.266938556455E-01  7.473462409204E-01  8.266938575543E-01  7.473462420577E-01
  8.733518849679E-01 -9.660778340152E-01  9.275041720233E-01  8.384805983294E-01  9.275041749841E-01  8.384805975429E-01
  9.374623513365E-01 -1.036995068584E+00  1.017805642324E+00  9.201147616541E-01  1.017805643665E+00  9.201147631465E-01
  9.844117437369E-01 -1.088929195136E+00  1.083049999754E+00  9.790968449946E-01  1.083050001052E+00  9.790968456470E-01
  1.005914824742E+00 -1.112715311912E+00  1.112715311912E+00  1.005914824742E+00  1.112715311912E+00  1.005914824742E+00
  7.071067811865E-01 -7.071067811865E-01  5.990525661988E-01  5.990525665158E-01  5.990525664576E-01  5.990525664576E-01
  7.297801338723E-01 -7.297801338723E-01  6.305405184082E-01  6.305405182222E-01  6.305405185153E-01  6.305405185153E-01
  7.792846738030E-01 -7.792846738030E-01  6.980686644823E-01  6.980686658880E-01  6.980686650961E-01  6.980686650961E-01
  8.468842524142E-01 -8.468842524142E-01  7.880193975680E-01  7.880193956466E-01  7.880193968538E-01  7.880193968538E-01
  9.208827005522E-01 -9.208827005522E-01  8.841135981015E-01  8.841135974972E-01  8.841135976414E-01  8.841135976414E-01
  9.884822791634E-01 -9.884822791634E-01  9.701905779108E-01  9.701905729668E-01  9.701905755151E-01  9.701905755151E-01
  1.037986819094E+00 -1.037986819094E+00  1.032382666610E+00  1.032382665408E+00  1.032382665957E+00  1.032382665957E+00
  1.060660171780E+00 -1.060660171780E+00  1.060660171780E+00  1.060660171780E+00  1.060660171780E+00  1.060660171780E+00
  7.071067811865E-01 -7.071067811865E-01  5.990525661988E-01  5.990525665158E-01  5.990525664576E-01  5.990525664576E-01
  7.297801338723E-01 -7.297801338723E-01  6.305405184082E-01  6.305405182222E-01  6.305405185153E-01  6.305405185153E-01
  7.792846738030E-01 -7.792846738030E-01  6.980686644823E-01  6.980686658880E-01  6.980686650961E-01  6.980686650961E-01
  8.468842524142E-01 -8.468842524142E-01  7.880193975680E-01  7.880193956466E-01  7.880193968538E-01  7.880193968538E-01
  9.208827005522E-01 -9.208827005522E-01  8.841135981015E-01  8.841135974972E-01  8.841135976414E-01  8.841135976414E-01
  9.884822791634E-01 -9.884822791634E-01  9.701905779108E-01  9.701905729668E-01  9.701905755151E-01  9.701905755151E-01
  1.037986819094E+00 -1.037986819094E+00  1.032382666610E+00  1.032382665408E+00  1.032382665957E+00  1.032382665957E+00
  1.060660171780E+00 -1.060660171780E+00  1.060660171780E+00  1.060660171780E+00  1.060660171780E+00  1.060660171780E+00
  7.418102079413E-01 -6.706098831617E-01  5.681328226391E-01  6.284529034022E-01  5.681328227763E-01  6.284529023268E-01
  7.655963247174E-01 -6.921129641672E-01  5.979955428587E-01  6.614862228493E-01  5.979955428241E-01  6.614862218835E-01
  8.175304512697E-01 -7.390623565677E-01  6.620382635046E-01  7.323285212394E-01  6.620382640842E-01  7.323285186762E-01
  8.884476858381E-01 -8.031728229362E-01  7.473462425633E-01  8.266938590017E-01  7.473462420577E-01  8.266938575543E-01
  9.660778340152E-01 -8.733518849679E-01  8.384805969322E-01  9.275041782950E-01  8.384805975429E-01  9.275041749841E-01
  1.036995068584E+00 -9.374623513365E-01  9.201147644586E-01  1.017805644835E+00  9.201147631465E-01  1.017805643665E+00
  1.088929195136E+00 -9.844117437369E-01  9.790968463665E-01  1.083050002426E+00  9.790968456470E-01  1.083050001052E+00
  1.112715311912E+00 -1.005914824742E+00  1.005914824742E+00  1.112715311912E+00  1.005914824742E+00  1.112715311912E+00
  8.109284805664E-01 -5.851452805981E-01  4.957282145309E-01  6.870090903202E-01  4.957282144921E-01  6.870090917268E-01
  8.369308721881E-01 -6.039079422956E-01  5.217851371000E-01  7.231202935262E-01  5.217851369153E-01  7.231202955757E-01
  8.937039684379E-01 -6.448739585740E-01  5.776660544514E-01  8.005633317223E-01  5.776660552300E-01  8.005633335427E-01
  9.712289265187E-01 -7.008139883505E-01  6.521021197246E-01  9.037211718728E-01  6.521021200151E-01  9.037211764187E-01
  1.056092274897E+00 -7.620492131448E-01  7.316220273203E-01  1.013924505632E+00  7.316220306987E-01  1.013924509648E+00
  1.133617232978E+00 -8.179892429213E-01  8.028524818307E-01  1.112639824998E+00  8.028524851520E-01  1.112639830638E+00
  1.190390329228E+00 -8.589552591997E-01  8.543177052626E-01  1.183963337889E+00  8.543177081998E-01  1.183963340392E+00
  1.216392720850E+00 -8.777179208972E-01  8.777179208972E-01  1.216392720850E+00  8.777179208972E-01  1.216392720850E+00
  8.893427068925E-01 -4.572412379666E-01  3.873694110577E-01  7.534407051615E-01  3.873694106489E-01  7.534407040055E-01
  9.178594477700E-01 -4.719026612858E-01  4.077306788090E-01  7.930437486544E-01  4.077306779469E-01  7.930437473684E-01
  9.801223233594E-01 -5.039141165923E-01  4.513968604067E-01  8.779752861107E-01  4.513968598612E-01  8.779752828442E-01
  1.065143700366E+00 -5.476264890834E-01  5.095623126676E-01  9.911081676104E-01  5.095623096055E-01  9.911081637568E-01
  1.158213066866E+00 -5.954766058330E-01  5.717003550528E-01  1.111967819440E+00  5.717003522584E-01  1.111967811718E+00
  1.243234443872E+00 -6.391889783241E-01  6.273608955315E-01  1.220228600242E+00  6.273608903420E-01  1.220228592890E+00
  1.305497319461E+00 -6.712004336306E-01  6.675765844736E-01  1.298448865748E+00  6.675765822032E-01  1.298448861076E+00
  1.334014060339E+00 -6.858618569498E-01  6.858618569498E-01  1.334014060339E+00  6.858618569498E-01  1.334014060339E+00
  9.521786388467E-01 -3.055418788382E-01  2.588514929265E-01  8.066745667968E-01  2.588514939301E-01  8.066745681183E-01
  9.827102115494E-01 -3.153390678391E-01  2.724574833889E-01  8.490757368444E-01  2.724574842678E-01  8.490757388158E-01
  1.049372230218E+00 -3.367300522617E-01  3.016364933045E-01  9.400080545004E-01  3.016364955991E-01  9.400080568275E-01
  1.140400737455E+00 -3.659399294784E-01  3.405043376840E-01  1.061134262617E+00  3.405043389226E-01  1.061134268041E+00
  1.240045859662E+00 -3.979147676170E-01  3.820267805105E-01  1.190533169053E+00  3.820267842382E-01  1.190533176016E+00
  1.331074366899E+00 -4.271246448337E-01  4.192207710362E-01  1.306443043356E+00  4.192207728181E-01  1.306443052442E+00
  1.397736385567E+00 -4.485156292563E-01  4.460940647444E-01  1.390189918127E+00  4.460940664535E-01  1.390189922928E+00
  1.428267958270E+00 -4.583128182573E-01  4.583128182573E-01  1.428267958270E+00  4.583128182573E-01  1.428267958270E+00
  9.871732235560E-01 -1.596528317756E-01  1.352560066263E-01  8.363215705321E-01  1.352560054040E-01  8.363215695897E-01
  1.018826896318E+00 -1.647720938990E-01  1.423654577291E-01  8.802810742756E-01  1.423654559801E-01  8.802810732503E-01
  1.087938885574E+00 -1.759493873375E-01  1.576121780641E-01  9.745553491570E-01  1.576121770030E-01  9.745553468318E-01
  1.182312883539E+00 -1.912122365128E-01  1.779215442384E-01  1.100133206064E+00  1.779215410587E-01  1.100133203236E+00
  1.285620175351E+00 -2.079198429261E-01  1.996179979325E-01  1.234287801068E+00  1.996179972110E-01  1.234287795556E+00
  1.379994173316E+00 -2.231826921014E-01  2.190527344043E-01  1.354457611731E+00  2.190527327189E-01  1.354457605806E+00
  1.449106162572E+00 -2.343599855400E-01  2.330946616464E-01  1.441282355359E+00  2.330946619115E-01  1.441282351423E+00
  1.480759835334E+00 -2.394792476634E-01  2.394792476634E-01  1.480759835334E+00  2.394792476634E-01  1.480759835334E+00
  9.987318243030E-01 -5.034623247436E-02  4.265273646524E-02  8.461138794387E-01  4.265273729185E-02  8.461138804914E-01
  1.030756123169E+00 -5.196058254943E-02  4.489468908697E-02  8.905880952446E-01  4.489468970501E-02  8.905880966055E-01
  1.100677329968E+00 -5.548532187056E-02  4.970271358374E-02  9.859662063239E-01  4.970271567332E-02  9.859662075511E-01
  1.196156332949E+00 -6.029843382264E-02  5.610723644309E-02  1.113014426141E+00  5.610723698864E-02  1.113014428295E+00
  1.300673227809E+00 -6.556714736325E-02  6.294917264444E-02  1.248739806589E+00  6.294917529416E-02  1.248739808126E+00
  1.396152230790E+00 -7.038025931534E-02  6.907788418169E-02  1.370316659053E+00  6.907788407481E-02  1.370316661056E+00
  1.466073437589E+00 -7.390499863647E-02  7.350598065596E-02  1.458158017724E+00  7.350598111297E-02  1.458158019104E+00
  1.498097736455E+00 -7.551934871154E-02  7.551934871154E-02  1.498097736455E+00  7.551934871154E-02  1.498097736455E+00
  1.000000000000E+00  2.775557561563E-17 -2.241353736522E-10  8.471882639169E-01 -2.351419792375E-17  8.471882640587E-01
  1.032064962873E+00  2.953553861887E-17  1.315218242137E-10  8.917189526271E-01 -2.551912962683E-17  8.917189529101E-01
  1.102074954642E+00  3.342187385967E-17 -9.939904988479E-10  9.872181737726E-01 -2.993869076928E-17  9.872181736465E-01
  1.197675195524E+00  3.872875328905E-17  1.358594720238E-09  1.114427718095E+00 -3.603681225709E-17  1.114427718444E+00
  1.302324804476E+00  4.453797355784E-17  4.272537986257E-10  1.250325440686E+00 -4.275965658847E-17  1.250325440463E+00
  1.397925045358E+00  4.984485298722E-17  3.495896607688E-09  1.372056669872E+00 -4.892248209757E-17  1.372056669980E+00
  1.467935037127E+00  5.373118822801E-17  8.498313359779E-10  1.460009567829E+00 -5.344109031776E-17  1.460009567755E+00
  1.500000000000E+00  5.551115123126E-17 -5.551115123126E-17  1.500000000000E+00 -5.551115123126E-17  1.500000000000E+00
