# x y ux uy ux_exact uy_exact
  5.000000000000E-01  1.387778780781E-17 -1.877553235560E-15  4.354838712415E-01 -1.208710551003E-17  4.354838709677E-01
  5.320649628726E-01  1.476776930944E-17  3.987020047962E-09  4.724400878420E-01 -1.311284671129E-17  4.724400925019E-01
  6.020749546417E-01  1.671093692983E-17 -2.539020313194E-09  5.515104257288E-01 -1.530748910925E-17  5.515104179871E-01
  6.976751955244E-01  1.936437664453E-17  2.689950267194E-09  6.569119430333E-01 -1.823296930522E-17  6.569119501507E-01
  8.023248044756E-01  2.226898677892E-17 -3.116080069011E-09  7.700340718223E-01 -2.137273876711E-17  7.700340667795E-01
  8.979250453583E-01  2.492242649361E-17  2.292536694497E-09  8.719919450899E-01 -2.420263844875E-17  8.719919479933E-01
  9.679350371274E-01  2.686559411401E-17 -1.478985749169E-09  9.460543748328E-01 -2.625828370742E-17  9.460543737608E-01
  1.000000000000E+00  2.775557561563E-17 -1.976095054749E-10  9.798387096868E-01 -2.719598739757E-17  9.798387096774E-01
  4.993659121515E-01  2.517311623718E-02 -2.192497358260E-02  4.349315921478E-01 -2.192497220658E-02  4.349316009062E-01
  5.313902110175E-01  2.678746631225E-02 -2.378557895617E-02  4.718409499287E-01 -2.378557872731E-02  4.718409554583E-01
  6.013114178165E-01  3.031220563338E-02 -2.776647422008E-02  5.508110129359E-01 -2.776647171601E-02  5.508110058784E-01
  6.967904207970E-01  3.512531758546E-02 -3.307303870857E-02  6.560788632501E-01 -3.307304175747E-02  6.560788703805E-01
  8.013073156575E-01  4.039403112607E-02 -3.876831756950E-02  7.690575334633E-01 -3.876831413926E-02  7.690575282901E-01
  8.967863186381E-01  4.520714307816E-02 -4.390150751111E-02  8.708861068161E-01 -4.390150932944E-02  8.708861089969E-01
  9.667075254371E-01  4.873188239929E-02 -4.763027556006E-02  9.448546126094E-01 -4.763027343475E-02  9.448546105960E-01
  9.987318243030E-01  5.034623247436E-02 -4.933118862278E-02  9.785961031530E-01 -4.933118746480E-02  9.785961020388E-01
  4.935866117780E-01  7.982641588779E-02 -6.952623398196E-02  4.298980307607E-01 -6.952623319259E-02  4.298980167099E-01
  5.252402845402E-01  8.494567801117E-02 -7.542639689974E-02  4.663802075921E-01 -7.542639861225E-02  4.663802090522E-01
  5.943522737960E-01  9.612297144970E-02 -8.805020303044E-02  5.444363253221E-01 -8.805019998537E-02  5.444363171491E-01
  6.887262717609E-01  1.113858206250E-01 -1.048778488865E-01  6.484858811756E-01 -1.048778530688E-01  6.484858874228E-01
  7.920335635732E-01  1.280934270383E-01 -1.229381227131E-01  7.601570163071E-01 -1.229381193250E-01  7.601570119507E-01
  8.864075615381E-01  1.433562762137E-01 -1.392159802095E-01  8.608070990930E-01 -1.392159837826E-01  8.608071022155E-01
  9.555195507939E-01  1.545335696522E-01 -1.510402597726E-01  9.339195455450E-01 -1.510402597846E-01  9.339195458048E-01
  9.871732235560E-01  1.596528317756E-01 -1.564340232566E-01  9.672705361360E-01 -1.564340246833E-01  9.672705375973E-01
  4.760893194234E-01  1.527709394191E-01 -1.330585561808E-01  4.146584227208E-01 -1.330585601392E-01  4.146584394978E-01
  5.066208921261E-01  1.625681284201E-01 -1.443502297663E-01  4.498473533662E-01 -1.443502335015E-01  4.498473642151E-01
  5.732829107945E-01  1.839591128426E-01 -1.685095335890E-01  5.251364450358E-01 -1.685095293106E-01  5.251364391088E-01
  6.643114180315E-01  2.131689900593E-01 -2.007141065905E-01  6.254975199581E-01 -2.007141114803E-01  6.254975265367E-01
  7.639565402386E-01  2.451438281979E-01 -2.352776600713E-01  7.332099935220E-01 -2.352776555332E-01  7.332099895717E-01
  8.549850474757E-01  2.743537054146E-01 -2.664300555559E-01  8.302921048465E-01 -2.664300581216E-01  8.302921061256E-01
  9.216470661440E-01  2.957446898372E-01 -2.890592330842E-01  9.008127682236E-01 -2.890592308420E-01  9.008127658826E-01
  9.521786388467E-01  3.055418788382E-01 -2.993817612933E-01  9.329814908551E-01 -2.993817603132E-01  9.329814888700E-01
  4.446713534462E-01  2.286206189833E-01 -1.991211907296E-01  3.872944201351E-01 -1.991211842758E-01  3.872944046145E-01
  4.731880943238E-01  2.432820423025E-01 -2.160190909815E-01  4.201611517850E-01 -2.160190927606E-01  4.201611507102E-01
  5.354509699132E-01  2.752934976090E-01 -2.521733116328E-01  4.904817749361E-01 -2.521733062719E-01  4.904817680121E-01
  6.204723469194E-01  3.190058701001E-01 -3.003672278672E-01  5.842198472577E-01 -3.003672333219E-01  5.842198519370E-01
  7.135417134193E-01  3.668559868497E-01 -3.520913350391E-01  6.848241842402E-01 -3.520913299707E-01  6.848241813491E-01
  7.985630904255E-01  4.105683593408E-01 -3.987106743773E-01  7.754996768754E-01 -3.987106777973E-01  7.754996794168E-01
  8.608259660149E-01  4.425798146473E-01 -4.325750742248E-01  8.413665562356E-01 -4.325750730421E-01  8.413665576279E-01
  8.893427068925E-01  4.572412379666E-01 -4.480226641472E-01  8.714124081101E-01 -4.480226646205E-01  8.714124103825E-01
  4.054642402832E-01  2.925726402991E-01 -2.548213256094E-01  3.531462626121E-01 -2.548213318734E-01  3.531462737950E-01
  4.314666319049E-01  3.113353019965E-01 -2.764460858860E-01  3.831151199416E-01 -2.764460904928E-01  3.831151263712E-01
  4.882397281547E-01  3.523013182749E-01 -3.227137244876E-01  4.472355104012E-01 -3.227137182859E-01  4.472355052748E-01
  5.657646862355E-01  4.082413480515E-01 -3.843889205844E-01  5.327086055239E-01 -3.843889273992E-01  5.327086096016E-01
  6.506280346142E-01  4.694765728457E-01 -4.505818053345E-01  6.244425585532E-01 -4.505818000758E-01  6.244425557578E-01
  7.281529926949E-01  5.254166026223E-01 -5.102419694169E-01  7.071231056166E-01 -5.102419730879E-01  7.071231054524E-01
  7.849260889447E-01  5.663826189007E-01 -5.535792534666E-01  7.671824380078E-01 -5.535792519954E-01  7.671824358471E-01
  8.109284805664E-01  5.851452805981E-01 -5.733479967215E-01  7.945791182101E-01 -5.733479967151E-01  7.945791160389E-01
  3.709051039706E-01  3.353049415808E-01 -2.920397917112E-01  3.230463878794E-01 -2.920397878285E-01  3.230463808777E-01
  3.946912207468E-01  3.568080225864E-01 -3.168229904544E-01  3.504608788404E-01 -3.168229952336E-01  3.504608832587E-01
  4.466253472990E-01  4.037574149868E-01 -3.698483442066E-01  4.091160625677E-01 -3.698483369688E-01  4.091160578488E-01
  5.175425818674E-01  4.678678813554E-01 -4.405316394130E-01  4.873039868104E-01 -4.405316461381E-01  4.873039903404E-01
  5.951727300445E-01  5.380469433871E-01 -5.163924610579E-01  5.712191326000E-01 -5.163924555535E-01  5.712191311996E-01
  6.660899646129E-01  6.021574097557E-01 -5.847664146624E-01  6.468525268304E-01 -5.847664183617E-01  6.468525282641E-01
  7.180240911651E-01  6.491068021561E-01 -6.344334145603E-01  7.017927905056E-01 -6.344334130523E-01  7.017927917233E-01
  7.418102079413E-01  6.706098831617E-01 -6.570895224667E-01  7.268543554193E-01 -6.570895226140E-01  7.268543569747E-01
  3.535533905933E-01  3.535533905933E-01 -3.079335984523E-01  3.079335984523E-01 -3.079335982587E-01  3.079335982587E-01
  3.762267432790E-01  3.762267432790E-01 -3.340655869982E-01  3.340655926367E-01 -3.340655931125E-01  3.340655931125E-01
  4.257312832097E-01  4.257312832097E-01 -3.899767637232E-01  3.899767601325E-01 -3.899767564537E-01  3.899767564537E-01
  4.933308618209E-01  4.933308618209E-01 -4.645068876592E-01  4.645068914634E-01 -4.645068945940E-01  4.645068945940E-01
  5.673293099589E-01  5.673293099589E-01 -5.444963161336E-01  5.444963117268E-01 -5.444963103644E-01  5.444963103644E-01
  6.349288885701E-01  6.349288885701E-01 -6.165914158921E-01  6.165914191342E-01 -6.165914195661E-01  6.165914195661E-01
  6.844334285008E-01  6.844334285008E-01 -6.689614648612E-01  6.689614627696E-01 -6.689614630575E-01  6.689614630575E-01
  7.071067811865E-01  7.071067811865E-01 -6.928505962283E-01  6.928505959489E-01 -6.928505960820E-01  6.928505960820E-01
  3.535533905933E-01  3.535533905933E-01 -3.079335984523E-01  3.079335984523E-01 -3.079335982587E-01  3.079335982587E-01
  3.762267432790E-01  3.762267432790E-01 -3.340655869982E-01  3.340655926367E-01 -3.340655931125E-01  3.340655931125E-01
  4.257312832097E-01  4.257312832097E-01 -3.899767637232E-01  3.899767601325E-01 -3.899767564537E-01  3.899767564537E-01
  4.933308618209E-01  4.933308618209E-01 -4.645068876592E-01  4.645068914634E-01 -4.645068945940E-01  4.645068945940E-01
  5.673293099589E-01  5.673293099589E-01 -5.444963161336E-01  5.444963117268E-01 -5.444963103644E-01  5.444963103644E-01
  6.349288885701E-01  6.349288885701E-01 -6.165914158921E-01  6.165914191342E-01 -6.165914195661E-01  6.165914195661E-01
  6.844334285008E-01  6.844334285008E-01 -6.689614648612E-01  6.689614627696E-01 -6.689614630575E-01  6.689614630575E-01
  7.071067811865E-01  7.071067811865E-01 -6.928505962283E-01  6.928505959489E-01 -6.928505960820E-01  6.928505960820E-01
  3.353049415808E-01  3.709051039706E-01 -3.230463756576E-01  2.920397806624E-01 -3.230463808777E-01  2.920397878285E-01
  3.568080225864E-01  3.946912207468E-01 -3.504608795104E-01  3.168229911617E-01 -3.504608832587E-01  3.168229952336E-01
  4.037574149868E-01  4.466253472990E-01 -4.091160646099E-01  3.698483401886E-01 -4.091160578488E-01  3.698483369688E-01
  4.678678813554E-01  5.175425818674E-01 -4.873039831426E-01  4.405316432520E-01 -4.873039903404E-01  4.405316461381E-01
  5.380469433871E-01  5.951727300445E-01 -5.712191372831E-01  5.163924567859E-01 -5.712191311996E-01  5.163924555535E-01
  6.021574097557E-01  6.660899646129E-01 -6.468525254362E-01  5.847664181054E-01 -6.468525282641E-01  5.847664183617E-01
  6.491068021561E-01  7.180240911651E-01 -7.017927946498E-01  6.344334129732E-01 -7.017927917233E-01  6.344334130523E-01
  6.706098831617E-01  7.418102079413E-01 -7.268543585813E-01  6.570895225830E-01 -7.268543569747E-01  6.570895226140E-01
  2.925726402991E-01  4.054642402832E-01 -3.531462842886E-01  2.548213412506E-01 -3.531462737950E-01  2.548213318734E-01
  3.113353019965E-01  4.314666319049E-01 -3.831151241278E-01  2.764460906713E-01 -3.831151263712E-01  2.764460904928E-01
  3.523013182749E-01  4.882397281547E-01 -4.472355132072E-01  3.227137219119E-01 -4.472355052748E-01  3.227137182859E-01
  4.082413480515E-01  5.657646862355E-01 -5.327086022270E-01  3.843889259391E-01 -5.327086096016E-01  3.843889273992E-01
  4.694765728457E-01  6.506280346142E-01 -6.244425612341E-01  4.505818007605E-01 -6.244425557578E-01  4.505818000758E-01
  5.254166026223E-01  7.281529926949E-01 -7.071231007178E-01  5.102419734065E-01 -7.071231054524E-01  5.102419730879E-01
  5.663826189007E-01  7.849260889447E-01 -7.671824356549E-01  5.535792518202E-01 -7.671824358471E-01  5.535792519954E-01
  5.851452805981E-01  8.109284805664E-01 -7.945791139968E-01  5.733479966907E-01 -7.945791160389E-01  5.733479967151E-01
  2.286206189833E-01  4.446713534462E-01 -3.872943899524E-01  1.991211752116E-01 -3.872944046145E-01  1.991211842758E-01
  2.432820423025E-01  4.731880943238E-01 -4.201611403977E-01  2.160190877304E-01 -4.201611507102E-01  2.160190927606E-01
  2.752934976090E-01  5.354509699132E-01 -4.904817752284E-01  2.521733074377E-01 -4.904817680121E-01  2.521733062719E-01
  3.190058701001E-01  6.204723469194E-01 -5.842198438276E-01  3.003672321278E-01 -5.842198519370E-01  3.003672333219E-01
  3.668559868497E-01  7.135417134193E-01 -6.848241873513E-01  3.520913295550E-01 -6.848241813491E-01  3.520913299707E-01
  4.105683593408E-01  7.985630904255E-01 -7.754996766982E-01  3.987106787071E-01 -7.754996794168E-01  3.987106777973E-01
  4.425798146473E-01  8.608259660149E-01 -8.413665608688E-01  4.325750731119E-01 -8.413665576279E-01  4.325750730421E-01
  4.572412379666E-01  8.893427068925E-01 -8.714124124793E-01  4.480226653311E-01 -8.714124103825E-01  4.480226646205E-01
  1.527709394191E-01  4.760893194234E-01 -4.146584550361E-01  1.330585665504E-01 -4.146584394978E-01  1.330585601392E-01
  1.625681284201E-01  5.066208921261E-01 -4.498473637171E-01  1.443502355195E-01 -4.498473642151E-01  1.443502335015E-01
  1.839591128426E-01  5.732829107945E-01 -5.251364477955E-01  1.685095304159E-01 -5.251364391088E-01  1.685095293106E-01
  2.131689900593E-01  6.643114180315E-01 -6.254975193708E-01  2.007141120286E-01 -6.254975265367E-01  2.007141114803E-01
  2.451438281979E-01  7.639565402386E-01 -7.332099951999E-01  2.352776539936E-01 -7.332099895717E-01  2.352776555332E-01
  2.743537054146E-01  8.549850474757E-01 -8.302921019102E-01  2.664300587429E-01 -8.302921061256E-01  2.664300581216E-01
  2.957446898372E-01  9.216470661440E-01 -9.008127657344E-01  2.890592290211E-01 -9.008127658826E-01  2.890592308420E-01
  3.055418788382E-01  9.521786388467E-01 -9.329814869285E-01  2.993817590410E-01 -9.329814888700E-01  2.993817603132E-01
  7.982641588779E-02  4.935866117780E-01 -4.298980043731E-01  6.952622971437E-02 -4.298980167099E-01  6.952623319259E-02
  8.494567801117E-02  5.252402845402E-01 -4.663802012483E-01  7.542639732333E-02 -4.663802090522E-01  7.542639861225E-02
  9.612297144970E-02  5.943522737960E-01 -5.444363251593E-01  8.805019922494E-02 -5.444363171491E-01  8.805019998537E-02
  1.113858206250E-01  6.887262717609E-01 -6.484858797205E-01  1.048778550042E-01 -6.484858874228E-01  1.048778530688E-01
  1.280934270383E-01  7.920335635732E-01 -7.601570176457E-01  1.229381175831E-01 -7.601570119507E-01  1.229381193250E-01
  1.433562762137E-01  8.864075615381E-01 -8.608070997358E-01  1.392159864945E-01 -8.608071022155E-01  1.392159837826E-01
  1.545335696522E-01  9.555195507939E-01 -9.339195483730E-01  1.510402602721E-01 -9.339195458048E-01  1.510402597846E-01
  1.596528317756E-01  9.871732235560E-01 -9.672705391371E-01  1.564340262141E-01 -9.672705375973E-01  1.564340246833E-01
  2.517311623718E-02  4.993659121515E-01 -4.349316086027E-01  2.192497441209E-02 -4.349316009062E-01  2.192497220658E-02
  2.678746631225E-02  5.313902110175E-01 -4.718409489548E-01  2.378557898252E-02 -4.718409554583E-01  2.378557872731E-02
  3.031220563338E-02  6.013114178165E-01 -5.508110143331E-01  2.776646993488E-02 -5.508110058784E-01  2.776647171601E-02
  3.512531758546E-02  6.967904207970E-01 -6.560788631291E-01  3.307304401671E-02 -6.560788703805E-01  3.307304175747E-02
  4.039403112607E-02  8.013073156575E-01 -7.690575331726E-01  3.876831123732E-02 -7.690575282901E-01  3.876831413926E-02
  4.520714307816E-02  8.967863186381E-01 -8.708861053673E-01  4.390151093150E-02 -8.708861089969E-01  4.390150932944E-02
  4.873188239929E-02  9.667075254371E-01 -9.448546108012E-01  4.763027150744E-02 -9.448546105960E-01  4.763027343475E-02
  5.034623247436E-02  9.987318243030E-01 -9.785961008348E-01  4.933118646914E-02 -9.785961020388E-01  4.933118746480E-02
  3.061616997868E-17  5.000000000000E-01 -4.354838712415E-01  1.662096323808E-15 -4.354838709677E-01  2.666569643305E-17
  3.257958268602E-17  5.320649628726E-01 -4.724400878420E-01  3.987020837120E-09 -4.724400925019E-01  2.892861235357E-17
  3.686645830244E-17  6.020749546417E-01 -5.515104257288E-01 -2.539020352643E-09 -5.515104179871E-01  3.377027340422E-17
  4.272028475217E-17  6.976751955244E-01 -6.569119430333E-01  2.689950266932E-09 -6.569119501507E-01  4.022425585369E-17
  4.912822518388E-17  8.023248044756E-01 -7.700340718223E-01 -3.116079974308E-09 -7.700340667795E-01  4.715098775579E-17
  5.498205163361E-17  8.979250453583E-01 -8.719919450899E-01  2.292536799331E-09 -8.719919479933E-01  5.339410739961E-17
  5.926892725003E-17  9.679350371274E-01 -9.460543748328E-01 -1.478985772545E-09 -9.460543737608E-01  5.792912303228E-17
  6.123233995737E-17  1.000000000000E+00 -9.798387096868E-01 -1.976096509412E-10 -9.798387096774E-01  5.999781697436E-17
  3.061616997868E-17  5.000000000000E-01 -4.354838712415E-01  1.662096323808E-15 -4.354838709677E-01  2.666569643305E-17
  3.257958268602E-17  5.320649628726E-01 -4.724400878420E-01  3.987020837120E-09 -4.724400925019E-01  2.892861235357E-17
  3.686645830244E-17  6.020749546417E-01 -5.515104257288E-01 -2.539020352643E-09 -5.515104179871E-01  3.377027340422E-17
  4.272028475217E-17  6.976751955244E-01 -6.569119430333E-01  2.689950266932E-09 -6.569119501507E-01  4.022425585369E-17
  4.912822518388E-17  8.023248044756E-01 -7.700340718223E-01 -3.116079974308E-09 -7.700340667795E-01  4.715098775579E-17
  5.498205163361E-17  8.979250453583E-01 -8.719919450899E-01  2.292536799331E-09 -8.719919479933E-01  5.339410739961E-17
  5.926892725003E-17  9.679350371274E-01 -9.460543748328E-01 -1.478985772545E-09 -9.460543737608E-01  5.792912303228E-17
  6.123233995737E-17  1.000000000000E+00 -9.798387096868E-01 -1.976096509412E-10 -9.798387096774E-01  5.999781697436E-17
 -2.517311623718E-02  4.993659121515E-01 -4.349315921478E-01 -2.192497358260E-02 -4.349316009062E-01 -2.192497220658E-02
 -2.678746631225E-02  5.313902110175E-01 -4.718409499287E-01 -2.378557895617E-02 -4.718409554583E-01 -2.378557872731E-02
 -3.031220563338E-02  6.013114178165E-01 -5.508110129359E-01 -2.776647422008E-02 -5.508110058784E-01 -2.776647171601E-02
 -3.512531758546E-02  6.967904207970E-01 -6.560788632501E-01 -3.307303870857E-02 -6.560788703805E-01 -3.307304175747E-02
 -4.039403112607E-02  8.013073156575E-01 -7.690575334633E-01 -3.876831756950E-02 -7.690575282901E-01 -3.876831413926E-02
 -4.520714307816E-02  8.967863186381E-01 -8.708861068161E-01 -4.390150751111E-02 -8.708861089969E-01 -4.390150932944E-02
 -4.873188239929E-02  9.667075254371E-01 -9.448546126094E-01 -4.763027556006E-02 -9.448546105960E-01 -4.763027343475E-02
 -5.034623247436E-02  9.987318243030E-01 -9.785961031530E-01 -4.933118862278E-02 -9.785961020388E-01 -4.933118746480E-02
 -7.982641588779E-02  4.935866117780E-01 -4.298980307607E-01 -6.952623398196E-02 -4.298980167099E-01 -6.952623319259E-02
 -8.494567801117E-02  5.252402845402E-01 -4.663802075921E-01 -7.542639689974E-02 -4.663802090522E-01 -7.542639861225E-02
 -9.612297144970E-02  5.943522737960E-01 -5.444363253221E-01 -8.805020303044E-02 -5.444363171491E-01 -8.805019998537E-02
 -1.113858206250E-01  6.887262717609E-01 -6.484858811756E-01 -1.048778488865E-01 -6.484858874228E-01 -1.048778530688E-01
 -1.280934270383E-01  7.920335635732E-01 -7.601570163071E-01 -1.229381227131E-01 -7.601570119507E-01 -1.229381193250E-01
 -1.433562762137E-01  8.864075615381E-01 -8.608070990930E-01 -1.392159802095E-01 -8.608071022155E-01 -1.392159837826E-01
 -1.545335696522E-01  9.555195507939E-01 -9.339195455450E-01 -1.510402597726E-01 -9.339195458048E-01 -1.510402597846E-01
 -1.596528317756E-01  9.871732235560E-01 -9.672705361360E-01 -1.564340232566E-01 -9.672705375973E-01 -1.564340246833E-01
 -1.527709394191E-01  4.760893194234E-01 -4.146584227208E-01 -1.330585561808E-01 -4.146584394978E-01 -1.330585601392E-01
 -1.625681284201E-01  5.066208921261E-01 -4.498473533662E-01 -1.443502297663E-01 -4.498473642151E-01 -1.443502335015E-01
 -1.839591128426E-01  5.732829107945E-01 -5.251364450358E-01 -1.685095335890E-01 -5.251364391088E-01 -1.685095293106E-01
 -2.131689900593E-01  6.643114180315E-01 -6.254975199581E-01 -2.007141065905E-01 -6.254975265367E-01 -2.007141114803E-01
 -2.451438281979E-01  7.639565402386E-01 -7.332099935220E-01 -2.352776600713E-01 -7.332099895717E-01 -2.352776555332E-01
 -2.743537054146E-01  8.549850474757E-01 -8.302921048465E-01 -2.664300555559E-01 -8.302921061256E-01 -2.664300581216E-01
 -2.957446898372E-01  9.216470661440E-01 -9.008127682236E-01 -2.890592330842E-01 -9.008127658826E-01 -2.890592308420E-01
 -3.055418788382E-01  9.521786388467E-01 -9.329814908551E-01 -2.993817612933E-01 -9.329814888700E-01 -2.993817603132E-01
 -2.286206189833E-01  4.446713534462E-01 -3.872944201351E-01 -1.991211907296E-01 -3.872944046145E-01 -1.991211842758E-01
 -2.432820423025E-01  4.731880943238E-01 -4.201611517850E-01 -2.160190909815E-01 -4.201611507102E-01 -2.160190927606E-01
 -2.752934976090E-01  5.354509699132E-01 -4.904817749361E-01 -2.521733116328E-01 -4.904817680121E-01 -2.521733062719E-01
 -3.190058701001E-01  6.204723469194E-01 -5.842198472577E-01 -3.003672278672E-01 -5.842198519370E-01 -3.003672333219E-01
 -3.668559868497E-01  7.135417134193E-01 -6.848241842402E-01 -3.520913350391E-01 -6.848241813491E-01 -3.520913299707E-01
 -4.105683593408E-01  7.985630904255E-01 -7.754996768754E-01 -3.987106743773E-01 -7.754996794168E-01 -3.987106777973E-01
 -4.425798146473E-01  8.608259660149E-01 -8.413665562356E-01 -4.325750742248E-01 -8.413665576279E-01 -4.325750730421E-01
 -4.572412379666E-01  8.893427068925E-01 -8.714124081101E-01 -4.480226641472E-01 -8.714124103825E-01 -4.480226646205E-01
 -2.925726402991E-01  4.054642402832E-01 -3.531462626121E-01 -2.548213256094E-01 -3.531462737950E-01 -2.548213318734E-01
 -3.113353019965E-01  4.314666319049E-01 -3.831151199416E-01 -2.764460858860E-01 -3.831151263712E-01 -2.764460904928E-01
 -3.523013182749E-01  4.882397281547E-01 -4.472355104012E-01 -3.227137244876E-01 -4.472355052748E-01 -3.227137182859E-01
 -4.082413480515E-01  5.657646862355E-01 -5.327086055239E-01 -3.843889205844E-01 -5.327086096016E-01 -3.843889273992E-01
 -4.694765728457E-01  6.506280346142E-01 -6.244425585532E-01 -4.505818053345E-01 -6.244425557578E-01 -4.505818000758E-01
 -5.254166026223E-01  7.281529926949E-01 -7.071231056166E-01 -5.102419694169E-01 -7.071231054524E-01 -5.102419730879E-01
 -5.663826189007E-01  7.849260889447E-01 -7.671824380078E-01 -5.535792534666E-01 -7.671824358471E-01 -5.535792519954E-01
 -5.851452805981E-01  8.109284805664E-01 -7.945791182101E-01 -5.733479967215E-01 -7.945791160389E-01 -5.733479967151E-01
 -3.353049415808E-01  3.709051039706E-01 -3.230463878794E-01 -2.920397917112E-01 -3.230463808777E-01 -2.920397878285E-01
 -3.568080225864E-01  3.946912207468E-01 -3.504608788404E-01 -3.168229904544E-01 -3.504608832587E-01 -3.168229952336E-01
 -4.037574149868E-01  4.466253472990E-01 -4.091160625677E-01 -3.698483442066E-01 -4.091160578488E-01 -3.698483369688E-01
 -4.678678813554E-01  5.175425818674E-01 -4.873039868104E-01 -4.405316394130E-01 -4.873039903404E-01 -4.405316461381E-01
 -5.380469433871E-01  5.951727300445E-01 -5.712191326000E-01 -5.163924610579E-01 -5.712191311996E-01 -5.163924555535E-01
 -6.021574097557E-01  6.660899646129E-01 -6.468525268304E-01 -5.847664146624E-01 -6.468525282641E-01 -5.847664183617E-01
 -6.491068021561E-01  7.180240911651E-01 -7.017927905056E-01 -6.344334145603E-01 -7.017927917233E-01 -6.344334130523E-01
 -6.706098831617E-01  7.418102079413E-01 -7.268543554193E-01 -6.570895224667E-01 -7.268543569747E-01 -6.570895226140E-01
 -3.535533905933E-01  3.535533905933E-01 -3.079335984523E-01 -3.079335984523E-01 -3.079335982587E-01 -3.079335982587E-01
 -3.762267432790E-01  3.762267432790E-01 -3.340655926367E-01 -3.340655869982E-01 -3.340655931125E-01 -3.340655931125E-01
 -4.257312832097E-01  4.257312832097E-01 -3.899767601325E-01 -3.899767637232E-01 -3.899767564537E-01 -3.899767564537E-01
 -4.933308618209E-01  4.933308618209E-01 -4.645068914634E-01 -4.645068876592E-01 -4.645068945940E-01 -4.645068945940E-01
 -5.673293099589E-01  5.673293099589E-01 -5.444963117268E-01 -5.444963161336E-01 -5.444963103644E-01 -5.444963103644E-01
 -6.349288885701E-01  6.349288885701E-01 -6.165914191342E-01 -6.165914158921E-01 -6.165914195661E-01 -6.165914195661E-01
 -6.844334285008E-01  6.844334285008E-01 -6.689614627696E-01 -6.689614648612E-01 -6.689614630575E-01 -6.689614630575E-01
 -7.071067811865E-01  7.071067811865E-01 -6.928505959489E-01 -6.928505962283E-01 -6.928505960820E-01 -6.928505960820E-01
 -3.535533905933E-01  3.535533905933E-01 -3.079335984523E-01 -3.079335984523E-01 -3.079335982587E-01 -3.079335982587E-01
 -3.762267432790E-01  3.762267432790E-01 -3.340655926367E-01 -3.340655869982E-01 -3.340655931125E-01 -3.340655931125E-01
 -4.257312832097E-01  4.257312832097E-01 -3.899767601325E-01 -3.899767637232E-01 -3.899767564537E-01 -3.899767564537E-01
 -4.933308618209E-01  4.933308618209E-01 -4.645068914634E-01 -4.645068876592E-01 -4.645068945940E-01 -4.645068945940E-01
 -5.673293099589E-01  5.673293099589E-01 -5.444963117268E-01 -5.444963161336E-01 -5.444963103644E-01 -5.444963103644E-01
 -6.349288885701E-01  6.349288885701E-01 -6.165914191342E-01 -6.165914158921E-01 -6.165914195661E-01 -6.165914195661E-01
 -6.844334285008E-01  6.844334285008E-01 -6.689614627696E-01 -6.689614648612E-01 -6.689614630575E-01 -6.689614630575E-01
 -7.071067811865E-01  7.071067811865E-01 -6.928505959489E-01 -6.928505962283E-01 -6.928505960820E-01 -6.928505960820E-01
 -3.709051039706E-01  3.353049415808E-01 -2.920397806624E-01 -3.230463756576E-01 -2.920397878285E-01 -3.230463808777E-01
 -3.946912207468E-01  3.568080225864E-01 -3.168229911617E-01 -3.504608795104E-01 -3.168229952336E-01 -3.504608832587E-01
 -4.466253472990E-01  4.037574149868E-01 -3.698483401886E-01 -4.091160646099E-01 -3.698483369688E-01 -4.091160578488E-01
 -5.175425818674E-01  4.678678813554E-01 -4.405316432520E-01 -4.873039831426E-01 -4.405316461381E-01 -4.873039903404E-01
 -5.951727300445E-01  5.380469433871E-01 -5.163924567859E-01 -5.712191372831E-01 -5.163924555535E-01 -5.712191311996E-01
 -6.660899646129E-01  6.021574097557E-01 -5.847664181054E-01 -6.468525254362E-01 -5.847664183617E-01 -6.468525282641E-01
 -7.180240911651E-01  6.491068021561E-01 -6.344334129732E-01 -7.017927946498E-01 -6.344334130523E-01 -7.017927917233E-01
 -7.418102079413E-01  6.706098831617E-01 -6.570895225830E-01 -7.268543585813E-01 -6.570895226140E-01 -7.268543569747E-01
 -4.054642402832E-01  2.925726402991E-01 -2.548213412506E-01 -3.531462842886E-01 -2.548213318734E-01 -3.531462737950E-01
 -4.314666319049E-01  3.113353019965E-01 -2.764460906713E-01 -3.831151241278E-01 -2.764460904928E-01 -3.831151263712E-01
 -4.882397281547E-01  3.523013182749E-01 -3.227137219119E-01 -4.472355132072E-01 -3.227137182859E-01 -4.472355052748E-01
 -5.657646862355E-01  4.082413480515E-01 -3.843889259391E-01 -5.327086022270E-01 -3.843889273992E-01 -5.327086096016E-01
 -6.506280346142E-01  4.694765728457E-01 -4.505818007605E-01 -6.244425612341E-01 -4.505818000758E-01 -6.244425557578E-01
 -7.281529926949E-01  5.254166026223E-01 -5.102419734065E-01 -7.071231007178E-01 -5.102419730879E-01 -7.071231054524E-01
 -7.849260889447E-01  5.663826189007E-01 -5.535792518202E-01 -7.671824356549E-01 -5.535792519954E-01 -7.671824358471E-01
 -8.109284805664E-01  5.851452805981E-01 -5.733479966907E-01 -7.945791139968E-01 -5.733479967151E-01 -7.945791160389E-01
 -4.446713534462E-01  2.286206189833E-01 -1.991211752116E-01 -3.872943899524E-01 -1.991211842758E-01 -3.872944046145E-01
 -4.731880943238E-01  2.432820423025E-01 -2.160190877304E-01 -4.201611403977E-01 -2.160190927606E-01 -4.201611507102E-01
 -5.354509699132E-01  2.752934976090E-01 -2.521733074377E-01 -4.904817752284E-01 -2.521733062719E-01 -4.904817680121E-01
 -6.204723469194E-01  3.190058701001E-01 -3.003672321278E-01 -5.842198438276E-01 -3.003672333219E-01 -5.842198519370E-01
 -7.135417134193E-01  3.668559868497E-01 -3.520913295550E-01 -6.848241873513E-01 -3.520913299707E-01 -6.848241813491E-01
 -7.985630904255E-01  4.105683593408E-01 -3.987106787071E-01 -7.754996766982E-01 -3.987106777973E-01 -7.754996794168E-01
 -8.608259660149E-01  4.425798146473E-01 -4.325750731119E-01 -8.413665608688E-01 -4.325750730421E-01 -8.413665576279E-01
 -8.893427068925E-01  4.572412379666E-01 -4.480226653311E-01 -8.714124124793E-01 -4.480226646205E-01 -8.714124103825E-01
 -4.760893194234E-01  1.527709394191E-01 -1.330585665504E-01 -4.146584550361E-01 -1.330585601392E-01 -4.146584394978E-01
 -5.066208921261E-01  1.625681284201E-01 -1.443502355195E-01 -4.498473637171E-01 -1.443502335015E-01 -4.498473642151E-01
 -5.732829107945E-01  1.839591128426E-01 -1.685095304159E-01 -5.251364477955E-01 -1.685095293106E-01 -5.251364391088E-01
 -6.643114180315E-01  2.131689900593E-01 -2.007141120286E-01 -6.254975193708E-01 -2.007141114803E-01 -6.254975265367E-01
 -7.639565402386E-01  2.451438281979E-01 -2.352776539936E-01 -7.332099951999E-01 -2.352776555332E-01 -7.332099895717E-01
 -8.549850474757E-01  2.743537054146E-01 -2.664300587429E-01 -8.302921019102E-01 -2.664300581216E-01 -8.302921061256E-01
 -9.216470661440E-01  2.957446898372E-01 -2.890592290211E-01 -9.008127657344E-01 -2.890592308420E-01 -9.008127658826E-01
 -9.521786388467E-01  3.055418788382E-01 -2.993817590410E-01 -9.329814869285E-01 -2.993817603132E-01 -9.329814888700E-01
 -4.935866117780E-01  7.982641588779E-02 -6.952622971437E-02 -4.298980043731E-01 -6.952623319259E-02 -4.298980167099E-01
 -5.252402845402E-01  8.494567801117E-02 -7.542639732333E-02 -4.663802012483E-01 -7.542639861225E-02 -4.663802090522E-01
 -5.943522737960E-01  9.612297144970E-02 -8.805019922494E-02 -5.444363251593E-01 -8.805019998537E-02 -5.444363171491E-01
 -6.887262717609E-01  1.113858206250E-01 -1.048778550042E-01 -6.484858797205E-01 -1.048778530688E-01 -6.484858874228E-01
 -7.920335635732E-01  1.280934270383E-01 -1.229381175831E-01 -7.601570176457E-01 -1.229381193250E-01 -7.601570119507E-01
 -8.864075615381E-01  1.433562762137E-01 -1.392159864945E-01 -8.608070997358E-01 -1.392159837826E-01 -8.608071022155E-01
 -9.555195507939E-01  1.545335696522E-01 -1.510402602721E-01 -9.339195483730E-01 -1.510402597846E-01 -9.339195458048E-01
 -9.871732235560E-01  1.596528317756E-01 -1.564340262141E-01 -9.672705391371E-01 -1.564340246833E-01 -9.672705375973E-01
 -4.993659121515E-01  2.517311623718E-02 -2.192497441209E-02 -4.349316086027E-01 -2.192497220658E-02 -4.349316009062E-01
 -5.313902110175E-01  2.678746631225E-02 -2.378557898252E-02 -4.718409489548E-01 -2.378557872731E-02 -4.718409554583E-01
 -6.013114178165E-01  3.031220563338E-02 -2.776646993488E-02 -5.508110143331E-01 -2.776647171601E-02 -5.508110058784E-01
 -6.967904207970E-01  3.512531758546E-02 -3.307304401671E-02 -6.560788631291E-01 -3.307304175747E-02 -6.560788703805E-01
 -8.013073156575E-01  4.039403112607E-02 -3.876831123732E-02 -7.690575331726E-01 -3.876831413926E-02 -7.690575282901E-01
 -8.967863186381E-01  4.520714307816E-02 -4.390151093150E-02 -8.708861053673E-01 -4.390150932944E-02 -8.708861089969E-01
 -9.667075254371E-01  4.873188239929E-02 -4.763027150744E-02 -9.448546108012E-01 -4.763027343475E-02 -9.448546105960E-01
 -9.987318243030E-01  5.034623247436E-02 -4.933118646914E-02 -9.785961008348E-01 -4.933118746480E-02 -9.785961020388E-01
 -5.000000000000E-01  8.326672684689E-17  3.693547581961E-16 -4.354838712415E-01 -7.252263306019E-17 -4.354838709677E-01
 -5.320649628726E-01  8.860661585662E-17 -3.987020648959E-09 -4.724400878420E-01 -7.867708026775E-17 -4.724400925019E-01
 -6.020749546417E-01  1.002656215790E-16  2.539020056118E-09 -5.515104257288E-01 -9.184493465549E-17 -5.515104179871E-01
 -6.976751955244E-01  1.161862598672E-16 -2.689950503187E-09 -6.569119430333E-01 -1.093978158313E-16 -6.569119501507E-01
 -8.023248044756E-01  1.336139206735E-16  3.116080009560E-09 -7.700340718223E-01 -1.282364326026E-16 -7.700340667795E-01
 -8.979250453583E-01  1.495345589617E-16 -2.292536769477E-09 -8.719919450899E-01 -1.452158306925E-16 -8.719919479933E-01
 -9.679350371274E-01  1.611935646840E-16  1.478985400547E-09 -9.460543748328E-01 -1.575497022445E-16 -9.460543737608E-01
 -1.000000000000E+00  1.665334536938E-16  1.976092623252E-10 -9.798387096868E-01 -1.631759243854E-16 -9.798387096774E-01
 -5.000000000000E-01  8.326672684689E-17  3.693547581961E-16 -4.354838712415E-01 -7.252263306019E-17 -4.354838709677E-01
 -5.320649628726E-01  8.860661585662E-17 -3.987020648959E-09 -4.724400878420E-01 -7.867708026775E-17 -4.724400925019E-01
 -6.020749546417E-01  1.002656215790E-16  2.539020056118E-09 -5.515104257288E-01 -9.184493465549E-17 -5.515104179871E-01
 -6.976751955244E-01  1.161862598672E-16 -2.689950503187E-09 -6.569119430333E-01 -1.093978158313E-16 -6.569119501507E-01
 -8.023248044756E-01  1.336139206735E-16  3.116080009560E-09 -7.700340718223E-01 -1.282364326026E-16 -7.700340667795E-01
 -8.979250453583E-01  1.495345589617E-16 -2.292536769477E-09 -8.719919450899E-01 -1.452158306925E-16 -8.719919479933E-01
 -9.679350371274E-01  1.611935646840E-16  1.478985400547E-09 -9.460543748328E-01 -1.575497022445E-16 -9.460543737608E-01
 -1.000000000000E+00  1.665334536938E-16  1.976092623252E-10 -9.798387096868E-01 -1.631759243854E-16 -9.798387096774E-01
 -4.993659121515E-01 -2.517311623718E-02  2.192497358260E-02 -4.349315921478E-01  2.192497220658E-02 -4.349316009062E-01
 -5.313902110175E-01 -2.678746631225E-02  2.378557895617E-02 -4.718409499287E-01  2.378557872731E-02 -4.718409554583E-01
 -6.013114178165E-01 -3.031220563338E-02  2.776647422008E-02 -5.508110129359E-01  2.776647171601E-02 -5.508110058784E-01
 -6.967904207970E-01 -3.512531758546E-02  3.307303870857E-02 -6.560788632501E-01  3.307304175747E-02 -6.560788703805E-01
 -8.013073156575E-01 -4.039403112607E-02  3.876831756950E-02 -7.690575334633E-01  3.876831413926E-02 -7.690575282901E-01
 -8.967863186381E-01 -4.520714307816E-02  4.390150751111E-02 -8.708861068161E-01  4.390150932944E-02 -8.708861089969E-01
 -9.667075254371E-01 -4.873188239929E-02  4.763027556006E-02 -9.448546126094E-01  4.763027343475E-02 -9.448546105960E-01
 -9.987318243030E-01 -5.034623247436E-02  4.933118862278E-02 -9.785961031530E-01  4.933118746480E-02 -9.785961020388E-01
 -4.935866117780E-01 -7.982641588779E-02  6.952623398196E-02 -4.298980307607E-01  6.952623319259E-02 -4.298980167099E-01
 -5.252402845402E-01 -8.494567801117E-02  7.542639689974E-02 -4.663802075921E-01  7.542639861225E-02 -4.663802090522E-01
 -5.943522737960E-01 -9.612297144970E-02  8.805020303044E-02 -5.444363253221E-01  8.805019998537E-02 -5.444363171491E-01
 -6.887262717609E-01 -1.113858206250E-01  1.048778488865E-01 -6.484858811756E-01  1.048778530688E-01 -6.484858874228E-01
 -7.920335635732E-01 -1.280934270383E-01  1.229381227131E-01 -7.601570163071E-01  1.229381193250E-01 -7.601570119507E-01
 -8.864075615381E-01 -1.433562762137E-01  1.392159802095E-01 -8.608070990930E-01  1.392159837826E-01 -8.608071022155E-01
 -9.555195507939E-01 -1.545335696522E-01  1.510402597726E-01 -9.339195455450E-01  1.510402597846E-01 -9.339195458048E-01
 -9.871732235560E-01 -1.596528317756E-01  1.564340232566E-01 -9.672705361360E-01  1.564340246833E-01 -9.672705375973E-01
 -4.760893194234E-01 -1.527709394191E-01  1.330585561808E-01 -4.146584227208E-01  1.330585601392E-01 -4.146584394978E-01
 -5.066208921261E-01 -1.625681284201E-01  1.443502297663E-01 -4.498473533662E-01  1.443502335015E-01 -4.498473642151E-01
 -5.732829107945E-01 -1.839591128426E-01  1.685095335890E-01 -5.251364450358E-01  1.685095293106E-01 -5.251364391088E-01
 -6.643114180315E-01 -2.131689900593E-01  2.007141065905E-01 -6.254975199581E-01  2.007141114803E-01 -6.254975265367E-01
 -7.639565402386E-01 -2.451438281979E-01  2.352776600713E-01 -7.332099935220E-01  2.352776555332E-01 -7.332099895717E-01
 -8.549850474757E-01 -2.743537054146E-01  2.664300555559E-01 -8.302921048465E-01  2.664300581216E-01 -8.302921061256E-01
 -9.216470661440E-01 -2.957446898372E-01  2.890592330842E-01 -9.008127682236E-01  2.890592308420E-01 -9.008127658826E-01
 -9.521786388467E-01 -3.055418788382E-01  2.993817612933E-01 -9.329814908551E-01  2.993817603132E-01 -9.329814888700E-01
 -4.446713534462E-01 -2.286206189833E-01  1.991211907296E-01 -3.872944201351E-01  1.991211842758E-01 -3.872944046145E-01
 -4.731880943238E-01 -2.432820423025E-01  2.160190909815E-01 -4.201611517850E-01  2.160190927606E-01 -4.201611507102E-01
 -5.354509699132E-01 -2.752934976090E-01  2.521733116328E-01 -4.904817749361E-01  2.521733062719E-01 -4.904817680121E-01
 -6.204723469194E-01 -3.190058701001E-01  3.003672278672E-01 -5.842198472577E-01  3.003672333219E-01 -5.842198519370E-01
 -7.135417134193E-01 -3.668559868497E-01  3.520913350391E-01 -6.848241842402E-01  3.520913299707E-01 -6.848241813491E-01
 -7.985630904255E-01 -4.105683593408E-01  3.987106743773E-01 -7.754996768754E-01  3.987106777973E-01 -7.754996794168E-01
 -8.608259660149E-01 -4.425798146473E-01  4.325750742248E-01 -8.413665562356E-01  4.325750730421E-01 -8.413665576279E-01
 -8.893427068925E-01 -4.572412379666E-01  4.480226641472E-01 -8.714124081101E-01  4.480226646205E-01 -8.714124103825E-01
 -4.054642402832E-01 -2.925726402991E-01  2.548213256094E-01 -3.531462626121E-01  2.548213318734E-01 -3.531462737950E-01
 -4.314666319049E-01 -3.113353019965E-01  2.764460858860E-01 -3.831151199416E-01  2.764460904928E-01 -3.831151263712E-01
 -4.882397281547E-01 -3.523013182749E-01  3.227137244876E-01 -4.472355104012E-01  3.227137182859E-01 -4.472355052748E-01
 -5.657646862355E-01 -4.082413480515E-01  3.843889205844E-01 -5.327086055239E-01  3.843889273992E-01 -5.327086096016E-01
 -6.506280346142E-01 -4.694765728457E-01  4.505818053345E-01 -6.244425585532E-01  4.505818000758E-01 -6.244425557578E-01
 -7.281529926949E-01 -5.254166026223E-01  5.102419694169E-01 -7.071231056166E-01  5.102419730879E-01 -7.071231054524E-01
 -7.849260889447E-01 -5.663826189007E-01  5.535792534666E-01 -7.671824380078E-01  5.535792519954E-01 -7.671824358471E-01
 -8.109284805664E-01 -5.851452805981E-01  5.733479967215E-01 -7.945791182101E-01  5.733479967151E-01 -7.945791160389E-01
 -3.709051039706E-01 -3.353049415808E-01  2.920397917112E-01 -3.230463878794E-01  2.920397878285E-01 -3.230463808777E-01
 -3.946912207468E-01 -3.568080225864E-01  3.168229904544E-01 -3.504608788404E-01  3.168229952336E-01 -3.504608832587E-01
 -4.466253472990E-01 -4.037574149868E-01  3.698483442066E-01 -4.091160625677E-01  3.698483369688E-01 -4.091160578488E-01
 -5.175425818674E-01 -4.678678813554E-01  4.405316394130E-01 -4.873039868104E-01  4.405316461381E-01 -4.873039903404E-01
 -5.951727300445E-01 -5.380469433871E-01  5.163924610579E-01 -5.712191326000E-01  5.163924555535E-01 -5.712191311996E-01
 -6.660899646129E-01 -6.021574097557E-01  5.847664146624E-01 -6.468525268304E-01  5.847664183617E-01 -6.468525282641E-01
 -7.180240911651E-01 -6.491068021561E-01  6.344334145603E-01 -7.017927905056E-01  6.344334130523E-01 -7.017927917233E-01
 -7.418102079413E-01 -6.706098831617E-01  6.570895224667E-01 -7.268543554193E-01  6.570895226140E-01 -7.268543569747E-01
 -3.535533905933E-01 -3.535533905933E-01  3.079335984523E-01 -3.079335984523E-01  3.079335982587E-01 -3.079335982587E-01
 -3.762267432790E-01 -3.762267432790E-01  3.340655869982E-01 -3.340655926367E-01  3.340655931125E-01 -3.340655931125E-01
 -4.257312832097E-01 -4.257312832097E-01  3.899767637232E-01 -3.899767601325E-01  3.899767564537E-01 -3.899767564537E-01
 -4.933308618209E-01 -4.933308618209E-01  4.645068876592E-01 -4.645068914634E-01  4.645068945940E-01 -4.645068945940E-01
 -5.673293099589E-01 -5.673293099589E-01  5.444963161336E-01 -5.444963117268E-01  5.444963103644E-01 -5.444963103644E-01
 -6.349288885701E-01 -6.349288885701E-01  6.165914158921E-01 -6.165914191342E-01  6.165914195661E-01 -6.165914195661E-01
 -6.844334285008E-01 -6.844334285008E-01  6.689614648612E-01 -6.689614627696E-01  6.689614630575E-01 -6.689614630575E-01
 -7.071067811865E-01 -7.071067811865E-01  6.928505962283E-01 -6.928505959489E-01  6.928505960820E-01 -6.928505960820E-01
 -3.535533905933E-01 -3.535533905933E-01  3.079335984523E-01 -3.079335984523E-01  3.079335982587E-01 -3.079335982587E-01
 -3.762267432790E-01 -3.762267432790E-01  3.340655869982E-01 -3.340655926367E-01  3.340655931125E-01 -3.340655931125E-01
 -4.257312832097E-01 -4.257312832097E-01  3.899767637232E-01 -3.899767601325E-01  3.899767564537E-01 -3.899767564537E-01
 -4.933308618209E-01 -4.933308618209E-01  4.645068876592E-01 -4.645068914634E-01  4.645068945940E-01 -4.645068945940E-01
 -5.673293099589E-01 -5.673293099589E-01  5.444963161336E-01 -5.444963117268E-01  5.444963103644E-01 -5.444963103644E-01
 -6.349288885701E-01 -6.349288885701E-01  6.165914158921E-01 -6.165914191342E-01  6.165914195661E-01 -6.165914195661E-01
 -6.844334285008E-01 -6.844334285008E-01  6.689614648612E-01 -6.689614627696E-01  6.689614630575E-01 -6.689614630575E-01
 -7.071067811865E-01 -7.071067811865E-01  6.928505962283E-01 -6.928505959489E-01  6.928505960820E-01 -6.928505960820E-01
 -3.353049415808E-01 -3.709051039706E-01  3.230463756576E-01 -2.920397806624E-01  3.230463808777E-01 -2.920397878285E-01
 -3.568080225864E-01 -3.946912207468E-01  3.504608795104E-01 -3.168229911617E-01  3.504608832587E-01 -3.168229952336E-01
 -4.037574149868E-01 -4.466253472990E-01  4.091160646099E-01 -3.698483401886E-01  4.091160578488E-01 -3.698483369688E-01
 -4.678678813554E-01 -5.175425818674E-01  4.873039831426E-01 -4.405316432520E-01  4.873039903404E-01 -4.405316461381E-01
 -5.380469433871E-01 -5.951727300445E-01  5.712191372831E-01 -5.163924567859E-01  5.712191311996E-01 -5.163924555535E-01
 -6.021574097557E-01 -6.660899646129E-01  6.468525254362E-01 -5.847664181054E-01  6.468525282641E-01 -5.847664183617E-01
 -6.491068021561E-01 -7.180240911651E-01  7.017927946498E-01 -6.344334129732E-01  7.017927917233E-01 -6.344334130523E-01
 -6.706098831617E-01 -7.418102079413E-01  7.268543585813E-01 -6.570895225830E-01  7.268543569747E-01 -6.570895226140E-01
 -2.925726402991E-01 -4.054642402832E-01  3.531462842886E-01 -2.548213412506E-01  3.531462737950E-01 -2.548213318734E-01
 -3.113353019965E-01 -4.314666319049E-01  3.831151241278E-01 -2.764460906713E-01  3.831151263712E-01 -2.764460904928E-01
 -3.523013182749E-01 -4.882397281547E-01  4.472355132072E-01 -3.227137219119E-01  4.472355052748E-01 -3.227137182859E-01
 -4.082413480515E-01 -5.657646862355E-01  5.327086022270E-01 -3.843889259391E-01  5.327086096016E-01 -3.843889273992E-01
 -4.694765728457E-01 -6.506280346142E-01  6.244425612341E-01 -4.505818007605E-01  6.244425557578E-01 -4.505818000758E-01
 -5.254166026223E-01 -7.281529926949E-01  7.071231007178E-01 -5.102419734065E-01  7.071231054524E-01 -5.102419730879E-01
 -5.663826189007E-01 -7.849260889447E-01  7.671824356549E-01 -5.535792518202E-01  7.671824358471E-01 -5.535792519954E-01
 -5.851452805981E-01 -8.109284805664E-01  7.945791139968E-01 -5.733479966907E-01  7.945791160389E-01 -5.733479967151E-01
 -2.286206189833E-01 -4.446713534462E-01  3.872943899524E-01 -1.991211752116E-01  3.872944046145E-01 -1.991211842758E-01
 -2.432820423025E-01 -4.731880943238E-01  4.201611403977E-01 -2.160190877304E-01  4.201611507102E-01 -2.160190927606E-01
 -2.752934976090E-01 -5.354509699132E-01  4.904817752284E-01 -2.521733074377E-01  4.904817680121E-01 -2.521733062719E-01
 -3.190058701001E-01 -6.204723469194E-01  5.842198438276E-01 -3.003672321278E-01  5.842198519370E-01 -3.003672333219E-01
 -3.668559868497E-01 -7.135417134193E-01  6.848241873513E-01 -3.520913295550E-01  6.848241813491E-01 -3.520913299707E-01
 -4.105683593408E-01 -7.985630904255E-01  7.754996766982E-01 -3.987106787071E-01  7.754996794168E-01 -3.987106777973E-01
 -4.425798146473E-01 -8.608259660149E-01  8.413665608688E-01 -4.325750731119E-01  8.413665576279E-01 -4.325750730421E-01
 -4.572412379666E-01 -8.893427068925E-01  8.714124124793E-01 -4.480226653311E-01  8.714124103825E-01 -4.480226646205E-01
 -1.527709394191E-01 -4.760893194234E-01  4.146584550361E-01 -1.330585665504E-01  4.146584394978E-01 -1.330585601392E-01
 -1.625681284201E-01 -5.066208921261E-01  4.498473637171E-01 -1.443502355195E-01  4.498473642151E-01 -1.443502335015E-01
 -1.839591128426E-01 -5.732829107945E-01  5.251364477955E-01 -1.685095304159E-01  5.251364391088E-01 -1.685095293106E-01
 -2.131689900593E-01 -6.643114180315E-01  6.254975193708E-01 -2.007141120286E-01  6.254975265367E-01 -2.007141114803E-01
 -2.451438281979E-01 -7.639565402386E-01  7.332099951999E-01 -2.352776539936E-01  7.332099895717E-01 -2.352776555332E-01
 -2.743537054146E-01 -8.549850474757E-01  8.302921019102E-01 -2.664300587429E-01  8.302921061256E-01 -2.664300581216E-01
 -2.957446898372E-01 -9.216470661440E-01  9.008127657344E-01 -2.890592290211E-01  9.008127658826E-01 -2.890592308420E-01
 -3.055418788382E-01 -9.521786388467E-01  9.329814869285E-01 -2.993817590410E-01  9.329814888700E-01 -2.993817603132E-01
 -7.982641588779E-02 -4.935866117780E-01  4.298980043731E-01 -6.952622971437E-02  4.298980167099E-01 -6.952623319259E-02
 -8.494567801117E-02 -5.252402845402E-01  4.663802012483E-01 -7.542639732333E-02  4.663802090522E-01 -7.542639861225E-02
 -9.612297144970E-02 -5.943522737960E-01  5.444363251593E-01 -8.805019922494E-02  5.444363171491E-01 -8.805019998537E-02
 -1.113858206250E-01 -6.887262717609E-01  6.484858797205E-01 -1.048778550042E-01  6.484858874228E-01 -1.048778530688E-01
 -1.280934270383E-01 -7.920335635732E-01  7.601570176457E-01 -1.229381175831E-01  7.601570119507E-01 -1.229381193250E-01
 -1.433562762137E-01 -8.864075615381E-01  8.608070997358E-01 -1.392159864945E-01  8.608071022155E-01 -1.392159837826E-01
 -1.545335696522E-01 -9.555195507939E-01  9.339195483730E-01 -1.510402602721E-01  9.339195458048E-01 -1.510402597846E-01
 -1.596528317756E-01 -9.871732235560E-01  9.672705391371E-01 -1.564340262141E-01  9.672705375973E-01 -1.564340246833E-01
 -2.517311623718E-02 -4.993659121515E-01  4.349316086027E-01 -2.192497441209E-02  4.349316009062E-01 -2.192497220658E-02
 -2.678746631225E-02 -5.313902110175E-01  4.718409489548E-01 -2.378557898252E-02  4.718409554583E-01 -2.378557872731E-02
 -3.031220563338E-02 -6.013114178165E-01  5.508110143331E-01 -2.776646993488E-02  5.508110058784E-01 -2.776647171601E-02
 -3.512531758547E-02 -6.967904207970E-01  6.560788631291E-01 -3.307304401671E-02  6.560788703805E-01 -3.307304175747E-02
 -4.039403112608E-02 -8.013073156575E-01  7.690575331726E-01 -3.876831123732E-02  7.690575282901E-01 -3.876831413926E-02
 -4.520714307816E-02 -8.967863186381E-01  8.708861053673E-01 -4.390151093150E-02  8.708861089969E-01 -4.390150932944E-02
 -4.873188239929E-02 -9.667075254371E-01  9.448546108012E-01 -4.763027150744E-02  9.448546105960E-01 -4.763027343475E-02
 -5.034623247436E-02 -9.987318243030E-01  9.785961008348E-01 -4.933118646914E-02  9.785961020388E-01 -4.933118746480E-02
 -1.081617080995E-16 -5.000000000000E-01  4.354838712415E-01 -3.693547589165E-16  4.354838709677E-01 -9.420535866727E-17
 -1.150981104084E-16 -5.320649628726E-01  4.724400878420E-01 -3.987020479882E-09  4.724400925019E-01 -1.021998547594E-16
 -1.302429109959E-16 -6.020749546417E-01  5.515104257288E-01  2.539020300160E-09  5.515104179871E-01 -1.193046176883E-16
 -1.509234816931E-16 -6.976751955244E-01  6.569119430333E-01 -2.689950253235E-09  6.569119501507E-01 -1.421054371985E-16
 -1.735616426053E-16 -8.023248044756E-01  7.700340718223E-01  3.116080160363E-09  7.700340667795E-01 -1.665763999153E-16
 -1.942422133025E-16 -8.979250453583E-01  8.719919450899E-01 -2.292536637079E-09  8.719919479933E-01 -1.886322770879E-16
 -2.093870138900E-16 -9.679350371274E-01  9.460543748328E-01  1.478985562966E-09  9.460543737608E-01 -2.046537140419E-16
 -2.163234161989E-16 -1.000000000000E+00  9.798387096868E-01  1.976094079770E-10  9.798387096774E-01 -2.119620570014E-16
 -1.081617080995E-16 -5.000000000000E-01  4.354838712415E-01 -3.693547589165E-16  4.354838709677E-01 -9.420535866727E-17
 -1.150981104084E-16 -5.320649628726E-01  4.724400878420E-01 -3.987020479882E-09  4.724400925019E-01 -1.021998547594E-16
 -1.302429109959E-16 -6.020749546417E-01  5.515104257288E-01  2.539020300160E-09  5.515104179871E-01 -1.193046176883E-16
 -1.509234816931E-16 -6.976751955244E-01  6.569119430333E-01 -2.689950253235E-09  6.569119501507E-01 -1.421054371985E-16
 -1.735616426053E-16 -8.023248044756E-01  7.700340718223E-01  3.116080160363E-09  7.700340667795E-01 -1.665763999153E-16
 -1.942422133025E-16 -8.979250453583E-01  8.719919450899E-01 -2.292536637079E-09  8.719919479933E-01 -1.886322770879E-16
 -2.093870138900E-16 -9.679350371274E-01  9.460543748328E-01  1.478985562966E-09  9.460543737608E-01 -2.046537140419E-16
 -2.163234161989E-16 -1.000000000000E+00  9.798387096868E-01  1.976094079770E-10  9.798387096774E-01 -2.119620570014E-16
  2.517311623718E-02 -4.993659121515E-01  4.349315921478E-01  2.192497358260E-02  4.349316009062E-01  2.192497220658E-02
  2.678746631225E-02 -5.313902110175E-01  4.718409499287E-01  2.378557895617E-02  4.718409554583E-01  2.378557872731E-02
  3.031220563338E-02 -6.013114178165E-01  5.508110129359E-01  2.776647422008E-02  5.508110058784E-01  2.776647171601E-02
  3.512531758546E-02 -6.967904207970E-01  6.560788632501E-01  3.307303870857E-02  6.560788703805E-01  3.307304175747E-02
  4.039403112607E-02 -8.013073156575E-01  7.690575334633E-01  3.876831756950E-02  7.690575282901E-01  3.876831413926E-02
  4.520714307816E-02 -8.967863186381E-01  8.708861068161E-01  4.390150751111E-02  8.708861089969E-01  4.390150932944E-02
  4.873188239929E-02 -9.667075254371E-01  9.448546126094E-01  4.763027556006E-02  9.448546105960E-01  4.763027343475E-02
  5.034623247436E-02 -9.987318243030E-01  9.785961031530E-01  4.933118862278E-02  9.785961020388E-01  4.933118746480E-02
  7.982641588779E-02 -4.935866117780E-01  4.298980307607E-01  6.952623398196E-02  4.298980167099E-01  6.952623319259E-02
  8.494567801117E-02 -5.252402845402E-01  4.663802075921E-01  7.542639689974E-02  4.663802090522E-01  7.542639861225E-02
  9.612297144970E-02 -5.943522737960E-01  5.444363253221E-01  8.805020303044E-02  5.444363171491E-01  8.805019998537E-02
  1.113858206250E-01 -6.887262717609E-01  6.484858811756E-01  1.048778488865E-01  6.484858874228E-01  1.048778530688E-01
  1.280934270383E-01 -7.920335635732E-01  7.601570163071E-01  1.229381227131E-01  7.601570119507E-01  1.229381193250E-01
  1.433562762137E-01 -8.864075615381E-01  8.608070990930E-01  1.392159802095E-01  8.608071022155E-01  1.392159837826E-01
  1.545335696522E-01 -9.555195507939E-01  9.339195455450E-01  1.510402597726E-01  9.339195458048E-01  1.510402597846E-01
  1.596528317756E-01 -9.871732235560E-01  9.672705361360E-01  1.564340232566E-01  9.672705375973E-01  1.564340246833E-01
  1.527709394191E-01 -4.760893194234E-01  4.146584227208E-01  1.330585561808E-01  4.146584394978E-01  1.330585601392E-01
  1.625681284201E-01 -5.066208921261E-01  4.498473533662E-01  1.443502297663E-01  4.498473642151E-01  1.443502335015E-01
  1.839591128426E-01 -5.732829107945E-01  5.251364450358E-01  1.685095335890E-01  5.251364391088E-01  1.685095293106E-01
  2.131689900593E-01 -6.643114180315E-01  6.254975199581E-01  2.007141065905E-01  6.254975265367E-01  2.007141114803E-01
  2.451438281979E-01 -7.639565402386E-01  7.332099935220E-01  2.352776600713E-01  7.332099895717E-01  2.352776555332E-01
  2.743537054146E-01 -8.549850474757E-01  8.302921048465E-01  2.664300555559E-01  8.302921061256E-01  2.664300581216E-01
  2.957446898372E-01 -9.216470661440E-01  9.008127682236E-01  2.890592330842E-01  9.008127658826E-01  2.890592308420E-01
  3.055418788382E-01 -9.521786388467E-01  9.329814908551E-01  2.993817612933E-01  9.329814888700E-01  2.993817603132E-01
  2.286206189833E-01 -4.446713534462E-01  3.872944201351E-01  1.991211907296E-01  3.872944046145E-01  1.991211842758E-01
  2.432820423025E-01 -4.731880943238E-01  4.201611517850E-01  2.160190909815E-01  4.201611507102E-01  2.160190927606E-01
  2.752934976090E-01 -5.354509699132E-01  4.904817749361E-01  2.521733116328E-01  4.904817680121E-01  2.521733062719E-01
  3.190058701001E-01 -6.204723469194E-01  5.842198472577E-01  3.003672278672E-01  5.842198519370E-01  3.003672333219E-01
  3.668559868497E-01 -7.135417134193E-01  6.848241842402E-01  3.520913350391E-01  6.848241813491E-01  3.520913299707E-01
  4.105683593408E-01 -7.985630904255E-01  7.754996768754E-01  3.987106743773E-01  7.754996794168E-01  3.987106777973E-01
  4.425798146473E-01 -8.608259660149E-01  8.413665562356E-01  4.325750742248E-01  8.413665576279E-01  4.325750730421E-01
  4.572412379666E-01 -8.893427068925E-01  8.714124081101E-01  4.480226641472E-01  8.714124103825E-01  4.480226646205E-01
  2.925726402991E-01 -4.054642402832E-01  3.531462626121E-01  2.548213256094E-01  3.531462737950E-01  2.548213318734E-01
  3.113353019965E-01 -4.314666319049E-01  3.831151199416E-01  2.764460858860E-01  3.831151263712E-01  2.764460904928E-01
  3.523013182749E-01 -4.882397281547E-01  4.472355104012E-01  3.227137244876E-01  4.472355052748E-01  3.227137182859E-01
  4.082413480515E-01 -5.657646862355E-01  5.327086055239E-01  3.843889205844E-01  5.327086096016E-01  3.843889273992E-01
  4.694765728457E-01 -6.506280346142E-01  6.244425585532E-01  4.505818053345E-01  6.244425557578E-01  4.505818000758E-01
  5.254166026223E-01 -7.281529926949E-01  7.071231056166E-01  5.102419694169E-01  7.071231054524E-01  5.102419730879E-01
  5.663826189007E-01 -7.849260889447E-01  7.671824380078E-01  5.535792534666E-01  7.671824358471E-01  5.535792519954E-01
  5.851452805981E-01 -8.109284805664E-01  7.945791182101E-01  5.733479967215E-01  7.945791160389E-01  5.733479967151E-01
  3.353049415808E-01 -3.709051039706E-01  3.230463878794E-01  2.920397917112E-01  3.230463808777E-01  2.920397878285E-01
  3.568080225864E-01 -3.946912207468E-01  3.504608788404E-01  3.168229904544E-01  3.504608832587E-01  3.168229952336E-01
  4.037574149868E-01 -4.466253472990E-01  4.091160625677E-01  3.698483442066E-01  4.091160578488E-01  3.698483369688E-01
  4.678678813554E-01 -5.175425818674E-01  4.873039868104E-01  4.405316394130E-01  4.873039903404E-01  4.405316461381E-01
  5.380469433871E-01 -5.951727300445E-01  5.712191326000E-01  5.163924610579E-01  5.712191311996E-01  5.163924555535E-01
  6.021574097557E-01 -6.660899646129E-01  6.468525268304E-01  5.847664146624E-01  6.468525282641E-01  5.847664183617E-01
  6.491068021561E-01 -7.180240911651E-01  7.017927905056E-01  6.344334145603E-01  7.017927917233E-01  6.344334130523E-01
  6.706098831617E-01 -7.418102079413E-01  7.268543554193E-01  6.570895224667E-01  7.268543569747E-01  6.570895226140E-01
  3.535533905933E-01 -3.535533905933E-01  3.079335984523E-01  3.079335984523E-01  3.079335982587E-01  3.079335982587E-01
  3.762267432790E-01 -3.762267432790E-01  3.340655926367E-01  3.340655869982E-01  3.340655931125E-01  3.340655931125E-01
  4.257312832097E-01 -4.257312832097E-01  3.899767601325E-01  3.899767637232E-01  3.899767564537E-01  3.899767564537E-01
  4.933308618209E-01 -4.933308618209E-01  4.645068914634E-01  4.645068876592E-01  4.645068945940E-01  4.645068945940E-01
  5.673293099589E-01 -5.673293099589E-01  5.444963117268E-01  5.444963161336E-01  5.444963103644E-01  5.444963103644E-01
  6.349288885701E-01 -6.349288885701E-01  6.165914191342E-01  6.165914158921E-01  6.165914195661E-01  6.165914195661E-01
  6.844334285008E-01 -6.844334285008E-01  6.689614627696E-01  6.689614648612E-01  6.689614630575E-01  6.689614630575E-01
  7.071067811865E-01 -7.071067811865E-01  6.928505959489E-01  6.928505962283E-01  6.928505960820E-01  6.928505960820E-01
  3.535533905933E-01 -3.535533905933E-01  3.079335984523E-01  3.079335984523E-01  3.079335982587E-01  3.079335982587E-01
  3.762267432790E-01 -3.762267432790E-01  3.340655926367E-01  3.340655869982E-01  3.340655931125E-01  3.340655931125E-01
  4.257312832097E-01 -4.257312832097E-01  3.899767601325E-01  3.899767637232E-01  3.899767564537E-01  3.899767564537E-01
  4.933308618209E-01 -4.933308618209E-01  4.645068914634E-01  4.645068876592E-01  4.645068945940E-01  4.645068945940E-01
  5.673293099589E-01 -5.673293099589E-01  5.444963117268E-01  5.444963161336E-01  5.444963103644E-01  5.444963103644E-01
  6.349288885701E-01 -6.349288885701E-01  6.165914191342E-01  6.165914158921E-01  6.165914195661E-01  6.165914195661E-01
  6.844334285008E-01 -6.844334285008E-01  6.689614627696E-01  6.689614648612E-01  6.689614630575E-01  6.689614630575E-01
  7.071067811865E-01 -7.071067811865E-01  6.928505959489E-01  6.928505962283E-01  6.928505960820E-01  6.928505960820E-01
  3.709051039706E-01 -3.353049415808E-01  2.920397806624E-01  3.230463756576E-01  2.920397878285E-01  3.230463808777E-01
  3.946912207468E-01 -3.568080225864E-01  3.168229911617E-01  3.504608795104E-01  3.168229952336E-01  3.504608832587E-01
  4.466253472990E-01 -4.037574149868E-01  3.698483401886E-01  4.091160646099E-01  3.698483369688E-01  4.091160578488E-01
  5.175425818674E-01 -4.678678813554E-01  4.405316432520E-01  4.873039831426E-01  4.405316461381E-01  4.873039903404E-01
  5.951727300445E-01 -5.380469433871E-01  5.163924567859E-01  5.712191372831E-01  5.163924555535E-01  5.712191311996E-01
  6.660899646129E-01 -6.021574097557E-01  5.847664181054E-01  6.468525254362E-01  5.847664183617E-01  6.468525282641E-01
  7.180240911651E-01 -6.491068021561E-01  6.344334129732E-01  7.017927946498E-01  6.344334130523E-01  7.017927917233E-01
  7.418102079413E-01 -6.706098831617E-01  6.570895225830E-01  7.268543585813E-01  6.570895226140E-01  7.268543569747E-01
  4.054642402832E-01 -2.925726402991E-01  2.548213412506E-01  3.531462842886E-01  2.548213318734E-01  3.531462737950E-01
  4.314666319049E-01 -3.113353019965E-01  2.764460906713E-01  3.831151241278E-01  2.764460904928E-01  3.831151263712E-01
  4.882397281547E-01 -3.523013182749E-01  3.227137219119E-01  4.472355132072E-01  3.227137182859E-01  4.472355052748E-01
  5.657646862355E-01 -4.082413480515E-01  3.843889259391E-01  5.327086022270E-01  3.843889273992E-01  5.327086096016E-01
  6.506280346142E-01 -4.694765728457E-01  4.505818007605E-01  6.244425612341E-01  4.505818000758E-01  6.244425557578E-01
  7.281529926949E-01 -5.254166026223E-01  5.102419734065E-01  7.071231007178E-01  5.102419730879E-01  7.071231054524E-01
  7.849260889447E-01 -5.663826189007E-01  5.535792518202E-01  7.671824356549E-01  5.535792519954E-01  7.671824358471E-01
  8.109284805664E-01 -5.851452805981E-01  5.733479966907E-01  7.945791139968E-01  5.733479967151E-01  7.945791160389E-01
  4.446713534462E-01 -2.286206189833E-01  1.991211752116E-01  3.872943899524E-01  1.991211842758E-01  3.872944046145E-01
  4.731880943238E-01 -2.432820423025E-01  2.160190877304E-01  4.201611403977E-01  2.160190927606E-01  4.201611507102E-01
  5.354509699132E-01 -2.752934976090E-01  2.521733074377E-01  4.904817752284E-01  2.521733062719E-01  4.904817680121E-01
  6.204723469194E-01 -3.190058701001E-01  3.003672321278E-01  5.842198438276E-01  3.003672333219E-01  5.842198519370E-01
  7.135417134193E-01 -3.668559868497E-01  3.520913295550E-01  6.848241873513E-01  3.520913299707E-01  6.848241813491E-01
  7.985630904255E-01 -4.105683593408E-01  3.987106787071E-01  7.754996766982E-01  3.987106777973E-01  7.754996794168E-01
  8.608259660149E-01 -4.425798146473E-01  4.325750731119E-01  8.413665608688E-01  4.325750730421E-01  8.413665576279E-01
  8.893427068925E-01 -4.572412379666E-01  4.480226653311E-01  8.714124124793E-01  4.480226646205E-01  8.714124103825E-01
  4.760893194234E-01 -1.527709394191E-01  1.330585665504E-01  4.146584550361E-01  1.330585601392E-01  4.146584394978E-01
  5.066208921261E-01 -1.625681284201E-01  1.443502355195E-01  4.498473637171E-01  1.443502335015E-01  4.498473642151E-01
  5.732829107945E-01 -1.839591128426E-01  1.685095304159E-01  5.251364477955E-01  1.685095293106E-01  5.251364391088E-01
  6.643114180315E-01 -2.131689900593E-01  2.007141120286E-01  6.254975193708E-01  2.007141114803E-01  6.254975265367E-01
  7.639565402386E-01 -2.451438281979E-01  2.352776539936E-01  7.332099951999E-01  2.352776555332E-01  7.332099895717E-01
  8.549850474757E-01 -2.743537054146E-01  2.664300587429E-01  8.302921019102E-01  2.664300581216E-01  8.302921061256E-01
  9.216470661440E-01 -2.957446898372E-01  2.890592290211E-01  9.008127657344E-01  2.890592308420E-01  9.008127658826E-01
  9.521786388467E-01 -3.055418788382E-01  2.993817590410E-01  9.329814869285E-01  2.993817603132E-01  9.329814888700E-01
  4.935866117780E-01 -7.982641588779E-02  6.952622971437E-02  4.298980043731E-01  6.952623319259E-02  4.298980167099E-01
  5.252402845402E-01 -8.494567801117E-02  7.542639732333E-02  4.663802012483E-01  7.542639861225E-02  4.663802090522E-01
  5.943522737960E-01 -9.612297144970E-02  8.805019922494E-02  5.444363251593E-01  8.805019998537E-02  5.444363171491E-01
  6.887262717609E-01 -1.113858206250E-01  1.048778550042E-01  6.484858797205E-01  1.048778530688E-01  6.484858874228E-01
  7.920335635732E-01 -1.280934270383E-01  1.229381175831E-01  7.601570176457E-01  1.229381193250E-01  7.601570119507E-01
  8.864075615381E-01 -1.433562762137E-01  1.392159864945E-01  8.608070997358E-01  1.392159837826E-01  8.608071022155E-01
  9.555195507939E-01 -1.545335696522E-01  1.510402602721E-01  9.339195483730E-01  1.510402597846E-01  9.339195458048E-01
  9.871732235560E-01 -1.596528317756E-01  1.564340262141E-01  9.672705391371E-01  1.564340246833E-01  9.672705375973E-01
  4.993659121515E-01 -2.517311623718E-02  2.192497441209E-02  4.349316086027E-01  2.192497220658E-02  4.349316009062E-01
  5.313902110175E-01 -2.678746631225E-02  2.378557898252E-02  4.718409489548E-01  2.378557872731E-02  4.718409554583E-01
  6.013114178165E-01 -3.031220563338E-02  2.776646993488E-02  5.508110143331E-01  2.776647171601E-02  5.508110058784E-01
  6.967904207970E-01 -3.512531758546E-02  3.307304401671E-02  6.560788631291E-01  3.307304175747E-02  6.560788703805E-01
  8.013073156575E-01 -4.039403112607E-02  3.876831123732E-02  7.690575331726E-01  3.876831413926E-02  7.690575282901E-01
  8.967863186381E-01 -4.520714307816E-02  4.390151093150E-02  8.708861053673E-01  4.390150932944E-02  8.708861089969E-01
  9.667075254371E-01 -4.873188239929E-02  4.763027150744E-02  9.448546108012E-01  4.763027343475E-02  9.448546105960E-01
  9.987318243030E-01 -5.034623247436E-02  4.933118646914E-02  9.785961008348E-01  4.933118746480E-02  9.785961020388E-01
  5.000000000000E-01  1.387778780781E-17 -1.877553235560E-15  4.354838712415E-01 -1.208710551003E-17  4.354838709677E-01
  5.320649628726E-01  1.476776930944E-17  3.987020047962E-09  4.724400878420E-01 -1.311284671129E-17  4.724400925019E-01
  6.020749546417E-01  1.671093692983E-17 -2.539020313194E-09  5.515104257288E-01 -1.530748910925E-17  5.515104179871E-01
  6.976751955244E-01  1.936437664453E-17  2.689950267194E-09  6.569119430333E-01 -1.823296930522E-17  6.569119501507E-01
  8.023248044756E-01  2.226898677892E-17 -3.116080069011E-09  7.700340718223E-01 -2.137273876711E-17  7.700340667795E-01
  8.979250453583E-01  2.492242649361E-17  2.292536694497E-09  8.719919450899E-01 -2.420263844875E-17  8.719919479933E-01
  9.679350371274E-01  2.686559411401E-17 -1.478985749169E-09  9.460543748328E-01 -2.625828370742E-17  9.460543737608E-01
  1.000000000000E+00  2.775557561563E-17 -1.976095054749E-10  9.798387096868E-01 -2.719598739757E-17  9.798387096774E-01
  1.000000000000E+00  2.775557561563E-17 -1.976095054749E-10  9.798387096868E-01 -2.719598739757E-17  9.798387096774E-01
  1.032064962873E+00  2.953553861887E-17 -1.846178687569E-10  1.013548344079E+00 -2.900563175509E-17  1.013548344139E+00
  1.102074954642E+00  3.342187385967E-17 -2.798931559482E-10  1.086921269656E+00 -3.296231841323E-17  1.086921269665E+00
  1.197675195524E+00  3.872875328905E-17  4.032338456448E-10  1.186691899305E+00 -3.837359074645E-17  1.186691899355E+00
  1.302324804476E+00  4.453797355784E-17  1.535100001123E-09  1.295464243301E+00 -4.430335044801E-17  1.295464243224E+00
  1.397925045358E+00  4.984485298722E-17  2.841917654335E-09  1.394512088775E+00 -4.972315953758E-17  1.394512088736E+00
  1.467935037127E+00  5.373118822801E-17  1.267158711139E-09  1.466889386526E+00 -5.369291401985E-17  1.466889386491E+00
  1.500000000000E+00  5.551115123126E-17 -5.551115123126E-17  1.500000000000E+00 -5.551115123126E-17  1.500000000000E+00
  9.987318243030E-01  5.034623247436E-02 -4.933118862278E-02  9.785961031530E-01 -4.933118746480E-02  9.785961020388E-01
  1.030756123169E+00  5.196058254943E-02 -5.102834184327E-02  1.012262988031E+00 -5.102834055802E-02  1.012262986761E+00
  1.100677329968E+00  5.548532187056E-02 -5.472239272799E-02  1.085542864188E+00 -5.472239092389E-02  1.085542862527E+00
  1.196156332949E+00  6.029843382264E-02 -5.974546818436E-02  1.185186967495E+00 -5.974546624035E-02  1.185186965528E+00
  1.300673227809E+00  6.556714736325E-02 -6.522174589914E-02  1.293821369035E+00 -6.522174395156E-02  1.293821366954E+00
  1.396152230790E+00  7.038025931534E-02 -7.020843056427E-02  1.392743604436E+00 -7.020842980780E-02  1.392743602396E+00
  1.466073437589E+00  7.390499863647E-02 -7.385235415542E-02  1.465029114569E+00 -7.385235406644E-02  1.465029113021E+00
  1.498097736455E+00  7.551934871154E-02 -7.551934871154E-02  1.498097736455E+00 -7.551934871154E-02  1.498097736455E+00
  9.871732235560E-01  1.596528317756E-01 -1.564340232566E-01  9.672705361360E-01 -1.564340246833E-01  9.672705375973E-01
  1.018826896318E+00  1.647720938990E-01 -1.618158616361E-01  1.000547784330E+00 -1.618158632832E-01  1.000547786113E+00
  1.087938885574E+00  1.759493873375E-01 -1.735300567379E-01  1.072979570980E+00 -1.735300586192E-01  1.072979573527E+00
  1.182312883539E+00  1.912122365128E-01 -1.894587198080E-01  1.171470463630E+00 -1.894587221771E-01  1.171470467654E+00
  1.285620175351E+00  2.079198429261E-01 -2.068245331453E-01  1.278847607024E+00 -2.068245348947E-01  1.278847612985E+00
  1.379994173316E+00  2.231826921014E-01 -2.226378029378E-01  1.376624986979E+00 -2.226378039119E-01  1.376624993925E+00
  1.449106162572E+00  2.343599855400E-01 -2.341930443651E-01  1.448073920133E+00 -2.341930444548E-01  1.448073924262E+00
  1.480759835334E+00  2.394792476634E-01 -2.394792476634E-01  1.480759835334E+00 -2.394792476634E-01  1.480759835334E+00
  9.521786388467E-01  3.055418788382E-01 -2.993817612933E-01  9.329814908551E-01 -2.993817603132E-01  9.329814888700E-01
  9.827102115494E-01  3.153390678391E-01 -3.096814664661E-01  9.650790851866E-01 -3.096814653615E-01  9.650790827275E-01
  1.049372230218E+00  3.367300522617E-01 -3.320999685316E-01  1.034943218791E+00 -3.320999668827E-01  1.034943215083E+00
  1.140400737455E+00  3.659399294784E-01 -3.625840745636E-01  1.129942683349E+00 -3.625840725309E-01  1.129942677458E+00
  1.240045859662E+00  3.979147676170E-01 -3.958185817182E-01  1.233513388428E+00 -3.958185788422E-01  1.233513379787E+00
  1.331074366899E+00  4.271246448337E-01 -4.260818462630E-01  1.327824632130E+00 -4.260818436549E-01  1.327824622508E+00
  1.397736385567E+00  4.485156292563E-01 -4.481961406541E-01  1.396740744751E+00 -4.481961391962E-01  1.396740739368E+00
  1.428267958270E+00  4.583128182573E-01 -4.583128182573E-01  1.428267958270E+00 -4.583128182573E-01  1.428267958270E+00
  8.893427068925E-01  4.572412379666E-01 -4.480226641472E-01  8.714124081101E-01 -4.480226646205E-01  8.714124103825E-01
  9.178594477700E-01  4.719026612858E-01 -4.634360989106E-01  9.013918252033E-01 -4.634360996130E-01  9.013918279428E-01
  9.801223233594E-01  5.039141165923E-01 -4.969852258266E-01  9.666455002186E-01 -4.969852269139E-01  9.666455041431E-01
  1.065143700366E+00  5.476264890834E-01 -5.426044707620E-01  1.055375780189E+00 -5.426044731458E-01  1.055375786019E+00
  1.158213066866E+00  5.954766058330E-01 -5.923396705632E-01  1.152111668597E+00 -5.923396743130E-01  1.152111676751E+00
  1.243234443872E+00  6.391889783241E-01 -6.376284289604E-01  1.240199147130E+00 -6.376284338129E-01  1.240199155791E+00
  1.305497319461E+00  6.712004336306E-01 -6.707223162858E-01  1.304567372880E+00 -6.707223190391E-01  1.304567377694E+00
  1.334014060339E+00  6.858618569498E-01 -6.858618569498E-01  1.334014060339E+00 -6.858618569498E-01  1.334014060339E+00
  8.109284805664E-01  5.851452805981E-01 -5.733479967215E-01  7.945791182101E-01 -5.733479967151E-01  7.945791160389E-01
  8.369308721881E-01  6.039079422956E-01 -5.930730302632E-01  8.219152212289E-01 -5.930730302309E-01  8.219152186931E-01
  8.937039684379E-01  6.448739585740E-01 -6.360068517451E-01  8.814154170319E-01 -6.360068513263E-01  8.814154137050E-01
  9.712289265187E-01  7.008139883505E-01 -6.943871653915E-01  9.623222633926E-01 -6.943871644314E-01  9.623222588442E-01
  1.056092274897E+00  7.620492131448E-01 -7.580347908928E-01  1.050528855834E+00 -7.580347881059E-01  1.050528850385E+00
  1.133617232978E+00  8.179892429213E-01 -8.159921715102E-01  1.130849574705E+00 -8.159921674608E-01  1.130849569250E+00
  1.190390329228E+00  8.589552591997E-01 -8.583434045035E-01  1.189542384308E+00 -8.583434016646E-01  1.189542381346E+00
  1.216392720850E+00  8.777179208972E-01 -8.777179208972E-01  1.216392720850E+00 -8.777179208972E-01  1.216392720850E+00
  7.418102079413E-01  6.706098831617E-01 -6.570895224667E-01  7.268543554193E-01 -6.570895226140E-01  7.268543569747E-01
  7.655963247174E-01  6.921129641672E-01 -6.796955364561E-01  7.518605061540E-01 -6.796955366416E-01  7.518605079242E-01
  8.175304512697E-01  7.390623565677E-01 -7.289001455973E-01  8.062892907650E-01 -7.289001456561E-01  8.062892930662E-01
  8.884476858381E-01  8.031728229362E-01 -7.958073157190E-01  8.803001619610E-01 -7.958073159752E-01  8.803001646226E-01
  9.660778340152E-01  8.733518849679E-01 -8.687511246723E-01  9.609885970262E-01 -8.687511247883E-01  9.609885996462E-01
  1.036995068584E+00  9.374623513365E-01 -9.351735880077E-01  1.034463300649E+00 -9.351735888946E-01  1.034463302522E+00
  1.088929195136E+00  9.844117437369E-01 -9.837105190707E-01  1.088153519700E+00 -9.837105200857E-01  1.088153520820E+00
  1.112715311912E+00  1.005914824742E+00 -1.005914824742E+00  1.112715311912E+00 -1.005914824742E+00  1.112715311912E+00
  7.071067811865E-01  7.071067811865E-01 -6.928505962283E-01  6.928505959489E-01 -6.928505960820E-01  6.928505960820E-01
  7.297801338723E-01  7.297801338723E-01 -7.166869072893E-01  7.166869070282E-01 -7.166869072010E-01  7.166869072010E-01
  7.792846738030E-01  7.792846738030E-01 -7.685694005877E-01  7.685694001919E-01 -7.685694003962E-01  7.685694003962E-01
  8.468842524142E-01  8.468842524142E-01 -8.391178888925E-01  8.391178894628E-01 -8.391178892129E-01  8.391178892129E-01
  9.208827005522E-01  9.208827005522E-01 -9.160315501375E-01  9.160315523085E-01 -9.160315511681E-01  9.160315511681E-01
  9.884822791634E-01  9.884822791634E-01 -9.860689524096E-01  9.860689564287E-01 -9.860689543917E-01  9.860689543917E-01
  1.037986819094E+00  1.037986819094E+00 -1.037247431567E+00  1.037247433359E+00 -1.037247432438E+00  1.037247432438E+00
  1.060660171780E+00  1.060660171780E+00 -1.060660171780E+00  1.060660171780E+00 -1.060660171780E+00  1.060660171780E+00
  7.071067811865E-01  7.071067811865E-01 -6.928505962283E-01  6.928505959489E-01 -6.928505960820E-01  6.928505960820E-01
  7.297801338723E-01  7.297801338723E-01 -7.166869072893E-01  7.166869070282E-01 -7.166869072010E-01  7.166869072010E-01
  7.792846738030E-01  7.792846738030E-01 -7.685694005877E-01  7.685694001919E-01 -7.685694003962E-01  7.685694003962E-01
  8.468842524142E-01  8.468842524142E-01 -8.391178888925E-01  8.391178894628E-01 -8.391178892129E-01  8.391178892129E-01
  9.208827005522E-01  9.208827005522E-01 -9.160315501375E-01  9.160315523085E-01 -9.160315511681E-01  9.160315511681E-01
  9.884822791634E-01  9.884822791634E-01 -9.860689524096E-01  9.860689564287E-01 -9.860689543917E-01  9.860689543917E-01
  1.037986819094E+00  1.037986819094E+00 -1.037247431567E+00  1.037247433359E+00 -1.037247432438E+00  1.037247432438E+00
  1.060660171780E+00  1.060660171780E+00 -1.060660171780E+00  1.060660171780E+00 -1.060660171780E+00  1.060660171780E+00
  6.706098831617E-01  7.418102079413E-01 -7.268543585813E-01  6.570895225830E-01 -7.268543569747E-01  6.570895226140E-01
  6.921129641672E-01  7.655963247174E-01 -7.518605097310E-01  6.796955366308E-01 -7.518605079242E-01  6.796955366416E-01
  7.390623565677E-01  8.175304512697E-01 -8.062892955167E-01  7.289001455553E-01 -8.062892930662E-01  7.289001456561E-01
  8.031728229362E-01  8.884476858381E-01 -8.803001673880E-01  7.958073159913E-01 -8.803001646226E-01  7.958073159752E-01
  8.733518849679E-01  9.660778340152E-01 -9.609886024949E-01  8.687511248827E-01 -9.609885996462E-01  8.687511247883E-01
  9.374623513365E-01  1.036995068584E+00 -1.034463304499E+00  9.351735898026E-01 -1.034463302522E+00  9.351735888946E-01
  9.844117437369E-01  1.088929195136E+00 -1.088153521977E+00  9.837105211177E-01 -1.088153520820E+00  9.837105200857E-01
  1.005914824742E+00  1.112715311912E+00 -1.112715311912E+00  1.005914824742E+00 -1.112715311912E+00  1.005914824742E+00
  5.851452805981E-01  8.109284805664E-01 -7.945791139968E-01  5.733479966907E-01 -7.945791160389E-01  5.733479967151E-01
  6.039079422956E-01  8.369308721881E-01 -8.219152162672E-01  5.930730301344E-01 -8.219152186931E-01  5.930730302309E-01
  6.448739585740E-01  8.937039684379E-01 -8.814154105737E-01  6.360068508556E-01 -8.814154137050E-01  6.360068513263E-01
  7.008139883505E-01  9.712289265187E-01 -9.623222543235E-01  6.943871632612E-01 -9.623222588442E-01  6.943871644314E-01
  7.620492131448E-01  1.056092274897E+00 -1.050528844933E+00  7.580347851278E-01 -1.050528850385E+00  7.580347881059E-01
  8.179892429213E-01  1.133617232978E+00 -1.130849563650E+00  8.159921632382E-01 -1.130849569250E+00  8.159921674608E-01
  8.589552591997E-01  1.190390329228E+00 -1.189542378363E+00  8.583433988082E-01 -1.189542381346E+00  8.583434016646E-01
  8.777179208972E-01  1.216392720850E+00 -1.216392720850E+00  8.777179208972E-01 -1.216392720850E+00  8.777179208972E-01
  4.572412379666E-01  8.893427068925E-01 -8.714124124793E-01  4.480226653311E-01 -8.714124103825E-01  4.480226646205E-01
  4.719026612858E-01  9.178594477700E-01 -9.013918304627E-01  4.634361005708E-01 -9.013918279428E-01  4.634360996130E-01
  5.039141165923E-01  9.801223233594E-01 -9.666455079309E-01  4.969852283698E-01 -9.666455041431E-01  4.969852269139E-01
  5.476264890834E-01  1.065143700366E+00 -1.055375791623E+00  5.426044758742E-01 -1.055375786019E+00  5.426044731458E-01
  5.954766058330E-01  1.158213066866E+00 -1.152111684894E+00  5.923396783892E-01 -1.152111676751E+00  5.923396743130E-01
  6.391889783241E-01  1.243234443872E+00 -1.240199164439E+00  6.376284387728E-01 -1.240199155791E+00  6.376284338129E-01
  6.712004336306E-01  1.305497319461E+00 -1.304567382531E+00  6.707223218149E-01 -1.304567377694E+00  6.707223190391E-01
  6.858618569498E-01  1.334014060339E+00 -1.334014060339E+00  6.858618569498E-01 -1.334014060339E+00  6.858618569498E-01
  3.055418788382E-01  9.521786388467E-01 -9.329814869285E-01  2.993817590410E-01 -9.329814888700E-01  2.993817603132E-01
  3.153390678391E-01  9.827102115494E-01 -9.650790802936E-01  3.096814639210E-01 -9.650790827275E-01  3.096814653615E-01
  3.367300522617E-01  1.049372230218E+00 -1.034943211540E+00  3.320999648765E-01 -1.034943215083E+00  3.320999668827E-01
  3.659399294784E-01  1.140400737455E+00 -1.129942671650E+00  3.625840700941E-01 -1.129942677458E+00  3.625840725309E-01
  3.979147676170E-01  1.240045859662E+00 -1.233513371370E+00  3.958185757277E-01 -1.233513379787E+00  3.958185788422E-01
  4.271246448337E-01  1.331074366899E+00 -1.327824612953E+00  4.260818409623E-01 -1.327824622508E+00  4.260818436549E-01
  4.485156292563E-01  1.397736385567E+00 -1.396740734017E+00  4.481961377392E-01 -1.396740739368E+00  4.481961391962E-01
  4.583128182573E-01  1.428267958270E+00 -1.428267958270E+00  4.583128182573E-01 -1.428267958270E+00  4.583128182573E-01
  1.596528317756E-01  9.871732235560E-01 -9.672705391371E-01  1.564340262141E-01 -9.672705375973E-01  1.564340246833E-01
  1.647720938990E-01  1.018826896318E+00 -1.000547787929E+00  1.618158650535E-01 -1.000547786113E+00  1.618158632832E-01
  1.759493873375E-01  1.087938885574E+00 -1.072979576176E+00  1.735300606755E-01 -1.072979573527E+00  1.735300586192E-01
  1.912122365128E-01  1.182312883539E+00 -1.171470471549E+00  1.894587247145E-01 -1.171470467654E+00  1.894587221771E-01
  2.079198429261E-01  1.285620175351E+00 -1.278847618808E+00  2.068245367765E-01 -1.278847612985E+00  2.068245348947E-01
  2.231826921014E-01  1.379994173316E+00 -1.376625000646E+00  2.226378049059E-01 -1.376624993925E+00  2.226378039119E-01
  2.343599855400E-01  1.449106162572E+00 -1.448073928364E+00  2.341930445419E-01 -1.448073924262E+00  2.341930444548E-01
  2.394792476634E-01  1.480759835334E+00 -1.480759835334E+00  2.394792476634E-01 -1.480759835334E+00  2.394792476634E-01
  5.034623247436E-02  9.987318243030E-01 -9.785961008348E-01  4.933118646914E-02 -9.785961020388E-01  4.933118746480E-02
  5.196058254943E-02  1.030756123169E+00 -1.012262985378E+00  5.102833943752E-02 -1.012262986761E+00  5.102834055802E-02
  5.548532187056E-02  1.100677329968E+00 -1.085542860858E+00  5.472238933827E-02 -1.085542862527E+00  5.472239092389E-02
  6.029843382264E-02  1.196156332949E+00 -1.185186963465E+00  5.974546453952E-02 -1.185186965528E+00  5.974546624035E-02
  6.556714736325E-02  1.300673227809E+00 -1.293821365019E+00  6.522174218096E-02 -1.293821366954E+00  6.522174395156E-02
  7.038025931534E-02  1.396152230790E+00 -1.392743600444E+00  7.020842911070E-02 -1.392743602396E+00  7.020842980780E-02
  7.390499863647E-02  1.466073437589E+00 -1.465029111512E+00  7.385235399281E-02 -1.465029113021E+00  7.385235406644E-02
  7.551934871154E-02  1.498097736455E+00 -1.498097736455E+00  7.551934871154E-02 -1.498097736455E+00  7.551934871154E-02
  6.123233995737E-17  1.000000000000E+00 -9.798387096868E-01 -1.976096509412E-10 -9.798387096774E-01  5.999781697436E-17
  7.031560467768E-17  1.032064962873E+00 -1.013548344079E+00 -1.846179952006E-10 -1.013548344139E+00  6.905404916549E-17
  9.014782125728E-17  1.102074954642E+00 -1.086921269656E+00 -2.798932589401E-10 -1.086921269665E+00  8.890827608942E-17
  1.172291654245E-16  1.197675195524E+00 -1.186691899305E+00  4.032339120496E-10 -1.186691899355E+00  1.161541138176E-16
  1.468739869314E-16  1.302324804476E+00 -1.295464243301E+00  1.535100206588E-09 -1.295464243224E+00  1.461002644466E-16
  1.739553310987E-16  1.397925045358E+00 -1.394512088775E+00  2.841917954650E-09 -1.394512088736E+00  1.735306287863E-16
  1.937875476782E-16  1.467935037127E+00 -1.466889386526E+00  1.267159046657E-09 -1.466889386491E+00  1.936495074602E-16
  2.028708123986E-16  1.500000000000E+00 -1.500000000000E+00  2.028708123986E-16 -1.500000000000E+00  2.028708123986E-16
  6.123233995737E-17  1.000000000000E+00 -9.798387096868E-01 -1.976096509412E-10 -9.798387096774E-01  5.999781697436E-17
  7.031560467768E-17  1.032064962873E+00 -1.013548344079E+00 -1.846179952006E-10 -1.013548344139E+00  6.905404916549E-17
  9.014782125728E-17  1.102074954642E+00 -1.086921269656E+00 -2.798932589401E-10 -1.086921269665E+00  8.890827608942E-17
  1.172291654245E-16  1.197675195524E+00 -1.186691899305E+00  4.032339120496E-10 -1.186691899355E+00  1.161541138176E-16
  1.468739869314E-16  1.302324804476E+00 -1.295464243301E+00  1.535100206588E-09 -1.295464243224E+00  1.461002644466E-16
  1.739553310987E-16  1.397925045358E+00 -1.394512088775E+00  2.841917954650E-09 -1.394512088736E+00  1.735306287863E-16
  1.937875476782E-16  1.467935037127E+00 -1.466889386526E+00  1.267159046657E-09 -1.466889386491E+00  1.936495074602E-16
  2.028708123986E-16  1.500000000000E+00 -1.500000000000E+00  2.028708123986E-16 -1.500000000000E+00  2.028708123986E-16
 -5.034623247436E-02  9.987318243030E-01 -9.785961031530E-01 -4.933118862278E-02 -9.785961020388E-01 -4.933118746480E-02
 -5.196058254943E-02  1.030756123169E+00 -1.012262988031E+00 -5.102834184327E-02 -1.012262986761E+00 -5.102834055802E-02
 -5.548532187056E-02  1.100677329968E+00 -1.085542864188E+00 -5.472239272799E-02 -1.085542862527E+00 -5.472239092389E-02
 -6.029843382264E-02  1.196156332949E+00 -1.185186967495E+00 -5.974546818436E-02 -1.185186965528E+00 -5.974546624035E-02
 -6.556714736325E-02  1.300673227809E+00 -1.293821369035E+00 -6.522174589914E-02 -1.293821366954E+00 -6.522174395156E-02
 -7.038025931534E-02  1.396152230790E+00 -1.392743604436E+00 -7.020843056427E-02 -1.392743602396E+00 -7.020842980780E-02
 -7.390499863647E-02  1.466073437589E+00 -1.465029114569E+00 -7.385235415542E-02 -1.465029113021E+00 -7.385235406644E-02
 -7.551934871154E-02  1.498097736455E+00 -1.498097736455E+00 -7.551934871154E-02 -1.498097736455E+00 -7.551934871154E-02
 -1.596528317756E-01  9.871732235560E-01 -9.672705361360E-01 -1.564340232566E-01 -9.672705375973E-01 -1.564340246833E-01
 -1.647720938990E-01  1.018826896318E+00 -1.000547784330E+00 -1.618158616361E-01 -1.000547786113E+00 -1.618158632832E-01
 -1.759493873375E-01  1.087938885574E+00 -1.072979570980E+00 -1.735300567379E-01 -1.072979573527E+00 -1.735300586192E-01
 -1.912122365128E-01  1.182312883539E+00 -1.171470463630E+00 -1.894587198080E-01 -1.171470467654E+00 -1.894587221771E-01
 -2.079198429261E-01  1.285620175351E+00 -1.278847607024E+00 -2.068245331453E-01 -1.278847612985E+00 -2.068245348947E-01
 -2.231826921014E-01  1.379994173316E+00 -1.376624986979E+00 -2.226378029378E-01 -1.376624993925E+00 -2.226378039119E-01
 -2.343599855400E-01  1.449106162572E+00 -1.448073920133E+00 -2.341930443651E-01 -1.448073924262E+00 -2.341930444548E-01
 -2.394792476634E-01  1.480759835334E+00 -1.480759835334E+00 -2.394792476634E-01 -1.480759835334E+00 -2.394792476634E-01
 -3.055418788382E-01  9.521786388467E-01 -9.329814908551E-01 -2.993817612933E-01 -9.329814888700E-01 -2.993817603132E-01
 -3.153390678391E-01  9.827102115494E-01 -9.650790851866E-01 -3.096814664661E-01 -9.650790827275E-01 -3.096814653615E-01
 -3.367300522617E-01  1.049372230218E+00 -1.034943218791E+00 -3.320999685316E-01 -1.034943215083E+00 -3.320999668827E-01
 -3.659399294784E-01  1.140400737455E+00 -1.129942683349E+00 -3.625840745636E-01 -1.129942677458E+00 -3.625840725309E-01
 -3.979147676170E-01  1.240045859662E+00 -1.233513388428E+00 -3.958185817182E-01 -1.233513379787E+00 -3.958185788422E-01
 -4.271246448337E-01  1.331074366899E+00 -1.327824632130E+00 -4.260818462630E-01 -1.327824622508E+00 -4.260818436549E-01
 -4.485156292563E-01  1.397736385567E+00 -1.396740744751E+00 -4.481961406541E-01 -1.396740739368E+00 -4.481961391962E-01
 -4.583128182573E-01  1.428267958270E+00 -1.428267958270E+00 -4.583128182573E-01 -1.428267958270E+00 -4.583128182573E-01
 -4.572412379666E-01  8.893427068925E-01 -8.714124081101E-01 -4.480226641472E-01 -8.714124103825E-01 -4.480226646205E-01
 -4.719026612858E-01  9.178594477700E-01 -9.013918252033E-01 -4.634360989106E-01 -9.013918279428E-01 -4.634360996130E-01
 -5.039141165923E-01  9.801223233594E-01 -9.666455002186E-01 -4.969852258266E-01 -9.666455041431E-01 -4.969852269139E-01
 -5.476264890834E-01  1.065143700366E+00 -1.055375780189E+00 -5.426044707620E-01 -1.055375786019E+00 -5.426044731458E-01
 -5.954766058330E-01  1.158213066866E+00 -1.152111668597E+00 -5.923396705632E-01 -1.152111676751E+00 -5.923396743130E-01
 -6.391889783241E-01  1.243234443872E+00 -1.240199147130E+00 -6.376284289604E-01 -1.240199155791E+00 -6.376284338129E-01
 -6.712004336306E-01  1.305497319461E+00 -1.304567372880E+00 -6.707223162858E-01 -1.304567377694E+00 -6.707223190391E-01
 -6.858618569498E-01  1.334014060339E+00 -1.334014060339E+00 -6.858618569498E-01 -1.334014060339E+00 -6.858618569498E-01
 -5.851452805981E-01  8.109284805664E-01 -7.945791182101E-01 -5.733479967215E-01 -7.945791160389E-01 -5.733479967151E-01
 -6.039079422956E-01  8.369308721881E-01 -8.219152212289E-01 -5.930730302632E-01 -8.219152186931E-01 -5.930730302309E-01
 -6.448739585740E-01  8.937039684379E-01 -8.814154170318E-01 -6.360068517451E-01 -8.814154137050E-01 -6.360068513263E-01
 -7.008139883505E-01  9.712289265187E-01 -9.623222633926E-01 -6.943871653915E-01 -9.623222588442E-01 -6.943871644314E-01
 -7.620492131448E-01  1.056092274897E+00 -1.050528855834E+00 -7.580347908928E-01 -1.050528850385E+00 -7.580347881059E-01
 -8.179892429213E-01  1.133617232978E+00 -1.130849574705E+00 -8.159921715102E-01 -1.130849569250E+00 -8.159921674608E-01
 -8.589552591997E-01  1.190390329228E+00 -1.189542384308E+00 -8.583434045035E-01 -1.189542381346E+00 -8.583434016646E-01
 -8.777179208972E-01  1.216392720850E+00 -1.216392720850E+00 -8.777179208972E-01 -1.216392720850E+00 -8.777179208972E-01
 -6.706098831617E-01  7.418102079413E-01 -7.268543554193E-01 -6.570895224667E-01 -7.268543569747E-01 -6.570895226140E-01
 -6.921129641672E-01  7.655963247174E-01 -7.518605061540E-01 -6.796955364561E-01 -7.518605079242E-01 -6.796955366416E-01
 -7.390623565677E-01  8.175304512697E-01 -8.062892907650E-01 -7.289001455973E-01 -8.062892930662E-01 -7.289001456561E-01
 -8.031728229362E-01  8.884476858381E-01 -8.803001619610E-01 -7.958073157190E-01 -8.803001646226E-01 -7.958073159752E-01
 -8.733518849679E-01  9.660778340152E-01 -9.609885970262E-01 -8.687511246723E-01 -9.609885996462E-01 -8.687511247883E-01
 -9.374623513365E-01  1.036995068584E+00 -1.034463300649E+00 -9.351735880077E-01 -1.034463302522E+00 -9.351735888946E-01
 -9.844117437369E-01  1.088929195136E+00 -1.088153519700E+00 -9.837105190707E-01 -1.088153520820E+00 -9.837105200857E-01
 -1.005914824742E+00  1.112715311912E+00 -1.112715311912E+00 -1.005914824742E+00 -1.112715311912E+00 -1.005914824742E+00
 -7.071067811865E-01  7.071067811865E-01 -6.928505959489E-01 -6.928505962283E-01 -6.928505960820E-01 -6.928505960820E-01
 -7.297801338723E-01  7.297801338723E-01 -7.166869070282E-01 -7.166869072893E-01 -7.166869072010E-01 -7.166869072010E-01
 -7.792846738030E-01  7.792846738030E-01 -7.685694001919E-01 -7.685694005877E-01 -7.685694003962E-01 -7.685694003962E-01
 -8.468842524142E-01  8.468842524142E-01 -8.391178894628E-01 -8.391178888925E-01 -8.391178892129E-01 -8.391178892129E-01
 -9.208827005522E-01  9.208827005522E-01 -9.160315523085E-01 -9.160315501375E-01 -9.160315511681E-01 -9.160315511681E-01
 -9.884822791634E-01  9.884822791634E-01 -9.860689564287E-01 -9.860689524096E-01 -9.860689543917E-01 -9.860689543917E-01
 -1.037986819094E+00  1.037986819094E+00 -1.037247433359E+00 -1.037247431567E+00 -1.037247432438E+00 -1.037247432438E+00
 -1.060660171780E+00  1.060660171780E+00 -1.060660171780E+00 -1.060660171780E+00 -1.060660171780E+00 -1.060660171780E+00
 -7.071067811865E-01  7.071067811865E-01 -6.928505959489E-01 -6.928505962283E-01 -6.928505960820E-01 -6.928505960820E-01
 -7.297801338723E-01  7.297801338723E-01 -7.166869070282E-01 -7.166869072893E-01 -7.166869072010E-01 -7.166869072010E-01
 -7.792846738030E-01  7.792846738030E-01 -7.685694001919E-01 -7.685694005877E-01 -7.685694003962E-01 -7.685694003962E-01
 -8.468842524142E-01  8.468842524142E-01 -8.391178894628E-01 -8.391178888925E-01 -8.391178892129E-01 -8.391178892129E-01
 -9.208827005522E-01  9.208827005522E-01 -9.160315523085E-01 -9.160315501375E-01 -9.160315511681E-01 -9.160315511681E-01
 -9.884822791634E-01  9.884822791634E-01 -9.860689564287E-01 -9.860689524096E-01 -9.860689543917E-01 -9.860689543917E-01
 -1.037986819094E+00  1.037986819094E+00 -1.037247433359E+00 -1.037247431567E+00 -1.037247432438E+00 -1.037247432438E+00
 -1.060660171780E+00  1.060660171780E+00 -1.060660171780E+00 -1.060660171780E+00 -1.060660171780E+00 -1.060660171780E+00
 -7.418102079413E-01  6.706098831617E-01 -6.570895225830E-01 -7.268543585813E-01 -6.570895226140E-01 -7.268543569747E-01
 -7.655963247174E-01  6.921129641672E-01 -6.796955366308E-01 -7.518605097310E-01 -6.796955366416E-01 -7.518605079242E-01
 -8.175304512697E-01  7.390623565677E-01 -7.289001455553E-01 -8.062892955167E-01 -7.289001456561E-01 -8.062892930662E-01
 -8.884476858381E-01  8.031728229362E-01 -7.958073159913E-01 -8.803001673880E-01 -7.958073159752E-01 -8.803001646226E-01
 -9.660778340152E-01  8.733518849679E-01 -8.687511248827E-01 -9.609886024949E-01 -8.687511247883E-01 -9.609885996462E-01
 -1.036995068584E+00  9.374623513365E-01 -9.351735898026E-01 -1.034463304499E+00 -9.351735888946E-01 -1.034463302522E+00
 -1.088929195136E+00  9.844117437369E-01 -9.837105211177E-01 -1.088153521977E+00 -9.837105200857E-01 -1.088153520820E+00
 -1.112715311912E+00  1.005914824742E+00 -1.005914824742E+00 -1.112715311912E+00 -1.005914824742E+00 -1.112715311912E+00
 -8.109284805664E-01  5.851452805981E-01 -5.733479966907E-01 -7.945791139968E-01 -5.733479967151E-01 -7.945791160389E-01
 -8.369308721881E-01  6.039079422956E-01 -5.930730301344E-01 -8.219152162672E-01 -5.930730302309E-01 -8.219152186931E-01
 -8.937039684379E-01  6.448739585740E-01 -6.360068508556E-01 -8.814154105738E-01 -6.360068513263E-01 -8.814154137050E-01
 -9.712289265187E-01  7.008139883505E-01 -6.943871632612E-01 -9.623222543235E-01 -6.943871644314E-01 -9.623222588442E-01
 -1.056092274897E+00  7.620492131448E-01 -7.580347851278E-01 -1.050528844933E+00 -7.580347881059E-01 -1.050528850385E+00
 -1.133617232978E+00  8.179892429213E-01 -8.159921632382E-01 -1.130849563650E+00 -8.159921674608E-01 -1.130849569250E+00
 -1.190390329228E+00  8.589552591997E-01 -8.583433988082E-01 -1.189542378363E+00 -8.583434016646E-01 -1.189542381346E+00
 -1.216392720850E+00  8.777179208972E-01 -8.777179208972E-01 -1.216392720850E+00 -8.777179208972E-01 -1.216392720850E+00
 -8.893427068925E-01  4.572412379666E-01 -4.480226653311E-01 -8.714124124793E-01 -4.480226646205E-01 -8.714124103825E-01
 -9.178594477700E-01  4.719026612858E-01 -4.634361005708E-01 -9.013918304627E-01 -4.634360996130E-01 -9.013918279428E-01
 -9.801223233594E-01  5.039141165923E-01 -4.969852283698E-01 -9.666455079309E-01 -4.969852269139E-01 -9.666455041431E-01
 -1.065143700366E+00  5.476264890834E-01 -5.426044758742E-01 -1.055375791623E+00 -5.426044731458E-01 -1.055375786019E+00
 -1.158213066866E+00  5.954766058330E-01 -5.923396783892E-01 -1.152111684894E+00 -5.923396743130E-01 -1.152111676751E+00
 -1.243234443872E+00  6.391889783241E-01 -6.376284387728E-01 -1.240199164439E+00 -6.376284338129E-01 -1.240199155791E+00
 -1.305497319461E+00  6.712004336306E-01 -6.707223218149E-01 -1.304567382531E+00 -6.707223190391E-01 -1.304567377694E+00
 -1.334014060339E+00  6.858618569498E-01 -6.858618569498E-01 -1.334014060339E+00 -6.858618569498E-01 -1.334014060339E+00
 -9.521786388467E-01  3.055418788382E-01 -2.993817590410E-01 -9.329814869285E-01 -2.993817603132E-01 -9.329814888700E-01
 -9.827102115494E-01  3.153390678391E-01 -3.096814639210E-01 -9.650790802936E-01 -3.096814653615E-01 -9.650790827275E-01
 -1.049372230218E+00  3.367300522617E-01 -3.320999648765E-01 -1.034943211540E+00 -3.320999668827E-01 -1.034943215083E+00
 -1.140400737455E+00  3.659399294784E-01 -3.625840700941E-01 -1.129942671650E+00 -3.625840725309E-01 -1.129942677458E+00
 -1.240045859662E+00  3.979147676170E-01 -3.958185757277E-01 -1.233513371370E+00 -3.958185788422E-01 -1.233513379787E+00
 -1.331074366899E+00  4.271246448337E-01 -4.260818409623E-01 -1.327824612953E+00 -4.260818436549E-01 -1.327824622508E+00
 -1.397736385567E+00  4.485156292563E-01 -4.481961377392E-01 -1.396740734017E+00 -4.481961391962E-01 -1.396740739368E+00
 -1.428267958270E+00  4.583128182573E-01 -4.583128182573E-01 -1.428267958270E+00 -4.583128182573E-01 -1.428267958270E+00
 -9.871732235560E-01  1.596528317756E-01 -1.564340262141E-01 -9.672705391371E-01 -1.564340246833E-01 -9.672705375973E-01
 -1.018826896318E+00  1.647720938990E-01 -1.618158650535E-01 -1.000547787929E+00 -1.618158632832E-01 -1.000547786113E+00
 -1.087938885574E+00  1.759493873375E-01 -1.735300606755E-01 -1.072979576176E+00 -1.735300586192E-01 -1.072979573527E+00
 -1.182312883539E+00  1.912122365128E-01 -1.894587247145E-01 -1.171470471549E+00 -1.894587221771E-01 -1.171470467654E+00
 -1.285620175351E+00  2.079198429261E-01 -2.068245367765E-01 -1.278847618808E+00 -2.068245348947E-01 -1.278847612985E+00
 -1.379994173316E+00  2.231826921014E-01 -2.226378049059E-01 -1.376625000646E+00 -2.226378039119E-01 -1.376624993925E+00
 -1.449106162572E+00  2.343599855400E-01 -2.341930445419E-01 -1.448073928364E+00 -2.341930444548E-01 -1.448073924262E+00
 -1.480759835334E+00  2.394792476634E-01 -2.394792476634E-01 -1.480759835334E+00 -2.394792476634E-01 -1.480759835334E+00
 -9.987318243030E-01  5.034623247436E-02 -4.933118646914E-02 -9.785961008348E-01 -4.933118746480E-02 -9.785961020388E-01
 -1.030756123169E+00  5.196058254943E-02 -5.102833943752E-02 -1.012262985378E+00 -5.102834055802E-02 -1.012262986761E+00
 -1.100677329968E+00  5.548532187056E-02 -5.472238933827E-02 -1.085542860858E+00 -5.472239092389E-02 -1.085542862527E+00
 -1.196156332949E+00  6.029843382265E-02 -5.974546453952E-02 -1.185186963465E+00 -5.974546624035E-02 -1.185186965528E+00
 -1.300673227809E+00  6.556714736326E-02 -6.522174218096E-02 -1.293821365019E+00 -6.522174395156E-02 -1.293821366954E+00
 -1.396152230790E+00  7.038025931534E-02 -7.020842911070E-02 -1.392743600444E+00 -7.020842980780E-02 -1.392743602396E+00
 -1.466073437589E+00  7.390499863647E-02 -7.385235399281E-02 -1.465029111512E+00 -7.385235406644E-02 -1.465029113021E+00
 -1.498097736455E+00  7.551934871154E-02 -7.551934871154E-02 -1.498097736455E+00 -7.551934871154E-02 -1.498097736455E+00
 -1.000000000000E+00  1.665334536938E-16  1.976092623252E-10 -9.798387096868E-01 -1.631759243854E-16 -9.798387096774E-01
 -1.032064962873E+00  1.807731577197E-16  1.846176250531E-10 -1.013548344079E+00 -1.775298467275E-16 -1.013548344139E+00
 -1.102074954642E+00  2.118638396461E-16  2.798930086017E-10 -1.086921269656E+00 -2.089506821786E-16 -1.086921269665E+00
 -1.197675195524E+00  2.543188750812E-16 -4.032341758374E-10 -1.186691899305E+00 -2.519866404845E-16 -1.186691899355E+00
 -1.302324804476E+00  3.007926372314E-16 -1.535100481912E-09 -1.295464243301E+00 -2.992080814395E-16 -1.295464243224E+00
 -1.397925045358E+00  3.432476726665E-16 -2.841918134606E-09 -1.394512088775E+00 -3.424096524726E-16 -1.394512088736E+00
 -1.467935037127E+00  3.743383545928E-16 -1.267159256935E-09 -1.466889386526E+00 -3.740717030525E-16 -1.466889386491E+00
 -1.500000000000E+00  3.885780586188E-16 -3.885780586188E-16 -1.500000000000E+00 -3.885780586188E-16 -1.500000000000E+00
 -1.000000000000E+00  1.665334536938E-16  1.976092623252E-10 -9.798387096868E-01 -1.631759243854E-16 -9.798387096774E-01
 -1.032064962873E+00  1.807731577197E-16  1.846176250531E-10 -1.013548344079E+00 -1.775298467275E-16 -1.013548344139E+00
 -1.102074954642E+00  2.118638396461E-16  2.798930086017E-10 -1.086921269656E+00 -2.089506821786E-16 -1.086921269665E+00
 -1.197675195524E+00  2.543188750812E-16 -4.032341758374E-10 -1.186691899305E+00 -2.519866404845E-16 -1.186691899355E+00
 -1.302324804476E+00  3.007926372314E-16 -1.535100481912E-09 -1.295464243301E+00 -2.992080814395E-16 -1.295464243224E+00
 -1.397925045358E+00  3.432476726665E-16 -2.841918134606E-09 -1.394512088775E+00 -3.424096524726E-16 -1.394512088736E+00
 -1.467935037127E+00  3.743383545928E-16 -1.267159256935E-09 -1.466889386526E+00 -3.740717030525E-16 -1.466889386491E+00
 -1.500000000000E+00  3.885780586188E-16 -3.885780586188E-16 -1.500000000000E+00 -3.885780586188E-16 -1.500000000000E+00
 -9.987318243030E-01 -5.034623247436E-02  4.933118862278E-02 -9.785961031530E-01  4.933118746480E-02 -9.785961020388E-01
 -1.030756123169E+00 -5.196058254943E-02  5.102834184327E-02 -1.012262988031E+00  5.102834055802E-02 -1.012262986761E+00
 -1.100677329968E+00 -5.548532187056E-02  5.472239272799E-02 -1.085542864188E+00  5.472239092389E-02 -1.085542862527E+00
 -1.196156332949E+00 -6.029843382264E-02  5.974546818436E-02 -1.185186967495E+00  5.974546624035E-02 -1.185186965528E+00
 -1.300673227809E+00 -6.556714736325E-02  6.522174589914E-02 -1.293821369035E+00  6.522174395156E-02 -1.293821366954E+00
 -1.396152230790E+00 -7.038025931534E-02  7.020843056427E-02 -1.392743604436E+00  7.020842980780E-02 -1.392743602396E+00
 -1.466073437589E+00 -7.390499863647E-02  7.385235415541E-02 -1.465029114569E+00  7.385235406644E-02 -1.465029113021E+00
 -1.498097736455E+00 -7.551934871154E-02  7.551934871154E-02 -1.498097736455E+00  7.551934871154E-02 -1.498097736455E+00
 -9.871732235560E-01 -1.596528317756E-01  1.564340232566E-01 -9.672705361360E-01  1.564340246833E-01 -9.672705375973E-01
 -1.018826896318E+00 -1.647720938990E-01  1.618158616361E-01 -1.000547784330E+00  1.618158632832E-01 -1.000547786113E+00
 -1.087938885574E+00 -1.759493873375E-01  1.735300567379E-01 -1.072979570980E+00  1.735300586192E-01 -1.072979573527E+00
 -1.182312883539E+00 -1.912122365128E-01  1.894587198080E-01 -1.171470463630E+00  1.894587221771E-01 -1.171470467654E+00
 -1.285620175351E+00 -2.079198429261E-01  2.068245331453E-01 -1.278847607024E+00  2.068245348947E-01 -1.278847612985E+00
 -1.379994173316E+00 -2.231826921014E-01  2.226378029378E-01 -1.376624986979E+00  2.226378039119E-01 -1.376624993925E+00
 -1.449106162572E+00 -2.343599855400E-01  2.341930443651E-01 -1.448073920133E+00  2.341930444548E-01 -1.448073924262E+00
 -1.480759835334E+00 -2.394792476634E-01  2.394792476634E-01 -1.480759835334E+00  2.394792476634E-01 -1.480759835334E+00
 -9.521786388467E-01 -3.055418788382E-01  2.993817612933E-01 -9.329814908551E-01  2.993817603132E-01 -9.329814888700E-01
 -9.827102115494E-01 -3.153390678391E-01  3.096814664661E-01 -9.650790851866E-01  3.096814653615E-01 -9.650790827275E-01
 -1.049372230218E+00 -3.367300522617E-01  3.320999685316E-01 -1.034943218791E+00  3.320999668827E-01 -1.034943215083E+00
 -1.140400737455E+00 -3.659399294784E-01  3.625840745636E-01 -1.129942683349E+00  3.625840725309E-01 -1.129942677458E+00
 -1.240045859662E+00 -3.979147676170E-01  3.958185817182E-01 -1.233513388428E+00  3.958185788422E-01 -1.233513379787E+00
 -1.331074366899E+00 -4.271246448337E-01  4.260818462630E-01 -1.327824632130E+00  4.260818436549E-01 -1.327824622508E+00
 -1.397736385567E+00 -4.485156292563E-01  4.481961406541E-01 -1.396740744751E+00  4.481961391962E-01 -1.396740739368E+00
 -1.428267958270E+00 -4.583128182573E-01  4.583128182573E-01 -1.428267958270E+00  4.583128182573E-01 -1.428267958270E+00
 -8.893427068925E-01 -4.572412379666E-01  4.480226641472E-01 -8.714124081101E-01  4.480226646205E-01 -8.714124103825E-01
 -9.178594477700E-01 -4.719026612858E-01  4.634360989106E-01 -9.013918252033E-01  4.634360996130E-01 -9.013918279428E-01
 -9.801223233594E-01 -5.039141165923E-01  4.969852258266E-01 -9.666455002186E-01  4.969852269139E-01 -9.666455041431E-01
 -1.065143700366E+00 -5.476264890834E-01  5.426044707620E-01 -1.055375780189E+00  5.426044731458E-01 -1.055375786019E+00
 -1.158213066866E+00 -5.954766058330E-01  5.923396705632E-01 -1.152111668597E+00  5.923396743130E-01 -1.152111676751E+00
 -1.243234443872E+00 -6.391889783241E-01  6.376284289604E-01 -1.240199147130E+00  6.376284338129E-01 -1.240199155791E+00
 -1.305497319461E+00 -6.712004336306E-01  6.707223162858E-01 -1.304567372880E+00  6.707223190391E-01 -1.304567377694E+00
 -1.334014060339E+00 -6.858618569498E-01  6.858618569498E-01 -1.334014060339E+00  6.858618569498E-01 -1.334014060339E+00
 -8.109284805664E-01 -5.851452805981E-01  5.733479967215E-01 -7.945791182101E-01  5.733479967151E-01 -7.945791160389E-01
 -8.369308721881E-01 -6.039079422956E-01  5.930730302632E-01 -8.219152212289E-01  5.930730302309E-01 -8.219152186931E-01
 -8.937039684379E-01 -6.448739585740E-01  6.360068517451E-01 -8.814154170319E-01  6.360068513263E-01 -8.814154137050E-01
 -9.712289265187E-01 -7.008139883505E-01  6.943871653915E-01 -9.623222633926E-01  6.943871644314E-01 -9.623222588442E-01
 -1.056092274897E+00 -7.620492131448E-01  7.580347908928E-01 -1.050528855834E+00  7.580347881059E-01 -1.050528850385E+00
 -1.133617232978E+00 -8.179892429213E-01  8.159921715102E-01 -1.130849574705E+00  8.159921674608E-01 -1.130849569250E+00
 -1.190390329228E+00 -8.589552591997E-01  8.583434045035E-01 -1.189542384308E+00  8.583434016646E-01 -1.189542381346E+00
 -1.216392720850E+00 -8.777179208972E-01  8.777179208972E-01 -1.216392720850E+00  8.777179208972E-01 -1.216392720850E+00
 -7.418102079413E-01 -6.706098831617E-01  6.570895224667E-01 -7.268543554193E-01  6.570895226140E-01 -7.268543569747E-01
 -7.655963247174E-01 -6.921129641672E-01  6.796955364561E-01 -7.518605061540E-01  6.796955366416E-01 -7.518605079242E-01
 -8.175304512697E-01 -7.390623565677E-01  7.289001455973E-01 -8.062892907650E-01  7.289001456561E-01 -8.062892930662E-01
 -8.884476858381E-01 -8.031728229362E-01  7.958073157190E-01 -8.803001619610E-01  7.958073159752E-01 -8.803001646226E-01
 -9.660778340152E-01 -8.733518849679E-01  8.687511246723E-01 -9.609885970262E-01  8.687511247883E-01 -9.609885996462E-01
 -1.036995068584E+00 -9.374623513365E-01  9.351735880077E-01 -1.034463300649E+00  9.351735888946E-01 -1.034463302522E+00
 -1.088929195136E+00 -9.844117437369E-01  9.837105190707E-01 -1.088153519700E+00  9.837105200857E-01 -1.088153520820E+00
 -1.112715311912E+00 -1.005914824742E+00  1.005914824742E+00 -1.112715311912E+00  1.005914824742E+00 -1.112715311912E+00
 -7.071067811865E-01 -7.071067811865E-01  6.928505962283E-01 -6.928505959489E-01  6.928505960820E-01 -6.928505960820E-01
 -7.297801338723E-01 -7.297801338723E-01  7.166869072893E-01 -7.166869070282E-01  7.166869072010E-01 -7.166869072010E-01
 -7.792846738030E-01 -7.792846738030E-01  7.685694005877E-01 -7.685694001919E-01  7.685694003962E-01 -7.685694003962E-01
 -8.468842524142E-01 -8.468842524142E-01  8.391178888925E-01 -8.391178894628E-01  8.391178892129E-01 -8.391178892129E-01
 -9.208827005522E-01 -9.208827005522E-01  9.160315501375E-01 -9.160315523085E-01  9.160315511681E-01 -9.160315511681E-01
 -9.884822791634E-01 -9.884822791634E-01  9.860689524096E-01 -9.860689564287E-01  9.860689543917E-01 -9.860689543917E-01
 -1.037986819094E+00 -1.037986819094E+00  1.037247431567E+00 -1.037247433359E+00  1.037247432438E+00 -1.037247432438E+00
 -1.060660171780E+00 -1.060660171780E+00  1.060660171780E+00 -1.060660171780E+00  1.060660171780E+00 -1.060660171780E+00
 -7.071067811865E-01 -7.071067811865E-01  6.928505962283E-01 -6.928505959489E-01  6.928505960820E-01 -6.928505960820E-01
 -7.297801338723E-01 -7.297801338723E-01  7.166869072893E-01 -7.166869070282E-01  7.166869072010E-01 -7.166869072010E-01
 -7.792846738030E-01 -7.792846738030E-01  7.685694005877E-01 -7.685694001919E-01  7.685694003962E-01 -7.685694003962E-01
 -8.468842524142E-01 -8.468842524142E-01  8.391178888925E-01 -8.391178894628E-01  8.391178892129E-01 -8.391178892129E-01
 -9.208827005522E-01 -9.208827005522E-01  9.160315501375E-01 -9.160315523085E-01  9.160315511681E-01 -9.160315511681E-01
 -9.884822791634E-01 -9.884822791634E-01  9.860689524096E-01 -9.860689564287E-01  9.860689543917E-01 -9.860689543917E-01
 -1.037986819094E+00 -1.037986819094E+00  1.037247431567E+00 -1.037247433359E+00  1.037247432438E+00 -1.037247432438E+00
 -1.060660171780E+00 -1.060660171780E+00  1.060660171780E+00 -1.060660171780E+00  1.060660171780E+00 -1.060660171780E+00
 -6.706098831617E-01 -7.418102079413E-01  7.268543585813E-01 -6.570895225830E-01  7.268543569747E-01 -6.570895226140E-01
 -6.921129641672E-01 -7.655963247174E-01  7.518605097310E-01 -6.796955366308E-01  7.518605079242E-01 -6.796955366416E-01
 -7.390623565677E-01 -8.175304512697E-01  8.062892955167E-01 -7.289001455553E-01  8.062892930662E-01 -7.289001456561E-01
 -8.031728229362E-01 -8.884476858381E-01  8.803001673880E-01 -7.958073159913E-01  8.803001646226E-01 -7.958073159752E-01
 -8.733518849679E-01 -9.660778340152E-01  9.609886024949E-01 -8.687511248827E-01  9.609885996462E-01 -8.687511247883E-01
 -9.374623513365E-01 -1.036995068584E+00  1.034463304499E+00 -9.351735898026E-01  1.034463302522E+00 -9.351735888946E-01
 -9.844117437369E-01 -1.088929195136E+00  1.088153521977E+00 -9.837105211177E-01  1.088153520820E+00 -9.837105200857E-01
 -1.005914824742E+00 -1.112715311912E+00  1.112715311912E+00 -1.005914824742E+00  1.112715311912E+00 -1.005914824742E+00
 -5.851452805981E-01 -8.109284805664E-01  7.945791139968E-01 -5.733479966907E-01  7.945791160389E-01 -5.733479967151E-01
 -6.039079422956E-01 -8.369308721881E-01  8.219152162672E-01 -5.930730301344E-01  8.219152186931E-01 -5.930730302309E-01
 -6.448739585740E-01 -8.937039684379E-01  8.814154105737E-01 -6.360068508556E-01  8.814154137050E-01 -6.360068513263E-01
 -7.008139883505E-01 -9.712289265187E-01  9.623222543235E-01 -6.943871632612E-01  9.623222588442E-01 -6.943871644314E-01
 -7.620492131448E-01 -1.056092274897E+00  1.050528844933E+00 -7.580347851278E-01  1.050528850385E+00 -7.580347881059E-01
 -8.179892429213E-01 -1.133617232978E+00  1.130849563650E+00 -8.159921632382E-01  1.130849569250E+00 -8.159921674608E-01
 -8.589552591997E-01 -1.190390329228E+00  1.189542378363E+00 -8.583433988082E-01  1.189542381346E+00 -8.583434016646E-01
 -8.777179208972E-01 -1.216392720850E+00  1.216392720850E+00 -8.777179208972E-01  1.216392720850E+00 -8.777179208972E-01
 -4.572412379666E-01 -8.893427068925E-01  8.714124124793E-01 -4.480226653311E-01  8.714124103825E-01 -4.480226646205E-01
 -4.719026612858E-01 -9.178594477700E-01  9.013918304627E-01 -4.634361005708E-01  9.013918279428E-01 -4.634360996130E-01
 -5.039141165923E-01 -9.801223233594E-01  9.666455079309E-01 -4.969852283698E-01  9.666455041431E-01 -4.969852269139E-01
 -5.476264890834E-01 -1.065143700366E+00  1.055375791623E+00 -5.426044758742E-01  1.055375786019E+00 -5.426044731458E-01
 -5.954766058330E-01 -1.158213066866E+00  1.152111684894E+00 -5.923396783892E-01  1.152111676751E+00 -5.923396743130E-01
 -6.391889783241E-01 -1.243234443872E+00  1.240199164439E+00 -6.376284387728E-01  1.240199155791E+00 -6.376284338129E-01
 -6.712004336306E-01 -1.305497319461E+00  1.304567382531E+00 -6.707223218149E-01  1.304567377694E+00 -6.707223190391E-01
 -6.858618569498E-01 -1.334014060339E+00  1.334014060339E+00 -6.858618569498E-01  1.334014060339E+00 -6.858618569498E-01
 -3.055418788382E-01 -9.521786388467E-01  9.329814869285E-01 -2.993817590410E-01  9.329814888700E-01 -2.993817603132E-01
 -3.153390678391E-01 -9.827102115494E-01  9.650790802936E-01 -3.096814639210E-01  9.650790827275E-01 -3.096814653615E-01
 -3.367300522617E-01 -1.049372230218E+00  1.034943211540E+00 -3.320999648765E-01  1.034943215083E+00 -3.320999668827E-01
 -3.659399294784E-01 -1.140400737455E+00  1.129942671650E+00 -3.625840700941E-01  1.129942677458E+00 -3.625840725309E-01
 -3.979147676170E-01 -1.240045859662E+00  1.233513371370E+00 -3.958185757277E-01  1.233513379787E+00 -3.958185788422E-01
 -4.271246448337E-01 -1.331074366899E+00  1.327824612953E+00 -4.260818409623E-01  1.327824622508E+00 -4.260818436549E-01
 -4.485156292563E-01 -1.397736385567E+00  1.396740734017E+00 -4.481961377392E-01  1.396740739368E+00 -4.481961391962E-01
 -4.583128182573E-01 -1.428267958270E+00  1.428267958270E+00 -4.583128182573E-01  1.428267958270E+00 -4.583128182573E-01
 -1.596528317756E-01 -9.871732235560E-01  9.672705391371E-01 -1.564340262141E-01  9.672705375973E-01 -1.564340246833E-01
 -1.647720938990E-01 -1.018826896318E+00  1.000547787929E+00 -1.618158650535E-01  1.000547786113E+00 -1.618158632832E-01
 -1.759493873375E-01 -1.087938885574E+00  1.072979576176E+00 -1.735300606755E-01  1.072979573527E+00 -1.735300586192E-01
 -1.912122365128E-01 -1.182312883539E+00  1.171470471549E+00 -1.894587247145E-01  1.171470467654E+00 -1.894587221771E-01
 -2.079198429261E-01 -1.285620175351E+00  1.278847618808E+00 -2.068245367765E-01  1.278847612985E+00 -2.068245348947E-01
 -2.231826921014E-01 -1.379994173316E+00  1.376625000646E+00 -2.226378049059E-01  1.376624993925E+00 -2.226378039119E-01
 -2.343599855400E-01 -1.449106162572E+00  1.448073928364E+00 -2.341930445419E-01  1.448073924262E+00 -2.341930444548E-01
 -2.394792476634E-01 -1.480759835334E+00  1.480759835334E+00 -2.394792476634E-01  1.480759835334E+00 -2.394792476634E-01
 -5.034623247436E-02 -9.987318243030E-01  9.785961008348E-01 -4.933118646914E-02  9.785961020388E-01 -4.933118746480E-02
 -5.196058254943E-02 -1.030756123169E+00  1.012262985378E+00 -5.102833943752E-02  1.012262986761E+00 -5.102834055802E-02
 -5.548532187056E-02 -1.100677329968E+00  1.085542860858E+00 -5.472238933827E-02  1.085542862527E+00 -5.472239092389E-02
 -6.029843382264E-02 -1.196156332949E+00  1.185186963465E+00 -5.974546453952E-02  1.185186965528E+00 -5.974546624035E-02
 -6.556714736325E-02 -1.300673227809E+00  1.293821365019E+00 -6.522174218096E-02  1.293821366954E+00 -6.522174395156E-02
 -7.038025931534E-02 -1.396152230790E+00  1.392743600444E+00 -7.020842911070E-02  1.392743602396E+00 -7.020842980780E-02
 -7.390499863647E-02 -1.466073437589E+00  1.465029111512E+00 -7.385235399281E-02  1.465029113021E+00 -7.385235406644E-02
 -7.551934871154E-02 -1.498097736455E+00  1.498097736455E+00 -7.551934871154E-02  1.498097736455E+00 -7.551934871154E-02
 -2.163234161989E-16 -1.000000000000E+00  9.798387096868E-01  1.976094079770E-10  9.798387096774E-01 -2.119620570014E-16
 -2.214798555046E-16 -1.032064962873E+00  1.013548344079E+00  1.846178209557E-10  1.013548344139E+00 -2.175062121884E-16
 -2.327383208513E-16 -1.102074954642E+00  1.086921269656E+00  2.798931965243E-10  1.086921269665E+00 -2.295381363437E-16
 -2.481120121191E-16 -1.197675195524E+00  1.186691899305E+00 -4.032338605250E-10  1.186691899355E+00 -2.458366976411E-16
 -2.649409527626E-16 -1.302324804476E+00  1.295464243301E+00 -1.535100121258E-09  1.295464243224E+00 -2.635452612819E-16
 -2.803146440303E-16 -1.397925045358E+00  1.394512088775E+00 -2.841917948663E-09  1.394512088736E+00 -2.796302713425E-16
 -2.915731093771E-16 -1.467935037127E+00  1.466889386526E+00 -1.267159080537E-09  1.466889386491E+00 -2.913654138049E-16
 -2.967295486828E-16 -1.500000000000E+00  1.500000000000E+00 -2.967295486828E-16  1.500000000000E+00 -2.967295486828E-16
 -2.163234161989E-16 -1.000000000000E+00  9.798387096868E-01  1.976094079770E-10  9.798387096774E-01 -2.119620570014E-16
 -2.214798555046E-16 -1.032064962873E+00  1.013548344079E+00  1.846178209557E-10  1.013548344139E+00 -2.175062121884E-16
 -2.327383208513E-16 -1.102074954642E+00  1.086921269656E+00  2.798931965243E-10  1.086921269665E+00 -2.295381363437E-16
 -2.481120121191E-16 -1.197675195524E+00  1.186691899305E+00 -4.032338605250E-10  1.186691899355E+00 -2.458366976411E-16
 -2.649409527626E-16 -1.302324804476E+00  1.295464243301E+00 -1.535100121258E-09  1.295464243224E+00 -2.635452612819E-16
 -2.803146440303E-16 -1.397925045358E+00  1.394512088775E+00 -2.841917948663E-09  1.394512088736E+00 -2.796302713425E-16
 -2.915731093771E-16 -1.467935037127E+00  1.466889386526E+00 -1.267159080537E-09  1.466889386491E+00 -2.913654138049E-16
 -2.967295486828E-16 -1.500000000000E+00  1.500000000000E+00 -2.967295486828E-16  1.500000000000E+00 -2.967295486828E-16
  5.034623247436E-02 -9.987318243030E-01  9.785961031530E-01  4.933118862278E-02  9.785961020388E-01  4.933118746480E-02
  5.196058254942E-02 -1.030756123169E+00  1.012262988031E+00  5.102834184327E-02  1.012262986761E+00  5.102834055802E-02
  5.548532187056E-02 -1.100677329968E+00  1.085542864188E+00  5.472239272799E-02  1.085542862527E+00  5.472239092389E-02
  6.029843382264E-02 -1.196156332949E+00  1.185186967495E+00  5.974546818436E-02  1.185186965528E+00  5.974546624035E-02
  6.556714736325E-02 -1.300673227809E+00  1.293821369035E+00  6.522174589914E-02  1.293821366954E+00  6.522174395156E-02
  7.038025931534E-02 -1.396152230790E+00  1.392743604436E+00  7.020843056427E-02  1.392743602396E+00  7.020842980780E-02
  7.390499863647E-02 -1.466073437589E+00  1.465029114569E+00  7.385235415541E-02  1.465029113021E+00  7.385235406644E-02
  7.551934871154E-02 -1.498097736455E+00  1.498097736455E+00  7.551934871154E-02  1.498097736455E+00  7.551934871154E-02
  1.596528317756E-01 -9.871732235560E-01  9.672705361360E-01  1.564340232566E-01  9.672705375973E-01  1.564340246833E-01
  1.647720938990E-01 -1.018826896318E+00  1.000547784330E+00  1.618158616361E-01  1.000547786113E+00  1.618158632832E-01
  1.759493873375E-01 -1.087938885574E+00  1.072979570980E+00  1.735300567379E-01  1.072979573527E+00  1.735300586192E-01
  1.912122365128E-01 -1.182312883539E+00  1.171470463630E+00  1.894587198080E-01  1.171470467654E+00  1.894587221771E-01
  2.079198429261E-01 -1.285620175351E+00  1.278847607024E+00  2.068245331453E-01  1.278847612985E+00  2.068245348947E-01
  2.231826921014E-01 -1.379994173316E+00  1.376624986979E+00  2.226378029378E-01  1.376624993925E+00  2.226378039119E-01
  2.343599855400E-01 -1.449106162572E+00  1.448073920133E+00  2.341930443651E-01  1.448073924262E+00  2.341930444548E-01
  2.394792476634E-01 -1.480759835334E+00  1.480759835334E+00  2.394792476634E-01  1.480759835334E+00  2.394792476634E-01
  3.055418788382E-01 -9.521786388467E-01  9.329814908551E-01  2.993817612933E-01  9.329814888700E-01  2.993817603132E-01
  3.153390678391E-01 -9.827102115494E-01  9.650790851866E-01  3.096814664661E-01  9.650790827275E-01  3.096814653615E-01
  3.367300522617E-01 -1.049372230218E+00  1.034943218791E+00  3.320999685316E-01  1.034943215083E+00  3.320999668827E-01
  3.659399294784E-01 -1.140400737455E+00  1.129942683349E+00  3.625840745636E-01  1.129942677458E+00  3.625840725309E-01
  3.979147676170E-01 -1.240045859662E+00  1.233513388428E+00  3.958185817182E-01  1.233513379787E+00  3.958185788422E-01
  4.271246448337E-01 -1.331074366899E+00  1.327824632130E+00  4.260818462630E-01  1.327824622508E+00  4.260818436549E-01
  4.485156292563E-01 -1.397736385567E+00  1.396740744751E+00  4.481961406541E-01  1.396740739368E+00  4.481961391962E-01
  4.583128182573E-01 -1.428267958270E+00  1.428267958270E+00  4.583128182573E-01  1.428267958270E+00  4.583128182573E-01
  4.572412379666E-01 -8.893427068925E-01  8.714124081101E-01  4.480226641472E-01  8.714124103825E-01  4.480226646205E-01
  4.719026612858E-01 -9.178594477700E-01  9.013918252033E-01  4.634360989106E-01  9.013918279428E-01  4.634360996130E-01
  5.039141165923E-01 -9.801223233594E-01  9.666455002186E-01  4.969852258266E-01  9.666455041431E-01  4.969852269139E-01
  5.476264890834E-01 -1.065143700366E+00  1.055375780189E+00  5.426044707620E-01  1.055375786019E+00  5.426044731458E-01
  5.954766058330E-01 -1.158213066866E+00  1.152111668597E+00  5.923396705632E-01  1.152111676751E+00  5.923396743130E-01
  6.391889783241E-01 -1.243234443872E+00  1.240199147130E+00  6.376284289604E-01  1.240199155791E+00  6.376284338129E-01
  6.712004336306E-01 -1.305497319461E+00  1.304567372880E+00  6.707223162858E-01  1.304567377694E+00  6.707223190391E-01
  6.858618569498E-01 -1.334014060339E+00  1.334014060339E+00  6.858618569498E-01  1.334014060339E+00  6.858618569498E-01
  5.851452805981E-01 -8.109284805664E-01  7.945791182101E-01  5.733479967215E-01  7.945791160389E-01  5.733479967151E-01
  6.039079422956E-01 -8.369308721881E-01  8.219152212289E-01  5.930730302632E-01  8.219152186931E-01  5.930730302309E-01
  6.448739585740E-01 -8.937039684379E-01  8.814154170319E-01  6.360068517451E-01  8.814154137050E-01  6.360068513263E-01
  7.008139883505E-01 -9.712289265187E-01  9.623222633926E-01  6.943871653915E-01  9.623222588442E-01  6.943871644314E-01
  7.620492131448E-01 -1.056092274897E+00  1.050528855834E+00  7.580347908928E-01  1.050528850385E+00  7.580347881059E-01
  8.179892429213E-01 -1.133617232978E+00  1.130849574705E+00  8.159921715102E-01  1.130849569250E+00  8.159921674608E-01
  8.589552591997E-01 -1.190390329228E+00  1.189542384308E+00  8.583434045035E-01  1.189542381346E+00  8.583434016646E-01
  8.777179208972E-01 -1.216392720850E+00  1.216392720850E+00  8.777179208972E-01  1.216392720850E+00  8.777179208972E-01
  6.706098831617E-01 -7.418102079413E-01  7.268543554193E-01  6.570895224667E-01  7.268543569747E-01  6.570895226140E-01
  6.921129641672E-01 -7.655963247174E-01  7.518605061540E-01  6.796955364561E-01  7.518605079242E-01  6.796955366416E-01
  7.390623565677E-01 -8.175304512697E-01  8.062892907650E-01  7.289001455973E-01  8.062892930662E-01  7.289001456561E-01
  8.031728229362E-01 -8.884476858381E-01  8.803001619610E-01  7.958073157190E-01  8.803001646226E-01  7.958073159752E-01
  8.733518849679E-01 -9.660778340152E-01  9.609885970262E-01  8.687511246723E-01  9.609885996462E-01  8.687511247883E-01
  9.374623513365E-01 -1.036995068584E+00  1.034463300649E+00  9.351735880077E-01  1.034463302522E+00  9.351735888946E-01
  9.844117437369E-01 -1.088929195136E+00  1.088153519700E+00  9.837105190707E-01  1.088153520820E+00  9.837105200857E-01
  1.005914824742E+00 -1.112715311912E+00  1.112715311912E+00  1.005914824742E+00  1.112715311912E+00  1.005914824742E+00
  7.071067811865E-01 -7.071067811865E-01  6.928505959489E-01  6.928505962283E-01  6.928505960820E-01  6.928505960820E-01
  7.297801338723E-01 -7.297801338723E-01  7.166869070282E-01  7.166869072893E-01  7.166869072010E-01  7.166869072010E-01
  7.792846738030E-01 -7.792846738030E-01  7.685694001919E-01  7.685694005877E-01  7.685694003962E-01  7.685694003962E-01
  8.468842524142E-01 -8.468842524142E-01  8.391178894628E-01  8.391178888925E-01  8.391178892129E-01  8.391178892129E-01
  9.208827005522E-01 -9.208827005522E-01  9.160315523085E-01  9.160315501375E-01  9.160315511681E-01  9.160315511681E-01
  9.884822791634E-01 -9.884822791634E-01  9.860689564287E-01  9.860689524096E-01  9.860689543917E-01  9.860689543917E-01
  1.037986819094E+00 -1.037986819094E+00  1.037247433359E+00  1.037247431567E+00  1.037247432438E+00  1.037247432438E+00
  1.060660171780E+00 -1.060660171780E+00  1.060660171780E+00  1.060660171780E+00  1.060660171780E+00  1.060660171780E+00
  7.071067811865E-01 -7.071067811865E-01  6.928505959489E-01  6.928505962283E-01  6.928505960820E-01  6.928505960820E-01
  7.297801338723E-01 -7.297801338723E-01  7.166869070282E-01  7.166869072893E-01  7.166869072010E-01  7.166869072010E-01
  7.792846738030E-01 -7.792846738030E-01  7.685694001919E-01  7.685694005877E-01  7.685694003962E-01  7.685694003962E-01
  8.468842524142E-01 -8.468842524142E-01  8.391178894628E-01  8.391178888925E-01  8.391178892129E-01  8.391178892129E-01
  9.208827005522E-01 -9.208827005522E-01  9.160315523085E-01  9.160315501375E-01  9.160315511681E-01  9.160315511681E-01
  9.884822791634E-01 -9.884822791634E-01  9.860689564287E-01  9.860689524096E-01  9.860689543917E-01  9.860689543917E-01
  1.037986819094E+00 -1.037986819094E+00  1.037247433359E+00  1.037247431567E+00  1.037247432438E+00  1.037247432438E+00
  1.060660171780E+00 -1.060660171780E+00  1.060660171780E+00  1.060660171780E+00  1.060660171780E+00  1.060660171780E+00
  7.418102079413E-01 -6.706098831617E-01  6.570895225830E-01  7.268543585813E-01  6.570895226140E-01  7.268543569747E-01
  7.655963247174E-01 -6.921129641672E-01  6.796955366308E-01  7.518605097310E-01  6.796955366416E-01  7.518605079242E-01
  8.175304512697E-01 -7.390623565677E-01  7.289001455553E-01  8.062892955167E-01  7.289001456561E-01  8.062892930662E-01
  8.884476858381E-01 -8.031728229362E-01  7.958073159913E-01  8.803001673880E-01  7.958073159752E-01  8.803001646226E-01
  9.660778340152E-01 -8.733518849679E-01  8.687511248827E-01  9.609886024949E-01  8.687511247883E-01  9.609885996462E-01
  1.036995068584E+00 -9.374623513365E-01  9.351735898026E-01  1.034463304499E+00  9.351735888946E-01  1.034463302522E+00
  1.088929195136E+00 -9.844117437369E-01  9.837105211177E-01  1.088153521977E+00  9.837105200857E-01  1.088153520820E+00
  1.112715311912E+00 -1.005914824742E+00  1.005914824742E+00  1.112715311912E+00  1.005914824742E+00  1.112715311912E+00
  8.109284805664E-01 -5.851452805981E-01  5.733479966907E-01  7.945791139968E-01  5.733479967151E-01  7.945791160389E-01
  8.369308721881E-01 -6.039079422956E-01  5.930730301344E-01  8.219152162672E-01  5.930730302309E-01  8.219152186931E-01
  8.937039684379E-01 -6.448739585740E-01  6.360068508556E-01  8.814154105737E-01  6.360068513263E-01  8.814154137050E-01
  9.712289265187E-01 -7.008139883505E-01  6.943871632612E-01  9.623222543235E-01  6.943871644314E-01  9.623222588442E-01
  1.056092274897E+00 -7.620492131448E-01  7.580347851278E-01  1.050528844933E+00  7.580347881059E-01  1.050528850385E+00
  1.133617232978E+00 -8.179892429213E-01  8.159921632382E-01  1.130849563650E+00  8.159921674608E-01  1.130849569250E+00
  1.190390329228E+00 -8.589552591997E-01  8.583433988082E-01  1.189542378363E+00  8.583434016646E-01  1.189542381346E+00
  1.216392720850E+00 -8.777179208972E-01  8.777179208972E-01  1.216392720850E+00  8.777179208972E-01  1.216392720850E+00
  8.893427068925E-01 -4.572412379666E-01  4.480226653311E-01  8.714124124793E-01  4.480226646205E-01  8.714124103825E-01
  9.178594477700E-01 -4.719026612858E-01  4.634361005708E-01  9.013918304627E-01  4.634360996130E-01  9.013918279428E-01
  9.801223233594E-01 -5.039141165923E-01  4.969852283698E-01  9.666455079309E-01  4.969852269139E-01  9.666455041431E-01
  1.065143700366E+00 -5.476264890834E-01  5.426044758742E-01  1.055375791623E+00  5.426044731458E-01  1.055375786019E+00
  1.158213066866E+00 -5.954766058330E-01  5.923396783892E-01  1.152111684894E+00  5.923396743130E-01  1.152111676751E+00
  1.243234443872E+00 -6.391889783241E-01  6.376284387728E-01  1.240199164439E+00  6.376284338129E-01  1.240199155791E+00
  1.305497319461E+00 -6.712004336306E-01  6.707223218149E-01  1.304567382531E+00  6.707223190391E-01  1.304567377694E+00
  1.334014060339E+00 -6.858618569498E-01  6.858618569498E-01  1.334014060339E+00  6.858618569498E-01  1.334014060339E+00
  9.521786388467E-01 -3.055418788382E-01  2.993817590410E-01  9.329814869285E-01  2.993817603132E-01  9.329814888700E-01
  9.827102115494E-01 -3.153390678391E-01  3.096814639210E-01  9.650790802936E-01  3.096814653615E-01  9.650790827275E-01
  1.049372230218E+00 -3.367300522617E-01  3.320999648765E-01  1.034943211540E+00  3.320999668827E-01  1.034943215083E+00
  1.140400737455E+00 -3.659399294784E-01  3.625840700941E-01  1.129942671650E+00  3.625840725309E-01  1.129942677458E+00
  1.240045859662E+00 -3.979147676170E-01  3.958185757277E-01  1.233513371370E+00  3.958185788422E-01  1.233513379787E+00
  1.331074366899E+00 -4.271246448337E-01  4.260818409623E-01  1.327824612953E+00  4.260818436549E-01  1.327824622508E+00
  1.397736385567E+00 -4.485156292563E-01  4.481961377392E-01  1.396740734017E+00  4.481961391962E-01  1.396740739368E+00
  1.428267958270E+00 -4.583128182573E-01  4.583128182573E-01  1.428267958270E+00  4.583128182573E-01  1.428267958270E+00
  9.871732235560E-01 -1.596528317756E-01  1.564340262141E-01  9.672705391371E-01  1.564340246833E-01  9.672705375973E-01
  1.018826896318E+00 -1.647720938990E-01  1.618158650535E-01  1.000547787929E+00  1.618158632832E-01  1.000547786113E+00
  1.087938885574E+00 -1.759493873375E-01  1.735300606755E-01  1.072979576176E+00  1.735300586192E-01  1.072979573527E+00
  1.182312883539E+00 -1.912122365128E-01  1.894587247145E-01  1.171470471549E+00  1.894587221771E-01  1.171470467654E+00
  1.285620175351E+00 -2.079198429261E-01  2.068245367765E-01  1.278847618808E+00  2.068245348947E-01  1.278847612985E+00
  1.379994173316E+00 -2.231826921014E-01  2.226378049059E-01  1.376625000646E+00  2.226378039119E-01  1.376624993925E+00
  1.449106162572E+00 -2.343599855400E-01  2.341930445419E-01  1.448073928364E+00  2.341930444548E-01  1.448073924262E+00
  1.480759835334E+00 -2.394792476634E-01  2.394792476634E-01  1.480759835334E+00  2.394792476634E-01  1.480759835334E+00
  9.987318243030E-01 -5.034623247436E-02  4.933118646914E-02  9.785961008348E-01  4.933118746480E-02  9.785961020388E-01
  1.030756123169E+00 -5.196058254943E-02  5.102833943752E-02  1.012262985378E+00  5.102834055802E-02  1.012262986761E+00
  1.100677329968E+00 -5.548532187056E-02  5.472238933827E-02  1.085542860858E+00  5.472239092389E-02  1.085542862527E+00
  1.196156332949E+00 -6.029843382264E-02  5.974546453952E-02  1.185186963465E+00  5.974546624035E-02  1.185186965528E+00
  1.300673227809E+00 -6.556714736325E-02  6.522174218096E-02  1.293821365019E+00  6.522174395156E-02  1.293821366954E+00
  1.396152230790E+00 -7.038025931534E-02  7.020842911070E-02  1.392743600444E+00  7.020842980780E-02  1.392743602396E+00
  1.466073437589E+00 -7.390499863647E-02  7.385235399281E-02  1.465029111512E+00  7.385235406644E-02  1.465029113021E+00
  1.498097736455E+00 -7.551934871154E-02  7.551934871154E-02  1.498097736455E+00  7.551934871154E-02  1.498097736455E+00
  1.000000000000E+00  2.775557561563E-17 -1.976095054749E-10  9.798387096868E-01 -2.719598739757E-17  9.798387096774E-01
  1.032064962873E+00  2.953553861887E-17 -1.846178687569E-10  1.013548344079E+00 -2.900563175509E-17  1.013548344139E+00
  1.102074954642E+00  3.342187385967E-17 -2.798931559482E-10  1.086921269656E+00 -3.296231841323E-17  1.086921269665E+00
  1.197675195524E+00  3.872875328905E-17  4.032338456448E-10  1.186691899305E+00 -3.837359074645E-17  1.186691899355E+00
  1.302324804476E+00  4.453797355784E-17  1.535100001123E-09  1.295464243301E+00 -4.430335044801E-17  1.295464243224E+00
  1.397925045358E+00  4.984485298722E-17  2.841917654335E-09  1.394512088775E+00 -4.972315953758E-17  1.394512088736E+00
  1.467935037127E+00  5.373118822801E-17  1.267158711139E-09  1.466889386526E+00 -5.369291401985E-17  1.466889386491E+00
  1.500000000000E+00  5.551115123126E-17 -5.551115123126E-17  1.500000000000E+00 -5.551115123126E-17  1.500000000000E+00
