# x y ux uy ux_exact uy_exact
  5.000000000000E-01  1.387778780781E-17 -3.959466012198E-16  9.183673487306E-02 -2.548981434088E-18  9.183673469388E-02
  5.320649628726E-01  1.476776930944E-17  8.962872684213E-09  1.548463609734E-01 -4.297850831376E-18  1.548463952214E-01
  6.020749546417E-01  1.671093692983E-17 -1.665162836308E-08  2.821769154143E-01 -7.831981330210E-18  2.821768656025E-01
  6.976751955244E-01  1.936437664453E-17  2.338894228369E-08  4.397852304072E-01 -1.220649347748E-17  4.397852758133E-01
  8.023248044756E-01  2.226898677892E-17 -2.479476648223E-08  5.980364957954E-01 -1.659884629604E-17  5.980364639489E-01
  8.979250453583E-01  2.492242649361E-17  1.902134198002E-08  7.338584926517E-01 -2.036866539347E-17  7.338585110085E-01
  9.679350371274E-01  2.686559411401E-17 -9.452872665123E-09  8.295063575683E-01 -2.302342623558E-17  8.295063505226E-01
  1.000000000000E+00  2.775557561563E-17 -2.094473453391E-10  8.724489794909E-01 -2.421532362384E-17  8.724489795918E-01
  4.993659121515E-01  2.517311623718E-02 -4.623633733492E-03  9.172026473102E-02 -4.623633594584E-03  9.172026957885E-02
  5.313902110175E-01  2.678746631225E-02 -7.795923896912E-03  1.546499886285E-01 -7.795932611634E-03  1.546500227862E-01
  6.013114178165E-01  3.031220563338E-02 -1.420656088743E-02  2.818190642350E-01 -1.420654207451E-02  2.818190157592E-01
  6.967904207970E-01  3.512531758546E-02 -2.214150596906E-02  4.392275064108E-01 -2.214153173490E-02  4.392275508147E-01
  8.013073156575E-01  4.039403112607E-02 -3.010890917671E-02  5.972780792785E-01 -3.010888284212E-02  5.972780486395E-01
  8.967863186381E-01  4.520714307816E-02 -3.694699162922E-02  7.329278324738E-01 -3.694701119852E-02  7.329278494798E-01
  9.667075254371E-01  4.873188239929E-02 -4.176252981326E-02  8.284543980109E-01 -4.176251956237E-02  8.284543907284E-01
  9.987318243030E-01  5.034623247436E-02 -4.392452005976E-02  8.713425617588E-01 -4.392451914855E-02  8.713425609991E-01
  4.935866117780E-01  7.982641588779E-02 -1.466199552227E-02  9.065877210725E-02 -1.466199475490E-02  9.065876542862E-02
  5.252402845402E-01  8.494567801117E-02 -2.472165343286E-02  1.528601842681E-01 -2.472166548734E-02  1.528602151268E-01
  5.943522737960E-01  9.612297144970E-02 -4.505036016198E-02  2.785574932858E-01 -4.505033565499E-02  2.785574460297E-01
  6.887262717609E-01  1.113858206250E-01 -7.021293433685E-02  4.341442078191E-01 -7.021296465680E-02  4.341442483971E-01
  7.920335635732E-01  1.280934270383E-01 -9.547824433430E-02  5.903656115987E-01 -9.547821497450E-02  5.903655839205E-01
  8.864075615381E-01  1.433562762137E-01 -1.171625671095E-01  7.244454566410E-01 -1.171625894051E-01  7.244454719463E-01
  9.555195507939E-01  1.545335696522E-01 -1.324330470781E-01  8.188664628186E-01 -1.324330378368E-01  8.188664580056E-01
  9.871732235560E-01  1.596528317756E-01 -1.392889490801E-01  8.612582705333E-01 -1.392889501715E-01  8.612582715719E-01
  4.760893194234E-01  1.527709394191E-01 -2.805996641099E-02  8.744496970016E-02 -2.805996846473E-02  8.744497703695E-02
  5.066208921261E-01  1.625681284201E-01 -4.731204010308E-02  1.474413963681E-01 -4.731205852727E-02  1.474414298323E-01
  5.732829107945E-01  1.839591128426E-01 -8.621688016010E-02  2.686828253859E-01 -8.621684968084E-02  2.686827838034E-01
  6.643114180315E-01  2.131689900593E-01 -1.343727829249E-01  4.187541085071E-01 -1.343728194574E-01  4.187541453088E-01
  7.639565402386E-01  2.451438281979E-01 -1.827252179298E-01  5.694375687003E-01 -1.827251848087E-01  5.694375462236E-01
  8.549850474757E-01  2.743537054146E-01 -2.242244846677E-01  6.987643867740E-01 -2.242245082549E-01  6.987643981182E-01
  9.216470661440E-01  2.957446898372E-01 -2.534489402272E-01  7.898382326848E-01 -2.534489288469E-01  7.898382277554E-01
  9.521786388467E-01  3.055418788382E-01 -2.665697010250E-01  8.307272831224E-01 -2.665697004149E-01  8.307272818510E-01
  4.446713534462E-01  2.286206189833E-01 -4.199154544580E-02  8.167433704278E-02 -4.199154226224E-02  8.167433022482E-02
  4.731880943238E-01  2.432820423025E-01 -7.080213617076E-02  1.377114876842E-01 -7.080215744570E-02  1.377115122788E-01
  5.354509699132E-01  2.752934976090E-01 -1.290229370055E-01  2.509519750341E-01 -1.290228993536E-01  2.509519374773E-01
  6.204723469194E-01  3.190058701001E-01 -2.010879227015E-01  3.911197985054E-01 -2.010879639524E-01  3.911198276433E-01
  7.135417134193E-01  3.668559868497E-01 -2.734469699242E-01  5.318593847975E-01 -2.734469331252E-01  5.318593676688E-01
  7.985630904255E-01  4.105683593408E-01 -3.355503488326E-01  6.526517064996E-01 -3.355503740658E-01  6.526517146564E-01
  8.608259660149E-01  4.425798146473E-01 -3.792845219075E-01  7.377154239656E-01 -3.792845106141E-01  7.377154231583E-01
  8.893427068925E-01  4.572412379666E-01 -3.989196512295E-01  7.759061354011E-01 -3.989196514912E-01  7.759061371358E-01
  4.054642402832E-01  2.925726402991E-01 -5.373782857308E-02  7.447301859878E-02 -5.373783189166E-02  7.447302372549E-02
  4.314666319049E-01  3.113353019965E-01 -9.060761095495E-02  1.255693269086E-01 -9.060763738144E-02  1.255693519981E-01
  4.882397281547E-01  3.523013182749E-01 -1.651145036364E-01  2.288252873845E-01 -1.651144612012E-01  2.288252568740E-01
  5.657646862355E-01  4.082413480515E-01 -2.573382327423E-01  3.566343822704E-01 -2.573382786187E-01  3.566344054908E-01
  6.506280346142E-01  4.694765728457E-01 -3.499382529801E-01  4.849648126238E-01 -3.499382145053E-01  4.849648010334E-01
  7.281529926949E-01  5.254166026223E-01 -4.294138179386E-01  5.951067643853E-01 -4.294138443434E-01  5.951067672829E-01
  7.849260889447E-01  5.663826189007E-01 -4.853817376331E-01  6.726703262696E-01 -4.853817262345E-01  6.726703244495E-01
  8.109284805664E-01  5.851452805981E-01 -5.105094028169E-01  7.074937270445E-01 -5.105094029708E-01  7.074937253921E-01
  3.709051039706E-01  3.353049415808E-01 -6.158662466644E-02  6.812543086544E-02 -6.158662192301E-02  6.812542725991E-02
  3.946912207468E-01  3.568080225864E-01 -1.038414944214E-01  1.148666155646E-01 -1.038415230074E-01  1.148666366382E-01
  4.466253472990E-01  4.037574149868E-01 -1.892306407042E-01  2.093217054802E-01 -1.892305948726E-01  2.093216793488E-01
  5.175425818674E-01  4.678678813554E-01 -2.949243046568E-01  3.262371889620E-01 -2.949243524294E-01  3.262372069006E-01
  5.951727300445E-01  5.380469433871E-01 -4.010492028431E-01  4.436295605254E-01 -4.010491632152E-01  4.436295536784E-01
  6.660899646129E-01  6.021574097557E-01 -4.921327438283E-01  5.443837332039E-01 -4.921327703246E-01  5.443837346507E-01
  7.180240911651E-01  6.491068021561E-01 -5.562751682891E-01  6.153362764045E-01 -5.562751568058E-01  6.153362783698E-01
  7.418102079413E-01  6.706098831617E-01 -5.850729081203E-01  6.471915576112E-01 -5.850729082686E-01  6.471915589692E-01
  3.535533905933E-01  3.535533905933E-01 -6.493837799077E-02  6.493837799077E-02 -6.493837786407E-02  6.493837786407E-02
  3.762267432790E-01  3.762267432790E-01 -1.094929055486E-01  1.094929182241E-01 -1.094929361034E-01  1.094929361034E-01
  4.257312832097E-01  4.257312832097E-01 -1.995292221582E-01  1.995291986092E-01 -1.995291751615E-01  1.995291751615E-01
  4.933308618209E-01  4.933308618209E-01 -3.109751021482E-01  3.109751352251E-01 -3.109751507936E-01  3.109751507936E-01
  5.673293099589E-01  5.673293099589E-01 -4.228756791065E-01  4.228756440414E-01 -4.228756390551E-01  4.228756390551E-01
  6.349288885701E-01  6.349288885701E-01 -5.189163031352E-01  5.189163300355E-01 -5.189163295656E-01  5.189163295656E-01
  6.844334285008E-01  6.844334285008E-01 -5.865495771581E-01  5.865495637897E-01 -5.865495654919E-01  5.865495654919E-01
  7.071067811865E-01  7.071067811865E-01 -6.169145897854E-01  6.169145894892E-01 -6.169145897087E-01  6.169145897087E-01
  3.535533905933E-01  3.535533905933E-01 -6.493837799077E-02  6.493837799077E-02 -6.493837786407E-02  6.493837786407E-02
  3.762267432790E-01  3.762267432790E-01 -1.094929055486E-01  1.094929182241E-01 -1.094929361034E-01  1.094929361034E-01
  4.257312832097E-01  4.257312832097E-01 -1.995292221582E-01  1.995291986092E-01 -1.995291751615E-01  1.995291751615E-01
  4.933308618209E-01  4.933308618209E-01 -3.109751021482E-01  3.109751352251E-01 -3.109751507936E-01  3.109751507936E-01
  5.673293099589E-01  5.673293099589E-01 -4.228756791065E-01  4.228756440414E-01 -4.228756390551E-01  4.228756390551E-01
  6.349288885701E-01  6.349288885701E-01 -5.189163031352E-01  5.189163300355E-01 -5.189163295656E-01  5.189163295656E-01
  6.844334285008E-01  6.844334285008E-01 -5.865495771581E-01  5.865495637897E-01 -5.865495654919E-01  5.865495654919E-01
  7.071067811865E-01  7.071067811865E-01 -6.169145897854E-01  6.169145894892E-01 -6.169145897087E-01  6.169145897087E-01
  3.353049415808E-01  3.709051039706E-01 -6.812542393020E-02  6.158661839685E-02 -6.812542725991E-02  6.158662192301E-02
  3.568080225864E-01  3.946912207468E-01 -1.148666063227E-01  1.038415050165E-01 -1.148666366382E-01  1.038415230074E-01
  4.037574149868E-01  4.466253472990E-01 -2.093217269291E-01  1.892306158474E-01 -2.093216793488E-01  1.892305948726E-01
  4.678678813554E-01  5.175425818674E-01 -3.262371572832E-01  2.949243392504E-01 -3.262372069006E-01  2.949243524294E-01
  5.380469433871E-01  5.951727300445E-01 -4.436295939649E-01  4.010491662589E-01 -4.436295536784E-01  4.010491632152E-01
  6.021574097557E-01  6.660899646129E-01 -5.443837087880E-01  4.921327721371E-01 -5.443837346507E-01  4.921327703246E-01
  6.491068021561E-01  7.180240911651E-01 -6.153362907678E-01  5.562751547069E-01 -6.153362783698E-01  5.562751568058E-01
  6.706098831617E-01  7.418102079413E-01 -6.471915601507E-01  5.850729081615E-01 -6.471915589692E-01  5.850729082686E-01
  2.925726402991E-01  4.054642402832E-01 -7.447302899061E-02  5.373783607156E-02 -7.447302372549E-02  5.373783189166E-02
  3.113353019965E-01  4.314666319049E-01 -1.255693216539E-01  9.060762408488E-02 -1.255693519981E-01  9.060763738144E-02
  3.523013182749E-01  4.882397281547E-01 -2.288253076182E-01  1.651144772873E-01 -2.288252568740E-01  1.651144612012E-01
  4.082413480515E-01  5.657646862355E-01 -3.566343553584E-01  2.573382713652E-01 -3.566344054908E-01  2.573382786187E-01
  4.694765728457E-01  6.506280346142E-01 -4.849648413653E-01  3.499382133162E-01 -4.849648010334E-01  3.499382145053E-01
  5.254166026223E-01  7.281529926949E-01 -5.951067406950E-01  4.294138492862E-01 -5.951067672829E-01  4.294138443434E-01
  5.663826189007E-01  7.849260889447E-01 -6.726703343874E-01  4.853817231031E-01 -6.726703244495E-01  4.853817262345E-01
  5.851452805981E-01  8.109284805664E-01 -7.074937238860E-01  5.105094030082E-01 -7.074937253921E-01  5.105094029708E-01
  2.286206189833E-01  4.446713534462E-01 -8.167432358471E-02  4.199153852656E-02 -8.167433022482E-02  4.199154226224E-02
  2.432820423025E-01  4.731880943238E-01 -1.377114755882E-01  7.080214681086E-02 -1.377115122788E-01  7.080215744570E-02
  2.752934976090E-01  5.354509699132E-01 -2.509519884327E-01  1.290229072048E-01 -2.509519374773E-01  1.290228993536E-01
  3.190058701001E-01  6.204723469194E-01 -3.911197757882E-01  2.010879637620E-01 -3.911198276433E-01  2.010879639524E-01
  3.668559868497E-01  7.135417134193E-01 -5.318594069823E-01  2.734469255984E-01 -5.318593676688E-01  2.734469331252E-01
  4.105683593408E-01  7.985630904255E-01 -6.526516899561E-01  3.355503827230E-01 -6.526517146564E-01  3.355503740658E-01
  4.425798146473E-01  8.608259660149E-01 -7.377154346910E-01  3.792845060526E-01 -7.377154231583E-01  3.792845106141E-01
  4.572412379666E-01  8.893427068925E-01 -7.759061384662E-01  3.989196519589E-01 -7.759061371358E-01  3.989196514912E-01
  1.527709394191E-01  4.760893194234E-01 -8.744498410909E-02  2.805997103463E-02 -8.744497703695E-02  2.805996846473E-02
  1.625681284201E-01  5.066208921261E-01 -1.474413973976E-01  4.731205617993E-02 -1.474414298323E-01  4.731205852727E-02
  1.839591128426E-01  5.732829107945E-01 -2.686828369839E-01  8.621684961356E-02 -2.686827838034E-01  8.621684968084E-02
  2.131689900593E-01  6.643114180315E-01 -4.187540955364E-01  1.343728280225E-01 -4.187541453088E-01  1.343728194574E-01
  2.451438281979E-01  7.639565402386E-01 -5.694375843563E-01  1.827251708997E-01 -5.694375462236E-01  1.827251848087E-01
  2.743537054146E-01  8.549850474757E-01 -6.987643745079E-01  2.242245203298E-01 -6.987643981182E-01  2.242245082549E-01
  2.957446898372E-01  9.216470661440E-01 -7.898382363118E-01  2.534489214321E-01 -7.898382277554E-01  2.534489288469E-01
  3.055418788382E-01  9.521786388467E-01 -8.307272804393E-01  2.665696993734E-01 -8.307272818510E-01  2.665697004149E-01
  7.982641588779E-02  4.935866117780E-01 -9.065875945689E-02  1.466199347636E-02 -9.065876542862E-02  1.466199475490E-02
  8.494567801117E-02  5.252402845402E-01 -1.528601786994E-01  2.472166643273E-02 -1.528602151268E-01  2.472166548734E-02
  9.612297144970E-02  5.943522737960E-01 -2.785574976101E-01  4.505032722293E-02 -2.785574460297E-01  4.505033565499E-02
  1.113858206250E-01  6.887262717609E-01 -4.341441995383E-01  7.021298067700E-02 -4.341442483971E-01  7.021296465680E-02
  1.280934270383E-01  7.920335635732E-01 -5.903656193220E-01  9.547819596432E-02 -5.903655839205E-01  9.547821497450E-02
  1.433562762137E-01  8.864075615381E-01 -7.244454512264E-01  1.171626060272E-01 -7.244454719463E-01  1.171625894051E-01
  1.545335696522E-01  9.555195507939E-01 -8.188664673527E-01  1.324330310637E-01 -8.188664580056E-01  1.324330378368E-01
  1.596528317756E-01  9.871732235560E-01 -8.612582726314E-01  1.392889514488E-01 -8.612582715719E-01  1.392889501715E-01
  2.517311623718E-02  4.993659121515E-01 -9.172027406824E-02  4.623634204183E-03 -9.172026957885E-02  4.623633594584E-03
  2.678746631225E-02  5.313902110175E-01 -1.546499876716E-01  7.795937923778E-03 -1.546500227862E-01  7.795932611634E-03
  3.031220563338E-02  6.013114178165E-01 -2.818190666448E-01  1.420652814440E-02 -2.818190157592E-01  1.420654207451E-02
  3.512531758546E-02  6.967904207970E-01 -4.392275043498E-01  2.214155283068E-02 -4.392275508147E-01  2.214153173490E-02
  4.039403112607E-02  8.013073156575E-01 -5.972780815022E-01  3.010885966249E-02 -5.972780486395E-01  3.010888284212E-02
  4.520714307816E-02  8.967863186381E-01 -7.329278297211E-01  3.694702891119E-02 -7.329278494798E-01  3.694701119852E-02
  4.873188239929E-02  9.667075254371E-01 -8.284543974586E-01  4.176251005284E-02 -8.284543907284E-01  4.176251956237E-02
  5.034623247436E-02  9.987318243030E-01 -8.713425599340E-01  4.392451829313E-02 -8.713425609991E-01  4.392451914855E-02
  3.061616997868E-17  5.000000000000E-01 -9.183673487306E-02  3.505101095658E-16 -9.183673469388E-02  5.623378159350E-18
  3.257958268602E-17  5.320649628726E-01 -1.548463609734E-01  8.962872862389E-09 -1.548463952214E-01  9.481607113371E-18
  3.686645830244E-17  6.020749546417E-01 -2.821769154143E-01 -1.665162836971E-08 -2.821768656025E-01  1.727834976267E-17
  4.272028475217E-17  6.976751955244E-01 -4.397852304072E-01  2.338894222987E-08 -4.397852758133E-01  2.692908151685E-17
  4.912822518388E-17  8.023248044756E-01 -5.980364957954E-01 -2.479476653826E-08 -5.980364639489E-01  3.661917206742E-17
  5.498205163361E-17  8.979250453583E-01 -7.338584926517E-01  1.902134193944E-08 -7.338585110085E-01  4.493587382668E-17
  5.926892725003E-17  9.679350371274E-01 -8.295063575683E-01 -9.452872711231E-09 -8.295063505226E-01  5.079261485200E-17
  6.123233995737E-17  1.000000000000E+00 -8.724489794909E-01 -2.094474459221E-10 -8.724489795918E-01  5.342209251383E-17
  3.061616997868E-17  5.000000000000E-01 -9.183673487306E-02  3.505101095658E-16 -9.183673469388E-02  5.623378159350E-18
  3.257958268602E-17  5.320649628726E-01 -1.548463609734E-01  8.962872862389E-09 -1.548463952214E-01  9.481607113371E-18
  3.686645830244E-17  6.020749546417E-01 -2.821769154143E-01 -1.665162836971E-08 -2.821768656025E-01  1.727834976267E-17
  4.272028475217E-17  6.976751955244E-01 -4.397852304072E-01  2.338894222987E-08 -4.397852758133E-01  2.692908151685E-17
  4.912822518388E-17  8.023248044756E-01 -5.980364957954E-01 -2.479476653826E-08 -5.980364639489E-01  3.661917206742E-17
  5.498205163361E-17  8.979250453583E-01 -7.338584926517E-01  1.902134193944E-08 -7.338585110085E-01  4.493587382668E-17
  5.926892725003E-17  9.679350371274E-01 -8.295063575683E-01 -9.452872711231E-09 -8.295063505226E-01  5.079261485200E-17
  6.123233995737E-17  1.000000000000E+00 -8.724489794909E-01 -2.094474459221E-10 -8.724489795918E-01  5.342209251383E-17
 -2.517311623718E-02  4.993659121515E-01 -9.172026473102E-02 -4.623633733492E-03 -9.172026957885E-02 -4.623633594584E-03
 -2.678746631225E-02  5.313902110175E-01 -1.546499886285E-01 -7.795923896912E-03 -1.546500227862E-01 -7.795932611634E-03
 -3.031220563338E-02  6.013114178165E-01 -2.818190642350E-01 -1.420656088743E-02 -2.818190157592E-01 -1.420654207451E-02
 -3.512531758546E-02  6.967904207970E-01 -4.392275064108E-01 -2.214150596906E-02 -4.392275508147E-01 -2.214153173490E-02
 -4.039403112607E-02  8.013073156575E-01 -5.972780792785E-01 -3.010890917671E-02 -5.972780486395E-01 -3.010888284212E-02
 -4.520714307816E-02  8.967863186381E-01 -7.329278324738E-01 -3.694699162922E-02 -7.329278494798E-01 -3.694701119852E-02
 -4.873188239929E-02  9.667075254371E-01 -8.284543980109E-01 -4.176252981326E-02 -8.284543907284E-01 -4.176251956237E-02
 -5.034623247436E-02  9.987318243030E-01 -8.713425617588E-01 -4.392452005976E-02 -8.713425609991E-01 -4.392451914855E-02
 -7.982641588779E-02  4.935866117780E-01 -9.065877210725E-02 -1.466199552227E-02 -9.065876542862E-02 -1.466199475490E-02
 -8.494567801117E-02  5.252402845402E-01 -1.528601842681E-01 -2.472165343286E-02 -1.528602151268E-01 -2.472166548734E-02
 -9.612297144970E-02  5.943522737960E-01 -2.785574932858E-01 -4.505036016198E-02 -2.785574460297E-01 -4.505033565499E-02
 -1.113858206250E-01  6.887262717609E-01 -4.341442078191E-01 -7.021293433685E-02 -4.341442483971E-01 -7.021296465680E-02
 -1.280934270383E-01  7.920335635732E-01 -5.903656115987E-01 -9.547824433430E-02 -5.903655839205E-01 -9.547821497450E-02
 -1.433562762137E-01  8.864075615381E-01 -7.244454566410E-01 -1.171625671095E-01 -7.244454719463E-01 -1.171625894051E-01
 -1.545335696522E-01  9.555195507939E-01 -8.188664628186E-01 -1.324330470781E-01 -8.188664580056E-01 -1.324330378368E-01
 -1.596528317756E-01  9.871732235560E-01 -8.612582705333E-01 -1.392889490801E-01 -8.612582715719E-01 -1.392889501715E-01
 -1.527709394191E-01  4.760893194234E-01 -8.744496970016E-02 -2.805996641099E-02 -8.744497703695E-02 -2.805996846473E-02
 -1.625681284201E-01  5.066208921261E-01 -1.474413963681E-01 -4.731204010308E-02 -1.474414298323E-01 -4.731205852727E-02
 -1.839591128426E-01  5.732829107945E-01 -2.686828253859E-01 -8.621688016010E-02 -2.686827838034E-01 -8.621684968084E-02
 -2.131689900593E-01  6.643114180315E-01 -4.187541085071E-01 -1.343727829249E-01 -4.187541453088E-01 -1.343728194574E-01
 -2.451438281979E-01  7.639565402386E-01 -5.694375687003E-01 -1.827252179298E-01 -5.694375462236E-01 -1.827251848087E-01
 -2.743537054146E-01  8.549850474757E-01 -6.987643867740E-01 -2.242244846677E-01 -6.987643981182E-01 -2.242245082549E-01
 -2.957446898372E-01  9.216470661440E-01 -7.898382326848E-01 -2.534489402272E-01 -7.898382277554E-01 -2.534489288469E-01
 -3.055418788382E-01  9.521786388467E-01 -8.307272831224E-01 -2.665697010250E-01 -8.307272818510E-01 -2.665697004149E-01
 -2.286206189833E-01  4.446713534462E-01 -8.167433704278E-02 -4.199154544580E-02 -8.167433022482E-02 -4.199154226224E-02
 -2.432820423025E-01  4.731880943238E-01 -1.377114876842E-01 -7.080213617076E-02 -1.377115122788E-01 -7.080215744570E-02
 -2.752934976090E-01  5.354509699132E-01 -2.509519750341E-01 -1.290229370055E-01 -2.509519374773E-01 -1.290228993536E-01
 -3.190058701001E-01  6.204723469194E-01 -3.911197985054E-01 -2.010879227015E-01 -3.911198276433E-01 -2.010879639524E-01
 -3.668559868497E-01  7.135417134193E-01 -5.318593847975E-01 -2.734469699242E-01 -5.318593676688E-01 -2.734469331252E-01
 -4.105683593408E-01  7.985630904255E-01 -6.526517064996E-01 -3.355503488326E-01 -6.526517146564E-01 -3.355503740658E-01
 -4.425798146473E-01  8.608259660149E-01 -7.377154239656E-01 -3.792845219075E-01 -7.377154231583E-01 -3.792845106141E-01
 -4.572412379666E-01  8.893427068925E-01 -7.759061354011E-01 -3.989196512295E-01 -7.759061371358E-01 -3.989196514912E-01
 -2.925726402991E-01  4.054642402832E-01 -7.447301859878E-02 -5.373782857308E-02 -7.447302372549E-02 -5.373783189166E-02
 -3.113353019965E-01  4.314666319049E-01 -1.255693269086E-01 -9.060761095495E-02 -1.255693519981E-01 -9.060763738144E-02
 -3.523013182749E-01  4.882397281547E-01 -2.288252873845E-01 -1.651145036364E-01 -2.288252568740E-01 -1.651144612012E-01
 -4.082413480515E-01  5.657646862355E-01 -3.566343822704E-01 -2.573382327423E-01 -3.566344054908E-01 -2.573382786187E-01
 -4.694765728457E-01  6.506280346142E-01 -4.849648126238E-01 -3.499382529802E-01 -4.849648010334E-01 -3.499382145053E-01
 -5.254166026223E-01  7.281529926949E-01 -5.951067643853E-01 -4.294138179386E-01 -5.951067672829E-01 -4.294138443434E-01
 -5.663826189007E-01  7.849260889447E-01 -6.726703262696E-01 -4.853817376331E-01 -6.726703244495E-01 -4.853817262345E-01
 -5.851452805981E-01  8.109284805664E-01 -7.074937270445E-01 -5.105094028169E-01 -7.074937253921E-01 -5.105094029708E-01
 -3.353049415808E-01  3.709051039706E-01 -6.812543086544E-02 -6.158662466644E-02 -6.812542725991E-02 -6.158662192301E-02
 -3.568080225864E-01  3.946912207468E-01 -1.148666155646E-01 -1.038414944214E-01 -1.148666366382E-01 -1.038415230074E-01
 -4.037574149868E-01  4.466253472990E-01 -2.093217054802E-01 -1.892306407042E-01 -2.093216793488E-01 -1.892305948726E-01
 -4.678678813554E-01  5.175425818674E-01 -3.262371889620E-01 -2.949243046568E-01 -3.262372069006E-01 -2.949243524294E-01
 -5.380469433871E-01  5.951727300445E-01 -4.436295605254E-01 -4.010492028431E-01 -4.436295536784E-01 -4.010491632152E-01
 -6.021574097557E-01  6.660899646129E-01 -5.443837332039E-01 -4.921327438283E-01 -5.443837346507E-01 -4.921327703246E-01
 -6.491068021561E-01  7.180240911651E-01 -6.153362764045E-01 -5.562751682891E-01 -6.153362783698E-01 -5.562751568058E-01
 -6.706098831617E-01  7.418102079413E-01 -6.471915576112E-01 -5.850729081203E-01 -6.471915589692E-01 -5.850729082686E-01
 -3.535533905933E-01  3.535533905933E-01 -6.493837799077E-02 -6.493837799077E-02 -6.493837786407E-02 -6.493837786407E-02
 -3.762267432790E-01  3.762267432790E-01 -1.094929182241E-01 -1.094929055486E-01 -1.094929361034E-01 -1.094929361034E-01
 -4.257312832097E-01  4.257312832097E-01 -1.995291986092E-01 -1.995292221582E-01 -1.995291751615E-01 -1.995291751615E-01
 -4.933308618209E-01  4.933308618209E-01 -3.109751352251E-01 -3.109751021482E-01 -3.109751507936E-01 -3.109751507936E-01
 -5.673293099589E-01  5.673293099589E-01 -4.228756440414E-01 -4.228756791065E-01 -4.228756390551E-01 -4.228756390551E-01
 -6.349288885701E-01  6.349288885701E-01 -5.189163300355E-01 -5.189163031352E-01 -5.189163295656E-01 -5.189163295656E-01
 -6.844334285008E-01  6.844334285008E-01 -5.865495637897E-01 -5.865495771581E-01 -5.865495654919E-01 -5.865495654919E-01
 -7.071067811865E-01  7.071067811865E-01 -6.169145894892E-01 -6.169145897854E-01 -6.169145897087E-01 -6.169145897087E-01
 -3.535533905933E-01  3.535533905933E-01 -6.493837799077E-02 -6.493837799077E-02 -6.493837786407E-02 -6.493837786407E-02
 -3.762267432790E-01  3.762267432790E-01 -1.094929182241E-01 -1.094929055486E-01 -1.094929361034E-01 -1.094929361034E-01
 -4.257312832097E-01  4.257312832097E-01 -1.995291986092E-01 -1.995292221582E-01 -1.995291751615E-01 -1.995291751615E-01
 -4.933308618209E-01  4.933308618209E-01 -3.109751352251E-01 -3.109751021482E-01 -3.109751507936E-01 -3.109751507936E-01
 -5.673293099589E-01  5.673293099589E-01 -4.228756440414E-01 -4.228756791065E-01 -4.228756390551E-01 -4.228756390551E-01
 -6.349288885701E-01  6.349288885701E-01 -5.189163300355E-01 -5.189163031352E-01 -5.189163295656E-01 -5.189163295656E-01
 -6.844334285008E-01  6.844334285008E-01 -5.865495637897E-01 -5.865495771581E-01 -5.865495654919E-01 -5.865495654919E-01
 -7.071067811865E-01  7.071067811865E-01 -6.169145894892E-01 -6.169145897854E-01 -6.169145897087E-01 -6.169145897087E-01
 -3.709051039706E-01  3.353049415808E-01 -6.158661839685E-02 -6.812542393020E-02 -6.158662192301E-02 -6.812542725991E-02
 -3.946912207468E-01  3.568080225864E-01 -1.038415050165E-01 -1.148666063227E-01 -1.038415230074E-01 -1.148666366382E-01
 -4.466253472990E-01  4.037574149868E-01 -1.892306158474E-01 -2.093217269291E-01 -1.892305948726E-01 -2.093216793488E-01
 -5.175425818674E-01  4.678678813554E-01 -2.949243392504E-01 -3.262371572832E-01 -2.949243524294E-01 -3.262372069006E-01
 -5.951727300445E-01  5.380469433871E-01 -4.010491662589E-01 -4.436295939649E-01 -4.010491632152E-01 -4.436295536784E-01
 -6.660899646129E-01  6.021574097557E-01 -4.921327721371E-01 -5.443837087880E-01 -4.921327703246E-01 -5.443837346507E-01
 -7.180240911651E-01  6.491068021561E-01 -5.562751547069E-01 -6.153362907678E-01 -5.562751568058E-01 -6.153362783698E-01
 -7.418102079413E-01  6.706098831617E-01 -5.850729081615E-01 -6.471915601507E-01 -5.850729082686E-01 -6.471915589692E-01
 -4.054642402832E-01  2.925726402991E-01 -5.373783607156E-02 -7.447302899061E-02 -5.373783189166E-02 -7.447302372549E-02
 -4.314666319049E-01  3.113353019965E-01 -9.060762408488E-02 -1.255693216539E-01 -9.060763738144E-02 -1.255693519981E-01
 -4.882397281547E-01  3.523013182749E-01 -1.651144772873E-01 -2.288253076182E-01 -1.651144612012E-01 -2.288252568740E-01
 -5.657646862355E-01  4.082413480515E-01 -2.573382713652E-01 -3.566343553584E-01 -2.573382786187E-01 -3.566344054908E-01
 -6.506280346142E-01  4.694765728457E-01 -3.499382133162E-01 -4.849648413653E-01 -3.499382145053E-01 -4.849648010334E-01
 -7.281529926949E-01  5.254166026223E-01 -4.294138492862E-01 -5.951067406950E-01 -4.294138443434E-01 -5.951067672829E-01
 -7.849260889447E-01  5.663826189007E-01 -4.853817231031E-01 -6.726703343874E-01 -4.853817262345E-01 -6.726703244495E-01
 -8.109284805664E-01  5.851452805981E-01 -5.105094030082E-01 -7.074937238860E-01 -5.105094029708E-01 -7.074937253921E-01
 -4.446713534462E-01  2.286206189833E-01 -4.199153852656E-02 -8.167432358471E-02 -4.199154226224E-02 -8.167433022482E-02
 -4.731880943238E-01  2.432820423025E-01 -7.080214681086E-02 -1.377114755882E-01 -7.080215744570E-02 -1.377115122788E-01
 -5.354509699132E-01  2.752934976090E-01 -1.290229072048E-01 -2.509519884327E-01 -1.290228993536E-01 -2.509519374773E-01
 -6.204723469194E-01  3.190058701001E-01 -2.010879637620E-01 -3.911197757882E-01 -2.010879639524E-01 -3.911198276433E-01
 -7.135417134193E-01  3.668559868497E-01 -2.734469255984E-01 -5.318594069823E-01 -2.734469331252E-01 -5.318593676688E-01
 -7.985630904255E-01  4.105683593408E-01 -3.355503827230E-01 -6.526516899561E-01 -3.355503740658E-01 -6.526517146564E-01
 -8.608259660149E-01  4.425798146473E-01 -3.792845060526E-01 -7.377154346910E-01 -3.792845106141E-01 -7.377154231583E-01
 -8.893427068925E-01  4.572412379666E-01 -3.989196519589E-01 -7.759061384662E-01 -3.989196514912E-01 -7.759061371358E-01
 -4.760893194234E-01  1.527709394191E-01 -2.805997103463E-02 -8.744498410909E-02 -2.805996846473E-02 -8.744497703695E-02
 -5.066208921261E-01  1.625681284201E-01 -4.731205617993E-02 -1.474413973976E-01 -4.731205852727E-02 -1.474414298323E-01
 -5.732829107945E-01  1.839591128426E-01 -8.621684961356E-02 -2.686828369839E-01 -8.621684968084E-02 -2.686827838034E-01
 -6.643114180315E-01  2.131689900593E-01 -1.343728280225E-01 -4.187540955364E-01 -1.343728194574E-01 -4.187541453088E-01
 -7.639565402386E-01  2.451438281979E-01 -1.827251708997E-01 -5.694375843563E-01 -1.827251848087E-01 -5.694375462236E-01
 -8.549850474757E-01  2.743537054146E-01 -2.242245203298E-01 -6.987643745079E-01 -2.242245082549E-01 -6.987643981182E-01
 -9.216470661440E-01  2.957446898372E-01 -2.534489214321E-01 -7.898382363118E-01 -2.534489288469E-01 -7.898382277554E-01
 -9.521786388467E-01  3.055418788382E-01 -2.665696993734E-01 -8.307272804393E-01 -2.665697004149E-01 -8.307272818510E-01
 -4.935866117780E-01  7.982641588779E-02 -1.466199347636E-02 -9.065875945689E-02 -1.466199475490E-02 -9.065876542862E-02
 -5.252402845402E-01  8.494567801117E-02 -2.472166643273E-02 -1.528601786994E-01 -2.472166548734E-02 -1.528602151268E-01
 -5.943522737960E-01  9.612297144970E-02 -4.505032722293E-02 -2.785574976101E-01 -4.505033565499E-02 -2.785574460297E-01
 -6.887262717609E-01  1.113858206250E-01 -7.021298067700E-02 -4.341441995383E-01 -7.021296465680E-02 -4.341442483971E-01
 -7.920335635732E-01  1.280934270383E-01 -9.547819596432E-02 -5.903656193220E-01 -9.547821497450E-02 -5.903655839205E-01
 -8.864075615381E-01  1.433562762137E-01 -1.171626060272E-01 -7.244454512264E-01 -1.171625894051E-01 -7.244454719463E-01
 -9.555195507939E-01  1.545335696522E-01 -1.324330310637E-01 -8.188664673527E-01 -1.324330378368E-01 -8.188664580056E-01
 -9.871732235560E-01  1.596528317756E-01 -1.392889514488E-01 -8.612582726315E-01 -1.392889501715E-01 -8.612582715719E-01
 -4.993659121515E-01  2.517311623718E-02 -4.623634204183E-03 -9.172027406824E-02 -4.623633594584E-03 -9.172026957885E-02
 -5.313902110175E-01  2.678746631225E-02 -7.795937923778E-03 -1.546499876716E-01 -7.795932611634E-03 -1.546500227862E-01
 -6.013114178165E-01  3.031220563338E-02 -1.420652814440E-02 -2.818190666448E-01 -1.420654207451E-02 -2.818190157592E-01
 -6.967904207970E-01  3.512531758546E-02 -2.214155283068E-02 -4.392275043498E-01 -2.214153173490E-02 -4.392275508147E-01
 -8.013073156575E-01  4.039403112607E-02 -3.010885966249E-02 -5.972780815022E-01 -3.010888284212E-02 -5.972780486395E-01
 -8.967863186381E-01  4.520714307816E-02 -3.694702891119E-02 -7.329278297211E-01 -3.694701119852E-02 -7.329278494798E-01
 -9.667075254371E-01  4.873188239929E-02 -4.176251005284E-02 -8.284543974586E-01 -4.176251956237E-02 -8.284543907284E-01
 -9.987318243030E-01  5.034623247436E-02 -4.392451829313E-02 -8.713425599340E-01 -4.392451914855E-02 -8.713425609991E-01
 -5.000000000000E-01  8.326672684689E-17  7.789113958653E-17 -9.183673487306E-02 -1.529388860453E-17 -9.183673469388E-02
 -5.320649628726E-01  8.860661585662E-17 -8.962872861380E-09 -1.548463609734E-01 -2.578710498825E-17 -1.548463952214E-01
 -6.020749546417E-01  1.002656215790E-16  1.665162824066E-08 -2.821769154143E-01 -4.699188798126E-17 -2.821768656025E-01
 -6.976751955244E-01  1.161862598672E-16 -2.338894240753E-08 -4.397852304072E-01 -7.323896086486E-17 -4.397852758133E-01
 -8.023248044756E-01  1.336139206735E-16  2.479476645873E-08 -5.980364957954E-01 -9.959307777623E-17 -5.980364639489E-01
 -8.979250453583E-01  1.495345589617E-16 -1.902134192537E-08 -7.338584926517E-01 -1.222119923608E-16 -7.338585110085E-01
 -9.679350371274E-01  1.611935646840E-16  9.452872678682E-09 -8.295063575683E-01 -1.381405574135E-16 -8.295063505226E-01
 -1.000000000000E+00  1.665334536938E-16  2.094473798569E-10 -8.724489794909E-01 -1.452919417430E-16 -8.724489795918E-01
 -5.000000000000E-01  8.326672684689E-17  7.789113958653E-17 -9.183673487306E-02 -1.529388860453E-17 -9.183673469388E-02
 -5.320649628726E-01  8.860661585662E-17 -8.962872861380E-09 -1.548463609734E-01 -2.578710498825E-17 -1.548463952214E-01
 -6.020749546417E-01  1.002656215790E-16  1.665162824066E-08 -2.821769154143E-01 -4.699188798126E-17 -2.821768656025E-01
 -6.976751955244E-01  1.161862598672E-16 -2.338894240753E-08 -4.397852304072E-01 -7.323896086486E-17 -4.397852758133E-01
 -8.023248044756E-01  1.336139206735E-16  2.479476645873E-08 -5.980364957954E-01 -9.959307777623E-17 -5.980364639489E-01
 -8.979250453583E-01  1.495345589617E-16 -1.902134192537E-08 -7.338584926517E-01 -1.222119923608E-16 -7.338585110085E-01
 -9.679350371274E-01  1.611935646840E-16  9.452872678682E-09 -8.295063575683E-01 -1.381405574135E-16 -8.295063505226E-01
 -1.000000000000E+00  1.665334536938E-16  2.094473798569E-10 -8.724489794909E-01 -1.452919417430E-16 -8.724489795918E-01
 -4.993659121515E-01 -2.517311623718E-02  4.623633733492E-03 -9.172026473102E-02  4.623633594584E-03 -9.172026957885E-02
 -5.313902110175E-01 -2.678746631225E-02  7.795923896912E-03 -1.546499886285E-01  7.795932611634E-03 -1.546500227862E-01
 -6.013114178165E-01 -3.031220563338E-02  1.420656088743E-02 -2.818190642350E-01  1.420654207451E-02 -2.818190157592E-01
 -6.967904207970E-01 -3.512531758546E-02  2.214150596906E-02 -4.392275064108E-01  2.214153173490E-02 -4.392275508147E-01
 -8.013073156575E-01 -4.039403112607E-02  3.010890917671E-02 -5.972780792785E-01  3.010888284212E-02 -5.972780486395E-01
 -8.967863186381E-01 -4.520714307816E-02  3.694699162922E-02 -7.329278324738E-01  3.694701119852E-02 -7.329278494798E-01
 -9.667075254371E-01 -4.873188239929E-02  4.176252981326E-02 -8.284543980109E-01  4.176251956237E-02 -8.284543907284E-01
 -9.987318243030E-01 -5.034623247436E-02  4.392452005976E-02 -8.713425617588E-01  4.392451914855E-02 -8.713425609991E-01
 -4.935866117780E-01 -7.982641588779E-02  1.466199552227E-02 -9.065877210725E-02  1.466199475490E-02 -9.065876542862E-02
 -5.252402845402E-01 -8.494567801117E-02  2.472165343286E-02 -1.528601842681E-01  2.472166548734E-02 -1.528602151268E-01
 -5.943522737960E-01 -9.612297144970E-02  4.505036016198E-02 -2.785574932858E-01  4.505033565499E-02 -2.785574460297E-01
 -6.887262717609E-01 -1.113858206250E-01  7.021293433685E-02 -4.341442078191E-01  7.021296465680E-02 -4.341442483971E-01
 -7.920335635732E-01 -1.280934270383E-01  9.547824433430E-02 -5.903656115987E-01  9.547821497450E-02 -5.903655839205E-01
 -8.864075615381E-01 -1.433562762137E-01  1.171625671095E-01 -7.244454566410E-01  1.171625894051E-01 -7.244454719463E-01
 -9.555195507939E-01 -1.545335696522E-01  1.324330470781E-01 -8.188664628186E-01  1.324330378368E-01 -8.188664580056E-01
 -9.871732235560E-01 -1.596528317756E-01  1.392889490801E-01 -8.612582705333E-01  1.392889501715E-01 -8.612582715719E-01
 -4.760893194234E-01 -1.527709394191E-01  2.805996641099E-02 -8.744496970016E-02  2.805996846473E-02 -8.744497703695E-02
 -5.066208921261E-01 -1.625681284201E-01  4.731204010308E-02 -1.474413963681E-01  4.731205852727E-02 -1.474414298323E-01
 -5.732829107945E-01 -1.839591128426E-01  8.621688016010E-02 -2.686828253859E-01  8.621684968084E-02 -2.686827838034E-01
 -6.643114180315E-01 -2.131689900593E-01  1.343727829249E-01 -4.187541085071E-01  1.343728194574E-01 -4.187541453088E-01
 -7.639565402386E-01 -2.451438281979E-01  1.827252179298E-01 -5.694375687003E-01  1.827251848087E-01 -5.694375462236E-01
 -8.549850474757E-01 -2.743537054146E-01  2.242244846677E-01 -6.987643867740E-01  2.242245082549E-01 -6.987643981182E-01
 -9.216470661440E-01 -2.957446898372E-01  2.534489402272E-01 -7.898382326848E-01  2.534489288469E-01 -7.898382277554E-01
 -9.521786388467E-01 -3.055418788382E-01  2.665697010250E-01 -8.307272831224E-01  2.665697004149E-01 -8.307272818510E-01
 -4.446713534462E-01 -2.286206189833E-01  4.199154544580E-02 -8.167433704278E-02  4.199154226224E-02 -8.167433022482E-02
 -4.731880943238E-01 -2.432820423025E-01  7.080213617076E-02 -1.377114876842E-01  7.080215744570E-02 -1.377115122788E-01
 -5.354509699132E-01 -2.752934976090E-01  1.290229370055E-01 -2.509519750341E-01  1.290228993536E-01 -2.509519374773E-01
 -6.204723469194E-01 -3.190058701001E-01  2.010879227015E-01 -3.911197985054E-01  2.010879639524E-01 -3.911198276433E-01
 -7.135417134193E-01 -3.668559868497E-01  2.734469699242E-01 -5.318593847975E-01  2.734469331252E-01 -5.318593676688E-01
 -7.985630904255E-01 -4.105683593408E-01  3.355503488326E-01 -6.526517064996E-01  3.355503740658E-01 -6.526517146564E-01
 -8.608259660149E-01 -4.425798146473E-01  3.792845219075E-01 -7.377154239656E-01  3.792845106141E-01 -7.377154231583E-01
 -8.893427068925E-01 -4.572412379666E-01  3.989196512295E-01 -7.759061354011E-01  3.989196514912E-01 -7.759061371358E-01
 -4.054642402832E-01 -2.925726402991E-01  5.373782857308E-02 -7.447301859878E-02  5.373783189166E-02 -7.447302372549E-02
 -4.314666319049E-01 -3.113353019965E-01  9.060761095495E-02 -1.255693269086E-01  9.060763738144E-02 -1.255693519981E-01
 -4.882397281547E-01 -3.523013182749E-01  1.651145036364E-01 -2.288252873845E-01  1.651144612012E-01 -2.288252568740E-01
 -5.657646862355E-01 -4.082413480515E-01  2.573382327423E-01 -3.566343822704E-01  2.573382786187E-01 -3.566344054908E-01
 -6.506280346142E-01 -4.694765728457E-01  3.499382529802E-01 -4.849648126238E-01  3.499382145053E-01 -4.849648010334E-01
 -7.281529926949E-01 -5.254166026223E-01  4.294138179386E-01 -5.951067643853E-01  4.294138443434E-01 -5.951067672829E-01
 -7.849260889447E-01 -5.663826189007E-01  4.853817376331E-01 -6.726703262696E-01  4.853817262345E-01 -6.726703244495E-01
 -8.109284805664E-01 -5.851452805981E-01  5.105094028169E-01 -7.074937270445E-01  5.105094029708E-01 -7.074937253921E-01
 -3.709051039706E-01 -3.353049415808E-01  6.158662466644E-02 -6.812543086544E-02  6.158662192301E-02 -6.812542725991E-02
 -3.946912207468E-01 -3.568080225864E-01  1.038414944214E-01 -1.148666155646E-01  1.038415230074E-01 -1.148666366382E-01
 -4.466253472990E-01 -4.037574149868E-01  1.892306407042E-01 -2.093217054802E-01  1.892305948726E-01 -2.093216793488E-01
 -5.175425818674E-01 -4.678678813554E-01  2.949243046568E-01 -3.262371889620E-01  2.949243524294E-01 -3.262372069006E-01
 -5.951727300445E-01 -5.380469433871E-01  4.010492028431E-01 -4.436295605254E-01  4.010491632152E-01 -4.436295536784E-01
 -6.660899646129E-01 -6.021574097557E-01  4.921327438283E-01 -5.443837332039E-01  4.921327703246E-01 -5.443837346507E-01
 -7.180240911651E-01 -6.491068021561E-01  5.562751682891E-01 -6.153362764045E-01  5.562751568058E-01 -6.153362783698E-01
 -7.418102079413E-01 -6.706098831617E-01  5.850729081203E-01 -6.471915576112E-01  5.850729082686E-01 -6.471915589692E-01
 -3.535533905933E-01 -3.535533905933E-01  6.493837799077E-02 -6.493837799077E-02  6.493837786407E-02 -6.493837786407E-02
 -3.762267432790E-01 -3.762267432790E-01  1.094929055486E-01 -1.094929182241E-01  1.094929361034E-01 -1.094929361034E-01
 -4.257312832097E-01 -4.257312832097E-01  1.995292221582E-01 -1.995291986092E-01  1.995291751615E-01 -1.995291751615E-01
 -4.933308618209E-01 -4.933308618209E-01  3.109751021482E-01 -3.109751352251E-01  3.109751507936E-01 -3.109751507936E-01
 -5.673293099589E-01 -5.673293099589E-01  4.228756791065E-01 -4.228756440414E-01  4.228756390551E-01 -4.228756390551E-01
 -6.349288885701E-01 -6.349288885701E-01  5.189163031352E-01 -5.189163300355E-01  5.189163295656E-01 -5.189163295656E-01
 -6.844334285008E-01 -6.844334285008E-01  5.865495771581E-01 -5.865495637897E-01  5.865495654919E-01 -5.865495654919E-01
 -7.071067811865E-01 -7.071067811865E-01  6.169145897854E-01 -6.169145894892E-01  6.169145897087E-01 -6.169145897087E-01
 -3.535533905933E-01 -3.535533905933E-01  6.493837799077E-02 -6.493837799077E-02  6.493837786407E-02 -6.493837786407E-02
 -3.762267432790E-01 -3.762267432790E-01  1.094929055486E-01 -1.094929182241E-01  1.094929361034E-01 -1.094929361034E-01
 -4.257312832097E-01 -4.257312832097E-01  1.995292221582E-01 -1.995291986092E-01  1.995291751615E-01 -1.995291751615E-01
 -4.933308618209E-01 -4.933308618209E-01  3.109751021482E-01 -3.109751352251E-01  3.109751507936E-01 -3.109751507936E-01
 -5.673293099589E-01 -5.673293099589E-01  4.228756791065E-01 -4.228756440414E-01  4.228756390551E-01 -4.228756390551E-01
 -6.349288885701E-01 -6.349288885701E-01  5.189163031352E-01 -5.189163300355E-01  5.189163295656E-01 -5.189163295656E-01
 -6.844334285008E-01 -6.844334285008E-01  5.865495771581E-01 -5.865495637897E-01  5.865495654919E-01 -5.865495654919E-01
 -7.071067811865E-01 -7.071067811865E-01  6.169145897854E-01 -6.169145894892E-01  6.169145897087E-01 -6.169145897087E-01
 -3.353049415808E-01 -3.709051039706E-01  6.812542393020E-02 -6.158661839685E-02  6.812542725991E-02 -6.158662192301E-02
 -3.568080225864E-01 -3.946912207468E-01  1.148666063227E-01 -1.038415050165E-01  1.148666366382E-01 -1.038415230074E-01
 -4.037574149868E-01 -4.466253472990E-01  2.093217269291E-01 -1.892306158474E-01  2.093216793488E-01 -1.892305948726E-01
 -4.678678813554E-01 -5.175425818674E-01  3.262371572832E-01 -2.949243392504E-01  3.262372069006E-01 -2.949243524294E-01
 -5.380469433871E-01 -5.951727300445E-01  4.436295939649E-01 -4.010491662589E-01  4.436295536784E-01 -4.010491632152E-01
 -6.021574097557E-01 -6.660899646129E-01  5.443837087880E-01 -4.921327721371E-01  5.443837346507E-01 -4.921327703246E-01
 -6.491068021561E-01 -7.180240911651E-01  6.153362907678E-01 -5.562751547069E-01  6.153362783698E-01 -5.562751568058E-01
 -6.706098831617E-01 -7.418102079413E-01  6.471915601507E-01 -5.850729081615E-01  6.471915589692E-01 -5.850729082686E-01
 -2.925726402991E-01 -4.054642402832E-01  7.447302899061E-02 -5.373783607156E-02  7.447302372549E-02 -5.373783189166E-02
 -3.113353019965E-01 -4.314666319049E-01  1.255693216539E-01 -9.060762408488E-02  1.255693519981E-01 -9.060763738144E-02
 -3.523013182749E-01 -4.882397281547E-01  2.288253076182E-01 -1.651144772873E-01  2.288252568740E-01 -1.651144612012E-01
 -4.082413480515E-01 -5.657646862355E-01  3.566343553584E-01 -2.573382713652E-01  3.566344054908E-01 -2.573382786187E-01
 -4.694765728457E-01 -6.506280346142E-01  4.849648413653E-01 -3.499382133162E-01  4.849648010334E-01 -3.499382145053E-01
 -5.254166026223E-01 -7.281529926949E-01  5.951067406950E-01 -4.294138492862E-01  5.951067672829E-01 -4.294138443434E-01
 -5.663826189007E-01 -7.849260889447E-01  6.726703343874E-01 -4.853817231031E-01  6.726703244495E-01 -4.853817262345E-01
 -5.851452805981E-01 -8.109284805664E-01  7.074937238860E-01 -5.105094030082E-01  7.074937253921E-01 -5.105094029708E-01
 -2.286206189833E-01 -4.446713534462E-01  8.167432358471E-02 -4.199153852656E-02  8.167433022482E-02 -4.199154226224E-02
 -2.432820423025E-01 -4.731880943238E-01  1.377114755882E-01 -7.080214681086E-02  1.377115122788E-01 -7.080215744570E-02
 -2.752934976090E-01 -5.354509699132E-01  2.509519884327E-01 -1.290229072048E-01  2.509519374773E-01 -1.290228993536E-01
 -3.190058701001E-01 -6.204723469194E-01  3.911197757882E-01 -2.010879637620E-01  3.911198276433E-01 -2.010879639524E-01
 -3.668559868497E-01 -7.135417134193E-01  5.318594069823E-01 -2.734469255984E-01  5.318593676688E-01 -2.734469331252E-01
 -4.105683593408E-01 -7.985630904255E-01  6.526516899561E-01 -3.355503827230E-01  6.526517146564E-01 -3.355503740658E-01
 -4.425798146473E-01 -8.608259660149E-01  7.377154346910E-01 -3.792845060526E-01  7.377154231583E-01 -3.792845106141E-01
 -4.572412379666E-01 -8.893427068925E-01  7.759061384662E-01 -3.989196519589E-01  7.759061371358E-01 -3.989196514912E-01
 -1.527709394191E-01 -4.760893194234E-01  8.744498410909E-02 -2.805997103463E-02  8.744497703695E-02 -2.805996846473E-02
 -1.625681284201E-01 -5.066208921261E-01  1.474413973976E-01 -4.731205617993E-02  1.474414298323E-01 -4.731205852727E-02
 -1.839591128426E-01 -5.732829107945E-01  2.686828369839E-01 -8.621684961356E-02  2.686827838034E-01 -8.621684968084E-02
 -2.131689900593E-01 -6.643114180315E-01  4.187540955364E-01 -1.343728280225E-01  4.187541453088E-01 -1.343728194574E-01
 -2.451438281979E-01 -7.639565402386E-01  5.694375843563E-01 -1.827251708997E-01  5.694375462236E-01 -1.827251848087E-01
 -2.743537054146E-01 -8.549850474757E-01  6.987643745079E-01 -2.242245203298E-01  6.987643981182E-01 -2.242245082549E-01
 -2.957446898372E-01 -9.216470661440E-01  7.898382363118E-01 -2.534489214321E-01  7.898382277554E-01 -2.534489288469E-01
 -3.055418788382E-01 -9.521786388467E-01  8.307272804393E-01 -2.665696993734E-01  8.307272818510E-01 -2.665697004149E-01
 -7.982641588779E-02 -4.935866117780E-01  9.065875945689E-02 -1.466199347636E-02  9.065876542862E-02 -1.466199475490E-02
 -8.494567801117E-02 -5.252402845402E-01  1.528601786994E-01 -2.472166643273E-02  1.528602151268E-01 -2.472166548734E-02
 -9.612297144970E-02 -5.943522737960E-01  2.785574976101E-01 -4.505032722293E-02  2.785574460297E-01 -4.505033565499E-02
 -1.113858206250E-01 -6.887262717609E-01  4.341441995383E-01 -7.021298067700E-02  4.341442483971E-01 -7.021296465680E-02
 -1.280934270383E-01 -7.920335635732E-01  5.903656193220E-01 -9.547819596432E-02  5.903655839205E-01 -9.547821497450E-02
 -1.433562762137E-01 -8.864075615381E-01  7.244454512264E-01 -1.171626060272E-01  7.244454719463E-01 -1.171625894051E-01
 -1.545335696522E-01 -9.555195507939E-01  8.188664673527E-01 -1.324330310637E-01  8.188664580056E-01 -1.324330378368E-01
 -1.596528317756E-01 -9.871732235560E-01  8.612582726315E-01 -1.392889514488E-01  8.612582715719E-01 -1.392889501715E-01
 -2.517311623718E-02 -4.993659121515E-01  9.172027406824E-02 -4.623634204183E-03  9.172026957885E-02 -4.623633594584E-03
 -2.678746631225E-02 -5.313902110175E-01  1.546499876716E-01 -7.795937923778E-03  1.546500227862E-01 -7.795932611634E-03
 -3.031220563338E-02 -6.013114178165E-01  2.818190666448E-01 -1.420652814440E-02  2.818190157592E-01 -1.420654207451E-02
 -3.512531758547E-02 -6.967904207970E-01  4.392275043498E-01 -2.214155283068E-02  4.392275508147E-01 -2.214153173490E-02
 -4.039403112608E-02 -8.013073156575E-01  5.972780815022E-01 -3.010885966249E-02  5.972780486395E-01 -3.010888284212E-02
 -4.520714307816E-02 -8.967863186381E-01  7.329278297211E-01 -3.694702891119E-02  7.329278494798E-01 -3.694701119852E-02
 -4.873188239929E-02 -9.667075254371E-01  8.284543974586E-01 -4.176251005284E-02  8.284543907284E-01 -4.176251956237E-02
 -5.034623247436E-02 -9.987318243030E-01  8.713425599340E-01 -4.392451829313E-02  8.713425609991E-01 -4.392451914855E-02
 -1.081617080995E-16 -5.000000000000E-01  9.183673487306E-02 -7.789113973846E-17  9.183673469388E-02 -1.986643618153E-17
 -1.150981104084E-16 -5.320649628726E-01  1.548463609734E-01 -8.962872789492E-09  1.548463952214E-01 -3.349690120038E-17
 -1.302429109959E-16 -6.020749546417E-01  2.821769154143E-01  1.665162834148E-08  2.821768656025E-01 -6.104146353943E-17
 -1.509234816931E-16 -6.976751955244E-01  4.397852304072E-01 -2.338894223421E-08  4.397852758133E-01 -9.513585325793E-17
 -1.735616426053E-16 -8.023248044756E-01  5.980364957954E-01  2.479476660094E-08  5.980364639489E-01 -1.293692908930E-16
 -1.942422133025E-16 -8.979250453583E-01  7.338584926517E-01 -1.902134191326E-08  7.338585110085E-01 -1.587507801080E-16
 -2.093870138900E-16 -9.679350371274E-01  8.295063575683E-01  9.452872696219E-09  8.295063505226E-01 -1.794416475038E-16
 -2.163234161989E-16 -1.000000000000E+00  8.724489794909E-01  2.094473797598E-10  8.724489795918E-01 -1.887311437246E-16
 -1.081617080995E-16 -5.000000000000E-01  9.183673487306E-02 -7.789113973846E-17  9.183673469388E-02 -1.986643618153E-17
 -1.150981104084E-16 -5.320649628726E-01  1.548463609734E-01 -8.962872789492E-09  1.548463952214E-01 -3.349690120038E-17
 -1.302429109959E-16 -6.020749546417E-01  2.821769154143E-01  1.665162834148E-08  2.821768656025E-01 -6.104146353943E-17
 -1.509234816931E-16 -6.976751955244E-01  4.397852304072E-01 -2.338894223421E-08  4.397852758133E-01 -9.513585325793E-17
 -1.735616426053E-16 -8.023248044756E-01  5.980364957954E-01  2.479476660094E-08  5.980364639489E-01 -1.293692908930E-16
 -1.942422133025E-16 -8.979250453583E-01  7.338584926517E-01 -1.902134191326E-08  7.338585110085E-01 -1.587507801080E-16
 -2.093870138900E-16 -9.679350371274E-01  8.295063575683E-01  9.452872696219E-09  8.295063505226E-01 -1.794416475038E-16
 -2.163234161989E-16 -1.000000000000E+00  8.724489794909E-01  2.094473797598E-10  8.724489795918E-01 -1.887311437246E-16
  2.517311623718E-02 -4.993659121515E-01  9.172026473102E-02  4.623633733493E-03  9.172026957885E-02  4.623633594584E-03
  2.678746631225E-02 -5.313902110175E-01  1.546499886285E-01  7.795923896912E-03  1.546500227862E-01  7.795932611634E-03
  3.031220563338E-02 -6.013114178165E-01  2.818190642350E-01  1.420656088743E-02  2.818190157592E-01  1.420654207451E-02
  3.512531758546E-02 -6.967904207970E-01  4.392275064108E-01  2.214150596906E-02  4.392275508147E-01  2.214153173490E-02
  4.039403112607E-02 -8.013073156575E-01  5.972780792785E-01  3.010890917671E-02  5.972780486395E-01  3.010888284212E-02
  4.520714307816E-02 -8.967863186381E-01  7.329278324738E-01  3.694699162922E-02  7.329278494798E-01  3.694701119852E-02
  4.873188239929E-02 -9.667075254371E-01  8.284543980109E-01  4.176252981326E-02  8.284543907284E-01  4.176251956237E-02
  5.034623247436E-02 -9.987318243030E-01  8.713425617588E-01  4.392452005976E-02  8.713425609991E-01  4.392451914855E-02
  7.982641588779E-02 -4.935866117780E-01  9.065877210725E-02  1.466199552227E-02  9.065876542862E-02  1.466199475490E-02
  8.494567801117E-02 -5.252402845402E-01  1.528601842681E-01  2.472165343286E-02  1.528602151268E-01  2.472166548734E-02
  9.612297144970E-02 -5.943522737960E-01  2.785574932858E-01  4.505036016198E-02  2.785574460297E-01  4.505033565499E-02
  1.113858206250E-01 -6.887262717609E-01  4.341442078191E-01  7.021293433685E-02  4.341442483971E-01  7.021296465680E-02
  1.280934270383E-01 -7.920335635732E-01  5.903656115987E-01  9.547824433430E-02  5.903655839205E-01  9.547821497450E-02
  1.433562762137E-01 -8.864075615381E-01  7.244454566410E-01  1.171625671095E-01  7.244454719463E-01  1.171625894051E-01
  1.545335696522E-01 -9.555195507939E-01  8.188664628186E-01  1.324330470781E-01  8.188664580056E-01  1.324330378368E-01
  1.596528317756E-01 -9.871732235560E-01  8.612582705333E-01  1.392889490801E-01  8.612582715719E-01  1.392889501715E-01
  1.527709394191E-01 -4.760893194234E-01  8.744496970016E-02  2.805996641099E-02  8.744497703695E-02  2.805996846473E-02
  1.625681284201E-01 -5.066208921261E-01  1.474413963681E-01  4.731204010308E-02  1.474414298323E-01  4.731205852727E-02
  1.839591128426E-01 -5.732829107945E-01  2.686828253859E-01  8.621688016010E-02  2.686827838034E-01  8.621684968084E-02
  2.131689900593E-01 -6.643114180315E-01  4.187541085071E-01  1.343727829249E-01  4.187541453088E-01  1.343728194574E-01
  2.451438281979E-01 -7.639565402386E-01  5.694375687003E-01  1.827252179298E-01  5.694375462236E-01  1.827251848087E-01
  2.743537054146E-01 -8.549850474757E-01  6.987643867740E-01  2.242244846677E-01  6.987643981182E-01  2.242245082549E-01
  2.957446898372E-01 -9.216470661440E-01  7.898382326848E-01  2.534489402272E-01  7.898382277554E-01  2.534489288469E-01
  3.055418788382E-01 -9.521786388467E-01  8.307272831224E-01  2.665697010250E-01  8.307272818510E-01  2.665697004149E-01
  2.286206189833E-01 -4.446713534462E-01  8.167433704278E-02  4.199154544580E-02  8.167433022482E-02  4.199154226224E-02
  2.432820423025E-01 -4.731880943238E-01  1.377114876842E-01  7.080213617076E-02  1.377115122788E-01  7.080215744570E-02
  2.752934976090E-01 -5.354509699132E-01  2.509519750341E-01  1.290229370055E-01  2.509519374773E-01  1.290228993536E-01
  3.190058701001E-01 -6.204723469194E-01  3.911197985054E-01  2.010879227015E-01  3.911198276433E-01  2.010879639524E-01
  3.668559868497E-01 -7.135417134193E-01  5.318593847975E-01  2.734469699242E-01  5.318593676688E-01  2.734469331252E-01
  4.105683593408E-01 -7.985630904255E-01  6.526517064996E-01  3.355503488326E-01  6.526517146564E-01  3.355503740658E-01
  4.425798146473E-01 -8.608259660149E-01  7.377154239656E-01  3.792845219075E-01  7.377154231583E-01  3.792845106141E-01
  4.572412379666E-01 -8.893427068925E-01  7.759061354011E-01  3.989196512295E-01  7.759061371358E-01  3.989196514912E-01
  2.925726402991E-01 -4.054642402832E-01  7.447301859878E-02  5.373782857308E-02  7.447302372549E-02  5.373783189166E-02
  3.113353019965E-01 -4.314666319049E-01  1.255693269086E-01  9.060761095495E-02  1.255693519981E-01  9.060763738144E-02
  3.523013182749E-01 -4.882397281547E-01  2.288252873845E-01  1.651145036364E-01  2.288252568740E-01  1.651144612012E-01
  4.082413480515E-01 -5.657646862355E-01  3.566343822704E-01  2.573382327423E-01  3.566344054908E-01  2.573382786187E-01
  4.694765728457E-01 -6.506280346142E-01  4.849648126238E-01  3.499382529802E-01  4.849648010334E-01  3.499382145053E-01
  5.254166026223E-01 -7.281529926949E-01  5.951067643853E-01  4.294138179386E-01  5.951067672829E-01  4.294138443434E-01
  5.663826189007E-01 -7.849260889447E-01  6.726703262696E-01  4.853817376331E-01  6.726703244495E-01  4.853817262345E-01
  5.851452805981E-01 -8.109284805664E-01  7.074937270445E-01  5.105094028169E-01  7.074937253921E-01  5.105094029708E-01
  3.353049415808E-01 -3.709051039706E-01  6.812543086544E-02  6.158662466644E-02  6.812542725991E-02  6.158662192301E-02
  3.568080225864E-01 -3.946912207468E-01  1.148666155646E-01  1.038414944214E-01  1.148666366382E-01  1.038415230074E-01
  4.037574149868E-01 -4.466253472990E-01  2.093217054802E-01  1.892306407042E-01  2.093216793488E-01  1.892305948726E-01
  4.678678813554E-01 -5.175425818674E-01  3.262371889620E-01  2.949243046568E-01  3.262372069006E-01  2.949243524294E-01
  5.380469433871E-01 -5.951727300445E-01  4.436295605254E-01  4.010492028431E-01  4.436295536784E-01  4.010491632152E-01
  6.021574097557E-01 -6.660899646129E-01  5.443837332039E-01  4.921327438283E-01  5.443837346507E-01  4.921327703246E-01
  6.491068021561E-01 -7.180240911651E-01  6.153362764045E-01  5.562751682891E-01  6.153362783698E-01  5.562751568058E-01
  6.706098831617E-01 -7.418102079413E-01  6.471915576112E-01  5.850729081203E-01  6.471915589692E-01  5.850729082686E-01
  3.535533905933E-01 -3.535533905933E-01  6.493837799077E-02  6.493837799077E-02  6.493837786407E-02  6.493837786407E-02
  3.762267432790E-01 -3.762267432790E-01  1.094929182241E-01  1.094929055486E-01  1.094929361034E-01  1.094929361034E-01
  4.257312832097E-01 -4.257312832097E-01  1.995291986092E-01  1.995292221582E-01  1.995291751615E-01  1.995291751615E-01
  4.933308618209E-01 -4.933308618209E-01  3.109751352251E-01  3.109751021482E-01  3.109751507936E-01  3.109751507936E-01
  5.673293099589E-01 -5.673293099589E-01  4.228756440414E-01  4.228756791065E-01  4.228756390551E-01  4.228756390551E-01
  6.349288885701E-01 -6.349288885701E-01  5.189163300355E-01  5.189163031352E-01  5.189163295656E-01  5.189163295656E-01
  6.844334285008E-01 -6.844334285008E-01  5.865495637897E-01  5.865495771581E-01  5.865495654919E-01  5.865495654919E-01
  7.071067811865E-01 -7.071067811865E-01  6.169145894892E-01  6.169145897854E-01  6.169145897087E-01  6.169145897087E-01
  3.535533905933E-01 -3.535533905933E-01  6.493837799077E-02  6.493837799077E-02  6.493837786407E-02  6.493837786407E-02
  3.762267432790E-01 -3.762267432790E-01  1.094929182241E-01  1.094929055486E-01  1.094929361034E-01  1.094929361034E-01
  4.257312832097E-01 -4.257312832097E-01  1.995291986092E-01  1.995292221582E-01  1.995291751615E-01  1.995291751615E-01
  4.933308618209E-01 -4.933308618209E-01  3.109751352251E-01  3.109751021482E-01  3.109751507936E-01  3.109751507936E-01
  5.673293099589E-01 -5.673293099589E-01  4.228756440414E-01  4.228756791065E-01  4.228756390551E-01  4.228756390551E-01
  6.349288885701E-01 -6.349288885701E-01  5.189163300355E-01  5.189163031352E-01  5.189163295656E-01  5.189163295656E-01
  6.844334285008E-01 -6.844334285008E-01  5.865495637897E-01  5.865495771581E-01  5.865495654919E-01  5.865495654919E-01
  7.071067811865E-01 -7.071067811865E-01  6.169145894892E-01  6.169145897854E-01  6.169145897087E-01  6.169145897087E-01
  3.709051039706E-01 -3.353049415808E-01  6.158661839685E-02  6.812542393020E-02  6.158662192301E-02  6.812542725991E-02
  3.946912207468E-01 -3.568080225864E-01  1.038415050165E-01  1.148666063227E-01  1.038415230074E-01  1.148666366382E-01
  4.466253472990E-01 -4.037574149868E-01  1.892306158474E-01  2.093217269291E-01  1.892305948726E-01  2.093216793488E-01
  5.175425818674E-01 -4.678678813554E-01  2.949243392504E-01  3.262371572832E-01  2.949243524294E-01  3.262372069006E-01
  5.951727300445E-01 -5.380469433871E-01  4.010491662589E-01  4.436295939649E-01  4.010491632152E-01  4.436295536784E-01
  6.660899646129E-01 -6.021574097557E-01  4.921327721371E-01  5.443837087880E-01  4.921327703246E-01  5.443837346507E-01
  7.180240911651E-01 -6.491068021561E-01  5.562751547069E-01  6.153362907678E-01  5.562751568058E-01  6.153362783698E-01
  7.418102079413E-01 -6.706098831617E-01  5.850729081615E-01  6.471915601507E-01  5.850729082686E-01  6.471915589692E-01
  4.054642402832E-01 -2.925726402991E-01  5.373783607156E-02  7.447302899061E-02  5.373783189166E-02  7.447302372549E-02
  4.314666319049E-01 -3.113353019965E-01  9.060762408488E-02  1.255693216539E-01  9.060763738144E-02  1.255693519981E-01
  4.882397281547E-01 -3.523013182749E-01  1.651144772873E-01  2.288253076182E-01  1.651144612012E-01  2.288252568740E-01
  5.657646862355E-01 -4.082413480515E-01  2.573382713652E-01  3.566343553584E-01  2.573382786187E-01  3.566344054908E-01
  6.506280346142E-01 -4.694765728457E-01  3.499382133162E-01  4.849648413653E-01  3.499382145053E-01  4.849648010334E-01
  7.281529926949E-01 -5.254166026223E-01  4.294138492862E-01  5.951067406950E-01  4.294138443434E-01  5.951067672829E-01
  7.849260889447E-01 -5.663826189007E-01  4.853817231031E-01  6.726703343874E-01  4.853817262345E-01  6.726703244495E-01
  8.109284805664E-01 -5.851452805981E-01  5.105094030082E-01  7.074937238860E-01  5.105094029708E-01  7.074937253921E-01
  4.446713534462E-01 -2.286206189833E-01  4.199153852656E-02  8.167432358471E-02  4.199154226224E-02  8.167433022482E-02
  4.731880943238E-01 -2.432820423025E-01  7.080214681086E-02  1.377114755882E-01  7.080215744570E-02  1.377115122788E-01
  5.354509699132E-01 -2.752934976090E-01  1.290229072048E-01  2.509519884327E-01  1.290228993536E-01  2.509519374773E-01
  6.204723469194E-01 -3.190058701001E-01  2.010879637620E-01  3.911197757882E-01  2.010879639524E-01  3.911198276433E-01
  7.135417134193E-01 -3.668559868497E-01  2.734469255984E-01  5.318594069823E-01  2.734469331252E-01  5.318593676688E-01
  7.985630904255E-01 -4.105683593408E-01  3.355503827230E-01  6.526516899561E-01  3.355503740658E-01  6.526517146564E-01
  8.608259660149E-01 -4.425798146473E-01  3.792845060526E-01  7.377154346910E-01  3.792845106141E-01  7.377154231583E-01
  8.893427068925E-01 -4.572412379666E-01  3.989196519589E-01  7.759061384662E-01  3.989196514912E-01  7.759061371358E-01
  4.760893194234E-01 -1.527709394191E-01  2.805997103463E-02  8.744498410909E-02  2.805996846473E-02  8.744497703695E-02
  5.066208921261E-01 -1.625681284201E-01  4.731205617993E-02  1.474413973976E-01  4.731205852727E-02  1.474414298323E-01
  5.732829107945E-01 -1.839591128426E-01  8.621684961356E-02  2.686828369839E-01  8.621684968084E-02  2.686827838034E-01
  6.643114180315E-01 -2.131689900593E-01  1.343728280225E-01  4.187540955364E-01  1.343728194574E-01  4.187541453088E-01
  7.639565402386E-01 -2.451438281979E-01  1.827251708997E-01  5.694375843563E-01  1.827251848087E-01  5.694375462236E-01
  8.549850474757E-01 -2.743537054146E-01  2.242245203298E-01  6.987643745079E-01  2.242245082549E-01  6.987643981182E-01
  9.216470661440E-01 -2.957446898372E-01  2.534489214321E-01  7.898382363118E-01  2.534489288469E-01  7.898382277554E-01
  9.521786388467E-01 -3.055418788382E-01  2.665696993734E-01  8.307272804393E-01  2.665697004149E-01  8.307272818510E-01
  4.935866117780E-01 -7.982641588779E-02  1.466199347636E-02  9.065875945689E-02  1.466199475490E-02  9.065876542862E-02
  5.252402845402E-01 -8.494567801117E-02  2.472166643273E-02  1.528601786994E-01  2.472166548734E-02  1.528602151268E-01
  5.943522737960E-01 -9.612297144970E-02  4.505032722293E-02  2.785574976101E-01  4.505033565499E-02  2.785574460297E-01
  6.887262717609E-01 -1.113858206250E-01  7.021298067700E-02  4.341441995383E-01  7.021296465680E-02  4.341442483971E-01
  7.920335635732E-01 -1.280934270383E-01  9.547819596432E-02  5.903656193220E-01  9.547821497450E-02  5.903655839205E-01
  8.864075615381E-01 -1.433562762137E-01  1.171626060272E-01  7.244454512264E-01  1.171625894051E-01  7.244454719463E-01
  9.555195507939E-01 -1.545335696522E-01  1.324330310637E-01  8.188664673527E-01  1.324330378368E-01  8.188664580056E-01
  9.871732235560E-01 -1.596528317756E-01  1.392889514488E-01  8.612582726314E-01  1.392889501715E-01  8.612582715719E-01
  4.993659121515E-01 -2.517311623718E-02  4.623634204183E-03  9.172027406824E-02  4.623633594584E-03  9.172026957885E-02
  5.313902110175E-01 -2.678746631225E-02  7.795937923778E-03  1.546499876716E-01  7.795932611634E-03  1.546500227862E-01
  6.013114178165E-01 -3.031220563338E-02  1.420652814440E-02  2.818190666448E-01  1.420654207451E-02  2.818190157592E-01
  6.967904207970E-01 -3.512531758546E-02  2.214155283068E-02  4.392275043498E-01  2.214153173490E-02  4.392275508147E-01
  8.013073156575E-01 -4.039403112607E-02  3.010885966249E-02  5.972780815022E-01  3.010888284212E-02  5.972780486395E-01
  8.967863186381E-01 -4.520714307816E-02  3.694702891119E-02  7.329278297211E-01  3.694701119852E-02  7.329278494798E-01
  9.667075254371E-01 -4.873188239929E-02  4.176251005284E-02  8.284543974586E-01  4.176251956237E-02  8.284543907284E-01
  9.987318243030E-01 -5.034623247436E-02  4.392451829313E-02  8.713425599340E-01  4.392451914855E-02  8.713425609991E-01
  5.000000000000E-01  1.387778780781E-17 -3.959466012198E-16  9.183673487306E-02 -2.548981434088E-18  9.183673469388E-02
  5.320649628726E-01  1.476776930944E-17  8.962872684213E-09  1.548463609734E-01 -4.297850831376E-18  1.548463952214E-01
  6.020749546417E-01  1.671093692983E-17 -1.665162836308E-08  2.821769154143E-01 -7.831981330210E-18  2.821768656025E-01
  6.976751955244E-01  1.936437664453E-17  2.338894228369E-08  4.397852304072E-01 -1.220649347748E-17  4.397852758133E-01
  8.023248044756E-01  2.226898677892E-17 -2.479476648223E-08  5.980364957954E-01 -1.659884629604E-17  5.980364639489E-01
  8.979250453583E-01  2.492242649361E-17  1.902134198002E-08  7.338584926517E-01 -2.036866539347E-17  7.338585110085E-01
  9.679350371274E-01  2.686559411401E-17 -9.452872665123E-09  8.295063575683E-01 -2.302342623558E-17  8.295063505226E-01
  1.000000000000E+00  2.775557561563E-17 -2.094473453391E-10  8.724489794909E-01 -2.421532362384E-17  8.724489795918E-01
  1.000000000000E+00  2.775557561563E-17 -2.094473453391E-10  8.724489794909E-01 -2.421532362384E-17  8.724489795918E-01
  1.032064962873E+00  2.953553861887E-17  6.797705447063E-11  9.149190073899E-01 -2.618306662348E-17  9.149190076182E-01
  1.102074954642E+00  3.342187385967E-17 -8.389861986258E-10  1.006204702860E+00 -3.051448225973E-17  1.006204702750E+00
  1.197675195524E+00  3.872875328905E-17  1.152862003231E-09  1.128189035799E+00 -3.648180659095E-17  1.128189036084E+00
  1.302324804476E+00  4.453797355784E-17  6.618235624308E-10  1.258921253898E+00 -4.305362327116E-17  1.258921253698E+00
  1.397925045358E+00  4.984485298722E-17  3.349959124190E-09  1.376332870730E+00 -4.907495565280E-17  1.376332870808E+00
  1.467935037127E+00  5.373118822801E-17  9.373555787178E-10  1.461319696433E+00 -5.348904527844E-17  1.461319696365E+00
  1.500000000000E+00  5.551115123126E-17 -5.551115123126E-17  1.500000000000E+00 -5.551115123126E-17  1.500000000000E+00
  9.987318243030E-01  5.034623247436E-02 -4.392452005976E-02  8.713425617588E-01 -4.392451914855E-02  8.713425609991E-01
  1.030756123169E+00  5.196058254943E-02 -4.606272583438E-02  9.137587303907E-01 -4.606272505276E-02  9.137587295681E-01
  1.100677329968E+00  5.548532187056E-02 -5.065861800236E-02  1.004928659858E+00 -5.065861588144E-02  1.004928658400E+00
  1.196156332949E+00  6.029843382264E-02 -5.680006841553E-02  1.126758295661E+00 -5.680006748569E-02  1.126758294166E+00
  1.300673227809E+00  6.556714736325E-02 -6.338194469410E-02  1.257324722303E+00 -6.338194210558E-02  1.257324720359E+00
  1.396152230790E+00  7.038025931534E-02 -6.929317475669E-02  1.374587440718E+00 -6.929317467580E-02  1.374587438910E+00
  1.466073437589E+00  7.390499863647E-02 -7.357194153457E-02  1.459466487733E+00 -7.357194115257E-02  1.459466486241E+00
  1.498097736455E+00  7.551934871154E-02 -7.551934871154E-02  1.498097736455E+00 -7.551934871154E-02  1.498097736455E+00
  9.871732235560E-01  1.596528317756E-01 -1.392889490801E-01  8.612582705333E-01 -1.392889501715E-01  8.612582715719E-01
  1.018826896318E+00  1.647720938990E-01 -1.460694088340E-01  9.031835446563E-01 -1.460694104115E-01  9.031835460432E-01
  1.087938885574E+00  1.759493873375E-01 -1.606434291741E-01  9.932983380200E-01 -1.606434301399E-01  9.932983399708E-01
  1.182312883539E+00  1.912122365128E-01 -1.801185715306E-01  1.113718004009E+00 -1.801185743889E-01  1.113718007531E+00
  1.285620175351E+00  2.079198429261E-01 -2.009903424162E-01  1.242773346866E+00 -2.009903431353E-01  1.242773352216E+00
  1.379994173316E+00  2.231826921014E-01 -2.197354387978E-01  1.358678950317E+00 -2.197354402903E-01  1.358678956762E+00
  1.449106162572E+00  2.343599855400E-01 -2.333038278770E-01  1.442575671413E+00 -2.333038276542E-01  1.442575675307E+00
  1.480759835334E+00  2.394792476634E-01 -2.394792476634E-01  1.480759835334E+00 -2.394792476634E-01  1.480759835334E+00
  9.521786388467E-01  3.055418788382E-01 -2.665697010250E-01  8.307272831224E-01 -2.665697004149E-01  8.307272818510E-01
  9.827102115494E-01  3.153390678391E-01 -2.795460730289E-01  8.711663370215E-01 -2.795460725724E-01  8.711663353289E-01
  1.049372230218E+00  3.367300522617E-01 -3.074376772250E-01  9.580866271545E-01 -3.074376753740E-01  9.580866242655E-01
  1.140400737455E+00  3.659399294784E-01 -3.447089986289E-01  1.074237505806E+00 -3.447089977696E-01  1.074237500740E+00
  1.240045859662E+00  3.979147676170E-01 -3.846531685054E-01  1.198717933425E+00 -3.846531651641E-01  1.198717925761E+00
  1.331074366899E+00  4.271246448337E-01 -4.205273330029E-01  1.310514768522E+00 -4.205273312534E-01  1.310514759526E+00
  1.397736385567E+00  4.485156292563E-01 -4.464943672529E-01  1.391437404402E+00 -4.464943656107E-01  1.391437399405E+00
  1.428267958270E+00  4.583128182573E-01 -4.583128182573E-01  1.428267958270E+00 -4.583128182573E-01  1.428267958270E+00
  8.893427068925E-01  4.572412379666E-01 -3.989196512295E-01  7.759061354011E-01 -3.989196514912E-01  7.759061371358E-01
  9.178594477700E-01  4.719026612858E-01 -4.183386989402E-01  8.136765446928E-01 -4.183386996825E-01  8.136765468226E-01
  9.801223233594E-01  5.039141165923E-01 -4.600782837008E-01  8.948608106705E-01 -4.600782839331E-01  8.948608140314E-01
  1.065143700366E+00  5.476264890834E-01 -5.158545486994E-01  1.003346686323E+00 -5.158545515192E-01  1.003346691237E+00
  1.158213066866E+00  5.954766058330E-01 -5.756307099632E-01  1.119612427884E+00 -5.756307125432E-01  1.119612435528E+00
  1.243234443872E+00  6.391889783241E-01 -6.293161406210E-01  1.224031593043E+00 -6.293161457023E-01  1.224031600909E+00
  1.305497319461E+00  6.712004336306E-01 -6.681756247324E-01  1.299614009768E+00 -6.681756270310E-01  1.299614014401E+00
  1.334014060339E+00  6.858618569498E-01 -6.858618569498E-01  1.334014060339E+00 -6.858618569498E-01  1.334014060339E+00
  8.109284805664E-01  5.851452805981E-01 -5.105094028169E-01  7.074937270445E-01 -5.105094029708E-01  7.074937253921E-01
  8.369308721881E-01  6.039079422956E-01 -5.353605390400E-01  7.419338827547E-01 -5.353605394373E-01  7.419338806892E-01
  8.937039684379E-01  6.448739585740E-01 -5.887759339216E-01  8.159600533201E-01 -5.887759331297E-01  8.159600507397E-01
  9.712289265187E-01  7.008139883505E-01 -6.601544900888E-01  9.148806251110E-01 -6.601544900869E-01  9.148806208230E-01
  1.056092274897E+00  7.620492131448E-01 -7.366518334971E-01  1.020895104030E+00 -7.366518302459E-01  1.020895099414E+00
  1.133617232978E+00  8.179892429213E-01 -8.053546870950E-01  1.116107529057E+00 -8.053546838853E-01  1.116107523678E+00
  1.190390329228E+00  8.589552591997E-01 -8.550843267088E-01  1.185025763664E+00 -8.550843237733E-01  1.185025760995E+00
  1.216392720850E+00  8.777179208972E-01 -8.777179208972E-01  1.216392720850E+00 -8.777179208972E-01  1.216392720850E+00
  7.418102079413E-01  6.706098831617E-01 -5.850729081203E-01  6.471915576112E-01 -5.850729082686E-01  6.471915589692E-01
  7.655963247174E-01  6.921129641672E-01 -6.135537283545E-01  6.786962578296E-01 -6.135537288012E-01  6.786962592907E-01
  8.175304512697E-01  7.390623565677E-01 -6.747708186243E-01  7.464129174665E-01 -6.747708181478E-01  7.464129197783E-01
  8.884476858381E-01  8.031728229362E-01 -7.565747167263E-01  8.369021413967E-01 -7.565747176723E-01  8.369021434543E-01
  9.660778340152E-01  8.733518849679E-01 -8.442450354518E-01  9.338806341153E-01 -8.442450348520E-01  9.338806369872E-01
  1.036995068584E+00  9.374623513365E-01 -9.229824243238E-01  1.020977771639E+00 -9.229824256840E-01  1.020977773090E+00
  1.088929195136E+00  9.844117437369E-01 -9.799754301150E-01  1.084021866573E+00 -9.799754308414E-01  1.084021867830E+00
  1.112715311912E+00  1.005914824742E+00 -1.005914824742E+00  1.112715311912E+00 -1.005914824742E+00  1.112715311912E+00
  7.071067811865E-01  7.071067811865E-01 -6.169145897854E-01  6.169145894892E-01 -6.169145897087E-01  6.169145897087E-01
  7.297801338723E-01  7.297801338723E-01 -6.469454343138E-01  6.469454344099E-01 -6.469454345233E-01  6.469454345233E-01
  7.792846738030E-01  7.792846738030E-01 -7.114941692473E-01  7.114941680608E-01 -7.114941685762E-01  7.114941685762E-01
  8.468842524142E-01  8.468842524142E-01 -7.977501168587E-01  7.977501184891E-01 -7.977501178750E-01  7.977501178750E-01
  9.208827005522E-01  9.208827005522E-01 -8.901917551429E-01  8.901917560788E-01 -8.901917554695E-01  8.901917554695E-01
  9.884822791634E-01  9.884822791634E-01 -9.732143036944E-01  9.732143084320E-01 -9.732143061182E-01  9.732143061182E-01
  1.037986819094E+00  1.037986819094E+00 -1.033309066166E+00  1.033309067492E+00 -1.033309066781E+00  1.033309066781E+00
  1.060660171780E+00  1.060660171780E+00 -1.060660171780E+00  1.060660171780E+00 -1.060660171780E+00  1.060660171780E+00
  7.071067811865E-01  7.071067811865E-01 -6.169145897854E-01  6.169145894892E-01 -6.169145897087E-01  6.169145897087E-01
  7.297801338723E-01  7.297801338723E-01 -6.469454343138E-01  6.469454344099E-01 -6.469454345233E-01  6.469454345233E-01
  7.792846738030E-01  7.792846738030E-01 -7.114941692473E-01  7.114941680608E-01 -7.114941685762E-01  7.114941685762E-01
  8.468842524142E-01  8.468842524142E-01 -7.977501168587E-01  7.977501184891E-01 -7.977501178750E-01  7.977501178750E-01
  9.208827005522E-01  9.208827005522E-01 -8.901917551429E-01  8.901917560788E-01 -8.901917554695E-01  8.901917554695E-01
  9.884822791634E-01  9.884822791634E-01 -9.732143036944E-01  9.732143084320E-01 -9.732143061182E-01  9.732143061182E-01
  1.037986819094E+00  1.037986819094E+00 -1.033309066166E+00  1.033309067492E+00 -1.033309066781E+00  1.033309066781E+00
  1.060660171780E+00  1.060660171780E+00 -1.060660171780E+00  1.060660171780E+00 -1.060660171780E+00  1.060660171780E+00
  6.706098831617E-01  7.418102079413E-01 -6.471915601507E-01  5.850729081615E-01 -6.471915589692E-01  5.850729082686E-01
  6.921129641672E-01  7.655963247174E-01 -6.786962604251E-01  6.135537288302E-01 -6.786962592907E-01  6.135537288012E-01
  7.390623565677E-01  8.175304512697E-01 -7.464129223092E-01  6.747708176791E-01 -7.464129197783E-01  6.747708181478E-01
  8.031728229362E-01  8.884476858381E-01 -8.369021451684E-01  7.565747180714E-01 -8.369021434543E-01  7.565747176723E-01
  8.733518849679E-01  9.660778340152E-01 -9.338806401923E-01  8.442450343963E-01 -9.338806369872E-01  8.442450348520E-01
  9.374623513365E-01  1.036995068584E+00 -1.020977774426E+00  9.229824269054E-01 -1.020977773090E+00  9.229824256840E-01
  9.844117437369E-01  1.088929195136E+00 -1.084021869155E+00  9.799754316265E-01 -1.084021867830E+00  9.799754308414E-01
  1.005914824742E+00  1.112715311912E+00 -1.112715311912E+00  1.005914824742E+00 -1.112715311912E+00  1.005914824742E+00
  5.851452805981E-01  8.109284805664E-01 -7.074937238860E-01  5.105094030082E-01 -7.074937253921E-01  5.105094029708E-01
  6.039079422956E-01  8.369308721881E-01 -7.419338785930E-01  5.353605395721E-01 -7.419338806892E-01  5.353605394373E-01
  6.448739585740E-01  8.937039684379E-01 -8.159600486773E-01  5.887759324332E-01 -8.159600507397E-01  5.887759331297E-01
  7.008139883505E-01  9.712289265187E-01 -9.148806163112E-01  6.601544896173E-01 -9.148806208230E-01  6.601544900869E-01
  7.620492131448E-01  1.056092274897E+00 -1.020895095122E+00  7.366518269711E-01 -1.020895099414E+00  7.366518302459E-01
  8.179892429213E-01  1.133617232978E+00 -1.116107518065E+00  8.053546803834E-01 -1.116107523678E+00  8.053546838853E-01
  8.589552591997E-01  1.190390329228E+00 -1.185025758399E+00  8.550843208623E-01 -1.185025760995E+00  8.550843237733E-01
  8.777179208972E-01  1.216392720850E+00 -1.216392720850E+00  8.777179208972E-01 -1.216392720850E+00  8.777179208972E-01
  4.572412379666E-01  8.893427068925E-01 -7.759061384662E-01  3.989196519589E-01 -7.759061371358E-01  3.989196514912E-01
  4.719026612858E-01  9.178594477700E-01 -8.136765483422E-01  4.183387005566E-01 -8.136765468225E-01  4.183386996825E-01
  5.039141165923E-01  9.801223233594E-01 -8.948608173831E-01  4.600782846670E-01 -8.948608140314E-01  4.600782839331E-01
  5.476264890834E-01  1.065143700366E+00 -1.003346695427E+00  5.158545544941E-01 -1.003346691237E+00  5.158545515192E-01
  5.954766058330E-01  1.158213066866E+00 -1.119612443310E+00  5.756307155995E-01 -1.119612435528E+00  5.756307125432E-01
  6.391889783241E-01  1.243234443872E+00 -1.224031608507E+00  6.293161508260E-01 -1.224031600909E+00  6.293161457023E-01
  6.712004336306E-01  1.305497319461E+00 -1.299614019095E+00  6.681756294028E-01 -1.299614014401E+00  6.681756270310E-01
  6.858618569498E-01  1.334014060339E+00 -1.334014060339E+00  6.858618569498E-01 -1.334014060339E+00  6.858618569498E-01
  3.055418788382E-01  9.521786388467E-01 -8.307272804393E-01  2.665696993734E-01 -8.307272818510E-01  2.665697004149E-01
  3.153390678391E-01  9.827102115494E-01 -8.711663332981E-01  2.795460715914E-01 -8.711663353289E-01  2.795460725724E-01
  3.367300522617E-01  1.049372230218E+00 -9.580866217247E-01  3.074376731617E-01 -9.580866242655E-01  3.074376753740E-01
  3.659399294784E-01  1.140400737455E+00 -1.074237495271E+00  3.447089962888E-01 -1.074237500740E+00  3.447089977696E-01
  3.979147676170E-01  1.240045859662E+00 -1.198717918532E+00  3.846531615836E-01 -1.198717925761E+00  3.846531651641E-01
  4.271246448337E-01  1.331074366899E+00 -1.310514750371E+00  4.205273292843E-01 -1.310514759526E+00  4.205273312534E-01
  4.485156292563E-01  1.397736385567E+00 -1.391437394504E+00  4.464943639602E-01 -1.391437399405E+00  4.464943656107E-01
  4.583128182573E-01  1.428267958270E+00 -1.428267958270E+00  4.583128182573E-01 -1.428267958270E+00  4.583128182573E-01
  1.596528317756E-01  9.871732235560E-01 -8.612582726314E-01  1.392889514488E-01 -8.612582715719E-01  1.392889501715E-01
  1.647720938990E-01  1.018826896318E+00 -9.031835472228E-01  1.460694121531E-01 -9.031835460432E-01  1.460694104115E-01
  1.759493873375E-01  1.087938885574E+00 -9.932983423554E-01  1.606434314046E-01 -9.932983399708E-01  1.606434301399E-01
  1.912122365128E-01  1.182312883539E+00 -1.113718010565E+00  1.801185774196E-01 -1.113718007531E+00  1.801185743889E-01
  2.079198429261E-01  1.285620175351E+00 -1.242773357779E+00  2.009903441003E-01 -1.242773352216E+00  2.009903431353E-01
  2.231826921014E-01  1.379994173316E+00 -1.358678962835E+00  2.197354418244E-01 -1.358678956762E+00  2.197354402903E-01
  2.343599855400E-01  1.449106162572E+00 -1.442575679269E+00  2.333038274651E-01 -1.442575675307E+00  2.333038276542E-01
  2.394792476634E-01  1.480759835334E+00 -1.480759835334E+00  2.394792476634E-01 -1.480759835334E+00  2.394792476634E-01
  5.034623247436E-02  9.987318243030E-01 -8.713425599340E-01  4.392451829313E-02 -8.713425609991E-01  4.392451914855E-02
  5.196058254943E-02  1.030756123169E+00 -9.137587282191E-01  4.606272433549E-02 -9.137587295681E-01  4.606272505276E-02
  5.548532187056E-02  1.100677329968E+00 -1.004928657102E+00  5.065861390970E-02 -1.004928658400E+00  5.065861588144E-02
  6.029843382264E-02  1.196156332949E+00 -1.126758292043E+00  5.680006669970E-02 -1.126758294166E+00  5.680006748569E-02
  6.556714736325E-02  1.300673227809E+00 -1.257324718753E+00  6.338193965062E-02 -1.257324720359E+00  6.338194210558E-02
  7.038025931534E-02  1.396152230790E+00 -1.374587436922E+00  6.929317461151E-02 -1.374587438910E+00  6.929317467580E-02
  7.390499863647E-02  1.466073437589E+00 -1.459466484839E+00  7.357194077763E-02 -1.459466486241E+00  7.357194115257E-02
  7.551934871154E-02  1.498097736455E+00 -1.498097736455E+00  7.551934871154E-02 -1.498097736455E+00  7.551934871154E-02
  6.123233995737E-17  1.000000000000E+00 -8.724489794909E-01 -2.094474459221E-10 -8.724489795918E-01  5.342209251383E-17
  7.031560467768E-17  1.032064962873E+00 -9.149190073899E-01  6.797696065406E-11 -9.149190076182E-01  6.233433511077E-17
  9.014782125728E-17  1.102074954642E+00 -1.006204702860E+00 -8.389861131810E-10 -1.006204702750E+00  8.230580080755E-17
  1.172291654245E-16  1.197675195524E+00 -1.128189035799E+00  1.152862106127E-09 -1.128189036084E+00  1.104278185233E-16
  1.468739869314E-16  1.302324804476E+00 -1.258921253898E+00  6.618236815799E-10 -1.258921253698E+00  1.419790079463E-16
  1.739553310987E-16  1.397925045358E+00 -1.376332870730E+00  3.349959359728E-09 -1.376332870808E+00  1.712684389183E-16
  1.937875476782E-16  1.467935037127E+00 -1.461319696433E+00  9.373557792234E-10 -1.461319696365E+00  1.929142320131E-16
  2.028708123986E-16  1.500000000000E+00 -1.500000000000E+00  2.028708123986E-16 -1.500000000000E+00  2.028708123986E-16
  6.123233995737E-17  1.000000000000E+00 -8.724489794909E-01 -2.094474459221E-10 -8.724489795918E-01  5.342209251383E-17
  7.031560467768E-17  1.032064962873E+00 -9.149190073899E-01  6.797696065406E-11 -9.149190076182E-01  6.233433511077E-17
  9.014782125728E-17  1.102074954642E+00 -1.006204702860E+00 -8.389861131810E-10 -1.006204702750E+00  8.230580080755E-17
  1.172291654245E-16  1.197675195524E+00 -1.128189035799E+00  1.152862106127E-09 -1.128189036084E+00  1.104278185233E-16
  1.468739869314E-16  1.302324804476E+00 -1.258921253898E+00  6.618236815799E-10 -1.258921253698E+00  1.419790079463E-16
  1.739553310987E-16  1.397925045358E+00 -1.376332870730E+00  3.349959359728E-09 -1.376332870808E+00  1.712684389183E-16
  1.937875476782E-16  1.467935037127E+00 -1.461319696433E+00  9.373557792234E-10 -1.461319696365E+00  1.929142320131E-16
  2.028708123986E-16  1.500000000000E+00 -1.500000000000E+00  2.028708123986E-16 -1.500000000000E+00  2.028708123986E-16
 -5.034623247436E-02  9.987318243030E-01 -8.713425617588E-01 -4.392452005976E-02 -8.713425609991E-01 -4.392451914855E-02
 -5.196058254943E-02  1.030756123169E+00 -9.137587303907E-01 -4.606272583438E-02 -9.137587295681E-01 -4.606272505276E-02
 -5.548532187056E-02  1.100677329968E+00 -1.004928659858E+00 -5.065861800236E-02 -1.004928658400E+00 -5.065861588144E-02
 -6.029843382264E-02  1.196156332949E+00 -1.126758295661E+00 -5.680006841553E-02 -1.126758294166E+00 -5.680006748569E-02
 -6.556714736325E-02  1.300673227809E+00 -1.257324722303E+00 -6.338194469410E-02 -1.257324720359E+00 -6.338194210558E-02
 -7.038025931534E-02  1.396152230790E+00 -1.374587440718E+00 -6.929317475669E-02 -1.374587438910E+00 -6.929317467580E-02
 -7.390499863647E-02  1.466073437589E+00 -1.459466487733E+00 -7.357194153457E-02 -1.459466486241E+00 -7.357194115257E-02
 -7.551934871154E-02  1.498097736455E+00 -1.498097736455E+00 -7.551934871154E-02 -1.498097736455E+00 -7.551934871154E-02
 -1.596528317756E-01  9.871732235560E-01 -8.612582705333E-01 -1.392889490801E-01 -8.612582715719E-01 -1.392889501715E-01
 -1.647720938990E-01  1.018826896318E+00 -9.031835446563E-01 -1.460694088340E-01 -9.031835460432E-01 -1.460694104115E-01
 -1.759493873375E-01  1.087938885574E+00 -9.932983380200E-01 -1.606434291741E-01 -9.932983399708E-01 -1.606434301399E-01
 -1.912122365128E-01  1.182312883539E+00 -1.113718004009E+00 -1.801185715306E-01 -1.113718007531E+00 -1.801185743889E-01
 -2.079198429261E-01  1.285620175351E+00 -1.242773346866E+00 -2.009903424162E-01 -1.242773352216E+00 -2.009903431353E-01
 -2.231826921014E-01  1.379994173316E+00 -1.358678950317E+00 -2.197354387978E-01 -1.358678956762E+00 -2.197354402903E-01
 -2.343599855400E-01  1.449106162572E+00 -1.442575671413E+00 -2.333038278770E-01 -1.442575675307E+00 -2.333038276542E-01
 -2.394792476634E-01  1.480759835334E+00 -1.480759835334E+00 -2.394792476634E-01 -1.480759835334E+00 -2.394792476634E-01
 -3.055418788382E-01  9.521786388467E-01 -8.307272831224E-01 -2.665697010250E-01 -8.307272818510E-01 -2.665697004149E-01
 -3.153390678391E-01  9.827102115494E-01 -8.711663370215E-01 -2.795460730289E-01 -8.711663353289E-01 -2.795460725724E-01
 -3.367300522617E-01  1.049372230218E+00 -9.580866271545E-01 -3.074376772250E-01 -9.580866242655E-01 -3.074376753740E-01
 -3.659399294784E-01  1.140400737455E+00 -1.074237505806E+00 -3.447089986289E-01 -1.074237500740E+00 -3.447089977696E-01
 -3.979147676170E-01  1.240045859662E+00 -1.198717933425E+00 -3.846531685054E-01 -1.198717925761E+00 -3.846531651641E-01
 -4.271246448337E-01  1.331074366899E+00 -1.310514768522E+00 -4.205273330029E-01 -1.310514759526E+00 -4.205273312534E-01
 -4.485156292563E-01  1.397736385567E+00 -1.391437404402E+00 -4.464943672529E-01 -1.391437399405E+00 -4.464943656107E-01
 -4.583128182573E-01  1.428267958270E+00 -1.428267958270E+00 -4.583128182573E-01 -1.428267958270E+00 -4.583128182573E-01
 -4.572412379666E-01  8.893427068925E-01 -7.759061354011E-01 -3.989196512295E-01 -7.759061371358E-01 -3.989196514912E-01
 -4.719026612858E-01  9.178594477700E-01 -8.136765446928E-01 -4.183386989402E-01 -8.136765468226E-01 -4.183386996825E-01
 -5.039141165923E-01  9.801223233594E-01 -8.948608106705E-01 -4.600782837008E-01 -8.948608140314E-01 -4.600782839331E-01
 -5.476264890834E-01  1.065143700366E+00 -1.003346686323E+00 -5.158545486994E-01 -1.003346691237E+00 -5.158545515192E-01
 -5.954766058330E-01  1.158213066866E+00 -1.119612427884E+00 -5.756307099632E-01 -1.119612435528E+00 -5.756307125432E-01
 -6.391889783241E-01  1.243234443872E+00 -1.224031593043E+00 -6.293161406210E-01 -1.224031600909E+00 -6.293161457023E-01
 -6.712004336306E-01  1.305497319461E+00 -1.299614009768E+00 -6.681756247324E-01 -1.299614014401E+00 -6.681756270310E-01
 -6.858618569498E-01  1.334014060339E+00 -1.334014060339E+00 -6.858618569498E-01 -1.334014060339E+00 -6.858618569498E-01
 -5.851452805981E-01  8.109284805664E-01 -7.074937270445E-01 -5.105094028169E-01 -7.074937253921E-01 -5.105094029708E-01
 -6.039079422956E-01  8.369308721881E-01 -7.419338827547E-01 -5.353605390400E-01 -7.419338806892E-01 -5.353605394373E-01
 -6.448739585740E-01  8.937039684379E-01 -8.159600533201E-01 -5.887759339216E-01 -8.159600507397E-01 -5.887759331297E-01
 -7.008139883505E-01  9.712289265187E-01 -9.148806251110E-01 -6.601544900888E-01 -9.148806208230E-01 -6.601544900869E-01
 -7.620492131448E-01  1.056092274897E+00 -1.020895104030E+00 -7.366518334971E-01 -1.020895099414E+00 -7.366518302459E-01
 -8.179892429213E-01  1.133617232978E+00 -1.116107529057E+00 -8.053546870950E-01 -1.116107523678E+00 -8.053546838853E-01
 -8.589552591997E-01  1.190390329228E+00 -1.185025763664E+00 -8.550843267088E-01 -1.185025760995E+00 -8.550843237733E-01
 -8.777179208972E-01  1.216392720850E+00 -1.216392720850E+00 -8.777179208972E-01 -1.216392720850E+00 -8.777179208972E-01
 -6.706098831617E-01  7.418102079413E-01 -6.471915576112E-01 -5.850729081203E-01 -6.471915589692E-01 -5.850729082686E-01
 -6.921129641672E-01  7.655963247174E-01 -6.786962578296E-01 -6.135537283545E-01 -6.786962592907E-01 -6.135537288012E-01
 -7.390623565677E-01  8.175304512697E-01 -7.464129174665E-01 -6.747708186243E-01 -7.464129197783E-01 -6.747708181478E-01
 -8.031728229362E-01  8.884476858381E-01 -8.369021413967E-01 -7.565747167263E-01 -8.369021434543E-01 -7.565747176723E-01
 -8.733518849679E-01  9.660778340152E-01 -9.338806341153E-01 -8.442450354518E-01 -9.338806369872E-01 -8.442450348520E-01
 -9.374623513365E-01  1.036995068584E+00 -1.020977771639E+00 -9.229824243238E-01 -1.020977773090E+00 -9.229824256840E-01
 -9.844117437369E-01  1.088929195136E+00 -1.084021866573E+00 -9.799754301150E-01 -1.084021867830E+00 -9.799754308414E-01
 -1.005914824742E+00  1.112715311912E+00 -1.112715311912E+00 -1.005914824742E+00 -1.112715311912E+00 -1.005914824742E+00
 -7.071067811865E-01  7.071067811865E-01 -6.169145894892E-01 -6.169145897854E-01 -6.169145897087E-01 -6.169145897087E-01
 -7.297801338723E-01  7.297801338723E-01 -6.469454344099E-01 -6.469454343138E-01 -6.469454345233E-01 -6.469454345233E-01
 -7.792846738030E-01  7.792846738030E-01 -7.114941680608E-01 -7.114941692473E-01 -7.114941685762E-01 -7.114941685762E-01
 -8.468842524142E-01  8.468842524142E-01 -7.977501184891E-01 -7.977501168587E-01 -7.977501178750E-01 -7.977501178750E-01
 -9.208827005522E-01  9.208827005522E-01 -8.901917560788E-01 -8.901917551429E-01 -8.901917554695E-01 -8.901917554695E-01
 -9.884822791634E-01  9.884822791634E-01 -9.732143084320E-01 -9.732143036944E-01 -9.732143061182E-01 -9.732143061182E-01
 -1.037986819094E+00  1.037986819094E+00 -1.033309067492E+00 -1.033309066166E+00 -1.033309066781E+00 -1.033309066781E+00
 -1.060660171780E+00  1.060660171780E+00 -1.060660171780E+00 -1.060660171780E+00 -1.060660171780E+00 -1.060660171780E+00
 -7.071067811865E-01  7.071067811865E-01 -6.169145894892E-01 -6.169145897854E-01 -6.169145897087E-01 -6.169145897087E-01
 -7.297801338723E-01  7.297801338723E-01 -6.469454344099E-01 -6.469454343138E-01 -6.469454345233E-01 -6.469454345233E-01
 -7.792846738030E-01  7.792846738030E-01 -7.114941680608E-01 -7.114941692473E-01 -7.114941685762E-01 -7.114941685762E-01
 -8.468842524142E-01  8.468842524142E-01 -7.977501184891E-01 -7.977501168587E-01 -7.977501178750E-01 -7.977501178750E-01
 -9.208827005522E-01  9.208827005522E-01 -8.901917560788E-01 -8.901917551429E-01 -8.901917554695E-01 -8.901917554695E-01
 -9.884822791634E-01  9.884822791634E-01 -9.732143084320E-01 -9.732143036944E-01 -9.732143061182E-01 -9.732143061182E-01
 -1.037986819094E+00  1.037986819094E+00 -1.033309067492E+00 -1.033309066166E+00 -1.033309066781E+00 -1.033309066781E+00
 -1.060660171780E+00  1.060660171780E+00 -1.060660171780E+00 -1.060660171780E+00 -1.060660171780E+00 -1.060660171780E+00
 -7.418102079413E-01  6.706098831617E-01 -5.850729081615E-01 -6.471915601507E-01 -5.850729082686E-01 -6.471915589692E-01
 -7.655963247174E-01  6.921129641672E-01 -6.135537288302E-01 -6.786962604251E-01 -6.135537288012E-01 -6.786962592907E-01
 -8.175304512697E-01  7.390623565677E-01 -6.747708176791E-01 -7.464129223092E-01 -6.747708181478E-01 -7.464129197783E-01
 -8.884476858381E-01  8.031728229362E-01 -7.565747180714E-01 -8.369021451684E-01 -7.565747176723E-01 -8.369021434543E-01
 -9.660778340152E-01  8.733518849679E-01 -8.442450343963E-01 -9.338806401923E-01 -8.442450348520E-01 -9.338806369872E-01
 -1.036995068584E+00  9.374623513365E-01 -9.229824269054E-01 -1.020977774426E+00 -9.229824256840E-01 -1.020977773090E+00
 -1.088929195136E+00  9.844117437369E-01 -9.799754316265E-01 -1.084021869155E+00 -9.799754308414E-01 -1.084021867830E+00
 -1.112715311912E+00  1.005914824742E+00 -1.005914824742E+00 -1.112715311912E+00 -1.005914824742E+00 -1.112715311912E+00
 -8.109284805664E-01  5.851452805981E-01 -5.105094030082E-01 -7.074937238860E-01 -5.105094029708E-01 -7.074937253921E-01
 -8.369308721881E-01  6.039079422956E-01 -5.353605395721E-01 -7.419338785930E-01 -5.353605394373E-01 -7.419338806892E-01
 -8.937039684379E-01  6.448739585740E-01 -5.887759324332E-01 -8.159600486773E-01 -5.887759331297E-01 -8.159600507397E-01
 -9.712289265187E-01  7.008139883505E-01 -6.601544896173E-01 -9.148806163112E-01 -6.601544900869E-01 -9.148806208230E-01
 -1.056092274897E+00  7.620492131448E-01 -7.366518269711E-01 -1.020895095122E+00 -7.366518302459E-01 -1.020895099414E+00
 -1.133617232978E+00  8.179892429213E-01 -8.053546803834E-01 -1.116107518065E+00 -8.053546838853E-01 -1.116107523678E+00
 -1.190390329228E+00  8.589552591997E-01 -8.550843208623E-01 -1.185025758399E+00 -8.550843237733E-01 -1.185025760995E+00
 -1.216392720850E+00  8.777179208972E-01 -8.777179208972E-01 -1.216392720850E+00 -8.777179208972E-01 -1.216392720850E+00
 -8.893427068925E-01  4.572412379666E-01 -3.989196519589E-01 -7.759061384662E-01 -3.989196514912E-01 -7.759061371358E-01
 -9.178594477700E-01  4.719026612858E-01 -4.183387005566E-01 -8.136765483422E-01 -4.183386996825E-01 -8.136765468225E-01
 -9.801223233594E-01  5.039141165923E-01 -4.600782846670E-01 -8.948608173831E-01 -4.600782839331E-01 -8.948608140314E-01
 -1.065143700366E+00  5.476264890834E-01 -5.158545544941E-01 -1.003346695427E+00 -5.158545515192E-01 -1.003346691237E+00
 -1.158213066866E+00  5.954766058330E-01 -5.756307155995E-01 -1.119612443310E+00 -5.756307125432E-01 -1.119612435528E+00
 -1.243234443872E+00  6.391889783241E-01 -6.293161508260E-01 -1.224031608507E+00 -6.293161457023E-01 -1.224031600909E+00
 -1.305497319461E+00  6.712004336306E-01 -6.681756294028E-01 -1.299614019095E+00 -6.681756270310E-01 -1.299614014401E+00
 -1.334014060339E+00  6.858618569498E-01 -6.858618569498E-01 -1.334014060339E+00 -6.858618569498E-01 -1.334014060339E+00
 -9.521786388467E-01  3.055418788382E-01 -2.665696993734E-01 -8.307272804393E-01 -2.665697004149E-01 -8.307272818510E-01
 -9.827102115494E-01  3.153390678391E-01 -2.795460715914E-01 -8.711663332981E-01 -2.795460725724E-01 -8.711663353289E-01
 -1.049372230218E+00  3.367300522617E-01 -3.074376731617E-01 -9.580866217247E-01 -3.074376753740E-01 -9.580866242655E-01
 -1.140400737455E+00  3.659399294784E-01 -3.447089962888E-01 -1.074237495271E+00 -3.447089977696E-01 -1.074237500740E+00
 -1.240045859662E+00  3.979147676170E-01 -3.846531615836E-01 -1.198717918532E+00 -3.846531651641E-01 -1.198717925761E+00
 -1.331074366899E+00  4.271246448337E-01 -4.205273292843E-01 -1.310514750371E+00 -4.205273312534E-01 -1.310514759526E+00
 -1.397736385567E+00  4.485156292563E-01 -4.464943639602E-01 -1.391437394504E+00 -4.464943656107E-01 -1.391437399405E+00
 -1.428267958270E+00  4.583128182573E-01 -4.583128182573E-01 -1.428267958270E+00 -4.583128182573E-01 -1.428267958270E+00
 -9.871732235560E-01  1.596528317756E-01 -1.392889514488E-01 -8.612582726315E-01 -1.392889501715E-01 -8.612582715719E-01
 -1.018826896318E+00  1.647720938990E-01 -1.460694121531E-01 -9.031835472228E-01 -1.460694104115E-01 -9.031835460432E-01
 -1.087938885574E+00  1.759493873375E-01 -1.606434314046E-01 -9.932983423554E-01 -1.606434301399E-01 -9.932983399708E-01
 -1.182312883539E+00  1.912122365128E-01 -1.801185774196E-01 -1.113718010565E+00 -1.801185743889E-01 -1.113718007531E+00
 -1.285620175351E+00  2.079198429261E-01 -2.009903441003E-01 -1.242773357779E+00 -2.009903431353E-01 -1.242773352216E+00
 -1.379994173316E+00  2.231826921014E-01 -2.197354418244E-01 -1.358678962835E+00 -2.197354402903E-01 -1.358678956762E+00
 -1.449106162572E+00  2.343599855400E-01 -2.333038274651E-01 -1.442575679269E+00 -2.333038276542E-01 -1.442575675307E+00
 -1.480759835334E+00  2.394792476634E-01 -2.394792476634E-01 -1.480759835334E+00 -2.394792476634E-01 -1.480759835334E+00
 -9.987318243030E-01  5.034623247436E-02 -4.392451829313E-02 -8.713425599340E-01 -4.392451914855E-02 -8.713425609991E-01
 -1.030756123169E+00  5.196058254943E-02 -4.606272433549E-02 -9.137587282191E-01 -4.606272505276E-02 -9.137587295681E-01
 -1.100677329968E+00  5.548532187056E-02 -5.065861390970E-02 -1.004928657102E+00 -5.065861588144E-02 -1.004928658400E+00
 -1.196156332949E+00  6.029843382265E-02 -5.680006669970E-02 -1.126758292043E+00 -5.680006748569E-02 -1.126758294166E+00
 -1.300673227809E+00  6.556714736326E-02 -6.338193965062E-02 -1.257324718753E+00 -6.338194210558E-02 -1.257324720359E+00
 -1.396152230790E+00  7.038025931534E-02 -6.929317461151E-02 -1.374587436922E+00 -6.929317467580E-02 -1.374587438910E+00
 -1.466073437589E+00  7.390499863647E-02 -7.357194077764E-02 -1.459466484839E+00 -7.357194115257E-02 -1.459466486241E+00
 -1.498097736455E+00  7.551934871154E-02 -7.551934871154E-02 -1.498097736455E+00 -7.551934871154E-02 -1.498097736455E+00
 -1.000000000000E+00  1.665334536938E-16  2.094473798569E-10 -8.724489794909E-01 -1.452919417430E-16 -8.724489795918E-01
 -1.032064962873E+00  1.807731577197E-16 -6.797701648601E-11 -9.149190073899E-01 -1.602542514423E-16 -9.149190076182E-01
 -1.102074954642E+00  2.118638396461E-16  8.389860000883E-10 -1.006204702860E+00 -1.934336597494E-16 -1.006204702750E+00
 -1.197675195524E+00  2.543188750812E-16 -1.152862498320E-09 -1.128189035799E+00 -2.395639215105E-16 -1.128189036084E+00
 -1.302324804476E+00  3.007926372314E-16 -6.618240470413E-10 -1.258921253898E+00 -2.907678965071E-16 -1.258921253698E+00
 -1.397925045358E+00  3.432476726665E-16 -3.349959552296E-09 -1.376332870730E+00 -3.379459122561E-16 -1.376332870808E+00
 -1.467935037127E+00  3.743383545928E-16 -9.373559932803E-10 -1.461319696433E+00 -3.726513754600E-16 -1.461319696365E+00
 -1.500000000000E+00  3.885780586188E-16 -3.885780586188E-16 -1.500000000000E+00 -3.885780586188E-16 -1.500000000000E+00
 -1.000000000000E+00  1.665334536938E-16  2.094473798569E-10 -8.724489794909E-01 -1.452919417430E-16 -8.724489795918E-01
 -1.032064962873E+00  1.807731577197E-16 -6.797701648601E-11 -9.149190073899E-01 -1.602542514423E-16 -9.149190076182E-01
 -1.102074954642E+00  2.118638396461E-16  8.389860000883E-10 -1.006204702860E+00 -1.934336597494E-16 -1.006204702750E+00
 -1.197675195524E+00  2.543188750812E-16 -1.152862498320E-09 -1.128189035799E+00 -2.395639215105E-16 -1.128189036084E+00
 -1.302324804476E+00  3.007926372314E-16 -6.618240470413E-10 -1.258921253898E+00 -2.907678965071E-16 -1.258921253698E+00
 -1.397925045358E+00  3.432476726665E-16 -3.349959552296E-09 -1.376332870730E+00 -3.379459122561E-16 -1.376332870808E+00
 -1.467935037127E+00  3.743383545928E-16 -9.373559932803E-10 -1.461319696433E+00 -3.726513754600E-16 -1.461319696365E+00
 -1.500000000000E+00  3.885780586188E-16 -3.885780586188E-16 -1.500000000000E+00 -3.885780586188E-16 -1.500000000000E+00
 -9.987318243030E-01 -5.034623247436E-02  4.392452005976E-02 -8.713425617588E-01  4.392451914855E-02 -8.713425609991E-01
 -1.030756123169E+00 -5.196058254943E-02  4.606272583438E-02 -9.137587303907E-01  4.606272505276E-02 -9.137587295681E-01
 -1.100677329968E+00 -5.548532187056E-02  5.065861800236E-02 -1.004928659858E+00  5.065861588144E-02 -1.004928658400E+00
 -1.196156332949E+00 -6.029843382264E-02  5.680006841553E-02 -1.126758295661E+00  5.680006748569E-02 -1.126758294166E+00
 -1.300673227809E+00 -6.556714736325E-02  6.338194469409E-02 -1.257324722303E+00  6.338194210558E-02 -1.257324720359E+00
 -1.396152230790E+00 -7.038025931534E-02  6.929317475669E-02 -1.374587440718E+00  6.929317467580E-02 -1.374587438910E+00
 -1.466073437589E+00 -7.390499863647E-02  7.357194153457E-02 -1.459466487733E+00  7.357194115257E-02 -1.459466486241E+00
 -1.498097736455E+00 -7.551934871154E-02  7.551934871154E-02 -1.498097736455E+00  7.551934871154E-02 -1.498097736455E+00
 -9.871732235560E-01 -1.596528317756E-01  1.392889490801E-01 -8.612582705333E-01  1.392889501715E-01 -8.612582715719E-01
 -1.018826896318E+00 -1.647720938990E-01  1.460694088340E-01 -9.031835446563E-01  1.460694104115E-01 -9.031835460432E-01
 -1.087938885574E+00 -1.759493873375E-01  1.606434291741E-01 -9.932983380200E-01  1.606434301399E-01 -9.932983399708E-01
 -1.182312883539E+00 -1.912122365128E-01  1.801185715306E-01 -1.113718004009E+00  1.801185743889E-01 -1.113718007531E+00
 -1.285620175351E+00 -2.079198429261E-01  2.009903424162E-01 -1.242773346866E+00  2.009903431353E-01 -1.242773352216E+00
 -1.379994173316E+00 -2.231826921014E-01  2.197354387978E-01 -1.358678950317E+00  2.197354402903E-01 -1.358678956762E+00
 -1.449106162572E+00 -2.343599855400E-01  2.333038278770E-01 -1.442575671413E+00  2.333038276541E-01 -1.442575675307E+00
 -1.480759835334E+00 -2.394792476634E-01  2.394792476634E-01 -1.480759835334E+00  2.394792476634E-01 -1.480759835334E+00
 -9.521786388467E-01 -3.055418788382E-01  2.665697010250E-01 -8.307272831224E-01  2.665697004149E-01 -8.307272818510E-01
 -9.827102115494E-01 -3.153390678391E-01  2.795460730289E-01 -8.711663370215E-01  2.795460725724E-01 -8.711663353289E-01
 -1.049372230218E+00 -3.367300522617E-01  3.074376772250E-01 -9.580866271545E-01  3.074376753740E-01 -9.580866242655E-01
 -1.140400737455E+00 -3.659399294784E-01  3.447089986289E-01 -1.074237505806E+00  3.447089977696E-01 -1.074237500740E+00
 -1.240045859662E+00 -3.979147676170E-01  3.846531685054E-01 -1.198717933425E+00  3.846531651641E-01 -1.198717925761E+00
 -1.331074366899E+00 -4.271246448337E-01  4.205273330029E-01 -1.310514768522E+00  4.205273312534E-01 -1.310514759526E+00
 -1.397736385567E+00 -4.485156292563E-01  4.464943672529E-01 -1.391437404402E+00  4.464943656107E-01 -1.391437399405E+00
 -1.428267958270E+00 -4.583128182573E-01  4.583128182573E-01 -1.428267958270E+00  4.583128182573E-01 -1.428267958270E+00
 -8.893427068925E-01 -4.572412379666E-01  3.989196512295E-01 -7.759061354011E-01  3.989196514912E-01 -7.759061371358E-01
 -9.178594477700E-01 -4.719026612858E-01  4.183386989402E-01 -8.136765446928E-01  4.183386996825E-01 -8.136765468226E-01
 -9.801223233594E-01 -5.039141165923E-01  4.600782837008E-01 -8.948608106705E-01  4.600782839331E-01 -8.948608140314E-01
 -1.065143700366E+00 -5.476264890834E-01  5.158545486994E-01 -1.003346686323E+00  5.158545515192E-01 -1.003346691237E+00
 -1.158213066866E+00 -5.954766058330E-01  5.756307099632E-01 -1.119612427884E+00  5.756307125432E-01 -1.119612435528E+00
 -1.243234443872E+00 -6.391889783241E-01  6.293161406210E-01 -1.224031593043E+00  6.293161457023E-01 -1.224031600909E+00
 -1.305497319461E+00 -6.712004336306E-01  6.681756247324E-01 -1.299614009768E+00  6.681756270310E-01 -1.299614014401E+00
 -1.334014060339E+00 -6.858618569498E-01  6.858618569498E-01 -1.334014060339E+00  6.858618569498E-01 -1.334014060339E+00
 -8.109284805664E-01 -5.851452805981E-01  5.105094028169E-01 -7.074937270445E-01  5.105094029708E-01 -7.074937253921E-01
 -8.369308721881E-01 -6.039079422956E-01  5.353605390400E-01 -7.419338827547E-01  5.353605394373E-01 -7.419338806892E-01
 -8.937039684379E-01 -6.448739585740E-01  5.887759339216E-01 -8.159600533201E-01  5.887759331297E-01 -8.159600507397E-01
 -9.712289265187E-01 -7.008139883505E-01  6.601544900888E-01 -9.148806251110E-01  6.601544900869E-01 -9.148806208230E-01
 -1.056092274897E+00 -7.620492131448E-01  7.366518334971E-01 -1.020895104030E+00  7.366518302459E-01 -1.020895099414E+00
 -1.133617232978E+00 -8.179892429213E-01  8.053546870950E-01 -1.116107529057E+00  8.053546838853E-01 -1.116107523678E+00
 -1.190390329228E+00 -8.589552591997E-01  8.550843267088E-01 -1.185025763664E+00  8.550843237733E-01 -1.185025760995E+00
 -1.216392720850E+00 -8.777179208972E-01  8.777179208972E-01 -1.216392720850E+00  8.777179208972E-01 -1.216392720850E+00
 -7.418102079413E-01 -6.706098831617E-01  5.850729081203E-01 -6.471915576112E-01  5.850729082686E-01 -6.471915589692E-01
 -7.655963247174E-01 -6.921129641672E-01  6.135537283545E-01 -6.786962578296E-01  6.135537288012E-01 -6.786962592907E-01
 -8.175304512697E-01 -7.390623565677E-01  6.747708186243E-01 -7.464129174665E-01  6.747708181478E-01 -7.464129197783E-01
 -8.884476858381E-01 -8.031728229362E-01  7.565747167263E-01 -8.369021413967E-01  7.565747176723E-01 -8.369021434543E-01
 -9.660778340152E-01 -8.733518849679E-01  8.442450354518E-01 -9.338806341153E-01  8.442450348520E-01 -9.338806369872E-01
 -1.036995068584E+00 -9.374623513365E-01  9.229824243238E-01 -1.020977771639E+00  9.229824256840E-01 -1.020977773090E+00
 -1.088929195136E+00 -9.844117437369E-01  9.799754301150E-01 -1.084021866573E+00  9.799754308414E-01 -1.084021867830E+00
 -1.112715311912E+00 -1.005914824742E+00  1.005914824742E+00 -1.112715311912E+00  1.005914824742E+00 -1.112715311912E+00
 -7.071067811865E-01 -7.071067811865E-01  6.169145897854E-01 -6.169145894892E-01  6.169145897087E-01 -6.169145897087E-01
 -7.297801338723E-01 -7.297801338723E-01  6.469454343138E-01 -6.469454344099E-01  6.469454345233E-01 -6.469454345233E-01
 -7.792846738030E-01 -7.792846738030E-01  7.114941692473E-01 -7.114941680608E-01  7.114941685762E-01 -7.114941685762E-01
 -8.468842524142E-01 -8.468842524142E-01  7.977501168587E-01 -7.977501184891E-01  7.977501178750E-01 -7.977501178750E-01
 -9.208827005522E-01 -9.208827005522E-01  8.901917551429E-01 -8.901917560788E-01  8.901917554695E-01 -8.901917554695E-01
 -9.884822791634E-01 -9.884822791634E-01  9.732143036944E-01 -9.732143084320E-01  9.732143061182E-01 -9.732143061182E-01
 -1.037986819094E+00 -1.037986819094E+00  1.033309066166E+00 -1.033309067492E+00  1.033309066781E+00 -1.033309066781E+00
 -1.060660171780E+00 -1.060660171780E+00  1.060660171780E+00 -1.060660171780E+00  1.060660171780E+00 -1.060660171780E+00
 -7.071067811865E-01 -7.071067811865E-01  6.169145897854E-01 -6.169145894892E-01  6.169145897087E-01 -6.169145897087E-01
 -7.297801338723E-01 -7.297801338723E-01  6.469454343138E-01 -6.469454344099E-01  6.469454345233E-01 -6.469454345233E-01
 -7.792846738030E-01 -7.792846738030E-01  7.114941692473E-01 -7.114941680608E-01  7.114941685762E-01 -7.114941685762E-01
 -8.468842524142E-01 -8.468842524142E-01  7.977501168587E-01 -7.977501184891E-01  7.977501178750E-01 -7.977501178750E-01
 -9.208827005522E-01 -9.208827005522E-01  8.901917551429E-01 -8.901917560788E-01  8.901917554695E-01 -8.901917554695E-01
 -9.884822791634E-01 -9.884822791634E-01  9.732143036944E-01 -9.732143084320E-01  9.732143061182E-01 -9.732143061182E-01
 -1.037986819094E+00 -1.037986819094E+00  1.033309066166E+00 -1.033309067492E+00  1.033309066781E+00 -1.033309066781E+00
 -1.060660171780E+00 -1.060660171780E+00  1.060660171780E+00 -1.060660171780E+00  1.060660171780E+00 -1.060660171780E+00
 -6.706098831617E-01 -7.418102079413E-01  6.471915601507E-01 -5.850729081615E-01  6.471915589692E-01 -5.850729082686E-01
 -6.921129641672E-01 -7.655963247174E-01  6.786962604251E-01 -6.135537288302E-01  6.786962592907E-01 -6.135537288012E-01
 -7.390623565677E-01 -8.175304512697E-01  7.464129223092E-01 -6.747708176791E-01  7.464129197783E-01 -6.747708181478E-01
 -8.031728229362E-01 -8.884476858381E-01  8.369021451684E-01 -7.565747180714E-01  8.369021434543E-01 -7.565747176723E-01
 -8.733518849679E-01 -9.660778340152E-01  9.338806401923E-01 -8.442450343963E-01  9.338806369872E-01 -8.442450348520E-01
 -9.374623513365E-01 -1.036995068584E+00  1.020977774426E+00 -9.229824269054E-01  1.020977773090E+00 -9.229824256840E-01
 -9.844117437369E-01 -1.088929195136E+00  1.084021869155E+00 -9.799754316265E-01  1.084021867830E+00 -9.799754308414E-01
 -1.005914824742E+00 -1.112715311912E+00  1.112715311912E+00 -1.005914824742E+00  1.112715311912E+00 -1.005914824742E+00
 -5.851452805981E-01 -8.109284805664E-01  7.074937238860E-01 -5.105094030082E-01  7.074937253921E-01 -5.105094029708E-01
 -6.039079422956E-01 -8.369308721881E-01  7.419338785930E-01 -5.353605395721E-01  7.419338806892E-01 -5.353605394373E-01
 -6.448739585740E-01 -8.937039684379E-01  8.159600486773E-01 -5.887759324332E-01  8.159600507397E-01 -5.887759331297E-01
 -7.008139883505E-01 -9.712289265187E-01  9.148806163112E-01 -6.601544896173E-01  9.148806208230E-01 -6.601544900869E-01
 -7.620492131448E-01 -1.056092274897E+00  1.020895095122E+00 -7.366518269711E-01  1.020895099414E+00 -7.366518302459E-01
 -8.179892429213E-01 -1.133617232978E+00  1.116107518065E+00 -8.053546803834E-01  1.116107523678E+00 -8.053546838853E-01
 -8.589552591997E-01 -1.190390329228E+00  1.185025758399E+00 -8.550843208623E-01  1.185025760995E+00 -8.550843237733E-01
 -8.777179208972E-01 -1.216392720850E+00  1.216392720850E+00 -8.777179208972E-01  1.216392720850E+00 -8.777179208972E-01
 -4.572412379666E-01 -8.893427068925E-01  7.759061384662E-01 -3.989196519589E-01  7.759061371358E-01 -3.989196514912E-01
 -4.719026612858E-01 -9.178594477700E-01  8.136765483422E-01 -4.183387005566E-01  8.136765468225E-01 -4.183386996825E-01
 -5.039141165923E-01 -9.801223233594E-01  8.948608173831E-01 -4.600782846670E-01  8.948608140314E-01 -4.600782839331E-01
 -5.476264890834E-01 -1.065143700366E+00  1.003346695427E+00 -5.158545544941E-01  1.003346691237E+00 -5.158545515192E-01
 -5.954766058330E-01 -1.158213066866E+00  1.119612443310E+00 -5.756307155995E-01  1.119612435528E+00 -5.756307125432E-01
 -6.391889783241E-01 -1.243234443872E+00  1.224031608507E+00 -6.293161508260E-01  1.224031600909E+00 -6.293161457023E-01
 -6.712004336306E-01 -1.305497319461E+00  1.299614019095E+00 -6.681756294028E-01  1.299614014401E+00 -6.681756270310E-01
 -6.858618569498E-01 -1.334014060339E+00  1.334014060339E+00 -6.858618569498E-01  1.334014060339E+00 -6.858618569498E-01
 -3.055418788382E-01 -9.521786388467E-01  8.307272804393E-01 -2.665696993734E-01  8.307272818510E-01 -2.665697004149E-01
 -3.153390678391E-01 -9.827102115494E-01  8.711663332981E-01 -2.795460715914E-01  8.711663353289E-01 -2.795460725724E-01
 -3.367300522617E-01 -1.049372230218E+00  9.580866217247E-01 -3.074376731617E-01  9.580866242655E-01 -3.074376753740E-01
 -3.659399294784E-01 -1.140400737455E+00  1.074237495271E+00 -3.447089962888E-01  1.074237500740E+00 -3.447089977696E-01
 -3.979147676170E-01 -1.240045859662E+00  1.198717918532E+00 -3.846531615836E-01  1.198717925761E+00 -3.846531651641E-01
 -4.271246448337E-01 -1.331074366899E+00  1.310514750371E+00 -4.205273292843E-01  1.310514759526E+00 -4.205273312534E-01
 -4.485156292563E-01 -1.397736385567E+00  1.391437394504E+00 -4.464943639602E-01  1.391437399405E+00 -4.464943656107E-01
 -4.583128182573E-01 -1.428267958270E+00  1.428267958270E+00 -4.583128182573E-01  1.428267958270E+00 -4.583128182573E-01
 -1.596528317756E-01 -9.871732235560E-01  8.612582726315E-01 -1.392889514488E-01  8.612582715719E-01 -1.392889501715E-01
 -1.647720938990E-01 -1.018826896318E+00  9.031835472228E-01 -1.460694121531E-01  9.031835460432E-01 -1.460694104115E-01
 -1.759493873375E-01 -1.087938885574E+00  9.932983423554E-01 -1.606434314046E-01  9.932983399708E-01 -1.606434301399E-01
 -1.912122365128E-01 -1.182312883539E+00  1.113718010565E+00 -1.801185774196E-01  1.113718007531E+00 -1.801185743889E-01
 -2.079198429261E-01 -1.285620175351E+00  1.242773357779E+00 -2.009903441003E-01  1.242773352216E+00 -2.009903431353E-01
 -2.231826921014E-01 -1.379994173316E+00  1.358678962835E+00 -2.197354418244E-01  1.358678956762E+00 -2.197354402903E-01
 -2.343599855400E-01 -1.449106162572E+00  1.442575679269E+00 -2.333038274651E-01  1.442575675307E+00 -2.333038276542E-01
 -2.394792476634E-01 -1.480759835334E+00  1.480759835334E+00 -2.394792476634E-01  1.480759835334E+00 -2.394792476634E-01
 -5.034623247436E-02 -9.987318243030E-01  8.713425599340E-01 -4.392451829313E-02  8.713425609991E-01 -4.392451914855E-02
 -5.196058254943E-02 -1.030756123169E+00  9.137587282191E-01 -4.606272433549E-02  9.137587295681E-01 -4.606272505276E-02
 -5.548532187056E-02 -1.100677329968E+00  1.004928657102E+00 -5.065861390970E-02  1.004928658400E+00 -5.065861588144E-02
 -6.029843382264E-02 -1.196156332949E+00  1.126758292043E+00 -5.680006669970E-02  1.126758294166E+00 -5.680006748569E-02
 -6.556714736325E-02 -1.300673227809E+00  1.257324718753E+00 -6.338193965062E-02  1.257324720359E+00 -6.338194210558E-02
 -7.038025931534E-02 -1.396152230790E+00  1.374587436922E+00 -6.929317461151E-02  1.374587438910E+00 -6.929317467580E-02
 -7.390499863647E-02 -1.466073437589E+00  1.459466484839E+00 -7.357194077763E-02  1.459466486241E+00 -7.357194115257E-02
 -7.551934871154E-02 -1.498097736455E+00  1.498097736455E+00 -7.551934871154E-02  1.498097736455E+00 -7.551934871154E-02
 -2.163234161989E-16 -1.000000000000E+00  8.724489794909E-01  2.094473797598E-10  8.724489795918E-01 -1.887311437246E-16
 -2.214798555046E-16 -1.032064962873E+00  9.149190073899E-01 -6.797699936440E-11  9.149190076182E-01 -1.963404794226E-16
 -2.327383208513E-16 -1.102074954642E+00  1.006204702860E+00  8.389861133268E-10  1.006204702750E+00 -2.124922555987E-16
 -2.481120121191E-16 -1.197675195524E+00  1.128189035799E+00 -1.152862218464E-09  1.128189036084E+00 -2.337171654214E-16
 -2.649409527626E-16 -1.302324804476E+00  1.258921253898E+00 -6.618240239885E-10  1.258921253698E+00 -2.561110678853E-16
 -2.803146440303E-16 -1.397925045358E+00  1.376332870730E+00 -3.349959554467E-09  1.376332870808E+00 -2.759849392704E-16
 -2.915731093771E-16 -1.467935037127E+00  1.461319696433E+00 -9.373558532551E-10  1.461319696365E+00 -2.902591169818E-16
 -2.967295486828E-16 -1.500000000000E+00  1.500000000000E+00 -2.967295486828E-16  1.500000000000E+00 -2.967295486828E-16
 -2.163234161989E-16 -1.000000000000E+00  8.724489794909E-01  2.094473797598E-10  8.724489795918E-01 -1.887311437246E-16
 -2.214798555046E-16 -1.032064962873E+00  9.149190073899E-01 -6.797699936440E-11  9.149190076182E-01 -1.963404794226E-16
 -2.327383208513E-16 -1.102074954642E+00  1.006204702860E+00  8.389861133268E-10  1.006204702750E+00 -2.124922555987E-16
 -2.481120121191E-16 -1.197675195524E+00  1.128189035799E+00 -1.152862218464E-09  1.128189036084E+00 -2.337171654214E-16
 -2.649409527626E-16 -1.302324804476E+00  1.258921253898E+00 -6.618240239885E-10  1.258921253698E+00 -2.561110678853E-16
 -2.803146440303E-16 -1.397925045358E+00  1.376332870730E+00 -3.349959554467E-09  1.376332870808E+00 -2.759849392704E-16
 -2.915731093771E-16 -1.467935037127E+00  1.461319696433E+00 -9.373558532551E-10  1.461319696365E+00 -2.902591169818E-16
 -2.967295486828E-16 -1.500000000000E+00  1.500000000000E+00 -2.967295486828E-16  1.500000000000E+00 -2.967295486828E-16
  5.034623247436E-02 -9.987318243030E-01  8.713425617588E-01  4.392452005976E-02  8.713425609991E-01  4.392451914855E-02
  5.196058254942E-02 -1.030756123169E+00  9.137587303907E-01  4.606272583438E-02  9.137587295681E-01  4.606272505276E-02
  5.548532187056E-02 -1.100677329968E+00  1.004928659858E+00  5.065861800236E-02  1.004928658400E+00  5.065861588144E-02
  6.029843382264E-02 -1.196156332949E+00  1.126758295661E+00  5.680006841553E-02  1.126758294166E+00  5.680006748569E-02
  6.556714736325E-02 -1.300673227809E+00  1.257324722303E+00  6.338194469409E-02  1.257324720359E+00  6.338194210558E-02
  7.038025931534E-02 -1.396152230790E+00  1.374587440718E+00  6.929317475669E-02  1.374587438910E+00  6.929317467580E-02
  7.390499863647E-02 -1.466073437589E+00  1.459466487733E+00  7.357194153457E-02  1.459466486241E+00  7.357194115257E-02
  7.551934871154E-02 -1.498097736455E+00  1.498097736455E+00  7.551934871154E-02  1.498097736455E+00  7.551934871154E-02
  1.596528317756E-01 -9.871732235560E-01  8.612582705333E-01  1.392889490801E-01  8.612582715719E-01  1.392889501715E-01
  1.647720938990E-01 -1.018826896318E+00  9.031835446563E-01  1.460694088340E-01  9.031835460432E-01  1.460694104115E-01
  1.759493873375E-01 -1.087938885574E+00  9.932983380200E-01  1.606434291741E-01  9.932983399708E-01  1.606434301399E-01
  1.912122365128E-01 -1.182312883539E+00  1.113718004009E+00  1.801185715306E-01  1.113718007531E+00  1.801185743889E-01
  2.079198429261E-01 -1.285620175351E+00  1.242773346866E+00  2.009903424162E-01  1.242773352216E+00  2.009903431353E-01
  2.231826921014E-01 -1.379994173316E+00  1.358678950317E+00  2.197354387978E-01  1.358678956762E+00  2.197354402903E-01
  2.343599855400E-01 -1.449106162572E+00  1.442575671413E+00  2.333038278770E-01  1.442575675307E+00  2.333038276541E-01
  2.394792476634E-01 -1.480759835334E+00  1.480759835334E+00  2.394792476634E-01  1.480759835334E+00  2.394792476634E-01
  3.055418788382E-01 -9.521786388467E-01  8.307272831224E-01  2.665697010250E-01  8.307272818510E-01  2.665697004149E-01
  3.153390678391E-01 -9.827102115494E-01  8.711663370215E-01  2.795460730289E-01  8.711663353289E-01  2.795460725724E-01
  3.367300522617E-01 -1.049372230218E+00  9.580866271545E-01  3.074376772250E-01  9.580866242655E-01  3.074376753740E-01
  3.659399294784E-01 -1.140400737455E+00  1.074237505806E+00  3.447089986289E-01  1.074237500740E+00  3.447089977696E-01
  3.979147676170E-01 -1.240045859662E+00  1.198717933425E+00  3.846531685054E-01  1.198717925761E+00  3.846531651641E-01
  4.271246448337E-01 -1.331074366899E+00  1.310514768522E+00  4.205273330029E-01  1.310514759526E+00  4.205273312534E-01
  4.485156292563E-01 -1.397736385567E+00  1.391437404402E+00  4.464943672529E-01  1.391437399405E+00  4.464943656107E-01
  4.583128182573E-01 -1.428267958270E+00  1.428267958270E+00  4.583128182573E-01  1.428267958270E+00  4.583128182573E-01
  4.572412379666E-01 -8.893427068925E-01  7.759061354011E-01  3.989196512295E-01  7.759061371358E-01  3.989196514912E-01
  4.719026612858E-01 -9.178594477700E-01  8.136765446928E-01  4.183386989402E-01  8.136765468226E-01  4.183386996825E-01
  5.039141165923E-01 -9.801223233594E-01  8.948608106705E-01  4.600782837008E-01  8.948608140314E-01  4.600782839331E-01
  5.476264890834E-01 -1.065143700366E+00  1.003346686323E+00  5.158545486994E-01  1.003346691237E+00  5.158545515192E-01
  5.954766058330E-01 -1.158213066866E+00  1.119612427884E+00  5.756307099632E-01  1.119612435528E+00  5.756307125432E-01
  6.391889783241E-01 -1.243234443872E+00  1.224031593043E+00  6.293161406210E-01  1.224031600909E+00  6.293161457023E-01
  6.712004336306E-01 -1.305497319461E+00  1.299614009768E+00  6.681756247324E-01  1.299614014401E+00  6.681756270310E-01
  6.858618569498E-01 -1.334014060339E+00  1.334014060339E+00  6.858618569498E-01  1.334014060339E+00  6.858618569498E-01
  5.851452805981E-01 -8.109284805664E-01  7.074937270445E-01  5.105094028169E-01  7.074937253921E-01  5.105094029708E-01
  6.039079422956E-01 -8.369308721881E-01  7.419338827547E-01  5.353605390400E-01  7.419338806892E-01  5.353605394373E-01
  6.448739585740E-01 -8.937039684379E-01  8.159600533201E-01  5.887759339216E-01  8.159600507397E-01  5.887759331297E-01
  7.008139883505E-01 -9.712289265187E-01  9.148806251110E-01  6.601544900888E-01  9.148806208230E-01  6.601544900869E-01
  7.620492131448E-01 -1.056092274897E+00  1.020895104030E+00  7.366518334971E-01  1.020895099414E+00  7.366518302459E-01
  8.179892429213E-01 -1.133617232978E+00  1.116107529057E+00  8.053546870950E-01  1.116107523678E+00  8.053546838853E-01
  8.589552591997E-01 -1.190390329228E+00  1.185025763664E+00  8.550843267088E-01  1.185025760995E+00  8.550843237733E-01
  8.777179208972E-01 -1.216392720850E+00  1.216392720850E+00  8.777179208972E-01  1.216392720850E+00  8.777179208972E-01
  6.706098831617E-01 -7.418102079413E-01  6.471915576112E-01  5.850729081203E-01  6.471915589692E-01  5.850729082686E-01
  6.921129641672E-01 -7.655963247174E-01  6.786962578296E-01  6.135537283545E-01  6.786962592907E-01  6.135537288012E-01
  7.390623565677E-01 -8.175304512697E-01  7.464129174665E-01  6.747708186243E-01  7.464129197783E-01  6.747708181478E-01
  8.031728229362E-01 -8.884476858381E-01  8.369021413967E-01  7.565747167263E-01  8.369021434543E-01  7.565747176723E-01
  8.733518849679E-01 -9.660778340152E-01  9.338806341153E-01  8.442450354518E-01  9.338806369872E-01  8.442450348520E-01
  9.374623513365E-01 -1.036995068584E+00  1.020977771639E+00  9.229824243238E-01  1.020977773090E+00  9.229824256840E-01
  9.844117437369E-01 -1.088929195136E+00  1.084021866573E+00  9.799754301150E-01  1.084021867830E+00  9.799754308414E-01
  1.005914824742E+00 -1.112715311912E+00  1.112715311912E+00  1.005914824742E+00  1.112715311912E+00  1.005914824742E+00
  7.071067811865E-01 -7.071067811865E-01  6.169145894892E-01  6.169145897854E-01  6.169145897087E-01  6.169145897087E-01
  7.297801338723E-01 -7.297801338723E-01  6.469454344099E-01  6.469454343138E-01  6.469454345233E-01  6.469454345233E-01
  7.792846738030E-01 -7.792846738030E-01  7.114941680608E-01  7.114941692473E-01  7.114941685762E-01  7.114941685762E-01
  8.468842524142E-01 -8.468842524142E-01  7.977501184891E-01  7.977501168587E-01  7.977501178750E-01  7.977501178750E-01
  9.208827005522E-01 -9.208827005522E-01  8.901917560788E-01  8.901917551429E-01  8.901917554695E-01  8.901917554695E-01
  9.884822791634E-01 -9.884822791634E-01  9.732143084320E-01  9.732143036944E-01  9.732143061182E-01  9.732143061182E-01
  1.037986819094E+00 -1.037986819094E+00  1.033309067492E+00  1.033309066166E+00  1.033309066781E+00  1.033309066781E+00
  1.060660171780E+00 -1.060660171780E+00  1.060660171780E+00  1.060660171780E+00  1.060660171780E+00  1.060660171780E+00
  7.071067811865E-01 -7.071067811865E-01  6.169145894892E-01  6.169145897854E-01  6.169145897087E-01  6.169145897087E-01
  7.297801338723E-01 -7.297801338723E-01  6.469454344099E-01  6.469454343138E-01  6.469454345233E-01  6.469454345233E-01
  7.792846738030E-01 -7.792846738030E-01  7.114941680608E-01  7.114941692473E-01  7.114941685762E-01  7.114941685762E-01
  8.468842524142E-01 -8.468842524142E-01  7.977501184891E-01  7.977501168587E-01  7.977501178750E-01  7.977501178750E-01
  9.208827005522E-01 -9.208827005522E-01  8.901917560788E-01  8.901917551429E-01  8.901917554695E-01  8.901917554695E-01
  9.884822791634E-01 -9.884822791634E-01  9.732143084320E-01  9.732143036944E-01  9.732143061182E-01  9.732143061182E-01
  1.037986819094E+00 -1.037986819094E+00  1.033309067492E+00  1.033309066166E+00  1.033309066781E+00  1.033309066781E+00
  1.060660171780E+00 -1.060660171780E+00  1.060660171780E+00  1.060660171780E+00  1.060660171780E+00  1.060660171780E+00
  7.418102079413E-01 -6.706098831617E-01  5.850729081615E-01  6.471915601507E-01  5.850729082686E-01  6.471915589692E-01
  7.655963247174E-01 -6.921129641672E-01  6.135537288302E-01  6.786962604251E-01  6.135537288012E-01  6.786962592907E-01
  8.175304512697E-01 -7.390623565677E-01  6.747708176791E-01  7.464129223092E-01  6.747708181478E-01  7.464129197783E-01
  8.884476858381E-01 -8.031728229362E-01  7.565747180714E-01  8.369021451684E-01  7.565747176723E-01  8.369021434543E-01
  9.660778340152E-01 -8.733518849679E-01  8.442450343963E-01  9.338806401923E-01  8.442450348520E-01  9.338806369872E-01
  1.036995068584E+00 -9.374623513365E-01  9.229824269054E-01  1.020977774426E+00  9.229824256840E-01  1.020977773090E+00
  1.088929195136E+00 -9.844117437369E-01  9.799754316265E-01  1.084021869155E+00  9.799754308414E-01  1.084021867830E+00
  1.112715311912E+00 -1.005914824742E+00  1.005914824742E+00  1.112715311912E+00  1.005914824742E+00  1.112715311912E+00
  8.109284805664E-01 -5.851452805981E-01  5.105094030082E-01  7.074937238860E-01  5.105094029708E-01  7.074937253921E-01
  8.369308721881E-01 -6.039079422956E-01  5.353605395721E-01  7.419338785930E-01  5.353605394373E-01  7.419338806892E-01
  8.937039684379E-01 -6.448739585740E-01  5.887759324332E-01  8.159600486773E-01  5.887759331297E-01  8.159600507397E-01
  9.712289265187E-01 -7.008139883505E-01  6.601544896173E-01  9.148806163112E-01  6.601544900869E-01  9.148806208230E-01
  1.056092274897E+00 -7.620492131448E-01  7.366518269711E-01  1.020895095122E+00  7.366518302459E-01  1.020895099414E+00
  1.133617232978E+00 -8.179892429213E-01  8.053546803834E-01  1.116107518065E+00  8.053546838853E-01  1.116107523678E+00
  1.190390329228E+00 -8.589552591997E-01  8.550843208623E-01  1.185025758399E+00  8.550843237733E-01  1.185025760995E+00
  1.216392720850E+00 -8.777179208972E-01  8.777179208972E-01  1.216392720850E+00  8.777179208972E-01  1.216392720850E+00
  8.893427068925E-01 -4.572412379666E-01  3.989196519589E-01  7.759061384662E-01  3.989196514912E-01  7.759061371358E-01
  9.178594477700E-01 -4.719026612858E-01  4.183387005566E-01  8.136765483422E-01  4.183386996825E-01  8.136765468225E-01
  9.801223233594E-01 -5.039141165923E-01  4.600782846670E-01  8.948608173831E-01  4.600782839331E-01  8.948608140314E-01
  1.065143700366E+00 -5.476264890834E-01  5.158545544941E-01  1.003346695427E+00  5.158545515192E-01  1.003346691237E+00
  1.158213066866E+00 -5.954766058330E-01  5.756307155995E-01  1.119612443310E+00  5.756307125432E-01  1.119612435528E+00
  1.243234443872E+00 -6.391889783241E-01  6.293161508260E-01  1.224031608507E+00  6.293161457023E-01  1.224031600909E+00
  1.305497319461E+00 -6.712004336306E-01  6.681756294028E-01  1.299614019095E+00  6.681756270310E-01  1.299614014401E+00
  1.334014060339E+00 -6.858618569498E-01  6.858618569498E-01  1.334014060339E+00  6.858618569498E-01  1.334014060339E+00
  9.521786388467E-01 -3.055418788382E-01  2.665696993734E-01  8.307272804393E-01  2.665697004149E-01  8.307272818510E-01
  9.827102115494E-01 -3.153390678391E-01  2.795460715914E-01  8.711663332981E-01  2.795460725724E-01  8.711663353289E-01
  1.049372230218E+00 -3.367300522617E-01  3.074376731617E-01  9.580866217247E-01  3.074376753740E-01  9.580866242655E-01
  1.140400737455E+00 -3.659399294784E-01  3.447089962888E-01  1.074237495271E+00  3.447089977696E-01  1.074237500740E+00
  1.240045859662E+00 -3.979147676170E-01  3.846531615836E-01  1.198717918532E+00  3.846531651641E-01  1.198717925761E+00
  1.331074366899E+00 -4.271246448337E-01  4.205273292843E-01  1.310514750371E+00  4.205273312534E-01  1.310514759526E+00
  1.397736385567E+00 -4.485156292563E-01  4.464943639602E-01  1.391437394504E+00  4.464943656107E-01  1.391437399405E+00
  1.428267958270E+00 -4.583128182573E-01  4.583128182573E-01  1.428267958270E+00  4.583128182573E-01  1.428267958270E+00
  9.871732235560E-01 -1.596528317756E-01  1.392889514488E-01  8.612582726314E-01  1.392889501715E-01  8.612582715719E-01
  1.018826896318E+00 -1.647720938990E-01  1.460694121531E-01  9.031835472228E-01  1.460694104115E-01  9.031835460432E-01
  1.087938885574E+00 -1.759493873375E-01  1.606434314046E-01  9.932983423554E-01  1.606434301399E-01  9.932983399708E-01
  1.182312883539E+00 -1.912122365128E-01  1.801185774196E-01  1.113718010565E+00  1.801185743889E-01  1.113718007531E+00
  1.285620175351E+00 -2.079198429261E-01  2.009903441003E-01  1.242773357779E+00  2.009903431353E-01  1.242773352216E+00
  1.379994173316E+00 -2.231826921014E-01  2.197354418244E-01  1.358678962835E+00  2.197354402903E-01  1.358678956762E+00
  1.449106162572E+00 -2.343599855400E-01  2.333038274651E-01  1.442575679269E+00  2.333038276542E-01  1.442575675307E+00
  1.480759835334E+00 -2.394792476634E-01  2.394792476634E-01  1.480759835334E+00  2.394792476634E-01  1.480759835334E+00
  9.987318243030E-01 -5.034623247436E-02  4.392451829313E-02  8.713425599340E-01  4.392451914855E-02  8.713425609991E-01
  1.030756123169E+00 -5.196058254943E-02  4.606272433549E-02  9.137587282191E-01  4.606272505276E-02  9.137587295681E-01
  1.100677329968E+00 -5.548532187056E-02  5.065861390970E-02  1.004928657102E+00  5.065861588144E-02  1.004928658400E+00
  1.196156332949E+00 -6.029843382264E-02  5.680006669970E-02  1.126758292043E+00  5.680006748569E-02  1.126758294166E+00
  1.300673227809E+00 -6.556714736325E-02  6.338193965062E-02  1.257324718753E+00  6.338194210558E-02  1.257324720359E+00
  1.396152230790E+00 -7.038025931534E-02  6.929317461151E-02  1.374587436922E+00  6.929317467580E-02  1.374587438910E+00
  1.466073437589E+00 -7.390499863647E-02  7.357194077763E-02  1.459466484839E+00  7.357194115257E-02  1.459466486241E+00
  1.498097736455E+00 -7.551934871154E-02  7.551934871154E-02  1.498097736455E+00  7.551934871154E-02  1.498097736455E+00
  1.000000000000E+00  2.775557561563E-17 -2.094473453391E-10  8.724489794909E-01 -2.421532362384E-17  8.724489795918E-01
  1.032064962873E+00  2.953553861887E-17  6.797705447063E-11  9.149190073899E-01 -2.618306662348E-17  9.149190076182E-01
  1.102074954642E+00  3.342187385967E-17 -8.389861986258E-10  1.006204702860E+00 -3.051448225973E-17  1.006204702750E+00
  1.197675195524E+00  3.872875328905E-17  1.152862003231E-09  1.128189035799E+00 -3.648180659095E-17  1.128189036084E+00
  1.302324804476E+00  4.453797355784E-17  6.618235624308E-10  1.258921253898E+00 -4.305362327116E-17  1.258921253698E+00
  1.397925045358E+00  4.984485298722E-17  3.349959124190E-09  1.376332870730E+00 -4.907495565280E-17  1.376332870808E+00
  1.467935037127E+00  5.373118822801E-17  9.373555787178E-10  1.461319696433E+00 -5.348904527844E-17  1.461319696365E+00
  1.500000000000E+00  5.551115123126E-17 -5.551115123126E-17  1.500000000000E+00 -5.551115123126E-17  1.500000000000E+00
