# x y ux uy ux_exact uy_exact
  5.000000000000E-01  1.387778780781E-17 -2.155709270200E-15  5.000000002548E-01 -1.387778780781E-17  5.000000000000E-01
  5.320649628726E-01  1.476776930944E-17  3.395756365730E-09  5.320649637295E-01 -1.476776930944E-17  5.320649628726E-01
  6.020749546417E-01  1.671093692983E-17 -6.138413658317E-10  6.020749544527E-01 -1.671093692983E-17  6.020749546417E-01
  6.976751955244E-01  1.936437664453E-17 -1.499405137759E-10  6.976751955660E-01 -1.936437664453E-17  6.976751955244E-01
  8.023248044756E-01  2.226898677892E-17 -1.469501521754E-10  8.023248044701E-01 -2.226898677892E-17  8.023248044756E-01
  8.979250453583E-01  2.492242649361E-17  3.393238457997E-12  8.979250453383E-01 -2.492242649361E-17  8.979250453583E-01
  9.679350371274E-01  2.686559411401E-17 -3.906725272939E-10  9.679350370628E-01 -2.686559411401E-17  9.679350371274E-01
  1.000000000000E+00  2.775557561563E-17 -1.949907139521E-10  1.000000000017E+00 -2.775557561563E-17  1.000000000000E+00
  4.993659121515E-01  2.517311623718E-02 -2.517311784209E-02  4.993659025924E-01 -2.517311623718E-02  4.993659121515E-01
  5.313902110175E-01  2.678746631225E-02 -2.678746788286E-02  5.313902108503E-01 -2.678746631225E-02  5.313902110175E-01
  6.013114178165E-01  3.031220563338E-02 -3.031220580611E-02  6.013114170409E-01 -3.031220563338E-02  6.013114178165E-01
  6.967904207970E-01  3.512531758546E-02 -3.512531775942E-02  6.967904206931E-01 -3.512531758546E-02  6.967904207970E-01
  8.013073156575E-01  4.039403112607E-02 -4.039403135890E-02  8.013073159843E-01 -4.039403112607E-02  8.013073156575E-01
  8.967863186381E-01  4.520714307816E-02 -4.520714374497E-02  8.967863192700E-01 -4.520714307816E-02  8.967863186381E-01
  9.667075254371E-01  4.873188239929E-02 -4.873188340966E-02  9.667075264304E-01 -4.873188239929E-02  9.667075254371E-01
  9.987318243030E-01  5.034623247436E-02 -5.034623368137E-02  9.987318254754E-01 -5.034623247436E-02  9.987318243030E-01
  4.935866117780E-01  7.982641588779E-02 -7.982641666385E-02  4.935866271050E-01 -7.982641588779E-02  4.935866117780E-01
  5.252402845402E-01  8.494567801117E-02 -8.494567793039E-02  5.252402885905E-01 -8.494567801117E-02  5.252402845402E-01
  5.943522737960E-01  9.612297144970E-02 -9.612297118808E-02  5.943522744715E-01 -9.612297144970E-02  5.943522737960E-01
  6.887262717609E-01  1.113858206250E-01 -1.113858203075E-01  6.887262720846E-01 -1.113858206250E-01  6.887262717609E-01
  7.920335635732E-01  1.280934270383E-01 -1.280934266280E-01  7.920335633487E-01 -1.280934270383E-01  7.920335635732E-01
  8.864075615381E-01  1.433562762137E-01 -1.433562753067E-01  8.864075608103E-01 -1.433562762137E-01  8.864075615381E-01
  9.555195507939E-01  1.545335696522E-01 -1.545335682971E-01  9.555195494919E-01 -1.545335696522E-01  9.555195507939E-01
  9.871732235560E-01  1.596528317756E-01 -1.596528302779E-01  9.871732219929E-01 -1.596528317756E-01  9.871732235560E-01
  4.760893194234E-01  1.527709394191E-01 -1.527709351283E-01  4.760893009524E-01 -1.527709394191E-01  4.760893194234E-01
  5.066208921261E-01  1.625681284201E-01 -1.625681271310E-01  5.066208856255E-01 -1.625681284201E-01  5.066208921261E-01
  5.732829107945E-01  1.839591128426E-01 -1.839591128913E-01  5.732829097866E-01 -1.839591128426E-01  5.732829107945E-01
  6.643114180315E-01  2.131689900593E-01 -2.131689901087E-01  6.643114174338E-01 -2.131689900593E-01  6.643114180315E-01
  7.639565402386E-01  2.451438281979E-01 -2.451438284177E-01  7.639565403735E-01 -2.451438281979E-01  7.639565402386E-01
  8.549850474757E-01  2.743537054146E-01 -2.743537059848E-01  8.549850483439E-01 -2.743537054146E-01  8.549850474757E-01
  9.216470661440E-01  2.957446898372E-01 -2.957446907530E-01  9.216470678743E-01 -2.957446898372E-01  9.216470661440E-01
  9.521786388467E-01  3.055418788382E-01 -3.055418798888E-01  9.521786409674E-01 -3.055418788382E-01  9.521786388467E-01
  4.446713534462E-01  2.286206189833E-01 -2.286206259787E-01  4.446713704598E-01 -2.286206189833E-01  4.446713534462E-01
  4.731880943238E-01  2.432820423025E-01 -2.432820438551E-01  4.731881003007E-01 -2.432820423025E-01  4.731880943238E-01
  5.354509699132E-01  2.752934976090E-01 -2.752934975361E-01  5.354509707121E-01 -2.752934976090E-01  5.354509699132E-01
  6.204723469194E-01  3.190058701001E-01 -3.190058704145E-01  6.204723472694E-01 -3.190058701001E-01  6.204723469194E-01
  7.135417134193E-01  3.668559868497E-01 -3.668559869266E-01  7.135417131056E-01 -3.668559868497E-01  7.135417134193E-01
  7.985630904255E-01  4.105683593408E-01 -4.105683592451E-01  7.985630892969E-01 -4.105683593408E-01  7.985630904255E-01
  8.608259660149E-01  4.425798146473E-01 -4.425798142829E-01  8.608259639957E-01 -4.425798146473E-01  8.608259660149E-01
  8.893427068925E-01  4.572412379666E-01 -4.572412374424E-01  8.893427044938E-01 -4.572412379666E-01  8.893427068925E-01
  4.054642402832E-01  2.925726402991E-01 -2.925726334916E-01  4.054642279765E-01 -2.925726402991E-01  4.054642402832E-01
  4.314666319049E-01  3.113353019965E-01 -3.113353012298E-01  4.314666291450E-01 -3.113353019965E-01  4.314666319049E-01
  4.882397281547E-01  3.523013182749E-01 -3.523013182606E-01  4.882397280673E-01 -3.523013182749E-01  4.882397281547E-01
  5.657646862355E-01  4.082413480515E-01 -4.082413477088E-01  5.657646863521E-01 -4.082413480515E-01  5.657646862355E-01
  6.506280346142E-01  4.694765728457E-01 -4.694765727545E-01  6.506280351138E-01 -4.694765728457E-01  6.506280346142E-01
  7.281529926949E-01  5.254166026223E-01 -5.254166025220E-01  7.281529939290E-01 -5.254166026223E-01  7.281529926949E-01
  7.849260889447E-01  5.663826189007E-01 -5.663826188327E-01  7.849260909301E-01 -5.663826189007E-01  7.849260889447E-01
  8.109284805664E-01  5.851452805981E-01 -5.851452806297E-01  8.109284828358E-01 -5.851452805981E-01  8.109284805664E-01
  3.709051039706E-01  3.353049415808E-01 -3.353049456703E-01  3.709051116022E-01 -3.353049415808E-01  3.709051039706E-01
  3.946912207468E-01  3.568080225864E-01 -3.568080219981E-01  3.946912196436E-01 -3.568080225864E-01  3.946912207468E-01
  4.466253472990E-01  4.037574149868E-01 -4.037574154931E-01  4.466253474751E-01 -4.037574149868E-01  4.466253472990E-01
  5.175425818674E-01  4.678678813554E-01 -4.678678815392E-01  5.175425817159E-01 -4.678678813554E-01  5.175425818674E-01
  5.951727300445E-01  5.380469433871E-01 -5.380469432889E-01  5.951727296658E-01 -5.380469433871E-01  5.951727300445E-01
  6.660899646129E-01  6.021574097557E-01 -6.021574096916E-01  6.660899637341E-01 -6.021574097557E-01  6.660899646129E-01
  7.180240911651E-01  6.491068021561E-01 -6.491068020827E-01  7.180240897978E-01 -6.491068021561E-01  7.180240911651E-01
  7.418102079413E-01  6.706098831617E-01 -6.706098830042E-01  7.418102063342E-01 -6.706098831617E-01  7.418102079413E-01
  3.535533905933E-01  3.535533905933E-01 -3.535533907734E-01  3.535533907734E-01 -3.535533905933E-01  3.535533905933E-01
  3.762267432790E-01  3.762267432790E-01 -3.762267414838E-01  3.762267462861E-01 -3.762267432790E-01  3.762267432790E-01
  4.257312832097E-01  4.257312832097E-01 -4.257312835102E-01  4.257312826421E-01 -4.257312832097E-01  4.257312832097E-01
  4.933308618209E-01  4.933308618209E-01 -4.933308619564E-01  4.933308617443E-01 -4.933308618209E-01  4.933308618209E-01
  5.673293099589E-01  5.673293099589E-01 -5.673293100589E-01  5.673293098511E-01 -5.673293099589E-01  5.673293099589E-01
  6.349288885701E-01  6.349288885701E-01 -6.349288885536E-01  6.349288885584E-01 -6.349288885701E-01  6.349288885701E-01
  6.844334285008E-01  6.844334285008E-01 -6.844334287314E-01  6.844334281789E-01 -6.844334285008E-01  6.844334285008E-01
  7.071067811865E-01  7.071067811865E-01 -7.071067813366E-01  7.071067810608E-01 -7.071067811865E-01  7.071067811865E-01
  3.535533905933E-01  3.535533905933E-01 -3.535533907734E-01  3.535533907734E-01 -3.535533905933E-01  3.535533905933E-01
  3.762267432790E-01  3.762267432790E-01 -3.762267414838E-01  3.762267462861E-01 -3.762267432790E-01  3.762267432790E-01
  4.257312832097E-01  4.257312832097E-01 -4.257312835102E-01  4.257312826421E-01 -4.257312832097E-01  4.257312832097E-01
  4.933308618209E-01  4.933308618209E-01 -4.933308619564E-01  4.933308617443E-01 -4.933308618209E-01  4.933308618209E-01
  5.673293099589E-01  5.673293099589E-01 -5.673293100589E-01  5.673293098511E-01 -5.673293099589E-01  5.673293099589E-01
  6.349288885701E-01  6.349288885701E-01 -6.349288885536E-01  6.349288885584E-01 -6.349288885701E-01  6.349288885701E-01
  6.844334285008E-01  6.844334285008E-01 -6.844334287314E-01  6.844334281789E-01 -6.844334285008E-01  6.844334285008E-01
  7.071067811865E-01  7.071067811865E-01 -7.071067813366E-01  7.071067810608E-01 -7.071067811865E-01  7.071067811865E-01
  3.353049415808E-01  3.709051039706E-01 -3.709050983462E-01  3.353049336867E-01 -3.709051039706E-01  3.353049415808E-01
  3.568080225864E-01  3.946912207468E-01 -3.946912217392E-01  3.568080213576E-01 -3.946912207468E-01  3.568080225864E-01
  4.037574149868E-01  4.466253472990E-01 -4.466253468728E-01  4.037574143163E-01 -4.466253472990E-01  4.037574149868E-01
  4.678678813554E-01  5.175425818674E-01 -5.175425819169E-01  4.678678811589E-01 -5.175425818674E-01  4.678678813554E-01
  5.380469433871E-01  5.951727300445E-01 -5.951727304402E-01  5.380469434536E-01 -5.951727300445E-01  5.380469433871E-01
  6.021574097557E-01  6.660899646129E-01 -6.660899655313E-01  6.021574097310E-01 -6.660899646129E-01  6.021574097557E-01
  6.491068021561E-01  7.180240911651E-01 -7.180240925820E-01  6.491068021440E-01 -7.180240911651E-01  6.491068021561E-01
  6.706098831617E-01  7.418102079413E-01 -7.418102096238E-01  6.706098831372E-01 -7.418102079413E-01  6.706098831617E-01
  2.925726402991E-01  4.054642402832E-01 -4.054642516698E-01  2.925726505881E-01 -4.054642402832E-01  2.925726402991E-01
  3.113353019965E-01  4.314666319049E-01 -4.314666347118E-01  3.113353049177E-01 -4.314666319049E-01  3.113353019965E-01
  3.523013182749E-01  4.882397281547E-01 -4.882397284474E-01  3.523013189376E-01 -4.882397281547E-01  3.523013182749E-01
  4.082413480515E-01  5.657646862355E-01 -5.657646862398E-01  4.082413485049E-01 -5.657646862355E-01  4.082413480515E-01
  4.694765728457E-01  6.506280346142E-01 -6.506280341652E-01  4.694765729771E-01 -6.506280346142E-01  4.694765728457E-01
  5.254166026223E-01  7.281529926949E-01 -7.281529915390E-01  5.254166027489E-01 -7.281529926949E-01  5.254166026223E-01
  5.663826189007E-01  7.849260889447E-01 -7.849260870659E-01  5.663826189382E-01 -7.849260889447E-01  5.663826189007E-01
  5.851452805981E-01  8.109284805664E-01 -8.109284784021E-01  5.851452805518E-01 -8.109284805664E-01  5.851452805981E-01
  2.286206189833E-01  4.446713534462E-01 -4.446713373512E-01  2.286206089564E-01 -4.446713534462E-01  2.286206189833E-01
  2.432820423025E-01  4.731880943238E-01 -4.731880888156E-01  2.432820386174E-01 -4.731880943238E-01  2.432820423025E-01
  2.752934976090E-01  5.354509699132E-01 -5.354509692349E-01  2.752934968619E-01 -5.354509699132E-01  2.752934976090E-01
  3.190058701001E-01  6.204723469194E-01 -6.204723465317E-01  3.190058696425E-01 -6.204723469194E-01  3.190058701001E-01
  3.668559868497E-01  7.135417134193E-01 -7.135417136701E-01  3.668559867897E-01 -7.135417134193E-01  3.668559868497E-01
  4.105683593408E-01  7.985630904255E-01 -7.985630914426E-01  4.105683595516E-01 -7.985630904255E-01  4.105683593408E-01
  4.425798146473E-01  8.608259660149E-01 -8.608259678860E-01  4.425798152232E-01 -8.608259660149E-01  4.425798146473E-01
  4.572412379666E-01  8.893427068925E-01 -8.893427091349E-01  4.572412387232E-01 -8.893427068925E-01  4.572412379666E-01
  1.527709394191E-01  4.760893194234E-01 -4.760893364003E-01  1.527709465030E-01 -4.760893194234E-01  1.527709394191E-01
  1.625681284201E-01  5.066208921261E-01 -5.066208974502E-01  1.625681315485E-01 -5.066208921261E-01  1.625681284201E-01
  1.839591128426E-01  5.732829107945E-01 -5.732829113078E-01  1.839591134592E-01 -5.732829107945E-01  1.839591128426E-01
  2.131689900593E-01  6.643114180315E-01 -6.643114185013E-01  2.131689900845E-01 -6.643114180315E-01  2.131689900593E-01
  2.451438281979E-01  7.639565402386E-01 -7.639565400712E-01  2.451438279218E-01 -7.639565402386E-01  2.451438281979E-01
  2.743537054146E-01  8.549850474757E-01 -8.549850466100E-01  2.743537046843E-01 -8.549850474757E-01  2.743537054146E-01
  2.957446898372E-01  9.216470661440E-01 -9.216470644585E-01  2.957446886671E-01 -9.216470661440E-01  2.957446898372E-01
  3.055418788382E-01  9.521786388467E-01 -9.521786367800E-01  3.055418775127E-01 -9.521786388467E-01  3.055418788382E-01
  7.982641588779E-02  4.935866117780E-01 -4.935865982623E-01  7.982641199919E-02 -4.935866117780E-01  7.982641588779E-02
  8.494567801117E-02  5.252402845402E-01 -5.252402820465E-01  8.494567660174E-02 -5.252402845402E-01  8.494567801117E-02
  9.612297144970E-02  5.943522737960E-01 -5.943522737241E-01  9.612297139799E-02 -5.943522737960E-01  9.612297144970E-02
  1.113858206250E-01  6.887262717609E-01 -6.887262716011E-01  1.113858209498E-01 -6.887262717609E-01  1.113858206250E-01
  1.280934270383E-01  7.920335635732E-01 -7.920335638620E-01  1.280934274561E-01 -7.920335635732E-01  1.280934270383E-01
  1.433562762137E-01  8.864075615381E-01 -8.864075623398E-01  1.433562771571E-01 -8.864075615381E-01  1.433562762137E-01
  1.545335696522E-01  9.555195507939E-01 -9.555195521498E-01  1.545335711041E-01 -9.555195507939E-01  1.545335696522E-01
  1.596528317756E-01  9.871732235560E-01 -9.871732251831E-01  1.596528333579E-01 -9.871732235560E-01  1.596528317756E-01
  2.517311623718E-02  4.993659121515E-01 -4.993659204395E-01  2.517311874177E-02 -4.993659121515E-01  2.517311623718E-02
  2.678746631225E-02  5.313902110175E-01 -5.313902098214E-01  2.678746594812E-02 -5.313902110175E-01  2.678746631225E-02
  3.031220563338E-02  6.013114178165E-01 -6.013114182989E-01  3.031220539992E-02 -6.013114178165E-01  3.031220563338E-02
  3.512531758546E-02  6.967904207970E-01 -6.967904208199E-01  3.512531734835E-02 -6.967904207970E-01  3.512531758546E-02
  4.039403112607E-02  8.013073156575E-01 -8.013073153203E-01  4.039403092767E-02 -8.013073156575E-01  4.039403112607E-02
  4.520714307816E-02  8.967863186381E-01 -8.967863179714E-01  4.520714250203E-02 -8.967863186381E-01  4.520714307816E-02
  4.873188239929E-02  9.667075254371E-01 -9.667075244183E-01  4.873188148431E-02 -9.667075254371E-01  4.873188239929E-02
  5.034623247436E-02  9.987318243030E-01 -9.987318230553E-01  5.034623144927E-02 -9.987318243030E-01  5.034623247436E-02
  3.061616997868E-17  5.000000000000E-01 -5.000000002548E-01  1.908332815996E-15 -5.000000000000E-01  3.061616997868E-17
  3.257958268602E-17  5.320649628726E-01 -5.320649637295E-01  3.395757254831E-09 -5.320649628726E-01  3.257958268602E-17
  3.686645830244E-17  6.020749546417E-01 -6.020749544527E-01 -6.138415219552E-10 -6.020749546417E-01  3.686645830244E-17
  4.272028475217E-17  6.976751955244E-01 -6.976751955660E-01 -1.499406636047E-10 -6.976751955244E-01  4.272028475217E-17
  4.912822518388E-17  8.023248044756E-01 -8.023248044701E-01 -1.469501453057E-10 -8.023248044756E-01  4.912822518388E-17
  5.498205163361E-17  8.979250453583E-01 -8.979250453383E-01  3.393247607237E-12 -8.979250453583E-01  5.498205163361E-17
  5.926892725003E-17  9.679350371274E-01 -9.679350370628E-01 -3.906726676274E-10 -9.679350371274E-01  5.926892725003E-17
  6.123233995737E-17  1.000000000000E+00 -1.000000000017E+00 -1.949909387727E-10 -1.000000000000E+00  6.123233995737E-17
  3.061616997868E-17  5.000000000000E-01 -5.000000002548E-01  1.908332815996E-15 -5.000000000000E-01  3.061616997868E-17
  3.257958268602E-17  5.320649628726E-01 -5.320649637295E-01  3.395757254831E-09 -5.320649628726E-01  3.257958268602E-17
  3.686645830244E-17  6.020749546417E-01 -6.020749544527E-01 -6.138415219552E-10 -6.020749546417E-01  3.686645830244E-17
  4.272028475217E-17  6.976751955244E-01 -6.976751955660E-01 -1.499406636047E-10 -6.976751955244E-01  4.272028475217E-17
  4.912822518388E-17  8.023248044756E-01 -8.023248044701E-01 -1.469501453057E-10 -8.023248044756E-01  4.912822518388E-17
  5.498205163361E-17  8.979250453583E-01 -8.979250453383E-01  3.393247607237E-12 -8.979250453583E-01  5.498205163361E-17
  5.926892725003E-17  9.679350371274E-01 -9.679350370628E-01 -3.906726676274E-10 -9.679350371274E-01  5.926892725003E-17
  6.123233995737E-17  1.000000000000E+00 -1.000000000017E+00 -1.949909387727E-10 -1.000000000000E+00  6.123233995737E-17
 -2.517311623718E-02  4.993659121515E-01 -4.993659025924E-01 -2.517311784209E-02 -4.993659121515E-01 -2.517311623718E-02
 -2.678746631225E-02  5.313902110175E-01 -5.313902108503E-01 -2.678746788286E-02 -5.313902110175E-01 -2.678746631225E-02
 -3.031220563338E-02  6.013114178165E-01 -6.013114170409E-01 -3.031220580611E-02 -6.013114178165E-01 -3.031220563338E-02
 -3.512531758546E-02  6.967904207970E-01 -6.967904206931E-01 -3.512531775942E-02 -6.967904207970E-01 -3.512531758546E-02
 -4.039403112607E-02  8.013073156575E-01 -8.013073159843E-01 -4.039403135890E-02 -8.013073156575E-01 -4.039403112607E-02
 -4.520714307816E-02  8.967863186381E-01 -8.967863192700E-01 -4.520714374497E-02 -8.967863186381E-01 -4.520714307816E-02
 -4.873188239929E-02  9.667075254371E-01 -9.667075264304E-01 -4.873188340966E-02 -9.667075254371E-01 -4.873188239929E-02
 -5.034623247436E-02  9.987318243030E-01 -9.987318254754E-01 -5.034623368137E-02 -9.987318243030E-01 -5.034623247436E-02
 -7.982641588779E-02  4.935866117780E-01 -4.935866271050E-01 -7.982641666385E-02 -4.935866117780E-01 -7.982641588779E-02
 -8.494567801117E-02  5.252402845402E-01 -5.252402885905E-01 -8.494567793039E-02 -5.252402845402E-01 -8.494567801117E-02
 -9.612297144970E-02  5.943522737960E-01 -5.943522744715E-01 -9.612297118808E-02 -5.943522737960E-01 -9.612297144970E-02
 -1.113858206250E-01  6.887262717609E-01 -6.887262720846E-01 -1.113858203075E-01 -6.887262717609E-01 -1.113858206250E-01
 -1.280934270383E-01  7.920335635732E-01 -7.920335633487E-01 -1.280934266280E-01 -7.920335635732E-01 -1.280934270383E-01
 -1.433562762137E-01  8.864075615381E-01 -8.864075608103E-01 -1.433562753067E-01 -8.864075615381E-01 -1.433562762137E-01
 -1.545335696522E-01  9.555195507939E-01 -9.555195494919E-01 -1.545335682971E-01 -9.555195507939E-01 -1.545335696522E-01
 -1.596528317756E-01  9.871732235560E-01 -9.871732219929E-01 -1.596528302779E-01 -9.871732235560E-01 -1.596528317756E-01
 -1.527709394191E-01  4.760893194234E-01 -4.760893009524E-01 -1.527709351283E-01 -4.760893194234E-01 -1.527709394191E-01
 -1.625681284201E-01  5.066208921261E-01 -5.066208856255E-01 -1.625681271310E-01 -5.066208921261E-01 -1.625681284201E-01
 -1.839591128426E-01  5.732829107945E-01 -5.732829097866E-01 -1.839591128913E-01 -5.732829107945E-01 -1.839591128426E-01
 -2.131689900593E-01  6.643114180315E-01 -6.643114174338E-01 -2.131689901087E-01 -6.643114180315E-01 -2.131689900593E-01
 -2.451438281979E-01  7.639565402386E-01 -7.639565403735E-01 -2.451438284177E-01 -7.639565402386E-01 -2.451438281979E-01
 -2.743537054146E-01  8.549850474757E-01 -8.549850483439E-01 -2.743537059848E-01 -8.549850474757E-01 -2.743537054146E-01
 -2.957446898372E-01  9.216470661440E-01 -9.216470678743E-01 -2.957446907530E-01 -9.216470661440E-01 -2.957446898372E-01
 -3.055418788382E-01  9.521786388467E-01 -9.521786409674E-01 -3.055418798888E-01 -9.521786388467E-01 -3.055418788382E-01
 -2.286206189833E-01  4.446713534462E-01 -4.446713704598E-01 -2.286206259787E-01 -4.446713534462E-01 -2.286206189833E-01
 -2.432820423025E-01  4.731880943238E-01 -4.731881003007E-01 -2.432820438551E-01 -4.731880943238E-01 -2.432820423025E-01
 -2.752934976090E-01  5.354509699132E-01 -5.354509707121E-01 -2.752934975361E-01 -5.354509699132E-01 -2.752934976090E-01
 -3.190058701001E-01  6.204723469194E-01 -6.204723472694E-01 -3.190058704145E-01 -6.204723469194E-01 -3.190058701001E-01
 -3.668559868497E-01  7.135417134193E-01 -7.135417131056E-01 -3.668559869266E-01 -7.135417134193E-01 -3.668559868497E-01
 -4.105683593408E-01  7.985630904255E-01 -7.985630892969E-01 -4.105683592451E-01 -7.985630904255E-01 -4.105683593408E-01
 -4.425798146473E-01  8.608259660149E-01 -8.608259639957E-01 -4.425798142829E-01 -8.608259660149E-01 -4.425798146473E-01
 -4.572412379666E-01  8.893427068925E-01 -8.893427044938E-01 -4.572412374424E-01 -8.893427068925E-01 -4.572412379666E-01
 -2.925726402991E-01  4.054642402832E-01 -4.054642279765E-01 -2.925726334916E-01 -4.054642402832E-01 -2.925726402991E-01
 -3.113353019965E-01  4.314666319049E-01 -4.314666291450E-01 -3.113353012298E-01 -4.314666319049E-01 -3.113353019965E-01
 -3.523013182749E-01  4.882397281547E-01 -4.882397280673E-01 -3.523013182606E-01 -4.882397281547E-01 -3.523013182749E-01
 -4.082413480515E-01  5.657646862355E-01 -5.657646863521E-01 -4.082413477088E-01 -5.657646862355E-01 -4.082413480515E-01
 -4.694765728457E-01  6.506280346142E-01 -6.506280351138E-01 -4.694765727545E-01 -6.506280346142E-01 -4.694765728457E-01
 -5.254166026223E-01  7.281529926949E-01 -7.281529939290E-01 -5.254166025220E-01 -7.281529926949E-01 -5.254166026223E-01
 -5.663826189007E-01  7.849260889447E-01 -7.849260909301E-01 -5.663826188327E-01 -7.849260889447E-01 -5.663826189007E-01
 -5.851452805981E-01  8.109284805664E-01 -8.109284828358E-01 -5.851452806297E-01 -8.109284805664E-01 -5.851452805981E-01
 -3.353049415808E-01  3.709051039706E-01 -3.709051116022E-01 -3.353049456703E-01 -3.709051039706E-01 -3.353049415808E-01
 -3.568080225864E-01  3.946912207468E-01 -3.946912196436E-01 -3.568080219981E-01 -3.946912207468E-01 -3.568080225864E-01
 -4.037574149868E-01  4.466253472990E-01 -4.466253474751E-01 -4.037574154931E-01 -4.466253472990E-01 -4.037574149868E-01
 -4.678678813554E-01  5.175425818674E-01 -5.175425817159E-01 -4.678678815392E-01 -5.175425818674E-01 -4.678678813554E-01
 -5.380469433871E-01  5.951727300445E-01 -5.951727296658E-01 -5.380469432889E-01 -5.951727300445E-01 -5.380469433871E-01
 -6.021574097557E-01  6.660899646129E-01 -6.660899637341E-01 -6.021574096916E-01 -6.660899646129E-01 -6.021574097557E-01
 -6.491068021561E-01  7.180240911651E-01 -7.180240897978E-01 -6.491068020827E-01 -7.180240911651E-01 -6.491068021561E-01
 -6.706098831617E-01  7.418102079413E-01 -7.418102063342E-01 -6.706098830042E-01 -7.418102079413E-01 -6.706098831617E-01
 -3.535533905933E-01  3.535533905933E-01 -3.535533907734E-01 -3.535533907734E-01 -3.535533905933E-01 -3.535533905933E-01
 -3.762267432790E-01  3.762267432790E-01 -3.762267462861E-01 -3.762267414838E-01 -3.762267432790E-01 -3.762267432790E-01
 -4.257312832097E-01  4.257312832097E-01 -4.257312826421E-01 -4.257312835102E-01 -4.257312832097E-01 -4.257312832097E-01
 -4.933308618209E-01  4.933308618209E-01 -4.933308617443E-01 -4.933308619564E-01 -4.933308618209E-01 -4.933308618209E-01
 -5.673293099589E-01  5.673293099589E-01 -5.673293098511E-01 -5.673293100589E-01 -5.673293099589E-01 -5.673293099589E-01
 -6.349288885701E-01  6.349288885701E-01 -6.349288885584E-01 -6.349288885536E-01 -6.349288885701E-01 -6.349288885701E-01
 -6.844334285008E-01  6.844334285008E-01 -6.844334281789E-01 -6.844334287314E-01 -6.844334285008E-01 -6.844334285008E-01
 -7.071067811865E-01  7.071067811865E-01 -7.071067810608E-01 -7.071067813366E-01 -7.071067811865E-01 -7.071067811865E-01
 -3.535533905933E-01  3.535533905933E-01 -3.535533907734E-01 -3.535533907734E-01 -3.535533905933E-01 -3.535533905933E-01
 -3.762267432790E-01  3.762267432790E-01 -3.762267462861E-01 -3.762267414838E-01 -3.762267432790E-01 -3.762267432790E-01
 -4.257312832097E-01  4.257312832097E-01 -4.257312826421E-01 -4.257312835102E-01 -4.257312832097E-01 -4.257312832097E-01
 -4.933308618209E-01  4.933308618209E-01 -4.933308617443E-01 -4.933308619564E-01 -4.933308618209E-01 -4.933308618209E-01
 -5.673293099589E-01  5.673293099589E-01 -5.673293098511E-01 -5.673293100589E-01 -5.673293099589E-01 -5.673293099589E-01
 -6.349288885701E-01  6.349288885701E-01 -6.349288885584E-01 -6.349288885536E-01 -6.349288885701E-01 -6.349288885701E-01
 -6.844334285008E-01  6.844334285008E-01 -6.844334281789E-01 -6.844334287314E-01 -6.844334285008E-01 -6.844334285008E-01
 -7.071067811865E-01  7.071067811865E-01 -7.071067810608E-01 -7.071067813366E-01 -7.071067811865E-01 -7.071067811865E-01
 -3.709051039706E-01  3.353049415808E-01 -3.353049336867E-01 -3.709050983462E-01 -3.353049415808E-01 -3.709051039706E-01
 -3.946912207468E-01  3.568080225864E-01 -3.568080213576E-01 -3.946912217392E-01 -3.568080225864E-01 -3.946912207468E-01
 -4.466253472990E-01  4.037574149868E-01 -4.037574143163E-01 -4.466253468728E-01 -4.037574149868E-01 -4.466253472990E-01
 -5.175425818674E-01  4.678678813554E-01 -4.678678811589E-01 -5.175425819169E-01 -4.678678813554E-01 -5.175425818674E-01
 -5.951727300445E-01  5.380469433871E-01 -5.380469434536E-01 -5.951727304402E-01 -5.380469433871E-01 -5.951727300445E-01
 -6.660899646129E-01  6.021574097557E-01 -6.021574097310E-01 -6.660899655313E-01 -6.021574097557E-01 -6.660899646129E-01
 -7.180240911651E-01  6.491068021561E-01 -6.491068021440E-01 -7.180240925820E-01 -6.491068021561E-01 -7.180240911651E-01
 -7.418102079413E-01  6.706098831617E-01 -6.706098831372E-01 -7.418102096238E-01 -6.706098831617E-01 -7.418102079413E-01
 -4.054642402832E-01  2.925726402991E-01 -2.925726505881E-01 -4.054642516698E-01 -2.925726402991E-01 -4.054642402832E-01
 -4.314666319049E-01  3.113353019965E-01 -3.113353049177E-01 -4.314666347118E-01 -3.113353019965E-01 -4.314666319049E-01
 -4.882397281547E-01  3.523013182749E-01 -3.523013189376E-01 -4.882397284474E-01 -3.523013182749E-01 -4.882397281547E-01
 -5.657646862355E-01  4.082413480515E-01 -4.082413485049E-01 -5.657646862398E-01 -4.082413480515E-01 -5.657646862355E-01
 -6.506280346142E-01  4.694765728457E-01 -4.694765729771E-01 -6.506280341652E-01 -4.694765728457E-01 -6.506280346142E-01
 -7.281529926949E-01  5.254166026223E-01 -5.254166027489E-01 -7.281529915390E-01 -5.254166026223E-01 -7.281529926949E-01
 -7.849260889447E-01  5.663826189007E-01 -5.663826189382E-01 -7.849260870659E-01 -5.663826189007E-01 -7.849260889447E-01
 -8.109284805664E-01  5.851452805981E-01 -5.851452805518E-01 -8.109284784021E-01 -5.851452805981E-01 -8.109284805664E-01
 -4.446713534462E-01  2.286206189833E-01 -2.286206089564E-01 -4.446713373512E-01 -2.286206189833E-01 -4.446713534462E-01
 -4.731880943238E-01  2.432820423025E-01 -2.432820386174E-01 -4.731880888156E-01 -2.432820423025E-01 -4.731880943238E-01
 -5.354509699132E-01  2.752934976090E-01 -2.752934968619E-01 -5.354509692349E-01 -2.752934976090E-01 -5.354509699132E-01
 -6.204723469194E-01  3.190058701001E-01 -3.190058696425E-01 -6.204723465317E-01 -3.190058701001E-01 -6.204723469194E-01
 -7.135417134193E-01  3.668559868497E-01 -3.668559867897E-01 -7.135417136701E-01 -3.668559868497E-01 -7.135417134193E-01
 -7.985630904255E-01  4.105683593408E-01 -4.105683595516E-01 -7.985630914426E-01 -4.105683593408E-01 -7.985630904255E-01
 -8.608259660149E-01  4.425798146473E-01 -4.425798152232E-01 -8.608259678860E-01 -4.425798146473E-01 -8.608259660149E-01
 -8.893427068925E-01  4.572412379666E-01 -4.572412387232E-01 -8.893427091349E-01 -4.572412379666E-01 -8.893427068925E-01
 -4.760893194234E-01  1.527709394191E-01 -1.527709465030E-01 -4.760893364003E-01 -1.527709394191E-01 -4.760893194234E-01
 -5.066208921261E-01  1.625681284201E-01 -1.625681315485E-01 -5.066208974502E-01 -1.625681284201E-01 -5.066208921261E-01
 -5.732829107945E-01  1.839591128426E-01 -1.839591134592E-01 -5.732829113078E-01 -1.839591128426E-01 -5.732829107945E-01
 -6.643114180315E-01  2.131689900593E-01 -2.131689900845E-01 -6.643114185013E-01 -2.131689900593E-01 -6.643114180315E-01
 -7.639565402386E-01  2.451438281979E-01 -2.451438279218E-01 -7.639565400712E-01 -2.451438281979E-01 -7.639565402386E-01
 -8.549850474757E-01  2.743537054146E-01 -2.743537046843E-01 -8.549850466100E-01 -2.743537054146E-01 -8.549850474757E-01
 -9.216470661440E-01  2.957446898372E-01 -2.957446886671E-01 -9.216470644585E-01 -2.957446898372E-01 -9.216470661440E-01
 -9.521786388467E-01  3.055418788382E-01 -3.055418775127E-01 -9.521786367800E-01 -3.055418788382E-01 -9.521786388467E-01
 -4.935866117780E-01  7.982641588779E-02 -7.982641199919E-02 -4.935865982623E-01 -7.982641588779E-02 -4.935866117780E-01
 -5.252402845402E-01  8.494567801117E-02 -8.494567660174E-02 -5.252402820465E-01 -8.494567801117E-02 -5.252402845402E-01
 -5.943522737960E-01  9.612297144970E-02 -9.612297139800E-02 -5.943522737241E-01 -9.612297144970E-02 -5.943522737960E-01
 -6.887262717609E-01  1.113858206250E-01 -1.113858209498E-01 -6.887262716011E-01 -1.113858206250E-01 -6.887262717609E-01
 -7.920335635732E-01  1.280934270383E-01 -1.280934274561E-01 -7.920335638620E-01 -1.280934270383E-01 -7.920335635732E-01
 -8.864075615381E-01  1.433562762137E-01 -1.433562771571E-01 -8.864075623398E-01 -1.433562762137E-01 -8.864075615381E-01
 -9.555195507939E-01  1.545335696522E-01 -1.545335711041E-01 -9.555195521498E-01 -1.545335696522E-01 -9.555195507939E-01
 -9.871732235560E-01  1.596528317756E-01 -1.596528333579E-01 -9.871732251831E-01 -1.596528317756E-01 -9.871732235560E-01
 -4.993659121515E-01  2.517311623718E-02 -2.517311874177E-02 -4.993659204395E-01 -2.517311623718E-02 -4.993659121515E-01
 -5.313902110175E-01  2.678746631225E-02 -2.678746594812E-02 -5.313902098214E-01 -2.678746631225E-02 -5.313902110175E-01
 -6.013114178165E-01  3.031220563338E-02 -3.031220539992E-02 -6.013114182989E-01 -3.031220563338E-02 -6.013114178165E-01
 -6.967904207970E-01  3.512531758546E-02 -3.512531734835E-02 -6.967904208199E-01 -3.512531758546E-02 -6.967904207970E-01
 -8.013073156575E-01  4.039403112607E-02 -4.039403092767E-02 -8.013073153203E-01 -4.039403112607E-02 -8.013073156575E-01
 -8.967863186381E-01  4.520714307816E-02 -4.520714250203E-02 -8.967863179714E-01 -4.520714307816E-02 -8.967863186381E-01
 -9.667075254371E-01  4.873188239929E-02 -4.873188148431E-02 -9.667075244183E-01 -4.873188239929E-02 -9.667075254371E-01
 -9.987318243030E-01  5.034623247436E-02 -5.034623144927E-02 -9.987318230553E-01 -5.034623247436E-02 -9.987318243030E-01
 -5.000000000000E-01  8.326672684689E-17  4.240739815820E-16 -5.000000002548E-01 -8.326672684689E-17 -5.000000000000E-01
 -5.320649628726E-01  8.860661585662E-17 -3.395757034862E-09 -5.320649637295E-01 -8.860661585662E-17 -5.320649628726E-01
 -6.020749546417E-01  1.002656215790E-16  6.138410722500E-10 -6.020749544527E-01 -1.002656215790E-16 -6.020749546417E-01
 -6.976751955244E-01  1.161862598672E-16  1.499402319837E-10 -6.976751955660E-01 -1.161862598672E-16 -6.976751955244E-01
 -8.023248044756E-01  1.336139206735E-16  1.469500027864E-10 -8.023248044701E-01 -1.336139206735E-16 -8.023248044756E-01
 -8.979250453583E-01  1.495345589617E-16 -3.393255494155E-12 -8.979250453383E-01 -1.495345589617E-16 -8.979250453583E-01
 -9.679350371274E-01  1.611935646840E-16  3.906725967531E-10 -9.679350370628E-01 -1.611935646840E-16 -9.679350371274E-01
 -1.000000000000E+00  1.665334536938E-16  1.949909085604E-10 -1.000000000017E+00 -1.665334536938E-16 -1.000000000000E+00
 -5.000000000000E-01  8.326672684689E-17  4.240739815820E-16 -5.000000002548E-01 -8.326672684689E-17 -5.000000000000E-01
 -5.320649628726E-01  8.860661585662E-17 -3.395757034862E-09 -5.320649637295E-01 -8.860661585662E-17 -5.320649628726E-01
 -6.020749546417E-01  1.002656215790E-16  6.138410722500E-10 -6.020749544527E-01 -1.002656215790E-16 -6.020749546417E-01
 -6.976751955244E-01  1.161862598672E-16  1.499402319837E-10 -6.976751955660E-01 -1.161862598672E-16 -6.976751955244E-01
 -8.023248044756E-01  1.336139206735E-16  1.469500027864E-10 -8.023248044701E-01 -1.336139206735E-16 -8.023248044756E-01
 -8.979250453583E-01  1.495345589617E-16 -3.393255494155E-12 -8.979250453383E-01 -1.495345589617E-16 -8.979250453583E-01
 -9.679350371274E-01  1.611935646840E-16  3.906725967531E-10 -9.679350370628E-01 -1.611935646840E-16 -9.679350371274E-01
 -1.000000000000E+00  1.665334536938E-16  1.949909085604E-10 -1.000000000017E+00 -1.665334536938E-16 -1.000000000000E+00
 -4.993659121515E-01 -2.517311623718E-02  2.517311784209E-02 -4.993659025924E-01  2.517311623718E-02 -4.993659121515E-01
 -5.313902110175E-01 -2.678746631225E-02  2.678746788286E-02 -5.313902108503E-01  2.678746631225E-02 -5.313902110175E-01
 -6.013114178165E-01 -3.031220563338E-02  3.031220580611E-02 -6.013114170409E-01  3.031220563338E-02 -6.013114178165E-01
 -6.967904207970E-01 -3.512531758546E-02  3.512531775942E-02 -6.967904206931E-01  3.512531758546E-02 -6.967904207970E-01
 -8.013073156575E-01 -4.039403112607E-02  4.039403135890E-02 -8.013073159843E-01  4.039403112607E-02 -8.013073156575E-01
 -8.967863186381E-01 -4.520714307816E-02  4.520714374497E-02 -8.967863192700E-01  4.520714307816E-02 -8.967863186381E-01
 -9.667075254371E-01 -4.873188239929E-02  4.873188340966E-02 -9.667075264304E-01  4.873188239929E-02 -9.667075254371E-01
 -9.987318243030E-01 -5.034623247436E-02  5.034623368137E-02 -9.987318254754E-01  5.034623247436E-02 -9.987318243030E-01
 -4.935866117780E-01 -7.982641588779E-02  7.982641666385E-02 -4.935866271050E-01  7.982641588779E-02 -4.935866117780E-01
 -5.252402845402E-01 -8.494567801117E-02  8.494567793039E-02 -5.252402885905E-01  8.494567801117E-02 -5.252402845402E-01
 -5.943522737960E-01 -9.612297144970E-02  9.612297118808E-02 -5.943522744715E-01  9.612297144970E-02 -5.943522737960E-01
 -6.887262717609E-01 -1.113858206250E-01  1.113858203075E-01 -6.887262720846E-01  1.113858206250E-01 -6.887262717609E-01
 -7.920335635732E-01 -1.280934270383E-01  1.280934266280E-01 -7.920335633487E-01  1.280934270383E-01 -7.920335635732E-01
 -8.864075615381E-01 -1.433562762137E-01  1.433562753067E-01 -8.864075608103E-01  1.433562762137E-01 -8.864075615381E-01
 -9.555195507939E-01 -1.545335696522E-01  1.545335682971E-01 -9.555195494919E-01  1.545335696522E-01 -9.555195507939E-01
 -9.871732235560E-01 -1.596528317756E-01  1.596528302779E-01 -9.871732219929E-01  1.596528317756E-01 -9.871732235560E-01
 -4.760893194234E-01 -1.527709394191E-01  1.527709351283E-01 -4.760893009524E-01  1.527709394191E-01 -4.760893194234E-01
 -5.066208921261E-01 -1.625681284201E-01  1.625681271310E-01 -5.066208856255E-01  1.625681284201E-01 -5.066208921261E-01
 -5.732829107945E-01 -1.839591128426E-01  1.839591128913E-01 -5.732829097866E-01  1.839591128426E-01 -5.732829107945E-01
 -6.643114180315E-01 -2.131689900593E-01  2.131689901087E-01 -6.643114174338E-01  2.131689900593E-01 -6.643114180315E-01
 -7.639565402386E-01 -2.451438281979E-01  2.451438284177E-01 -7.639565403735E-01  2.451438281979E-01 -7.639565402386E-01
 -8.549850474757E-01 -2.743537054146E-01  2.743537059848E-01 -8.549850483439E-01  2.743537054146E-01 -8.549850474757E-01
 -9.216470661440E-01 -2.957446898372E-01  2.957446907530E-01 -9.216470678743E-01  2.957446898372E-01 -9.216470661440E-01
 -9.521786388467E-01 -3.055418788382E-01  3.055418798888E-01 -9.521786409674E-01  3.055418788382E-01 -9.521786388467E-01
 -4.446713534462E-01 -2.286206189833E-01  2.286206259787E-01 -4.446713704598E-01  2.286206189833E-01 -4.446713534462E-01
 -4.731880943238E-01 -2.432820423025E-01  2.432820438551E-01 -4.731881003007E-01  2.432820423025E-01 -4.731880943238E-01
 -5.354509699132E-01 -2.752934976090E-01  2.752934975361E-01 -5.354509707121E-01  2.752934976090E-01 -5.354509699132E-01
 -6.204723469194E-01 -3.190058701001E-01  3.190058704145E-01 -6.204723472694E-01  3.190058701001E-01 -6.204723469194E-01
 -7.135417134193E-01 -3.668559868497E-01  3.668559869266E-01 -7.135417131056E-01  3.668559868497E-01 -7.135417134193E-01
 -7.985630904255E-01 -4.105683593408E-01  4.105683592451E-01 -7.985630892969E-01  4.105683593408E-01 -7.985630904255E-01
 -8.608259660149E-01 -4.425798146473E-01  4.425798142829E-01 -8.608259639957E-01  4.425798146473E-01 -8.608259660149E-01
 -8.893427068925E-01 -4.572412379666E-01  4.572412374424E-01 -8.893427044938E-01  4.572412379666E-01 -8.893427068925E-01
 -4.054642402832E-01 -2.925726402991E-01  2.925726334916E-01 -4.054642279765E-01  2.925726402991E-01 -4.054642402832E-01
 -4.314666319049E-01 -3.113353019965E-01  3.113353012298E-01 -4.314666291450E-01  3.113353019965E-01 -4.314666319049E-01
 -4.882397281547E-01 -3.523013182749E-01  3.523013182606E-01 -4.882397280673E-01  3.523013182749E-01 -4.882397281547E-01
 -5.657646862355E-01 -4.082413480515E-01  4.082413477088E-01 -5.657646863521E-01  4.082413480515E-01 -5.657646862355E-01
 -6.506280346142E-01 -4.694765728457E-01  4.694765727545E-01 -6.506280351138E-01  4.694765728457E-01 -6.506280346142E-01
 -7.281529926949E-01 -5.254166026223E-01  5.254166025220E-01 -7.281529939290E-01  5.254166026223E-01 -7.281529926949E-01
 -7.849260889447E-01 -5.663826189007E-01  5.663826188327E-01 -7.849260909301E-01  5.663826189007E-01 -7.849260889447E-01
 -8.109284805664E-01 -5.851452805981E-01  5.851452806297E-01 -8.109284828358E-01  5.851452805981E-01 -8.109284805664E-01
 -3.709051039706E-01 -3.353049415808E-01  3.353049456703E-01 -3.709051116022E-01  3.353049415808E-01 -3.709051039706E-01
 -3.946912207468E-01 -3.568080225864E-01  3.568080219981E-01 -3.946912196436E-01  3.568080225864E-01 -3.946912207468E-01
 -4.466253472990E-01 -4.037574149868E-01  4.037574154931E-01 -4.466253474751E-01  4.037574149868E-01 -4.466253472990E-01
 -5.175425818674E-01 -4.678678813554E-01  4.678678815392E-01 -5.175425817159E-01  4.678678813554E-01 -5.175425818674E-01
 -5.951727300445E-01 -5.380469433871E-01  5.380469432889E-01 -5.951727296658E-01  5.380469433871E-01 -5.951727300445E-01
 -6.660899646129E-01 -6.021574097557E-01  6.021574096916E-01 -6.660899637341E-01  6.021574097557E-01 -6.660899646129E-01
 -7.180240911651E-01 -6.491068021561E-01  6.491068020827E-01 -7.180240897978E-01  6.491068021561E-01 -7.180240911651E-01
 -7.418102079413E-01 -6.706098831617E-01  6.706098830042E-01 -7.418102063342E-01  6.706098831617E-01 -7.418102079413E-01
 -3.535533905933E-01 -3.535533905933E-01  3.535533907734E-01 -3.535533907734E-01  3.535533905933E-01 -3.535533905933E-01
 -3.762267432790E-01 -3.762267432790E-01  3.762267414838E-01 -3.762267462861E-01  3.762267432790E-01 -3.762267432790E-01
 -4.257312832097E-01 -4.257312832097E-01  4.257312835102E-01 -4.257312826421E-01  4.257312832097E-01 -4.257312832097E-01
 -4.933308618209E-01 -4.933308618209E-01  4.933308619564E-01 -4.933308617443E-01  4.933308618209E-01 -4.933308618209E-01
 -5.673293099589E-01 -5.673293099589E-01  5.673293100589E-01 -5.673293098511E-01  5.673293099589E-01 -5.673293099589E-01
 -6.349288885701E-01 -6.349288885701E-01  6.349288885536E-01 -6.349288885584E-01  6.349288885701E-01 -6.349288885701E-01
 -6.844334285008E-01 -6.844334285008E-01  6.844334287314E-01 -6.844334281789E-01  6.844334285008E-01 -6.844334285008E-01
 -7.071067811865E-01 -7.071067811865E-01  7.071067813366E-01 -7.071067810608E-01  7.071067811865E-01 -7.071067811865E-01
 -3.535533905933E-01 -3.535533905933E-01  3.535533907734E-01 -3.535533907734E-01  3.535533905933E-01 -3.535533905933E-01
 -3.762267432790E-01 -3.762267432790E-01  3.762267414838E-01 -3.762267462861E-01  3.762267432790E-01 -3.762267432790E-01
 -4.257312832097E-01 -4.257312832097E-01  4.257312835102E-01 -4.257312826421E-01  4.257312832097E-01 -4.257312832097E-01
 -4.933308618209E-01 -4.933308618209E-01  4.933308619564E-01 -4.933308617443E-01  4.933308618209E-01 -4.933308618209E-01
 -5.673293099589E-01 -5.673293099589E-01  5.673293100589E-01 -5.673293098511E-01  5.673293099589E-01 -5.673293099589E-01
 -6.349288885701E-01 -6.349288885701E-01  6.349288885536E-01 -6.349288885584E-01  6.349288885701E-01 -6.349288885701E-01
 -6.844334285008E-01 -6.844334285008E-01  6.844334287314E-01 -6.844334281789E-01  6.844334285008E-01 -6.844334285008E-01
 -7.071067811865E-01 -7.071067811865E-01  7.071067813366E-01 -7.071067810608E-01  7.071067811865E-01 -7.071067811865E-01
 -3.353049415808E-01 -3.709051039706E-01  3.709050983462E-01 -3.353049336867E-01  3.709051039706E-01 -3.353049415808E-01
 -3.568080225864E-01 -3.946912207468E-01  3.946912217392E-01 -3.568080213576E-01  3.946912207468E-01 -3.568080225864E-01
 -4.037574149868E-01 -4.466253472990E-01  4.466253468728E-01 -4.037574143163E-01  4.466253472990E-01 -4.037574149868E-01
 -4.678678813554E-01 -5.175425818674E-01  5.175425819169E-01 -4.678678811589E-01  5.175425818674E-01 -4.678678813554E-01
 -5.380469433871E-01 -5.951727300445E-01  5.951727304402E-01 -5.380469434536E-01  5.951727300445E-01 -5.380469433871E-01
 -6.021574097557E-01 -6.660899646129E-01  6.660899655313E-01 -6.021574097310E-01  6.660899646129E-01 -6.021574097557E-01
 -6.491068021561E-01 -7.180240911651E-01  7.180240925820E-01 -6.491068021440E-01  7.180240911651E-01 -6.491068021561E-01
 -6.706098831617E-01 -7.418102079413E-01  7.418102096238E-01 -6.706098831372E-01  7.418102079413E-01 -6.706098831617E-01
 -2.925726402991E-01 -4.054642402832E-01  4.054642516698E-01 -2.925726505881E-01  4.054642402832E-01 -2.925726402991E-01
 -3.113353019965E-01 -4.314666319049E-01  4.314666347118E-01 -3.113353049177E-01  4.314666319049E-01 -3.113353019965E-01
 -3.523013182749E-01 -4.882397281547E-01  4.882397284474E-01 -3.523013189376E-01  4.882397281547E-01 -3.523013182749E-01
 -4.082413480515E-01 -5.657646862355E-01  5.657646862398E-01 -4.082413485049E-01  5.657646862355E-01 -4.082413480515E-01
 -4.694765728457E-01 -6.506280346142E-01  6.506280341652E-01 -4.694765729771E-01  6.506280346142E-01 -4.694765728457E-01
 -5.254166026223E-01 -7.281529926949E-01  7.281529915390E-01 -5.254166027489E-01  7.281529926949E-01 -5.254166026223E-01
 -5.663826189007E-01 -7.849260889447E-01  7.849260870659E-01 -5.663826189382E-01  7.849260889447E-01 -5.663826189007E-01
 -5.851452805981E-01 -8.109284805664E-01  8.109284784021E-01 -5.851452805518E-01  8.109284805664E-01 -5.851452805981E-01
 -2.286206189833E-01 -4.446713534462E-01  4.446713373512E-01 -2.286206089564E-01  4.446713534462E-01 -2.286206189833E-01
 -2.432820423025E-01 -4.731880943238E-01  4.731880888156E-01 -2.432820386174E-01  4.731880943238E-01 -2.432820423025E-01
 -2.752934976090E-01 -5.354509699132E-01  5.354509692349E-01 -2.752934968619E-01  5.354509699132E-01 -2.752934976090E-01
 -3.190058701001E-01 -6.204723469194E-01  6.204723465317E-01 -3.190058696425E-01  6.204723469194E-01 -3.190058701001E-01
 -3.668559868497E-01 -7.135417134193E-01  7.135417136701E-01 -3.668559867897E-01  7.135417134193E-01 -3.668559868497E-01
 -4.105683593408E-01 -7.985630904255E-01  7.985630914426E-01 -4.105683595516E-01  7.985630904255E-01 -4.105683593408E-01
 -4.425798146473E-01 -8.608259660149E-01  8.608259678860E-01 -4.425798152232E-01  8.608259660149E-01 -4.425798146473E-01
 -4.572412379666E-01 -8.893427068925E-01  8.893427091349E-01 -4.572412387232E-01  8.893427068925E-01 -4.572412379666E-01
 -1.527709394191E-01 -4.760893194234E-01  4.760893364003E-01 -1.527709465030E-01  4.760893194234E-01 -1.527709394191E-01
 -1.625681284201E-01 -5.066208921261E-01  5.066208974502E-01 -1.625681315485E-01  5.066208921261E-01 -1.625681284201E-01
 -1.839591128426E-01 -5.732829107945E-01  5.732829113078E-01 -1.839591134592E-01  5.732829107945E-01 -1.839591128426E-01
 -2.131689900593E-01 -6.643114180315E-01  6.643114185013E-01 -2.131689900845E-01  6.643114180315E-01 -2.131689900593E-01
 -2.451438281979E-01 -7.639565402386E-01  7.639565400712E-01 -2.451438279218E-01  7.639565402386E-01 -2.451438281979E-01
 -2.743537054146E-01 -8.549850474757E-01  8.549850466100E-01 -2.743537046843E-01  8.549850474757E-01 -2.743537054146E-01
 -2.957446898372E-01 -9.216470661440E-01  9.216470644585E-01 -2.957446886671E-01  9.216470661440E-01 -2.957446898372E-01
 -3.055418788382E-01 -9.521786388467E-01  9.521786367800E-01 -3.055418775127E-01  9.521786388467E-01 -3.055418788382E-01
 -7.982641588779E-02 -4.935866117780E-01  4.935865982623E-01 -7.982641199919E-02  4.935866117780E-01 -7.982641588779E-02
 -8.494567801117E-02 -5.252402845402E-01  5.252402820465E-01 -8.494567660174E-02  5.252402845402E-01 -8.494567801117E-02
 -9.612297144970E-02 -5.943522737960E-01  5.943522737241E-01 -9.612297139799E-02  5.943522737960E-01 -9.612297144970E-02
 -1.113858206250E-01 -6.887262717609E-01  6.887262716011E-01 -1.113858209498E-01  6.887262717609E-01 -1.113858206250E-01
 -1.280934270383E-01 -7.920335635732E-01  7.920335638620E-01 -1.280934274561E-01  7.920335635732E-01 -1.280934270383E-01
 -1.433562762137E-01 -8.864075615381E-01  8.864075623398E-01 -1.433562771571E-01  8.864075615381E-01 -1.433562762137E-01
 -1.545335696522E-01 -9.555195507939E-01  9.555195521498E-01 -1.545335711041E-01  9.555195507939E-01 -1.545335696522E-01
 -1.596528317756E-01 -9.871732235560E-01  9.871732251831E-01 -1.596528333579E-01  9.871732235560E-01 -1.596528317756E-01
 -2.517311623718E-02 -4.993659121515E-01  4.993659204395E-01 -2.517311874177E-02  4.993659121515E-01 -2.517311623718E-02
 -2.678746631225E-02 -5.313902110175E-01  5.313902098214E-01 -2.678746594812E-02  5.313902110175E-01 -2.678746631225E-02
 -3.031220563338E-02 -6.013114178165E-01  6.013114182989E-01 -3.031220539992E-02  6.013114178165E-01 -3.031220563338E-02
 -3.512531758547E-02 -6.967904207970E-01  6.967904208199E-01 -3.512531734835E-02  6.967904207970E-01 -3.512531758547E-02
 -4.039403112608E-02 -8.013073156575E-01  8.013073153203E-01 -4.039403092767E-02  8.013073156575E-01 -4.039403112608E-02
 -4.520714307816E-02 -8.967863186381E-01  8.967863179714E-01 -4.520714250203E-02  8.967863186381E-01 -4.520714307816E-02
 -4.873188239929E-02 -9.667075254371E-01  9.667075244183E-01 -4.873188148431E-02  9.667075254371E-01 -4.873188239929E-02
 -5.034623247436E-02 -9.987318243030E-01  9.987318230553E-01 -5.034623144927E-02  9.987318243030E-01 -5.034623247436E-02
 -1.081617080995E-16 -5.000000000000E-01  5.000000002548E-01 -4.240739824092E-16  5.000000000000E-01 -1.081617080995E-16
 -1.150981104084E-16 -5.320649628726E-01  5.320649637295E-01 -3.395756795167E-09  5.320649628726E-01 -1.150981104084E-16
 -1.302429109959E-16 -6.020749546417E-01  6.020749544527E-01  6.138415296543E-10  6.020749546417E-01 -1.302429109959E-16
 -1.509234816931E-16 -6.976751955244E-01  6.976751955660E-01  1.499406851351E-10  6.976751955244E-01 -1.509234816931E-16
 -1.735616426053E-16 -8.023248044756E-01  8.023248044701E-01  1.469502722675E-10  8.023248044756E-01 -1.735616426053E-16
 -1.942422133025E-16 -8.979250453583E-01  8.979250453383E-01 -3.393138043393E-12  8.979250453583E-01 -1.942422133025E-16
 -2.093870138900E-16 -9.679350371274E-01  9.679350370628E-01  3.906726506495E-10  9.679350371274E-01 -2.093870138900E-16
 -2.163234161989E-16 -1.000000000000E+00  1.000000000017E+00  1.949908896851E-10  1.000000000000E+00 -2.163234161989E-16
 -1.081617080995E-16 -5.000000000000E-01  5.000000002548E-01 -4.240739824092E-16  5.000000000000E-01 -1.081617080995E-16
 -1.150981104084E-16 -5.320649628726E-01  5.320649637295E-01 -3.395756795167E-09  5.320649628726E-01 -1.150981104084E-16
 -1.302429109959E-16 -6.020749546417E-01  6.020749544527E-01  6.138415296543E-10  6.020749546417E-01 -1.302429109959E-16
 -1.509234816931E-16 -6.976751955244E-01  6.976751955660E-01  1.499406851351E-10  6.976751955244E-01 -1.509234816931E-16
 -1.735616426053E-16 -8.023248044756E-01  8.023248044701E-01  1.469502722675E-10  8.023248044756E-01 -1.735616426053E-16
 -1.942422133025E-16 -8.979250453583E-01  8.979250453383E-01 -3.393138043393E-12  8.979250453583E-01 -1.942422133025E-16
 -2.093870138900E-16 -9.679350371274E-01  9.679350370628E-01  3.906726506495E-10  9.679350371274E-01 -2.093870138900E-16
 -2.163234161989E-16 -1.000000000000E+00  1.000000000017E+00  1.949908896851E-10  1.000000000000E+00 -2.163234161989E-16
  2.517311623718E-02 -4.993659121515E-01  4.993659025924E-01  2.517311784209E-02  4.993659121515E-01  2.517311623718E-02
  2.678746631225E-02 -5.313902110175E-01  5.313902108503E-01  2.678746788286E-02  5.313902110175E-01  2.678746631225E-02
  3.031220563338E-02 -6.013114178165E-01  6.013114170409E-01  3.031220580611E-02  6.013114178165E-01  3.031220563338E-02
  3.512531758546E-02 -6.967904207970E-01  6.967904206931E-01  3.512531775942E-02  6.967904207970E-01  3.512531758546E-02
  4.039403112607E-02 -8.013073156575E-01  8.013073159843E-01  4.039403135890E-02  8.013073156575E-01  4.039403112607E-02
  4.520714307816E-02 -8.967863186381E-01  8.967863192700E-01  4.520714374497E-02  8.967863186381E-01  4.520714307816E-02
  4.873188239929E-02 -9.667075254371E-01  9.667075264304E-01  4.873188340966E-02  9.667075254371E-01  4.873188239929E-02
  5.034623247436E-02 -9.987318243030E-01  9.987318254754E-01  5.034623368136E-02  9.987318243030E-01  5.034623247436E-02
  7.982641588779E-02 -4.935866117780E-01  4.935866271050E-01  7.982641666385E-02  4.935866117780E-01  7.982641588779E-02
  8.494567801117E-02 -5.252402845402E-01  5.252402885905E-01  8.494567793039E-02  5.252402845402E-01  8.494567801117E-02
  9.612297144970E-02 -5.943522737960E-01  5.943522744715E-01  9.612297118808E-02  5.943522737960E-01  9.612297144970E-02
  1.113858206250E-01 -6.887262717609E-01  6.887262720846E-01  1.113858203075E-01  6.887262717609E-01  1.113858206250E-01
  1.280934270383E-01 -7.920335635732E-01  7.920335633487E-01  1.280934266280E-01  7.920335635732E-01  1.280934270383E-01
  1.433562762137E-01 -8.864075615381E-01  8.864075608103E-01  1.433562753067E-01  8.864075615381E-01  1.433562762137E-01
  1.545335696522E-01 -9.555195507939E-01  9.555195494919E-01  1.545335682971E-01  9.555195507939E-01  1.545335696522E-01
  1.596528317756E-01 -9.871732235560E-01  9.871732219929E-01  1.596528302779E-01  9.871732235560E-01  1.596528317756E-01
  1.527709394191E-01 -4.760893194234E-01  4.760893009524E-01  1.527709351283E-01  4.760893194234E-01  1.527709394191E-01
  1.625681284201E-01 -5.066208921261E-01  5.066208856255E-01  1.625681271310E-01  5.066208921261E-01  1.625681284201E-01
  1.839591128426E-01 -5.732829107945E-01  5.732829097866E-01  1.839591128913E-01  5.732829107945E-01  1.839591128426E-01
  2.131689900593E-01 -6.643114180315E-01  6.643114174338E-01  2.131689901087E-01  6.643114180315E-01  2.131689900593E-01
  2.451438281979E-01 -7.639565402386E-01  7.639565403735E-01  2.451438284177E-01  7.639565402386E-01  2.451438281979E-01
  2.743537054146E-01 -8.549850474757E-01  8.549850483439E-01  2.743537059848E-01  8.549850474757E-01  2.743537054146E-01
  2.957446898372E-01 -9.216470661440E-01  9.216470678743E-01  2.957446907530E-01  9.216470661440E-01  2.957446898372E-01
  3.055418788382E-01 -9.521786388467E-01  9.521786409674E-01  3.055418798888E-01  9.521786388467E-01  3.055418788382E-01
  2.286206189833E-01 -4.446713534462E-01  4.446713704598E-01  2.286206259787E-01  4.446713534462E-01  2.286206189833E-01
  2.432820423025E-01 -4.731880943238E-01  4.731881003007E-01  2.432820438551E-01  4.731880943238E-01  2.432820423025E-01
  2.752934976090E-01 -5.354509699132E-01  5.354509707121E-01  2.752934975361E-01  5.354509699132E-01  2.752934976090E-01
  3.190058701001E-01 -6.204723469194E-01  6.204723472694E-01  3.190058704145E-01  6.204723469194E-01  3.190058701001E-01
  3.668559868497E-01 -7.135417134193E-01  7.135417131056E-01  3.668559869266E-01  7.135417134193E-01  3.668559868497E-01
  4.105683593408E-01 -7.985630904255E-01  7.985630892969E-01  4.105683592451E-01  7.985630904255E-01  4.105683593408E-01
  4.425798146473E-01 -8.608259660149E-01  8.608259639957E-01  4.425798142829E-01  8.608259660149E-01  4.425798146473E-01
  4.572412379666E-01 -8.893427068925E-01  8.893427044938E-01  4.572412374424E-01  8.893427068925E-01  4.572412379666E-01
  2.925726402991E-01 -4.054642402832E-01  4.054642279765E-01  2.925726334916E-01  4.054642402832E-01  2.925726402991E-01
  3.113353019965E-01 -4.314666319049E-01  4.314666291450E-01  3.113353012298E-01  4.314666319049E-01  3.113353019965E-01
  3.523013182749E-01 -4.882397281547E-01  4.882397280673E-01  3.523013182606E-01  4.882397281547E-01  3.523013182749E-01
  4.082413480515E-01 -5.657646862355E-01  5.657646863521E-01  4.082413477088E-01  5.657646862355E-01  4.082413480515E-01
  4.694765728457E-01 -6.506280346142E-01  6.506280351138E-01  4.694765727545E-01  6.506280346142E-01  4.694765728457E-01
  5.254166026223E-01 -7.281529926949E-01  7.281529939290E-01  5.254166025220E-01  7.281529926949E-01  5.254166026223E-01
  5.663826189007E-01 -7.849260889447E-01  7.849260909301E-01  5.663826188327E-01  7.849260889447E-01  5.663826189007E-01
  5.851452805981E-01 -8.109284805664E-01  8.109284828358E-01  5.851452806297E-01  8.109284805664E-01  5.851452805981E-01
  3.353049415808E-01 -3.709051039706E-01  3.709051116022E-01  3.353049456703E-01  3.709051039706E-01  3.353049415808E-01
  3.568080225864E-01 -3.946912207468E-01  3.946912196436E-01  3.568080219981E-01  3.946912207468E-01  3.568080225864E-01
  4.037574149868E-01 -4.466253472990E-01  4.466253474751E-01  4.037574154931E-01  4.466253472990E-01  4.037574149868E-01
  4.678678813554E-01 -5.175425818674E-01  5.175425817159E-01  4.678678815392E-01  5.175425818674E-01  4.678678813554E-01
  5.380469433871E-01 -5.951727300445E-01  5.951727296658E-01  5.380469432889E-01  5.951727300445E-01  5.380469433871E-01
  6.021574097557E-01 -6.660899646129E-01  6.660899637341E-01  6.021574096916E-01  6.660899646129E-01  6.021574097557E-01
  6.491068021561E-01 -7.180240911651E-01  7.180240897978E-01  6.491068020827E-01  7.180240911651E-01  6.491068021561E-01
  6.706098831617E-01 -7.418102079413E-01  7.418102063342E-01  6.706098830042E-01  7.418102079413E-01  6.706098831617E-01
  3.535533905933E-01 -3.535533905933E-01  3.535533907734E-01  3.535533907734E-01  3.535533905933E-01  3.535533905933E-01
  3.762267432790E-01 -3.762267432790E-01  3.762267462861E-01  3.762267414838E-01  3.762267432790E-01  3.762267432790E-01
  4.257312832097E-01 -4.257312832097E-01  4.257312826421E-01  4.257312835102E-01  4.257312832097E-01  4.257312832097E-01
  4.933308618209E-01 -4.933308618209E-01  4.933308617443E-01  4.933308619564E-01  4.933308618209E-01  4.933308618209E-01
  5.673293099589E-01 -5.673293099589E-01  5.673293098511E-01  5.673293100589E-01  5.673293099589E-01  5.673293099589E-01
  6.349288885701E-01 -6.349288885701E-01  6.349288885584E-01  6.349288885536E-01  6.349288885701E-01  6.349288885701E-01
  6.844334285008E-01 -6.844334285008E-01  6.844334281789E-01  6.844334287314E-01  6.844334285008E-01  6.844334285008E-01
  7.071067811865E-01 -7.071067811865E-01  7.071067810608E-01  7.071067813366E-01  7.071067811865E-01  7.071067811865E-01
  3.535533905933E-01 -3.535533905933E-01  3.535533907734E-01  3.535533907734E-01  3.535533905933E-01  3.535533905933E-01
  3.762267432790E-01 -3.762267432790E-01  3.762267462861E-01  3.762267414838E-01  3.762267432790E-01  3.762267432790E-01
  4.257312832097E-01 -4.257312832097E-01  4.257312826421E-01  4.257312835102E-01  4.257312832097E-01  4.257312832097E-01
  4.933308618209E-01 -4.933308618209E-01  4.933308617443E-01  4.933308619564E-01  4.933308618209E-01  4.933308618209E-01
  5.673293099589E-01 -5.673293099589E-01  5.673293098511E-01  5.673293100589E-01  5.673293099589E-01  5.673293099589E-01
  6.349288885701E-01 -6.349288885701E-01  6.349288885584E-01  6.349288885536E-01  6.349288885701E-01  6.349288885701E-01
  6.844334285008E-01 -6.844334285008E-01  6.844334281789E-01  6.844334287314E-01  6.844334285008E-01  6.844334285008E-01
  7.071067811865E-01 -7.071067811865E-01  7.071067810608E-01  7.071067813366E-01  7.071067811865E-01  7.071067811865E-01
  3.709051039706E-01 -3.353049415808E-01  3.353049336867E-01  3.709050983462E-01  3.353049415808E-01  3.709051039706E-01
  3.946912207468E-01 -3.568080225864E-01  3.568080213576E-01  3.946912217392E-01  3.568080225864E-01  3.946912207468E-01
  4.466253472990E-01 -4.037574149868E-01  4.037574143163E-01  4.466253468728E-01  4.037574149868E-01  4.466253472990E-01
  5.175425818674E-01 -4.678678813554E-01  4.678678811589E-01  5.175425819169E-01  4.678678813554E-01  5.175425818674E-01
  5.951727300445E-01 -5.380469433871E-01  5.380469434536E-01  5.951727304402E-01  5.380469433871E-01  5.951727300445E-01
  6.660899646129E-01 -6.021574097557E-01  6.021574097310E-01  6.660899655313E-01  6.021574097557E-01  6.660899646129E-01
  7.180240911651E-01 -6.491068021561E-01  6.491068021440E-01  7.180240925820E-01  6.491068021561E-01  7.180240911651E-01
  7.418102079413E-01 -6.706098831617E-01  6.706098831372E-01  7.418102096238E-01  6.706098831617E-01  7.418102079413E-01
  4.054642402832E-01 -2.925726402991E-01  2.925726505881E-01  4.054642516698E-01  2.925726402991E-01  4.054642402832E-01
  4.314666319049E-01 -3.113353019965E-01  3.113353049177E-01  4.314666347118E-01  3.113353019965E-01  4.314666319049E-01
  4.882397281547E-01 -3.523013182749E-01  3.523013189376E-01  4.882397284474E-01  3.523013182749E-01  4.882397281547E-01
  5.657646862355E-01 -4.082413480515E-01  4.082413485049E-01  5.657646862398E-01  4.082413480515E-01  5.657646862355E-01
  6.506280346142E-01 -4.694765728457E-01  4.694765729771E-01  6.506280341652E-01  4.694765728457E-01  6.506280346142E-01
  7.281529926949E-01 -5.254166026223E-01  5.254166027489E-01  7.281529915390E-01  5.254166026223E-01  7.281529926949E-01
  7.849260889447E-01 -5.663826189007E-01  5.663826189382E-01  7.849260870659E-01  5.663826189007E-01  7.849260889447E-01
  8.109284805664E-01 -5.851452805981E-01  5.851452805518E-01  8.109284784021E-01  5.851452805981E-01  8.109284805664E-01
  4.446713534462E-01 -2.286206189833E-01  2.286206089564E-01  4.446713373512E-01  2.286206189833E-01  4.446713534462E-01
  4.731880943238E-01 -2.432820423025E-01  2.432820386174E-01  4.731880888156E-01  2.432820423025E-01  4.731880943238E-01
  5.354509699132E-01 -2.752934976090E-01  2.752934968619E-01  5.354509692349E-01  2.752934976090E-01  5.354509699132E-01
  6.204723469194E-01 -3.190058701001E-01  3.190058696425E-01  6.204723465317E-01  3.190058701001E-01  6.204723469194E-01
  7.135417134193E-01 -3.668559868497E-01  3.668559867897E-01  7.135417136701E-01  3.668559868497E-01  7.135417134193E-01
  7.985630904255E-01 -4.105683593408E-01  4.105683595516E-01  7.985630914426E-01  4.105683593408E-01  7.985630904255E-01
  8.608259660149E-01 -4.425798146473E-01  4.425798152232E-01  8.608259678860E-01  4.425798146473E-01  8.608259660149E-01
  8.893427068925E-01 -4.572412379666E-01  4.572412387232E-01  8.893427091349E-01  4.572412379666E-01  8.893427068925E-01
  4.760893194234E-01 -1.527709394191E-01  1.527709465030E-01  4.760893364003E-01  1.527709394191E-01  4.760893194234E-01
  5.066208921261E-01 -1.625681284201E-01  1.625681315485E-01  5.066208974502E-01  1.625681284201E-01  5.066208921261E-01
  5.732829107945E-01 -1.839591128426E-01  1.839591134592E-01  5.732829113078E-01  1.839591128426E-01  5.732829107945E-01
  6.643114180315E-01 -2.131689900593E-01  2.131689900845E-01  6.643114185013E-01  2.131689900593E-01  6.643114180315E-01
  7.639565402386E-01 -2.451438281979E-01  2.451438279218E-01  7.639565400712E-01  2.451438281979E-01  7.639565402386E-01
  8.549850474757E-01 -2.743537054146E-01  2.743537046843E-01  8.549850466100E-01  2.743537054146E-01  8.549850474757E-01
  9.216470661440E-01 -2.957446898372E-01  2.957446886671E-01  9.216470644585E-01  2.957446898372E-01  9.216470661440E-01
  9.521786388467E-01 -3.055418788382E-01  3.055418775127E-01  9.521786367800E-01  3.055418788382E-01  9.521786388467E-01
  4.935866117780E-01 -7.982641588779E-02  7.982641199919E-02  4.935865982623E-01  7.982641588779E-02  4.935866117780E-01
  5.252402845402E-01 -8.494567801117E-02  8.494567660174E-02  5.252402820465E-01  8.494567801117E-02  5.252402845402E-01
  5.943522737960E-01 -9.612297144970E-02  9.612297139799E-02  5.943522737241E-01  9.612297144970E-02  5.943522737960E-01
  6.887262717609E-01 -1.113858206250E-01  1.113858209498E-01  6.887262716011E-01  1.113858206250E-01  6.887262717609E-01
  7.920335635732E-01 -1.280934270383E-01  1.280934274561E-01  7.920335638620E-01  1.280934270383E-01  7.920335635732E-01
  8.864075615381E-01 -1.433562762137E-01  1.433562771571E-01  8.864075623398E-01  1.433562762137E-01  8.864075615381E-01
  9.555195507939E-01 -1.545335696522E-01  1.545335711041E-01  9.555195521498E-01  1.545335696522E-01  9.555195507939E-01
  9.871732235560E-01 -1.596528317756E-01  1.596528333579E-01  9.871732251831E-01  1.596528317756E-01  9.871732235560E-01
  4.993659121515E-01 -2.517311623718E-02  2.517311874177E-02  4.993659204395E-01  2.517311623718E-02  4.993659121515E-01
  5.313902110175E-01 -2.678746631225E-02  2.678746594812E-02  5.313902098214E-01  2.678746631225E-02  5.313902110175E-01
  6.013114178165E-01 -3.031220563338E-02  3.031220539992E-02  6.013114182989E-01  3.031220563338E-02  6.013114178165E-01
  6.967904207970E-01 -3.512531758546E-02  3.512531734835E-02  6.967904208199E-01  3.512531758546E-02  6.967904207970E-01
  8.013073156575E-01 -4.039403112607E-02  4.039403092767E-02  8.013073153203E-01  4.039403112607E-02  8.013073156575E-01
  8.967863186381E-01 -4.520714307816E-02  4.520714250203E-02  8.967863179714E-01  4.520714307816E-02  8.967863186381E-01
  9.667075254371E-01 -4.873188239929E-02  4.873188148431E-02  9.667075244183E-01  4.873188239929E-02  9.667075254371E-01
  9.987318243030E-01 -5.034623247436E-02  5.034623144927E-02  9.987318230553E-01  5.034623247436E-02  9.987318243030E-01
  5.000000000000E-01  1.387778780781E-17 -2.155709270200E-15  5.000000002548E-01 -1.387778780781E-17  5.000000000000E-01
  5.320649628726E-01  1.476776930944E-17  3.395756365730E-09  5.320649637295E-01 -1.476776930944E-17  5.320649628726E-01
  6.020749546417E-01  1.671093692983E-17 -6.138413658317E-10  6.020749544527E-01 -1.671093692983E-17  6.020749546417E-01
  6.976751955244E-01  1.936437664453E-17 -1.499405137759E-10  6.976751955660E-01 -1.936437664453E-17  6.976751955244E-01
  8.023248044756E-01  2.226898677892E-17 -1.469501521754E-10  8.023248044701E-01 -2.226898677892E-17  8.023248044756E-01
  8.979250453583E-01  2.492242649361E-17  3.393238457997E-12  8.979250453383E-01 -2.492242649361E-17  8.979250453583E-01
  9.679350371274E-01  2.686559411401E-17 -3.906725272939E-10  9.679350370628E-01 -2.686559411401E-17  9.679350371274E-01
  1.000000000000E+00  2.775557561563E-17 -1.949907139521E-10  1.000000000017E+00 -2.775557561563E-17  1.000000000000E+00
  1.000000000000E+00  2.775557561563E-17 -1.949907139521E-10  1.000000000017E+00 -2.775557561563E-17  1.000000000000E+00
  1.032064962873E+00  2.953553861887E-17 -2.241943581053E-10  1.032064962833E+00 -2.953553861887E-17  1.032064962873E+00
  1.102074954642E+00  3.342187385967E-17 -1.911905523493E-10  1.102074954601E+00 -3.342187385967E-17  1.102074954642E+00
  1.197675195524E+00  3.872875328905E-17  2.859374205486E-10  1.197675195512E+00 -3.872875328905E-17  1.197675195524E+00
  1.302324804476E+00  4.453797355784E-17  1.677005040997E-09  1.302324804526E+00 -4.453797355784E-17  1.302324804476E+00
  1.397925045358E+00  4.984485298722E-17  2.766970005055E-09  1.397925045417E+00 -4.984485298722E-17  1.397925045358E+00
  1.467935037127E+00  5.373118822801E-17  1.321524305589E-09  1.467935037155E+00 -5.373118822801E-17  1.467935037127E+00
  1.500000000000E+00  5.551115123126E-17 -5.551115123126E-17  1.500000000000E+00 -5.551115123126E-17  1.500000000000E+00
  9.987318243030E-01  5.034623247436E-02 -5.034623368137E-02  9.987318254754E-01 -5.034623247436E-02  9.987318243030E-01
  1.030756123169E+00  5.196058254943E-02 -5.196058392436E-02  1.030756124516E+00 -5.196058254943E-02  1.030756123169E+00
  1.100677329968E+00  5.548532187056E-02 -5.548532363435E-02  1.100677331661E+00 -5.548532187056E-02  1.100677329968E+00
  1.196156332949E+00  6.029843382264E-02 -6.029843593676E-02  1.196156335002E+00 -6.029843382264E-02  1.196156332949E+00
  1.300673227809E+00  6.556714736325E-02 -6.556714921601E-02  1.300673229913E+00 -6.556714736325E-02  1.300673227809E+00
  1.396152230790E+00  7.038025931534E-02 -7.038026018130E-02  1.396152232875E+00 -7.038025931534E-02  1.396152230790E+00
  1.466073437589E+00  7.390499863647E-02 -7.390499867896E-02  1.466073439148E+00 -7.390499863647E-02  1.466073437589E+00
  1.498097736455E+00  7.551934871154E-02 -7.551934871154E-02  1.498097736455E+00 -7.551934871154E-02  1.498097736455E+00
  9.871732235560E-01  1.596528317756E-01 -1.596528302779E-01  9.871732219929E-01 -1.596528317756E-01  9.871732235560E-01
  1.018826896318E+00  1.647720938990E-01 -1.647720922237E-01  1.018826894440E+00 -1.647720938990E-01  1.018826896318E+00
  1.087938885574E+00  1.759493873375E-01 -1.759493852937E-01  1.087938882894E+00 -1.759493873375E-01  1.087938885574E+00
  1.182312883539E+00  1.912122365128E-01 -1.912122342072E-01  1.182312879408E+00 -1.912122365128E-01  1.182312883539E+00
  1.285620175351E+00  2.079198429261E-01 -2.079198410028E-01  1.285620169258E+00 -2.079198429261E-01  1.285620175351E+00
  1.379994173316E+00  2.231826921014E-01 -2.231826912052E-01  1.379994166269E+00 -2.231826921014E-01  1.379994173316E+00
  1.449106162572E+00  2.343599855400E-01 -2.343599853998E-01  1.449106158392E+00 -2.343599855400E-01  1.449106162572E+00
  1.480759835334E+00  2.394792476634E-01 -2.394792476634E-01  1.480759835334E+00 -2.394792476634E-01  1.480759835334E+00
  9.521786388467E-01  3.055418788382E-01 -3.055418798888E-01  9.521786409674E-01 -3.055418788382E-01  9.521786388467E-01
  9.827102115494E-01  3.153390678391E-01 -3.153390690595E-01  9.827102141572E-01 -3.153390678391E-01  9.827102115494E-01
  1.049372230218E+00  3.367300522617E-01 -3.367300538902E-01  1.049372234079E+00 -3.367300522617E-01  1.049372230218E+00
  1.140400737455E+00  3.659399294784E-01 -3.659399317121E-01  1.140400743515E+00 -3.659399294784E-01  1.140400737455E+00
  1.240045859662E+00  3.979147676170E-01 -3.979147704312E-01  1.240045868488E+00 -3.979147676170E-01  1.240045859662E+00
  1.331074366899E+00  4.271246448337E-01 -4.271246475886E-01  1.331074376654E+00 -4.271246448337E-01  1.331074366899E+00
  1.397736385567E+00  4.485156292563E-01 -4.485156306892E-01  1.397736391026E+00 -4.485156292563E-01  1.397736385567E+00
  1.428267958270E+00  4.583128182573E-01 -4.583128182573E-01  1.428267958270E+00 -4.583128182573E-01  1.428267958270E+00
  8.893427068925E-01  4.572412379666E-01 -4.572412374424E-01  8.893427044938E-01 -4.572412379666E-01  8.893427068925E-01
  9.178594477700E-01  4.719026612858E-01 -4.719026605734E-01  9.178594448952E-01 -4.719026612858E-01  9.178594477700E-01
  9.801223233594E-01  5.039141165923E-01 -5.039141153494E-01  9.801223192997E-01 -5.039141165923E-01  9.801223233594E-01
  1.065143700366E+00  5.476264890834E-01 -5.476264867521E-01  1.065143694355E+00 -5.476264890834E-01  1.065143700366E+00
  1.158213066866E+00  5.954766058330E-01 -5.954766018765E-01  1.158213058588E+00 -5.954766058330E-01  1.158213066866E+00
  1.243234443872E+00  6.391889783241E-01 -6.391889734915E-01  1.243234435058E+00 -6.391889783241E-01  1.243234443872E+00
  1.305497319461E+00  6.712004336306E-01 -6.712004307963E-01  1.305497314604E+00 -6.712004336306E-01  1.305497319461E+00
  1.334014060339E+00  6.858618569498E-01 -6.858618569498E-01  1.334014060339E+00 -6.858618569498E-01  1.334014060339E+00
  8.109284805664E-01  5.851452805981E-01 -5.851452806297E-01  8.109284828358E-01 -5.851452805981E-01  8.109284805664E-01
  8.369308721881E-01  6.039079422956E-01 -6.039079423980E-01  8.369308748179E-01 -6.039079422956E-01  8.369308721881E-01
  8.937039684379E-01  6.448739585740E-01 -6.448739589330E-01  8.937039718977E-01 -6.448739585740E-01  8.937039684379E-01
  9.712289265187E-01  7.008139883505E-01 -7.008139894707E-01  9.712289311331E-01 -7.008139883505E-01  9.712289265187E-01
  1.056092274897E+00  7.620492131448E-01 -7.620492158652E-01  1.056092280493E+00 -7.620492131448E-01  1.056092274897E+00
  1.133617232978E+00  8.179892429213E-01 -8.179892471173E-01  1.133617238463E+00 -8.179892429213E-01  1.133617232978E+00
  1.190390329228E+00  8.589552591997E-01 -8.589552620300E-01  1.190390332243E+00 -8.589552591997E-01  1.190390329228E+00
  1.216392720850E+00  8.777179208972E-01 -8.777179208972E-01  1.216392720850E+00 -8.777179208972E-01  1.216392720850E+00
  7.418102079413E-01  6.706098831617E-01 -6.706098830042E-01  7.418102063342E-01 -6.706098831617E-01  7.418102079413E-01
  7.655963247174E-01  6.921129641672E-01 -6.921129640157E-01  7.655963228806E-01 -6.921129641672E-01  7.655963247174E-01
  8.175304512697E-01  7.390623565677E-01 -7.390623564128E-01  8.175304489475E-01 -7.390623565677E-01  8.175304512697E-01
  8.884476858381E-01  8.031728229362E-01 -8.031728227867E-01  8.884476830689E-01 -8.031728229362E-01  8.884476858381E-01
  9.660778340152E-01  8.733518849679E-01 -8.733518847314E-01  9.660778314202E-01 -8.733518849679E-01  9.660778340152E-01
  1.036995068584E+00  9.374623513365E-01 -9.374623505225E-01  1.036995066640E+00 -9.374623513365E-01  1.036995068584E+00
  1.088929195136E+00  9.844117437369E-01 -9.844117426726E-01  1.088929194035E+00 -9.844117437369E-01  1.088929195136E+00
  1.112715311912E+00  1.005914824742E+00 -1.005914824742E+00  1.112715311912E+00 -1.005914824742E+00  1.112715311912E+00
  7.071067811865E-01  7.071067811865E-01 -7.071067813366E-01  7.071067810608E-01 -7.071067811865E-01  7.071067811865E-01
  7.297801338723E-01  7.297801338723E-01 -7.297801340025E-01  7.297801336855E-01 -7.297801338723E-01  7.297801338723E-01
  7.792846738030E-01  7.792846738030E-01 -7.792846739091E-01  7.792846736387E-01 -7.792846738030E-01  7.792846738030E-01
  8.468842524142E-01  8.468842524142E-01 -8.468842522029E-01  8.468842526073E-01 -8.468842524142E-01  8.468842524142E-01
  9.208827005522E-01  9.208827005522E-01 -9.208826994020E-01  9.208827017736E-01 -9.208827005522E-01  9.208827005522E-01
  9.884822791634E-01  9.884822791634E-01 -9.884822772482E-01  9.884822811613E-01 -9.884822791634E-01  9.884822791634E-01
  1.037986819094E+00  1.037986819094E+00 -1.037986818179E+00  1.037986820048E+00 -1.037986819094E+00  1.037986819094E+00
  1.060660171780E+00  1.060660171780E+00 -1.060660171780E+00  1.060660171780E+00 -1.060660171780E+00  1.060660171780E+00
  7.071067811865E-01  7.071067811865E-01 -7.071067813366E-01  7.071067810608E-01 -7.071067811865E-01  7.071067811865E-01
  7.297801338723E-01  7.297801338723E-01 -7.297801340025E-01  7.297801336855E-01 -7.297801338723E-01  7.297801338723E-01
  7.792846738030E-01  7.792846738030E-01 -7.792846739091E-01  7.792846736387E-01 -7.792846738030E-01  7.792846738030E-01
  8.468842524142E-01  8.468842524142E-01 -8.468842522029E-01  8.468842526073E-01 -8.468842524142E-01  8.468842524142E-01
  9.208827005522E-01  9.208827005522E-01 -9.208826994020E-01  9.208827017736E-01 -9.208827005522E-01  9.208827005522E-01
  9.884822791634E-01  9.884822791634E-01 -9.884822772482E-01  9.884822811613E-01 -9.884822791634E-01  9.884822791634E-01
  1.037986819094E+00  1.037986819094E+00 -1.037986818179E+00  1.037986820048E+00 -1.037986819094E+00  1.037986819094E+00
  1.060660171780E+00  1.060660171780E+00 -1.060660171780E+00  1.060660171780E+00 -1.060660171780E+00  1.060660171780E+00
  6.706098831617E-01  7.418102079413E-01 -7.418102096238E-01  6.706098831372E-01 -7.418102079413E-01  6.706098831617E-01
  6.921129641672E-01  7.655963247174E-01 -7.655963266421E-01  6.921129641475E-01 -7.655963247174E-01  6.921129641672E-01
  7.390623565677E-01  8.175304512697E-01 -8.175304537142E-01  7.390623565179E-01 -8.175304512697E-01  7.390623565677E-01
  8.031728229362E-01  8.884476858381E-01 -8.884476887849E-01  8.031728228933E-01 -8.884476858381E-01  8.031728229362E-01
  8.733518849679E-01  9.660778340152E-01 -9.660778368131E-01  8.733518851457E-01 -9.660778340152E-01  8.733518849679E-01
  9.374623513365E-01  1.036995068584E+00 -1.036995070670E+00  9.374623521985E-01 -1.036995068584E+00  9.374623513365E-01
  9.844117437369E-01  1.088929195136E+00 -1.088929196268E+00  9.844117448094E-01 -1.088929195136E+00  9.844117437369E-01
  1.005914824742E+00  1.112715311912E+00 -1.112715311912E+00  1.005914824742E+00 -1.112715311912E+00  1.005914824742E+00
  5.851452805981E-01  8.109284805664E-01 -8.109284784021E-01  5.851452805518E-01 -8.109284805664E-01  5.851452805981E-01
  6.039079422956E-01  8.369308721881E-01 -8.369308696754E-01  6.039079421521E-01 -8.369308721881E-01  6.039079422956E-01
  6.448739585740E-01  8.937039684379E-01 -8.937039650974E-01  6.448739581238E-01 -8.937039684379E-01  6.448739585740E-01
  7.008139883505E-01  9.712289265187E-01 -9.712289219675E-01  7.008139870599E-01 -9.712289265187E-01  7.008139883505E-01
  7.620492131448E-01  1.056092274897E+00 -1.056092269229E+00  7.620492101964E-01 -1.056092274897E+00  7.620492131448E-01
  8.179892429213E-01  1.133617232978E+00 -1.133617227361E+00  8.179892385718E-01 -1.133617232978E+00  8.179892429213E-01
  8.589552591997E-01  1.190390329228E+00 -1.190390326173E+00  8.589552563433E-01 -1.190390329228E+00  8.589552591997E-01
  8.777179208972E-01  1.216392720850E+00 -1.216392720850E+00  8.777179208972E-01 -1.216392720850E+00  8.777179208972E-01
  4.572412379666E-01  8.893427068925E-01 -8.893427091349E-01  4.572412387232E-01 -8.893427068925E-01  4.572412379666E-01
  4.719026612858E-01  9.178594477700E-01 -9.178594504769E-01  4.719026622668E-01 -9.178594477700E-01  4.719026612858E-01
  5.039141165923E-01  9.801223233594E-01 -9.801223272410E-01  5.039141181708E-01 -9.801223233594E-01  5.039141165923E-01
  5.476264890834E-01  1.065143700366E+00 -1.065143706230E+00  5.476264917889E-01 -1.065143700366E+00  5.476264890834E-01
  5.954766058330E-01  1.158213066866E+00 -1.158213075097E+00  5.954766100842E-01 -1.158213066866E+00  5.954766058330E-01
  6.391889783241E-01  1.243234443872E+00 -1.243234452718E+00  6.391889832742E-01 -1.243234443872E+00  6.391889783241E-01
  6.712004336306E-01  1.305497319461E+00 -1.305497324334E+00  6.712004364774E-01 -1.305497319461E+00  6.712004336306E-01
  6.858618569498E-01  1.334014060339E+00 -1.334014060339E+00  6.858618569498E-01 -1.334014060339E+00  6.858618569498E-01
  3.055418788382E-01  9.521786388467E-01 -9.521786367800E-01  3.055418775127E-01 -9.521786388467E-01  3.055418788382E-01
  3.153390678391E-01  9.827102115494E-01 -9.827102090130E-01  3.153390663101E-01 -9.827102115494E-01  3.153390678391E-01
  3.367300522617E-01  1.049372230218E+00 -1.049372226468E+00  3.367300502699E-01 -1.049372230218E+00  3.367300522617E-01
  3.659399294784E-01  1.140400737455E+00 -1.140400731556E+00  3.659399268766E-01 -1.140400737455E+00  3.659399294784E-01
  3.979147676170E-01  1.240045859662E+00 -1.240045851011E+00  3.979147645617E-01 -1.240045859662E+00  3.979147676170E-01
  4.271246448337E-01  1.331074366899E+00 -1.331074357249E+00  4.271246420184E-01 -1.331074366899E+00  4.271246448337E-01
  4.485156292563E-01  1.397736385567E+00 -1.397736380128E+00  4.485156278257E-01 -1.397736385567E+00  4.485156292563E-01
  4.583128182573E-01  1.428267958270E+00 -1.428267958270E+00  4.583128182573E-01 -1.428267958270E+00  4.583128182573E-01
  1.596528317756E-01  9.871732235560E-01 -9.871732251831E-01  1.596528333579E-01 -9.871732235560E-01  1.596528317756E-01
  1.647720938990E-01  1.018826896318E+00 -1.018826898250E+00  1.647720956861E-01 -1.018826896318E+00  1.647720938990E-01
  1.759493873375E-01  1.087938885574E+00 -1.087938888274E+00  1.759493895301E-01 -1.087938885574E+00  1.759493873375E-01
  1.912122365128E-01  1.182312883539E+00 -1.182312887594E+00  1.912122389837E-01 -1.182312883539E+00  1.912122365128E-01
  2.079198429261E-01  1.285620175351E+00 -1.285620181231E+00  2.079198449591E-01 -1.285620175351E+00  2.079198429261E-01
  2.231826921014E-01  1.379994173316E+00 -1.379994180161E+00  2.231826930126E-01 -1.379994173316E+00  2.231826921014E-01
  2.343599855400E-01  1.449106162572E+00 -1.449106166705E+00  2.343599856704E-01 -1.449106162572E+00  2.343599855400E-01
  2.394792476634E-01  1.480759835334E+00 -1.480759835334E+00  2.394792476634E-01 -1.480759835334E+00  2.394792476634E-01
  5.034623247436E-02  9.987318243030E-01 -9.987318230553E-01  5.034623144927E-02 -9.987318243030E-01  5.034623247436E-02
  5.196058254943E-02  1.030756123169E+00 -1.030756121763E+00  5.196058135775E-02 -1.030756123169E+00  5.196058254943E-02
  5.548532187056E-02  1.100677329968E+00 -1.100677328216E+00  5.548532033806E-02 -1.100677329968E+00  5.548532187056E-02
  6.029843382264E-02  1.196156332949E+00 -1.196156330885E+00  6.029843197026E-02 -1.196156332949E+00  6.029843382264E-02
  6.556714736325E-02  1.300673227809E+00 -1.300673225807E+00  6.556714569556E-02 -1.300673227809E+00  6.556714736325E-02
  7.038025931534E-02  1.396152230790E+00 -1.396152228840E+00  7.038025851668E-02 -1.396152230790E+00  7.038025931534E-02
  7.390499863647E-02  1.466073437589E+00 -1.466073436058E+00  7.390499861086E-02 -1.466073437589E+00  7.390499863647E-02
  7.551934871154E-02  1.498097736455E+00 -1.498097736455E+00  7.551934871154E-02 -1.498097736455E+00  7.551934871154E-02
  6.123233995737E-17  1.000000000000E+00 -1.000000000017E+00 -1.949909387727E-10 -1.000000000000E+00  6.123233995737E-17
  7.031560467768E-17  1.032064962873E+00 -1.032064962833E+00 -2.241944675890E-10 -1.032064962873E+00  7.031560467768E-17
  9.014782125728E-17  1.102074954642E+00 -1.102074954601E+00 -1.911905029147E-10 -1.102074954642E+00  9.014782125728E-17
  1.172291654245E-16  1.197675195524E+00 -1.197675195512E+00  2.859378835925E-10 -1.197675195524E+00  1.172291654245E-16
  1.468739869314E-16  1.302324804476E+00 -1.302324804526E+00  1.677005482780E-09 -1.302324804476E+00  1.468739869314E-16
  1.739553310987E-16  1.397925045358E+00 -1.397925045417E+00  2.766970391571E-09 -1.397925045358E+00  1.739553310987E-16
  1.937875476782E-16  1.467935037127E+00 -1.467935037155E+00  1.321524734472E-09 -1.467935037127E+00  1.937875476782E-16
  2.028708123986E-16  1.500000000000E+00 -1.500000000000E+00  2.028708123986E-16 -1.500000000000E+00  2.028708123986E-16
  6.123233995737E-17  1.000000000000E+00 -1.000000000017E+00 -1.949909387727E-10 -1.000000000000E+00  6.123233995737E-17
  7.031560467768E-17  1.032064962873E+00 -1.032064962833E+00 -2.241944675890E-10 -1.032064962873E+00  7.031560467768E-17
  9.014782125728E-17  1.102074954642E+00 -1.102074954601E+00 -1.911905029147E-10 -1.102074954642E+00  9.014782125728E-17
  1.172291654245E-16  1.197675195524E+00 -1.197675195512E+00  2.859378835925E-10 -1.197675195524E+00  1.172291654245E-16
  1.468739869314E-16  1.302324804476E+00 -1.302324804526E+00  1.677005482780E-09 -1.302324804476E+00  1.468739869314E-16
  1.739553310987E-16  1.397925045358E+00 -1.397925045417E+00  2.766970391571E-09 -1.397925045358E+00  1.739553310987E-16
  1.937875476782E-16  1.467935037127E+00 -1.467935037155E+00  1.321524734472E-09 -1.467935037127E+00  1.937875476782E-16
  2.028708123986E-16  1.500000000000E+00 -1.500000000000E+00  2.028708123986E-16 -1.500000000000E+00  2.028708123986E-16
 -5.034623247436E-02  9.987318243030E-01 -9.987318254754E-01 -5.034623368137E-02 -9.987318243030E-01 -5.034623247436E-02
 -5.196058254943E-02  1.030756123169E+00 -1.030756124516E+00 -5.196058392436E-02 -1.030756123169E+00 -5.196058254943E-02
 -5.548532187056E-02  1.100677329968E+00 -1.100677331661E+00 -5.548532363435E-02 -1.100677329968E+00 -5.548532187056E-02
 -6.029843382264E-02  1.196156332949E+00 -1.196156335002E+00 -6.029843593676E-02 -1.196156332949E+00 -6.029843382264E-02
 -6.556714736325E-02  1.300673227809E+00 -1.300673229913E+00 -6.556714921601E-02 -1.300673227809E+00 -6.556714736325E-02
 -7.038025931534E-02  1.396152230790E+00 -1.396152232875E+00 -7.038026018130E-02 -1.396152230790E+00 -7.038025931534E-02
 -7.390499863647E-02  1.466073437589E+00 -1.466073439148E+00 -7.390499867896E-02 -1.466073437589E+00 -7.390499863647E-02
 -7.551934871154E-02  1.498097736455E+00 -1.498097736455E+00 -7.551934871154E-02 -1.498097736455E+00 -7.551934871154E-02
 -1.596528317756E-01  9.871732235560E-01 -9.871732219929E-01 -1.596528302779E-01 -9.871732235560E-01 -1.596528317756E-01
 -1.647720938990E-01  1.018826896318E+00 -1.018826894440E+00 -1.647720922237E-01 -1.018826896318E+00 -1.647720938990E-01
 -1.759493873375E-01  1.087938885574E+00 -1.087938882894E+00 -1.759493852937E-01 -1.087938885574E+00 -1.759493873375E-01
 -1.912122365128E-01  1.182312883539E+00 -1.182312879408E+00 -1.912122342072E-01 -1.182312883539E+00 -1.912122365128E-01
 -2.079198429261E-01  1.285620175351E+00 -1.285620169258E+00 -2.079198410028E-01 -1.285620175351E+00 -2.079198429261E-01
 -2.231826921014E-01  1.379994173316E+00 -1.379994166269E+00 -2.231826912052E-01 -1.379994173316E+00 -2.231826921014E-01
 -2.343599855400E-01  1.449106162572E+00 -1.449106158392E+00 -2.343599853998E-01 -1.449106162572E+00 -2.343599855400E-01
 -2.394792476634E-01  1.480759835334E+00 -1.480759835334E+00 -2.394792476634E-01 -1.480759835334E+00 -2.394792476634E-01
 -3.055418788382E-01  9.521786388467E-01 -9.521786409674E-01 -3.055418798888E-01 -9.521786388467E-01 -3.055418788382E-01
 -3.153390678391E-01  9.827102115494E-01 -9.827102141572E-01 -3.153390690595E-01 -9.827102115494E-01 -3.153390678391E-01
 -3.367300522617E-01  1.049372230218E+00 -1.049372234079E+00 -3.367300538902E-01 -1.049372230218E+00 -3.367300522617E-01
 -3.659399294784E-01  1.140400737455E+00 -1.140400743515E+00 -3.659399317121E-01 -1.140400737455E+00 -3.659399294784E-01
 -3.979147676170E-01  1.240045859662E+00 -1.240045868488E+00 -3.979147704312E-01 -1.240045859662E+00 -3.979147676170E-01
 -4.271246448337E-01  1.331074366899E+00 -1.331074376654E+00 -4.271246475886E-01 -1.331074366899E+00 -4.271246448337E-01
 -4.485156292563E-01  1.397736385567E+00 -1.397736391026E+00 -4.485156306892E-01 -1.397736385567E+00 -4.485156292563E-01
 -4.583128182573E-01  1.428267958270E+00 -1.428267958270E+00 -4.583128182573E-01 -1.428267958270E+00 -4.583128182573E-01
 -4.572412379666E-01  8.893427068925E-01 -8.893427044938E-01 -4.572412374424E-01 -8.893427068925E-01 -4.572412379666E-01
 -4.719026612858E-01  9.178594477700E-01 -9.178594448952E-01 -4.719026605734E-01 -9.178594477700E-01 -4.719026612858E-01
 -5.039141165923E-01  9.801223233594E-01 -9.801223192997E-01 -5.039141153494E-01 -9.801223233594E-01 -5.039141165923E-01
 -5.476264890834E-01  1.065143700366E+00 -1.065143694355E+00 -5.476264867521E-01 -1.065143700366E+00 -5.476264890834E-01
 -5.954766058330E-01  1.158213066866E+00 -1.158213058588E+00 -5.954766018765E-01 -1.158213066866E+00 -5.954766058330E-01
 -6.391889783241E-01  1.243234443872E+00 -1.243234435058E+00 -6.391889734915E-01 -1.243234443872E+00 -6.391889783241E-01
 -6.712004336306E-01  1.305497319461E+00 -1.305497314604E+00 -6.712004307963E-01 -1.305497319461E+00 -6.712004336306E-01
 -6.858618569498E-01  1.334014060339E+00 -1.334014060339E+00 -6.858618569498E-01 -1.334014060339E+00 -6.858618569498E-01
 -5.851452805981E-01  8.109284805664E-01 -8.109284828358E-01 -5.851452806297E-01 -8.109284805664E-01 -5.851452805981E-01
 -6.039079422956E-01  8.369308721881E-01 -8.369308748179E-01 -6.039079423980E-01 -8.369308721881E-01 -6.039079422956E-01
 -6.448739585740E-01  8.937039684379E-01 -8.937039718977E-01 -6.448739589330E-01 -8.937039684379E-01 -6.448739585740E-01
 -7.008139883505E-01  9.712289265187E-01 -9.712289311331E-01 -7.008139894707E-01 -9.712289265187E-01 -7.008139883505E-01
 -7.620492131448E-01  1.056092274897E+00 -1.056092280493E+00 -7.620492158652E-01 -1.056092274897E+00 -7.620492131448E-01
 -8.179892429213E-01  1.133617232978E+00 -1.133617238463E+00 -8.179892471173E-01 -1.133617232978E+00 -8.179892429213E-01
 -8.589552591997E-01  1.190390329228E+00 -1.190390332243E+00 -8.589552620300E-01 -1.190390329228E+00 -8.589552591997E-01
 -8.777179208972E-01  1.216392720850E+00 -1.216392720850E+00 -8.777179208972E-01 -1.216392720850E+00 -8.777179208972E-01
 -6.706098831617E-01  7.418102079413E-01 -7.418102063342E-01 -6.706098830042E-01 -7.418102079413E-01 -6.706098831617E-01
 -6.921129641672E-01  7.655963247174E-01 -7.655963228806E-01 -6.921129640157E-01 -7.655963247174E-01 -6.921129641672E-01
 -7.390623565677E-01  8.175304512697E-01 -8.175304489475E-01 -7.390623564128E-01 -8.175304512697E-01 -7.390623565677E-01
 -8.031728229362E-01  8.884476858381E-01 -8.884476830689E-01 -8.031728227867E-01 -8.884476858381E-01 -8.031728229362E-01
 -8.733518849679E-01  9.660778340152E-01 -9.660778314202E-01 -8.733518847314E-01 -9.660778340152E-01 -8.733518849679E-01
 -9.374623513365E-01  1.036995068584E+00 -1.036995066640E+00 -9.374623505225E-01 -1.036995068584E+00 -9.374623513365E-01
 -9.844117437369E-01  1.088929195136E+00 -1.088929194035E+00 -9.844117426726E-01 -1.088929195136E+00 -9.844117437369E-01
 -1.005914824742E+00  1.112715311912E+00 -1.112715311912E+00 -1.005914824742E+00 -1.112715311912E+00 -1.005914824742E+00
 -7.071067811865E-01  7.071067811865E-01 -7.071067810608E-01 -7.071067813366E-01 -7.071067811865E-01 -7.071067811865E-01
 -7.297801338723E-01  7.297801338723E-01 -7.297801336855E-01 -7.297801340025E-01 -7.297801338723E-01 -7.297801338723E-01
 -7.792846738030E-01  7.792846738030E-01 -7.792846736387E-01 -7.792846739091E-01 -7.792846738030E-01 -7.792846738030E-01
 -8.468842524142E-01  8.468842524142E-01 -8.468842526073E-01 -8.468842522029E-01 -8.468842524142E-01 -8.468842524142E-01
 -9.208827005522E-01  9.208827005522E-01 -9.208827017736E-01 -9.208826994020E-01 -9.208827005522E-01 -9.208827005522E-01
 -9.884822791634E-01  9.884822791634E-01 -9.884822811613E-01 -9.884822772482E-01 -9.884822791634E-01 -9.884822791634E-01
 -1.037986819094E+00  1.037986819094E+00 -1.037986820048E+00 -1.037986818179E+00 -1.037986819094E+00 -1.037986819094E+00
 -1.060660171780E+00  1.060660171780E+00 -1.060660171780E+00 -1.060660171780E+00 -1.060660171780E+00 -1.060660171780E+00
 -7.071067811865E-01  7.071067811865E-01 -7.071067810608E-01 -7.071067813366E-01 -7.071067811865E-01 -7.071067811865E-01
 -7.297801338723E-01  7.297801338723E-01 -7.297801336855E-01 -7.297801340025E-01 -7.297801338723E-01 -7.297801338723E-01
 -7.792846738030E-01  7.792846738030E-01 -7.792846736387E-01 -7.792846739091E-01 -7.792846738030E-01 -7.792846738030E-01
 -8.468842524142E-01  8.468842524142E-01 -8.468842526073E-01 -8.468842522029E-01 -8.468842524142E-01 -8.468842524142E-01
 -9.208827005522E-01  9.208827005522E-01 -9.208827017736E-01 -9.208826994020E-01 -9.208827005522E-01 -9.208827005522E-01
 -9.884822791634E-01  9.884822791634E-01 -9.884822811613E-01 -9.884822772482E-01 -9.884822791634E-01 -9.884822791634E-01
 -1.037986819094E+00  1.037986819094E+00 -1.037986820048E+00 -1.037986818179E+00 -1.037986819094E+00 -1.037986819094E+00
 -1.060660171780E+00  1.060660171780E+00 -1.060660171780E+00 -1.060660171780E+00 -1.060660171780E+00 -1.060660171780E+00
 -7.418102079413E-01  6.706098831617E-01 -6.706098831372E-01 -7.418102096238E-01 -6.706098831617E-01 -7.418102079413E-01
 -7.655963247174E-01  6.921129641672E-01 -6.921129641475E-01 -7.655963266421E-01 -6.921129641672E-01 -7.655963247174E-01
 -8.175304512697E-01  7.390623565677E-01 -7.390623565179E-01 -8.175304537142E-01 -7.390623565677E-01 -8.175304512697E-01
 -8.884476858381E-01  8.031728229362E-01 -8.031728228933E-01 -8.884476887849E-01 -8.031728229362E-01 -8.884476858381E-01
 -9.660778340152E-01  8.733518849679E-01 -8.733518851457E-01 -9.660778368131E-01 -8.733518849679E-01 -9.660778340152E-01
 -1.036995068584E+00  9.374623513365E-01 -9.374623521985E-01 -1.036995070670E+00 -9.374623513365E-01 -1.036995068584E+00
 -1.088929195136E+00  9.844117437369E-01 -9.844117448094E-01 -1.088929196268E+00 -9.844117437369E-01 -1.088929195136E+00
 -1.112715311912E+00  1.005914824742E+00 -1.005914824742E+00 -1.112715311912E+00 -1.005914824742E+00 -1.112715311912E+00
 -8.109284805664E-01  5.851452805981E-01 -5.851452805518E-01 -8.109284784021E-01 -5.851452805981E-01 -8.109284805664E-01
 -8.369308721881E-01  6.039079422956E-01 -6.039079421521E-01 -8.369308696754E-01 -6.039079422956E-01 -8.369308721881E-01
 -8.937039684379E-01  6.448739585740E-01 -6.448739581238E-01 -8.937039650974E-01 -6.448739585740E-01 -8.937039684379E-01
 -9.712289265187E-01  7.008139883505E-01 -7.008139870599E-01 -9.712289219674E-01 -7.008139883505E-01 -9.712289265187E-01
 -1.056092274897E+00  7.620492131448E-01 -7.620492101964E-01 -1.056092269229E+00 -7.620492131448E-01 -1.056092274897E+00
 -1.133617232978E+00  8.179892429213E-01 -8.179892385718E-01 -1.133617227361E+00 -8.179892429213E-01 -1.133617232978E+00
 -1.190390329228E+00  8.589552591997E-01 -8.589552563433E-01 -1.190390326173E+00 -8.589552591997E-01 -1.190390329228E+00
 -1.216392720850E+00  8.777179208972E-01 -8.777179208972E-01 -1.216392720850E+00 -8.777179208972E-01 -1.216392720850E+00
 -8.893427068925E-01  4.572412379666E-01 -4.572412387232E-01 -8.893427091349E-01 -4.572412379666E-01 -8.893427068925E-01
 -9.178594477700E-01  4.719026612858E-01 -4.719026622668E-01 -9.178594504769E-01 -4.719026612858E-01 -9.178594477700E-01
 -9.801223233594E-01  5.039141165923E-01 -5.039141181708E-01 -9.801223272410E-01 -5.039141165923E-01 -9.801223233594E-01
 -1.065143700366E+00  5.476264890834E-01 -5.476264917889E-01 -1.065143706230E+00 -5.476264890834E-01 -1.065143700366E+00
 -1.158213066866E+00  5.954766058330E-01 -5.954766100842E-01 -1.158213075097E+00 -5.954766058330E-01 -1.158213066866E+00
 -1.243234443872E+00  6.391889783241E-01 -6.391889832742E-01 -1.243234452718E+00 -6.391889783241E-01 -1.243234443872E+00
 -1.305497319461E+00  6.712004336306E-01 -6.712004364774E-01 -1.305497324334E+00 -6.712004336306E-01 -1.305497319461E+00
 -1.334014060339E+00  6.858618569498E-01 -6.858618569498E-01 -1.334014060339E+00 -6.858618569498E-01 -1.334014060339E+00
 -9.521786388467E-01  3.055418788382E-01 -3.055418775127E-01 -9.521786367800E-01 -3.055418788382E-01 -9.521786388467E-01
 -9.827102115494E-01  3.153390678391E-01 -3.153390663101E-01 -9.827102090130E-01 -3.153390678391E-01 -9.827102115494E-01
 -1.049372230218E+00  3.367300522617E-01 -3.367300502699E-01 -1.049372226468E+00 -3.367300522617E-01 -1.049372230218E+00
 -1.140400737455E+00  3.659399294784E-01 -3.659399268766E-01 -1.140400731556E+00 -3.659399294784E-01 -1.140400737455E+00
 -1.240045859662E+00  3.979147676170E-01 -3.979147645617E-01 -1.240045851011E+00 -3.979147676170E-01 -1.240045859662E+00
 -1.331074366899E+00  4.271246448337E-01 -4.271246420184E-01 -1.331074357249E+00 -4.271246448337E-01 -1.331074366899E+00
 -1.397736385567E+00  4.485156292563E-01 -4.485156278257E-01 -1.397736380128E+00 -4.485156292563E-01 -1.397736385567E+00
 -1.428267958270E+00  4.583128182573E-01 -4.583128182573E-01 -1.428267958270E+00 -4.583128182573E-01 -1.428267958270E+00
 -9.871732235560E-01  1.596528317756E-01 -1.596528333579E-01 -9.871732251831E-01 -1.596528317756E-01 -9.871732235560E-01
 -1.018826896318E+00  1.647720938990E-01 -1.647720956861E-01 -1.018826898250E+00 -1.647720938990E-01 -1.018826896318E+00
 -1.087938885574E+00  1.759493873375E-01 -1.759493895301E-01 -1.087938888274E+00 -1.759493873375E-01 -1.087938885574E+00
 -1.182312883539E+00  1.912122365128E-01 -1.912122389837E-01 -1.182312887594E+00 -1.912122365128E-01 -1.182312883539E+00
 -1.285620175351E+00  2.079198429261E-01 -2.079198449591E-01 -1.285620181231E+00 -2.079198429261E-01 -1.285620175351E+00
 -1.379994173316E+00  2.231826921014E-01 -2.231826930126E-01 -1.379994180161E+00 -2.231826921014E-01 -1.379994173316E+00
 -1.449106162572E+00  2.343599855400E-01 -2.343599856704E-01 -1.449106166705E+00 -2.343599855400E-01 -1.449106162572E+00
 -1.480759835334E+00  2.394792476634E-01 -2.394792476634E-01 -1.480759835334E+00 -2.394792476634E-01 -1.480759835334E+00
 -9.987318243030E-01  5.034623247436E-02 -5.034623144927E-02 -9.987318230553E-01 -5.034623247436E-02 -9.987318243030E-01
 -1.030756123169E+00  5.196058254943E-02 -5.196058135775E-02 -1.030756121763E+00 -5.196058254943E-02 -1.030756123169E+00
 -1.100677329968E+00  5.548532187056E-02 -5.548532033806E-02 -1.100677328216E+00 -5.548532187056E-02 -1.100677329968E+00
 -1.196156332949E+00  6.029843382265E-02 -6.029843197026E-02 -1.196156330885E+00 -6.029843382265E-02 -1.196156332949E+00
 -1.300673227809E+00  6.556714736326E-02 -6.556714569556E-02 -1.300673225807E+00 -6.556714736326E-02 -1.300673227809E+00
 -1.396152230790E+00  7.038025931534E-02 -7.038025851668E-02 -1.396152228840E+00 -7.038025931534E-02 -1.396152230790E+00
 -1.466073437589E+00  7.390499863647E-02 -7.390499861086E-02 -1.466073436058E+00 -7.390499863647E-02 -1.466073437589E+00
 -1.498097736455E+00  7.551934871154E-02 -7.551934871154E-02 -1.498097736455E+00 -7.551934871154E-02 -1.498097736455E+00
 -1.000000000000E+00  1.665334536938E-16  1.949909085604E-10 -1.000000000017E+00 -1.665334536938E-16 -1.000000000000E+00
 -1.032064962873E+00  1.807731577197E-16  2.241944796587E-10 -1.032064962833E+00 -1.807731577197E-16 -1.032064962873E+00
 -1.102074954642E+00  2.118638396461E-16  1.911904310641E-10 -1.102074954601E+00 -2.118638396461E-16 -1.102074954642E+00
 -1.197675195524E+00  2.543188750812E-16 -2.859378799082E-10 -1.197675195512E+00 -2.543188750812E-16 -1.197675195524E+00
 -1.302324804476E+00  3.007926372314E-16 -1.677005533567E-09 -1.302324804526E+00 -3.007926372314E-16 -1.302324804476E+00
 -1.397925045358E+00  3.432476726665E-16 -2.766970429181E-09 -1.397925045417E+00 -3.432476726665E-16 -1.397925045358E+00
 -1.467935037127E+00  3.743383545928E-16 -1.321524762598E-09 -1.467935037155E+00 -3.743383545928E-16 -1.467935037127E+00
 -1.500000000000E+00  3.885780586188E-16 -3.885780586188E-16 -1.500000000000E+00 -3.885780586188E-16 -1.500000000000E+00
 -1.000000000000E+00  1.665334536938E-16  1.949909085604E-10 -1.000000000017E+00 -1.665334536938E-16 -1.000000000000E+00
 -1.032064962873E+00  1.807731577197E-16  2.241944796587E-10 -1.032064962833E+00 -1.807731577197E-16 -1.032064962873E+00
 -1.102074954642E+00  2.118638396461E-16  1.911904310641E-10 -1.102074954601E+00 -2.118638396461E-16 -1.102074954642E+00
 -1.197675195524E+00  2.543188750812E-16 -2.859378799082E-10 -1.197675195512E+00 -2.543188750812E-16 -1.197675195524E+00
 -1.302324804476E+00  3.007926372314E-16 -1.677005533567E-09 -1.302324804526E+00 -3.007926372314E-16 -1.302324804476E+00
 -1.397925045358E+00  3.432476726665E-16 -2.766970429181E-09 -1.397925045417E+00 -3.432476726665E-16 -1.397925045358E+00
 -1.467935037127E+00  3.743383545928E-16 -1.321524762598E-09 -1.467935037155E+00 -3.743383545928E-16 -1.467935037127E+00
 -1.500000000000E+00  3.885780586188E-16 -3.885780586188E-16 -1.500000000000E+00 -3.885780586188E-16 -1.500000000000E+00
 -9.987318243030E-01 -5.034623247436E-02  5.034623368137E-02 -9.987318254754E-01  5.034623247436E-02 -9.987318243030E-01
 -1.030756123169E+00 -5.196058254943E-02  5.196058392436E-02 -1.030756124516E+00  5.196058254943E-02 -1.030756123169E+00
 -1.100677329968E+00 -5.548532187056E-02  5.548532363435E-02 -1.100677331661E+00  5.548532187056E-02 -1.100677329968E+00
 -1.196156332949E+00 -6.029843382264E-02  6.029843593676E-02 -1.196156335002E+00  6.029843382264E-02 -1.196156332949E+00
 -1.300673227809E+00 -6.556714736325E-02  6.556714921601E-02 -1.300673229913E+00  6.556714736325E-02 -1.300673227809E+00
 -1.396152230790E+00 -7.038025931534E-02  7.038026018130E-02 -1.396152232875E+00  7.038025931534E-02 -1.396152230790E+00
 -1.466073437589E+00 -7.390499863647E-02  7.390499867896E-02 -1.466073439148E+00  7.390499863647E-02 -1.466073437589E+00
 -1.498097736455E+00 -7.551934871154E-02  7.551934871154E-02 -1.498097736455E+00  7.551934871154E-02 -1.498097736455E+00
 -9.871732235560E-01 -1.596528317756E-01  1.596528302779E-01 -9.871732219929E-01  1.596528317756E-01 -9.871732235560E-01
 -1.018826896318E+00 -1.647720938990E-01  1.647720922237E-01 -1.018826894440E+00  1.647720938990E-01 -1.018826896318E+00
 -1.087938885574E+00 -1.759493873375E-01  1.759493852937E-01 -1.087938882894E+00  1.759493873375E-01 -1.087938885574E+00
 -1.182312883539E+00 -1.912122365128E-01  1.912122342072E-01 -1.182312879408E+00  1.912122365128E-01 -1.182312883539E+00
 -1.285620175351E+00 -2.079198429261E-01  2.079198410028E-01 -1.285620169258E+00  2.079198429261E-01 -1.285620175351E+00
 -1.379994173316E+00 -2.231826921014E-01  2.231826912052E-01 -1.379994166269E+00  2.231826921014E-01 -1.379994173316E+00
 -1.449106162572E+00 -2.343599855400E-01  2.343599853998E-01 -1.449106158392E+00  2.343599855400E-01 -1.449106162572E+00
 -1.480759835334E+00 -2.394792476634E-01  2.394792476634E-01 -1.480759835334E+00  2.394792476634E-01 -1.480759835334E+00
 -9.521786388467E-01 -3.055418788382E-01  3.055418798888E-01 -9.521786409674E-01  3.055418788382E-01 -9.521786388467E-01
 -9.827102115494E-01 -3.153390678391E-01  3.153390690595E-01 -9.827102141572E-01  3.153390678391E-01 -9.827102115494E-01
 -1.049372230218E+00 -3.367300522617E-01  3.367300538902E-01 -1.049372234079E+00  3.367300522617E-01 -1.049372230218E+00
 -1.140400737455E+00 -3.659399294784E-01  3.659399317121E-01 -1.140400743515E+00  3.659399294784E-01 -1.140400737455E+00
 -1.240045859662E+00 -3.979147676170E-01  3.979147704312E-01 -1.240045868488E+00  3.979147676170E-01 -1.240045859662E+00
 -1.331074366899E+00 -4.271246448337E-01  4.271246475886E-01 -1.331074376654E+00  4.271246448337E-01 -1.331074366899E+00
 -1.397736385567E+00 -4.485156292563E-01  4.485156306892E-01 -1.397736391026E+00  4.485156292563E-01 -1.397736385567E+00
 -1.428267958270E+00 -4.583128182573E-01  4.583128182573E-01 -1.428267958270E+00  4.583128182573E-01 -1.428267958270E+00
 -8.893427068925E-01 -4.572412379666E-01  4.572412374424E-01 -8.893427044938E-01  4.572412379666E-01 -8.893427068925E-01
 -9.178594477700E-01 -4.719026612858E-01  4.719026605734E-01 -9.178594448952E-01  4.719026612858E-01 -9.178594477700E-01
 -9.801223233594E-01 -5.039141165923E-01  5.039141153494E-01 -9.801223192997E-01  5.039141165923E-01 -9.801223233594E-01
 -1.065143700366E+00 -5.476264890834E-01  5.476264867521E-01 -1.065143694355E+00  5.476264890834E-01 -1.065143700366E+00
 -1.158213066866E+00 -5.954766058330E-01  5.954766018765E-01 -1.158213058588E+00  5.954766058330E-01 -1.158213066866E+00
 -1.243234443872E+00 -6.391889783241E-01  6.391889734915E-01 -1.243234435058E+00  6.391889783241E-01 -1.243234443872E+00
 -1.305497319461E+00 -6.712004336306E-01  6.712004307963E-01 -1.305497314604E+00  6.712004336306E-01 -1.305497319461E+00
 -1.334014060339E+00 -6.858618569498E-01  6.858618569498E-01 -1.334014060339E+00  6.858618569498E-01 -1.334014060339E+00
 -8.109284805664E-01 -5.851452805981E-01  5.851452806297E-01 -8.109284828358E-01  5.851452805981E-01 -8.109284805664E-01
 -8.369308721881E-01 -6.039079422956E-01  6.039079423980E-01 -8.369308748179E-01  6.039079422956E-01 -8.369308721881E-01
 -8.937039684379E-01 -6.448739585740E-01  6.448739589330E-01 -8.937039718977E-01  6.448739585740E-01 -8.937039684379E-01
 -9.712289265187E-01 -7.008139883505E-01  7.008139894707E-01 -9.712289311331E-01  7.008139883505E-01 -9.712289265187E-01
 -1.056092274897E+00 -7.620492131448E-01  7.620492158652E-01 -1.056092280493E+00  7.620492131448E-01 -1.056092274897E+00
 -1.133617232978E+00 -8.179892429213E-01  8.179892471173E-01 -1.133617238463E+00  8.179892429213E-01 -1.133617232978E+00
 -1.190390329228E+00 -8.589552591997E-01  8.589552620300E-01 -1.190390332243E+00  8.589552591997E-01 -1.190390329228E+00
 -1.216392720850E+00 -8.777179208972E-01  8.777179208972E-01 -1.216392720850E+00  8.777179208972E-01 -1.216392720850E+00
 -7.418102079413E-01 -6.706098831617E-01  6.706098830042E-01 -7.418102063342E-01  6.706098831617E-01 -7.418102079413E-01
 -7.655963247174E-01 -6.921129641672E-01  6.921129640157E-01 -7.655963228806E-01  6.921129641672E-01 -7.655963247174E-01
 -8.175304512697E-01 -7.390623565677E-01  7.390623564128E-01 -8.175304489475E-01  7.390623565677E-01 -8.175304512697E-01
 -8.884476858381E-01 -8.031728229362E-01  8.031728227867E-01 -8.884476830689E-01  8.031728229362E-01 -8.884476858381E-01
 -9.660778340152E-01 -8.733518849679E-01  8.733518847314E-01 -9.660778314202E-01  8.733518849679E-01 -9.660778340152E-01
 -1.036995068584E+00 -9.374623513365E-01  9.374623505225E-01 -1.036995066640E+00  9.374623513365E-01 -1.036995068584E+00
 -1.088929195136E+00 -9.844117437369E-01  9.844117426726E-01 -1.088929194035E+00  9.844117437369E-01 -1.088929195136E+00
 -1.112715311912E+00 -1.005914824742E+00  1.005914824742E+00 -1.112715311912E+00  1.005914824742E+00 -1.112715311912E+00
 -7.071067811865E-01 -7.071067811865E-01  7.071067813366E-01 -7.071067810608E-01  7.071067811865E-01 -7.071067811865E-01
 -7.297801338723E-01 -7.297801338723E-01  7.297801340025E-01 -7.297801336855E-01  7.297801338723E-01 -7.297801338723E-01
 -7.792846738030E-01 -7.792846738030E-01  7.792846739091E-01 -7.792846736387E-01  7.792846738030E-01 -7.792846738030E-01
 -8.468842524142E-01 -8.468842524142E-01  8.468842522029E-01 -8.468842526073E-01  8.468842524142E-01 -8.468842524142E-01
 -9.208827005522E-01 -9.208827005522E-01  9.208826994020E-01 -9.208827017736E-01  9.208827005522E-01 -9.208827005522E-01
 -9.884822791634E-01 -9.884822791634E-01  9.884822772482E-01 -9.884822811613E-01  9.884822791634E-01 -9.884822791634E-01
 -1.037986819094E+00 -1.037986819094E+00  1.037986818179E+00 -1.037986820048E+00  1.037986819094E+00 -1.037986819094E+00
 -1.060660171780E+00 -1.060660171780E+00  1.060660171780E+00 -1.060660171780E+00  1.060660171780E+00 -1.060660171780E+00
 -7.071067811865E-01 -7.071067811865E-01  7.071067813366E-01 -7.071067810608E-01  7.071067811865E-01 -7.071067811865E-01
 -7.297801338723E-01 -7.297801338723E-01  7.297801340025E-01 -7.297801336855E-01  7.297801338723E-01 -7.297801338723E-01
 -7.792846738030E-01 -7.792846738030E-01  7.792846739091E-01 -7.792846736387E-01  7.792846738030E-01 -7.792846738030E-01
 -8.468842524142E-01 -8.468842524142E-01  8.468842522029E-01 -8.468842526073E-01  8.468842524142E-01 -8.468842524142E-01
 -9.208827005522E-01 -9.208827005522E-01  9.208826994020E-01 -9.208827017736E-01  9.208827005522E-01 -9.208827005522E-01
 -9.884822791634E-01 -9.884822791634E-01  9.884822772482E-01 -9.884822811613E-01  9.884822791634E-01 -9.884822791634E-01
 -1.037986819094E+00 -1.037986819094E+00  1.037986818179E+00 -1.037986820048E+00  1.037986819094E+00 -1.037986819094E+00
 -1.060660171780E+00 -1.060660171780E+00  1.060660171780E+00 -1.060660171780E+00  1.060660171780E+00 -1.060660171780E+00
 -6.706098831617E-01 -7.418102079413E-01  7.418102096238E-01 -6.706098831372E-01  7.418102079413E-01 -6.706098831617E-01
 -6.921129641672E-01 -7.655963247174E-01  7.655963266421E-01 -6.921129641475E-01  7.655963247174E-01 -6.921129641672E-01
 -7.390623565677E-01 -8.175304512697E-01  8.175304537142E-01 -7.390623565179E-01  8.175304512697E-01 -7.390623565677E-01
 -8.031728229362E-01 -8.884476858381E-01  8.884476887849E-01 -8.031728228933E-01  8.884476858381E-01 -8.031728229362E-01
 -8.733518849679E-01 -9.660778340152E-01  9.660778368131E-01 -8.733518851457E-01  9.660778340152E-01 -8.733518849679E-01
 -9.374623513365E-01 -1.036995068584E+00  1.036995070670E+00 -9.374623521985E-01  1.036995068584E+00 -9.374623513365E-01
 -9.844117437369E-01 -1.088929195136E+00  1.088929196268E+00 -9.844117448094E-01  1.088929195136E+00 -9.844117437369E-01
 -1.005914824742E+00 -1.112715311912E+00  1.112715311912E+00 -1.005914824742E+00  1.112715311912E+00 -1.005914824742E+00
 -5.851452805981E-01 -8.109284805664E-01  8.109284784021E-01 -5.851452805518E-01  8.109284805664E-01 -5.851452805981E-01
 -6.039079422956E-01 -8.369308721881E-01  8.369308696754E-01 -6.039079421521E-01  8.369308721881E-01 -6.039079422956E-01
 -6.448739585740E-01 -8.937039684379E-01  8.937039650974E-01 -6.448739581238E-01  8.937039684379E-01 -6.448739585740E-01
 -7.008139883505E-01 -9.712289265187E-01  9.712289219675E-01 -7.008139870599E-01  9.712289265187E-01 -7.008139883505E-01
 -7.620492131448E-01 -1.056092274897E+00  1.056092269229E+00 -7.620492101964E-01  1.056092274897E+00 -7.620492131448E-01
 -8.179892429213E-01 -1.133617232978E+00  1.133617227361E+00 -8.179892385718E-01  1.133617232978E+00 -8.179892429213E-01
 -8.589552591997E-01 -1.190390329228E+00  1.190390326173E+00 -8.589552563433E-01  1.190390329228E+00 -8.589552591997E-01
 -8.777179208972E-01 -1.216392720850E+00  1.216392720850E+00 -8.777179208972E-01  1.216392720850E+00 -8.777179208972E-01
 -4.572412379666E-01 -8.893427068925E-01  8.893427091349E-01 -4.572412387232E-01  8.893427068925E-01 -4.572412379666E-01
 -4.719026612858E-01 -9.178594477700E-01  9.178594504769E-01 -4.719026622668E-01  9.178594477700E-01 -4.719026612858E-01
 -5.039141165923E-01 -9.801223233594E-01  9.801223272410E-01 -5.039141181708E-01  9.801223233594E-01 -5.039141165923E-01
 -5.476264890834E-01 -1.065143700366E+00  1.065143706230E+00 -5.476264917889E-01  1.065143700366E+00 -5.476264890834E-01
 -5.954766058330E-01 -1.158213066866E+00  1.158213075097E+00 -5.954766100842E-01  1.158213066866E+00 -5.954766058330E-01
 -6.391889783241E-01 -1.243234443872E+00  1.243234452718E+00 -6.391889832742E-01  1.243234443872E+00 -6.391889783241E-01
 -6.712004336306E-01 -1.305497319461E+00  1.305497324334E+00 -6.712004364774E-01  1.305497319461E+00 -6.712004336306E-01
 -6.858618569498E-01 -1.334014060339E+00  1.334014060339E+00 -6.858618569498E-01  1.334014060339E+00 -6.858618569498E-01
 -3.055418788382E-01 -9.521786388467E-01  9.521786367800E-01 -3.055418775127E-01  9.521786388467E-01 -3.055418788382E-01
 -3.153390678391E-01 -9.827102115494E-01  9.827102090130E-01 -3.153390663101E-01  9.827102115494E-01 -3.153390678391E-01
 -3.367300522617E-01 -1.049372230218E+00  1.049372226468E+00 -3.367300502699E-01  1.049372230218E+00 -3.367300522617E-01
 -3.659399294784E-01 -1.140400737455E+00  1.140400731556E+00 -3.659399268766E-01  1.140400737455E+00 -3.659399294784E-01
 -3.979147676170E-01 -1.240045859662E+00  1.240045851011E+00 -3.979147645617E-01  1.240045859662E+00 -3.979147676170E-01
 -4.271246448337E-01 -1.331074366899E+00  1.331074357249E+00 -4.271246420184E-01  1.331074366899E+00 -4.271246448337E-01
 -4.485156292563E-01 -1.397736385567E+00  1.397736380128E+00 -4.485156278257E-01  1.397736385567E+00 -4.485156292563E-01
 -4.583128182573E-01 -1.428267958270E+00  1.428267958270E+00 -4.583128182573E-01  1.428267958270E+00 -4.583128182573E-01
 -1.596528317756E-01 -9.871732235560E-01  9.871732251831E-01 -1.596528333579E-01  9.871732235560E-01 -1.596528317756E-01
 -1.647720938990E-01 -1.018826896318E+00  1.018826898250E+00 -1.647720956861E-01  1.018826896318E+00 -1.647720938990E-01
 -1.759493873375E-01 -1.087938885574E+00  1.087938888274E+00 -1.759493895301E-01  1.087938885574E+00 -1.759493873375E-01
 -1.912122365128E-01 -1.182312883539E+00  1.182312887594E+00 -1.912122389837E-01  1.182312883539E+00 -1.912122365128E-01
 -2.079198429261E-01 -1.285620175351E+00  1.285620181231E+00 -2.079198449591E-01  1.285620175351E+00 -2.079198429261E-01
 -2.231826921014E-01 -1.379994173316E+00  1.379994180161E+00 -2.231826930126E-01  1.379994173316E+00 -2.231826921014E-01
 -2.343599855400E-01 -1.449106162572E+00  1.449106166705E+00 -2.343599856704E-01  1.449106162572E+00 -2.343599855400E-01
 -2.394792476634E-01 -1.480759835334E+00  1.480759835334E+00 -2.394792476634E-01  1.480759835334E+00 -2.394792476634E-01
 -5.034623247436E-02 -9.987318243030E-01  9.987318230553E-01 -5.034623144927E-02  9.987318243030E-01 -5.034623247436E-02
 -5.196058254943E-02 -1.030756123169E+00  1.030756121763E+00 -5.196058135775E-02  1.030756123169E+00 -5.196058254943E-02
 -5.548532187056E-02 -1.100677329968E+00  1.100677328216E+00 -5.548532033806E-02  1.100677329968E+00 -5.548532187056E-02
 -6.029843382264E-02 -1.196156332949E+00  1.196156330885E+00 -6.029843197026E-02  1.196156332949E+00 -6.029843382264E-02
 -6.556714736325E-02 -1.300673227809E+00  1.300673225807E+00 -6.556714569556E-02  1.300673227809E+00 -6.556714736325E-02
 -7.038025931534E-02 -1.396152230790E+00  1.396152228840E+00 -7.038025851668E-02  1.396152230790E+00 -7.038025931534E-02
 -7.390499863647E-02 -1.466073437589E+00  1.466073436058E+00 -7.390499861086E-02  1.466073437589E+00 -7.390499863647E-02
 -7.551934871154E-02 -1.498097736455E+00  1.498097736455E+00 -7.551934871154E-02  1.498097736455E+00 -7.551934871154E-02
 -2.163234161989E-16 -1.000000000000E+00  1.000000000017E+00  1.949908896851E-10  1.000000000000E+00 -2.163234161989E-16
 -2.214798555046E-16 -1.032064962873E+00  1.032064962833E+00  2.241945835619E-10  1.032064962873E+00 -2.214798555046E-16
 -2.327383208513E-16 -1.102074954642E+00  1.102074954601E+00  1.911904882049E-10  1.102074954642E+00 -2.327383208513E-16
 -2.481120121191E-16 -1.197675195524E+00  1.197675195512E+00 -2.859377606307E-10  1.197675195524E+00 -2.481120121191E-16
 -2.649409527626E-16 -1.302324804476E+00  1.302324804526E+00 -1.677005630195E-09  1.302324804476E+00 -2.649409527626E-16
 -2.803146440303E-16 -1.397925045358E+00  1.397925045417E+00 -2.766970522185E-09  1.397925045358E+00 -2.803146440303E-16
 -2.915731093771E-16 -1.467935037127E+00  1.467935037155E+00 -1.321524747352E-09  1.467935037127E+00 -2.915731093771E-16
 -2.967295486828E-16 -1.500000000000E+00  1.500000000000E+00 -2.967295486828E-16  1.500000000000E+00 -2.967295486828E-16
 -2.163234161989E-16 -1.000000000000E+00  1.000000000017E+00  1.949908896851E-10  1.000000000000E+00 -2.163234161989E-16
 -2.214798555046E-16 -1.032064962873E+00  1.032064962833E+00  2.241945835619E-10  1.032064962873E+00 -2.214798555046E-16
 -2.327383208513E-16 -1.102074954642E+00  1.102074954601E+00  1.911904882049E-10  1.102074954642E+00 -2.327383208513E-16
 -2.481120121191E-16 -1.197675195524E+00  1.197675195512E+00 -2.859377606307E-10  1.197675195524E+00 -2.481120121191E-16
 -2.649409527626E-16 -1.302324804476E+00  1.302324804526E+00 -1.677005630195E-09  1.302324804476E+00 -2.649409527626E-16
 -2.803146440303E-16 -1.397925045358E+00  1.397925045417E+00 -2.766970522185E-09  1.397925045358E+00 -2.803146440303E-16
 -2.915731093771E-16 -1.467935037127E+00  1.467935037155E+00 -1.321524747352E-09  1.467935037127E+00 -2.915731093771E-16
 -2.967295486828E-16 -1.500000000000E+00  1.500000000000E+00 -2.967295486828E-16  1.500000000000E+00 -2.967295486828E-16
  5.034623247436E-02 -9.987318243030E-01  9.987318254754E-01  5.034623368136E-02  9.987318243030E-01  5.034623247436E-02
  5.196058254942E-02 -1.030756123169E+00  1.030756124516E+00  5.196058392436E-02  1.030756123169E+00  5.196058254942E-02
  5.548532187056E-02 -1.100677329968E+00  1.100677331661E+00  5.548532363435E-02  1.100677329968E+00  5.548532187056E-02
  6.029843382264E-02 -1.196156332949E+00  1.196156335002E+00  6.029843593676E-02  1.196156332949E+00  6.029843382264E-02
  6.556714736325E-02 -1.300673227809E+00  1.300673229913E+00  6.556714921601E-02  1.300673227809E+00  6.556714736325E-02
  7.038025931534E-02 -1.396152230790E+00  1.396152232875E+00  7.038026018130E-02  1.396152230790E+00  7.038025931534E-02
  7.390499863647E-02 -1.466073437589E+00  1.466073439148E+00  7.390499867896E-02  1.466073437589E+00  7.390499863647E-02
  7.551934871154E-02 -1.498097736455E+00  1.498097736455E+00  7.551934871154E-02  1.498097736455E+00  7.551934871154E-02
  1.596528317756E-01 -9.871732235560E-01  9.871732219929E-01  1.596528302779E-01  9.871732235560E-01  1.596528317756E-01
  1.647720938990E-01 -1.018826896318E+00  1.018826894440E+00  1.647720922237E-01  1.018826896318E+00  1.647720938990E-01
  1.759493873375E-01 -1.087938885574E+00  1.087938882894E+00  1.759493852937E-01  1.087938885574E+00  1.759493873375E-01
  1.912122365128E-01 -1.182312883539E+00  1.182312879408E+00  1.912122342072E-01  1.182312883539E+00  1.912122365128E-01
  2.079198429261E-01 -1.285620175351E+00  1.285620169258E+00  2.079198410028E-01  1.285620175351E+00  2.079198429261E-01
  2.231826921014E-01 -1.379994173316E+00  1.379994166269E+00  2.231826912052E-01  1.379994173316E+00  2.231826921014E-01
  2.343599855400E-01 -1.449106162572E+00  1.449106158392E+00  2.343599853998E-01  1.449106162572E+00  2.343599855400E-01
  2.394792476634E-01 -1.480759835334E+00  1.480759835334E+00  2.394792476634E-01  1.480759835334E+00  2.394792476634E-01
  3.055418788382E-01 -9.521786388467E-01  9.521786409674E-01  3.055418798888E-01  9.521786388467E-01  3.055418788382E-01
  3.153390678391E-01 -9.827102115494E-01  9.827102141572E-01  3.153390690595E-01  9.827102115494E-01  3.153390678391E-01
  3.367300522617E-01 -1.049372230218E+00  1.049372234079E+00  3.367300538902E-01  1.049372230218E+00  3.367300522617E-01
  3.659399294784E-01 -1.140400737455E+00  1.140400743515E+00  3.659399317121E-01  1.140400737455E+00  3.659399294784E-01
  3.979147676170E-01 -1.240045859662E+00  1.240045868488E+00  3.979147704312E-01  1.240045859662E+00  3.979147676170E-01
  4.271246448337E-01 -1.331074366899E+00  1.331074376654E+00  4.271246475886E-01  1.331074366899E+00  4.271246448337E-01
  4.485156292563E-01 -1.397736385567E+00  1.397736391026E+00  4.485156306892E-01  1.397736385567E+00  4.485156292563E-01
  4.583128182573E-01 -1.428267958270E+00  1.428267958270E+00  4.583128182573E-01  1.428267958270E+00  4.583128182573E-01
  4.572412379666E-01 -8.893427068925E-01  8.893427044938E-01  4.572412374424E-01  8.893427068925E-01  4.572412379666E-01
  4.719026612858E-01 -9.178594477700E-01  9.178594448952E-01  4.719026605734E-01  9.178594477700E-01  4.719026612858E-01
  5.039141165923E-01 -9.801223233594E-01  9.801223192997E-01  5.039141153494E-01  9.801223233594E-01  5.039141165923E-01
  5.476264890834E-01 -1.065143700366E+00  1.065143694355E+00  5.476264867521E-01  1.065143700366E+00  5.476264890834E-01
  5.954766058330E-01 -1.158213066866E+00  1.158213058588E+00  5.954766018765E-01  1.158213066866E+00  5.954766058330E-01
  6.391889783241E-01 -1.243234443872E+00  1.243234435058E+00  6.391889734915E-01  1.243234443872E+00  6.391889783241E-01
  6.712004336306E-01 -1.305497319461E+00  1.305497314604E+00  6.712004307963E-01  1.305497319461E+00  6.712004336306E-01
  6.858618569498E-01 -1.334014060339E+00  1.334014060339E+00  6.858618569498E-01  1.334014060339E+00  6.858618569498E-01
  5.851452805981E-01 -8.109284805664E-01  8.109284828358E-01  5.851452806297E-01  8.109284805664E-01  5.851452805981E-01
  6.039079422956E-01 -8.369308721881E-01  8.369308748179E-01  6.039079423980E-01  8.369308721881E-01  6.039079422956E-01
  6.448739585740E-01 -8.937039684379E-01  8.937039718977E-01  6.448739589330E-01  8.937039684379E-01  6.448739585740E-01
  7.008139883505E-01 -9.712289265187E-01  9.712289311331E-01  7.008139894707E-01  9.712289265187E-01  7.008139883505E-01
  7.620492131448E-01 -1.056092274897E+00  1.056092280493E+00  7.620492158652E-01  1.056092274897E+00  7.620492131448E-01
  8.179892429213E-01 -1.133617232978E+00  1.133617238463E+00  8.179892471173E-01  1.133617232978E+00  8.179892429213E-01
  8.589552591997E-01 -1.190390329228E+00  1.190390332243E+00  8.589552620300E-01  1.190390329228E+00  8.589552591997E-01
  8.777179208972E-01 -1.216392720850E+00  1.216392720850E+00  8.777179208972E-01  1.216392720850E+00  8.777179208972E-01
  6.706098831617E-01 -7.418102079413E-01  7.418102063342E-01  6.706098830042E-01  7.418102079413E-01  6.706098831617E-01
  6.921129641672E-01 -7.655963247174E-01  7.655963228806E-01  6.921129640157E-01  7.655963247174E-01  6.921129641672E-01
  7.390623565677E-01 -8.175304512697E-01  8.175304489475E-01  7.390623564128E-01  8.175304512697E-01  7.390623565677E-01
  8.031728229362E-01 -8.884476858381E-01  8.884476830689E-01  8.031728227867E-01  8.884476858381E-01  8.031728229362E-01
  8.733518849679E-01 -9.660778340152E-01  9.660778314202E-01  8.733518847314E-01  9.660778340152E-01  8.733518849679E-01
  9.374623513365E-01 -1.036995068584E+00  1.036995066640E+00  9.374623505225E-01  1.036995068584E+00  9.374623513365E-01
  9.844117437369E-01 -1.088929195136E+00  1.088929194035E+00  9.844117426726E-01  1.088929195136E+00  9.844117437369E-01
  1.005914824742E+00 -1.112715311912E+00  1.112715311912E+00  1.005914824742E+00  1.112715311912E+00  1.005914824742E+00
  7.071067811865E-01 -7.071067811865E-01  7.071067810608E-01  7.071067813366E-01  7.071067811865E-01  7.071067811865E-01
  7.297801338723E-01 -7.297801338723E-01  7.297801336855E-01  7.297801340025E-01  7.297801338723E-01  7.297801338723E-01
  7.792846738030E-01 -7.792846738030E-01  7.792846736387E-01  7.792846739091E-01  7.792846738030E-01  7.792846738030E-01
  8.468842524142E-01 -8.468842524142E-01  8.468842526073E-01  8.468842522029E-01  8.468842524142E-01  8.468842524142E-01
  9.208827005522E-01 -9.208827005522E-01  9.208827017736E-01  9.208826994020E-01  9.208827005522E-01  9.208827005522E-01
  9.884822791634E-01 -9.884822791634E-01  9.884822811613E-01  9.884822772482E-01  9.884822791634E-01  9.884822791634E-01
  1.037986819094E+00 -1.037986819094E+00  1.037986820048E+00  1.037986818179E+00  1.037986819094E+00  1.037986819094E+00
  1.060660171780E+00 -1.060660171780E+00  1.060660171780E+00  1.060660171780E+00  1.060660171780E+00  1.060660171780E+00
  7.071067811865E-01 -7.071067811865E-01  7.071067810608E-01  7.071067813366E-01  7.071067811865E-01  7.071067811865E-01
  7.297801338723E-01 -7.297801338723E-01  7.297801336855E-01  7.297801340025E-01  7.297801338723E-01  7.297801338723E-01
  7.792846738030E-01 -7.792846738030E-01  7.792846736387E-01  7.792846739091E-01  7.792846738030E-01  7.792846738030E-01
  8.468842524142E-01 -8.468842524142E-01  8.468842526073E-01  8.468842522029E-01  8.468842524142E-01  8.468842524142E-01
  9.208827005522E-01 -9.208827005522E-01  9.208827017736E-01  9.208826994020E-01  9.208827005522E-01  9.208827005522E-01
  9.884822791634E-01 -9.884822791634E-01  9.884822811613E-01  9.884822772482E-01  9.884822791634E-01  9.884822791634E-01
  1.037986819094E+00 -1.037986819094E+00  1.037986820048E+00  1.037986818179E+00  1.037986819094E+00  1.037986819094E+00
  1.060660171780E+00 -1.060660171780E+00  1.060660171780E+00  1.060660171780E+00  1.060660171780E+00  1.060660171780E+00
  7.418102079413E-01 -6.706098831617E-01  6.706098831372E-01  7.418102096238E-01  6.706098831617E-01  7.418102079413E-01
  7.655963247174E-01 -6.921129641672E-01  6.921129641475E-01  7.655963266421E-01  6.921129641672E-01  7.655963247174E-01
  8.175304512697E-01 -7.390623565677E-01  7.390623565179E-01  8.175304537142E-01  7.390623565677E-01  8.175304512697E-01
  8.884476858381E-01 -8.031728229362E-01  8.031728228933E-01  8.884476887849E-01  8.031728229362E-01  8.884476858381E-01
  9.660778340152E-01 -8.733518849679E-01  8.733518851457E-01  9.660778368131E-01  8.733518849679E-01  9.660778340152E-01
  1.036995068584E+00 -9.374623513365E-01  9.374623521985E-01  1.036995070670E+00  9.374623513365E-01  1.036995068584E+00
  1.088929195136E+00 -9.844117437369E-01  9.844117448094E-01  1.088929196268E+00  9.844117437369E-01  1.088929195136E+00
  1.112715311912E+00 -1.005914824742E+00  1.005914824742E+00  1.112715311912E+00  1.005914824742E+00  1.112715311912E+00
  8.109284805664E-01 -5.851452805981E-01  5.851452805518E-01  8.109284784021E-01  5.851452805981E-01  8.109284805664E-01
  8.369308721881E-01 -6.039079422956E-01  6.039079421521E-01  8.369308696754E-01  6.039079422956E-01  8.369308721881E-01
  8.937039684379E-01 -6.448739585740E-01  6.448739581238E-01  8.937039650974E-01  6.448739585740E-01  8.937039684379E-01
  9.712289265187E-01 -7.008139883505E-01  7.008139870599E-01  9.712289219674E-01  7.008139883505E-01  9.712289265187E-01
  1.056092274897E+00 -7.620492131448E-01  7.620492101964E-01  1.056092269229E+00  7.620492131448E-01  1.056092274897E+00
  1.133617232978E+00 -8.179892429213E-01  8.179892385718E-01  1.133617227361E+00  8.179892429213E-01  1.133617232978E+00
  1.190390329228E+00 -8.589552591997E-01  8.589552563433E-01  1.190390326173E+00  8.589552591997E-01  1.190390329228E+00
  1.216392720850E+00 -8.777179208972E-01  8.777179208972E-01  1.216392720850E+00  8.777179208972E-01  1.216392720850E+00
  8.893427068925E-01 -4.572412379666E-01  4.572412387232E-01  8.893427091349E-01  4.572412379666E-01  8.893427068925E-01
  9.178594477700E-01 -4.719026612858E-01  4.719026622668E-01  9.178594504769E-01  4.719026612858E-01  9.178594477700E-01
  9.801223233594E-01 -5.039141165923E-01  5.039141181708E-01  9.801223272410E-01  5.039141165923E-01  9.801223233594E-01
  1.065143700366E+00 -5.476264890834E-01  5.476264917889E-01  1.065143706230E+00  5.476264890834E-01  1.065143700366E+00
  1.158213066866E+00 -5.954766058330E-01  5.954766100842E-01  1.158213075097E+00  5.954766058330E-01  1.158213066866E+00
  1.243234443872E+00 -6.391889783241E-01  6.391889832742E-01  1.243234452718E+00  6.391889783241E-01  1.243234443872E+00
  1.305497319461E+00 -6.712004336306E-01  6.712004364774E-01  1.305497324334E+00  6.712004336306E-01  1.305497319461E+00
  1.334014060339E+00 -6.858618569498E-01  6.858618569498E-01  1.334014060339E+00  6.858618569498E-01  1.334014060339E+00
  9.521786388467E-01 -3.055418788382E-01  3.055418775127E-01  9.521786367800E-01  3.055418788382E-01  9.521786388467E-01
  9.827102115494E-01 -3.153390678391E-01  3.153390663101E-01  9.827102090130E-01  3.153390678391E-01  9.827102115494E-01
  1.049372230218E+00 -3.367300522617E-01  3.367300502699E-01  1.049372226468E+00  3.367300522617E-01  1.049372230218E+00
  1.140400737455E+00 -3.659399294784E-01  3.659399268766E-01  1.140400731556E+00  3.659399294784E-01  1.140400737455E+00
  1.240045859662E+00 -3.979147676170E-01  3.979147645617E-01  1.240045851011E+00  3.979147676170E-01  1.240045859662E+00
  1.331074366899E+00 -4.271246448337E-01  4.271246420184E-01  1.331074357249E+00  4.271246448337E-01  1.331074366899E+00
  1.397736385567E+00 -4.485156292563E-01  4.485156278257E-01  1.397736380128E+00  4.485156292563E-01  1.397736385567E+00
  1.428267958270E+00 -4.583128182573E-01  4.583128182573E-01  1.428267958270E+00  4.583128182573E-01  1.428267958270E+00
  9.871732235560E-01 -1.596528317756E-01  1.596528333579E-01  9.871732251831E-01  1.596528317756E-01  9.871732235560E-01
  1.018826896318E+00 -1.647720938990E-01  1.647720956861E-01  1.018826898250E+00  1.647720938990E-01  1.018826896318E+00
  1.087938885574E+00 -1.759493873375E-01  1.759493895301E-01  1.087938888274E+00  1.759493873375E-01  1.087938885574E+00
  1.182312883539E+00 -1.912122365128E-01  1.912122389837E-01  1.182312887594E+00  1.912122365128E-01  1.182312883539E+00
  1.285620175351E+00 -2.079198429261E-01  2.079198449591E-01  1.285620181231E+00  2.079198429261E-01  1.285620175351E+00
  1.379994173316E+00 -2.231826921014E-01  2.231826930126E-01  1.379994180161E+00  2.231826921014E-01  1.379994173316E+00
  1.449106162572E+00 -2.343599855400E-01  2.343599856704E-01  1.449106166705E+00  2.343599855400E-01  1.449106162572E+00
  1.480759835334E+00 -2.394792476634E-01  2.394792476634E-01  1.480759835334E+00  2.394792476634E-01  1.480759835334E+00
  9.987318243030E-01 -5.034623247436E-02  5.034623144927E-02  9.987318230553E-01  5.034623247436E-02  9.987318243030E-01
  1.030756123169E+00 -5.196058254943E-02  5.196058135775E-02  1.030756121763E+00  5.196058254943E-02  1.030756123169E+00
  1.100677329968E+00 -5.548532187056E-02  5.548532033806E-02  1.100677328216E+00  5.548532187056E-02  1.100677329968E+00
  1.196156332949E+00 -6.029843382264E-02  6.029843197026E-02  1.196156330885E+00  6.029843382264E-02  1.196156332949E+00
  1.300673227809E+00 -6.556714736325E-02  6.556714569556E-02  1.300673225807E+00  6.556714736325E-02  1.300673227809E+00
  1.396152230790E+00 -7.038025931534E-02  7.038025851668E-02  1.396152228840E+00  7.038025931534E-02  1.396152230790E+00
  1.466073437589E+00 -7.390499863647E-02  7.390499861086E-02  1.466073436058E+00  7.390499863647E-02  1.466073437589E+00
  1.498097736455E+00 -7.551934871154E-02  7.551934871154E-02  1.498097736455E+00  7.551934871154E-02  1.498097736455E+00
  1.000000000000E+00  2.775557561563E-17 -1.949907139521E-10  1.000000000017E+00 -2.775557561563E-17  1.000000000000E+00
  1.032064962873E+00  2.953553861887E-17 -2.241943581053E-10  1.032064962833E+00 -2.953553861887E-17  1.032064962873E+00
  1.102074954642E+00  3.342187385967E-17 -1.911905523493E-10  1.102074954601E+00 -3.342187385967E-17  1.102074954642E+00
  1.197675195524E+00  3.872875328905E-17  2.859374205486E-10  1.197675195512E+00 -3.872875328905E-17  1.197675195524E+00
  1.302324804476E+00  4.453797355784E-17  1.677005040997E-09  1.302324804526E+00 -4.453797355784E-17  1.302324804476E+00
  1.397925045358E+00  4.984485298722E-17  2.766970005055E-09  1.397925045417E+00 -4.984485298722E-17  1.397925045358E+00
  1.467935037127E+00  5.373118822801E-17  1.321524305589E-09  1.467935037155E+00 -5.373118822801E-17  1.467935037127E+00
  1.500000000000E+00  5.551115123126E-17 -5.551115123126E-17  1.500000000000E+00 -5.551115123126E-17  1.500000000000E+00
