# x y ux uy ux_exact uy_exact
  5.000000000000E-01  1.387778780781E-17 -2.124239061904E-15  4.927007301846E-01 -1.367519236536E-17  4.927007299270E-01
  5.320649628726E-01  1.476776930944E-17  3.456728838796E-09  5.253190836115E-01 -1.458053354103E-17  5.253190833781E-01
  6.020749546417E-01  1.671093692983E-17 -8.199400707769E-10  5.963541501086E-01 -1.655215268736E-17  5.963541493998E-01
  6.976751955244E-01  1.936437664453E-17  1.547968308082E-10  6.930632947325E-01 -1.923637070468E-17  6.930632955004E-01
  8.023248044756E-01  2.226898677892E-17 -4.653999477388E-10  7.986714734044E-01 -2.216758645641E-17  7.986714728385E-01
  8.979250453583E-01  2.492242649361E-17  2.488583177096E-10  8.949910084492E-01 -2.484099061992E-17  8.949910087951E-01
  9.679350371274E-01  2.686559411401E-17 -5.072875212141E-10  9.654594876866E-01 -2.679688381253E-17  9.654594876224E-01
  1.000000000000E+00  2.775557561563E-17 -1.952933291879E-10  9.977189781187E-01 -2.769226453986E-17  9.977189781022E-01
  4.993659121515E-01  2.517311623718E-02 -2.480562706833E-02  4.920758893693E-01 -2.480562548919E-02  4.920758988354E-01
  5.313902110175E-01  2.678746631225E-02 -2.644783811871E-02  5.246528857096E-01 -2.644783669497E-02  5.246528864834E-01
  6.013114178165E-01  3.031220563338E-02 -3.002418506751E-02  5.955978676724E-01 -3.002418464273E-02  5.955978675607E-01
  6.967904207970E-01  3.512531758546E-02 -3.489312562052E-02  6.921843685732E-01 -3.489312579471E-02  6.921843694725E-01
  8.013073156575E-01  4.039403112607E-02 -4.021010021926E-02  7.976586179629E-01 -4.021009964216E-02  7.976586170867E-01
  8.967863186381E-01  4.520714307816E-02 -4.505942579033E-02  8.938560032619E-01 -4.505942539126E-02  8.938560029487E-01
  9.667075254371E-01  4.873188239929E-02 -4.860724893841E-02  9.642351164730E-01 -4.860724780841E-02  9.642351153638E-01
  9.987318243030E-01  5.034623247436E-02 -5.023139281702E-02  9.964536963077E-01 -5.023139161561E-02  9.964536951417E-01
  4.935866117780E-01  7.982641588779E-02 -7.866106752802E-02  4.863809829913E-01 -7.866106675074E-02  4.863809678105E-01
  5.252402845402E-01  8.494567801117E-02 -8.386867898669E-02  5.185809363602E-01 -8.386867924706E-02  5.185809329339E-01
  5.943522737960E-01  9.612297144970E-02 -9.520962879399E-02  5.887048495704E-01 -9.520962869279E-02  5.887048480440E-01
  6.887262717609E-01  1.113858206250E-01 -1.106495169881E-01  6.841735271257E-01 -1.106495177263E-01  6.841735275475E-01
  7.920335635732E-01  1.280934270383E-01 -1.275101622993E-01  7.884270927012E-01 -1.275101622970E-01  7.884270924042E-01
  8.864075615381E-01  1.433562762137E-01 -1.428878477727E-01  8.835111582055E-01 -1.428878489678E-01  8.835111592059E-01
  9.555195507939E-01  1.545335696522E-01 -1.541383399541E-01  9.530757534264E-01 -1.541383411635E-01  9.530757546090E-01
  9.871732235560E-01  1.596528317756E-01 -1.592886586807E-01  9.849214582649E-01 -1.592886601702E-01  9.849214598162E-01
  4.760893194234E-01  1.527709394191E-01 -1.505407024747E-01  4.691390921048E-01 -1.505407067268E-01  4.691391103807E-01
  5.066208921261E-01  1.625681284201E-01 -1.605069781644E-01  5.001976027783E-01 -1.605069797249E-01  5.001976097712E-01
  5.732829107945E-01  1.839591128426E-01 -1.822111677768E-01  5.678356820266E-01 -1.822111672605E-01  5.678356822461E-01
  6.643114180315E-01  2.131689900593E-01 -2.117598609674E-01  6.599200640649E-01 -2.117598614609E-01  6.599200653442E-01
  7.639565402386E-01  2.451438281979E-01 -2.440275830772E-01  7.604779164650E-01 -2.440275823855E-01  7.604779158931E-01
  8.549850474757E-01  2.743537054146E-01 -2.734572345988E-01  8.521913211558E-01 -2.734572343705E-01  8.521913205346E-01
  9.216470661440E-01  2.957446898372E-01 -2.949883068500E-01  9.192899025873E-01 -2.949883057903E-01  9.192899007860E-01
  9.521786388467E-01  3.055418788382E-01 -3.048449321645E-01  9.500067006262E-01 -3.048449311218E-01  9.500066985209E-01
  4.446713534462E-01  2.286206189833E-01 -2.252830986319E-01  4.381798176838E-01 -2.252830916989E-01  4.381798008412E-01
  4.731880943238E-01  2.432820423025E-01 -2.401975491914E-01  4.671887010135E-01 -2.401975480113E-01  4.671886955937E-01
  5.354509699132E-01  2.752934976090E-01 -2.726777100698E-01  5.303632149916E-01 -2.726777095380E-01  5.303632134937E-01
  6.204723469194E-01  3.190058701001E-01 -3.168971189005E-01  6.163707870421E-01 -3.168971192238E-01  6.163707872681E-01
  7.135417134193E-01  3.668559868497E-01 -3.651855335956E-01  7.102926496293E-01 -3.651855329692E-01  7.102926495719E-01
  7.985630904255E-01  4.105683593408E-01 -4.092267963708E-01  7.959537251122E-01 -4.092267968304E-01  7.959537264062E-01
  8.608259660149E-01  4.425798146473E-01 -4.414478911320E-01  8.586243521722E-01 -4.414478913270E-01  8.586243541171E-01
  8.893427068925E-01  4.572412379666E-01 -4.561982601719E-01  8.873140943194E-01 -4.561982606902E-01  8.873140967034E-01
  4.054642402832E-01  2.925726402991E-01 -2.883015001199E-01  3.995450421166E-01 -2.883015068640E-01  3.995450542937E-01
  4.314666319049E-01  3.113353019965E-01 -3.073879812503E-01  4.259962029190E-01 -3.073879824468E-01  4.259962060963E-01
  4.882397281547E-01  3.523013182749E-01 -3.489538167662E-01  4.836005647617E-01 -3.489538160864E-01  4.836005642522E-01
  5.657646862355E-01  4.082413480515E-01 -4.055427154566E-01  5.620247647890E-01 -4.055427165178E-01  5.620247651564E-01
  6.506280346142E-01  4.694765728457E-01 -4.673388435798E-01  6.476654447102E-01 -4.673388430798E-01  6.476654439406E-01
  7.281529926949E-01  5.254166026223E-01 -5.236997644810E-01  7.257736999880E-01 -5.236997649742E-01  7.257736988828E-01
  7.849260889447E-01  5.663826189007E-01 -5.649340628920E-01  7.829185973551E-01 -5.649340627909E-01  7.829185953461E-01
  8.109284805664E-01  5.851452805981E-01 -5.838105514285E-01  8.090787372029E-01 -5.838105513997E-01  8.090787349447E-01
  3.709051039706E-01  3.353049415808E-01 -3.304099829954E-01  3.654904384794E-01 -3.304099789300E-01  3.654904309200E-01
  3.946912207468E-01  3.568080225864E-01 -3.522841680686E-01  3.896870569953E-01 -3.522841691268E-01  3.896870584762E-01
  4.466253472990E-01  4.037574149868E-01 -3.999209877114E-01  4.423815962712E-01 -3.999209864520E-01  4.423815955729E-01
  5.175425818674E-01  4.678678813554E-01 -4.647750950339E-01  5.141214268072E-01 -4.647750956191E-01  5.141214273516E-01
  5.951727300445E-01  5.380469433871E-01 -5.355969836077E-01  5.924626511776E-01 -5.355969830848E-01  5.924626513431E-01
  6.660899646129E-01  6.021574097557E-01 -6.001898153737E-01  6.639134653895E-01 -6.001898158388E-01  6.639134663399E-01
  7.180240911651E-01  6.491068021561E-01 -6.474466742927E-01  7.161877019262E-01 -6.474466741918E-01  7.161877032721E-01
  7.418102079413E-01  6.706098831617E-01 -6.690802071771E-01  7.401181210119E-01 -6.690802073333E-01  7.401181226130E-01
  3.535533905933E-01  3.535533905933E-01 -3.483920274091E-01  3.483920274091E-01 -3.483920272269E-01  3.483920272269E-01
  3.762267432790E-01  3.762267432790E-01 -3.714566838641E-01  3.714566887527E-01 -3.714566861434E-01  3.714566861434E-01
  4.257312832097E-01  4.257312832097E-01 -4.216860641103E-01  4.216860629507E-01 -4.216860630293E-01  4.216860630293E-01
  4.933308618209E-01  4.933308618209E-01 -4.900697553874E-01  4.900697556063E-01 -4.900697560398E-01  4.900697560398E-01
  5.673293099589E-01  5.673293099589E-01 -5.647460151136E-01  5.647460144554E-01 -5.647460143843E-01  5.647460143843E-01
  6.349288885701E-01  6.349288885701E-01 -6.328542109994E-01  6.328542113514E-01 -6.328542114200E-01  6.328542114200E-01
  6.844334285008E-01  6.844334285008E-01 -6.826829510628E-01  6.826829503454E-01 -6.826829506587E-01  6.826829506587E-01
  7.071067811865E-01  7.071067811865E-01 -7.054938552844E-01  7.054938550082E-01 -7.054938551346E-01  7.054938551346E-01
  3.535533905933E-01  3.535533905933E-01 -3.483920274091E-01  3.483920274091E-01 -3.483920272269E-01  3.483920272269E-01
  3.762267432790E-01  3.762267432790E-01 -3.714566838641E-01  3.714566887527E-01 -3.714566861434E-01  3.714566861434E-01
  4.257312832097E-01  4.257312832097E-01 -4.216860641103E-01  4.216860629507E-01 -4.216860630293E-01  4.216860630293E-01
  4.933308618209E-01  4.933308618209E-01 -4.900697553874E-01  4.900697556063E-01 -4.900697560398E-01  4.900697560398E-01
  5.673293099589E-01  5.673293099589E-01 -5.647460151136E-01  5.647460144554E-01 -5.647460143843E-01  5.647460143843E-01
  6.349288885701E-01  6.349288885701E-01 -6.328542109994E-01  6.328542113514E-01 -6.328542114200E-01  6.328542114200E-01
  6.844334285008E-01  6.844334285008E-01 -6.826829510628E-01  6.826829503454E-01 -6.826829506587E-01  6.826829506587E-01
  7.071067811865E-01  7.071067811865E-01 -7.054938552844E-01  7.054938550082E-01 -7.054938551346E-01  7.054938551346E-01
  3.353049415808E-01  3.709051039706E-01 -3.654904253431E-01  3.304099711199E-01 -3.654904309200E-01  3.304099789300E-01
  3.568080225864E-01  3.946912207468E-01 -3.896870589358E-01  3.522841675729E-01 -3.896870584762E-01  3.522841691268E-01
  4.037574149868E-01  4.466253472990E-01 -4.423815959523E-01  3.999209862306E-01 -4.423815955729E-01  3.999209864520E-01
  4.678678813554E-01  5.175425818674E-01 -5.141214265925E-01  4.647750951063E-01 -5.141214273516E-01  4.647750956191E-01
  5.380469433871E-01  5.951727300445E-01 -5.924626523707E-01  5.355969832962E-01 -5.924626513431E-01  5.355969830848E-01
  6.021574097557E-01  6.660899646129E-01 -6.639134668435E-01  6.001898157781E-01 -6.639134663399E-01  6.001898158388E-01
  6.491068021561E-01  7.180240911651E-01 -7.161877048555E-01  6.474466741771E-01 -7.161877032721E-01  6.474466741918E-01
  6.706098831617E-01  7.418102079413E-01 -7.401181242869E-01  6.690802073082E-01 -7.401181226130E-01  6.690802073333E-01
  2.925726402991E-01  4.054642402832E-01 -3.995450655777E-01  2.883015170489E-01 -3.995450542937E-01  2.883015068640E-01
  3.113353019965E-01  4.314666319049E-01 -4.259962083350E-01  3.073879850537E-01 -4.259962060963E-01  3.073879824468E-01
  3.523013182749E-01  4.882397281547E-01 -4.836005654031E-01  3.489538170941E-01 -4.836005642522E-01  3.489538160864E-01
  4.082413480515E-01  5.657646862355E-01 -5.620247643363E-01  4.055427167416E-01 -5.620247651564E-01  4.055427165178E-01
  4.694765728457E-01  6.506280346142E-01 -6.476654441523E-01  4.673388432881E-01 -6.476654439406E-01  4.673388430798E-01
  5.254166026223E-01  7.281529926949E-01 -7.257736973303E-01  5.236997651119E-01 -7.257736988828E-01  5.236997649742E-01
  5.663826189007E-01  7.849260889447E-01 -7.829185936547E-01  5.649340628099E-01 -7.829185953461E-01  5.649340627909E-01
  5.851452805981E-01  8.109284805664E-01 -8.090787327945E-01  5.838105513560E-01 -8.090787349447E-01  5.838105513997E-01
  2.286206189833E-01  4.446713534462E-01 -4.381797849115E-01  2.252830817825E-01 -4.381798008412E-01  2.252830916989E-01
  2.432820423025E-01  4.731880943238E-01 -4.671886895456E-01  2.401975441700E-01 -4.671886955937E-01  2.401975480113E-01
  2.752934976090E-01  5.354509699132E-01 -5.303632137036E-01  2.726777090178E-01 -5.303632134937E-01  2.726777095380E-01
  3.190058701001E-01  6.204723469194E-01 -6.163707860145E-01  3.168971186682E-01 -6.163707872681E-01  3.168971192238E-01
  3.668559868497E-01  7.135417134193E-01 -7.102926504655E-01  3.651855328845E-01 -7.102926495719E-01  3.651855329692E-01
  4.105683593408E-01  7.985630904255E-01 -7.959537270069E-01  4.092267971083E-01 -7.959537264062E-01  4.092267968304E-01
  4.425798146473E-01  8.608259660149E-01 -8.586243561402E-01  4.414478918514E-01 -8.586243541171E-01  4.414478913270E-01
  4.572412379666E-01  8.893427068925E-01 -8.873140989293E-01  4.561982614416E-01 -8.873140967034E-01  4.561982606902E-01
  1.527709394191E-01  4.760893194234E-01 -4.691391271927E-01  1.505407137340E-01 -4.691391103807E-01  1.505407067268E-01
  1.625681284201E-01  5.066208921261E-01 -5.001976144380E-01  1.605069827228E-01 -5.001976097712E-01  1.605069797249E-01
  1.839591128426E-01  5.732829107945E-01 -5.678356836813E-01  1.822111679437E-01 -5.678356822461E-01  1.822111672605E-01
  2.131689900593E-01  6.643114180315E-01 -6.599200649558E-01  2.117598615298E-01 -6.599200653442E-01  2.117598614609E-01
  2.451438281979E-01  7.639565402386E-01 -7.604779163765E-01  2.440275819832E-01 -7.604779158931E-01  2.440275823855E-01
  2.743537054146E-01  8.549850474757E-01 -8.521913192945E-01  2.734572337805E-01 -8.521913205346E-01  2.734572343705E-01
  2.957446898372E-01  9.216470661440E-01 -9.192898992728E-01  2.949883045529E-01 -9.192899007860E-01  2.949883057903E-01
  3.055418788382E-01  9.521786388467E-01 -9.500066964687E-01  3.048449298026E-01 -9.500066985209E-01  3.048449311218E-01
  7.982641588779E-02  4.935866117780E-01 -4.863809544312E-01  7.866106290907E-02 -4.863809678105E-01  7.866106675074E-02
  8.494567801117E-02  5.252402845402E-01 -5.185809298411E-01  8.386867784640E-02 -5.185809329339E-01  8.386867924706E-02
  9.612297144970E-02  5.943522737960E-01 -5.887048488849E-01  9.520962857233E-02 -5.887048480440E-01  9.520962869279E-02
  1.113858206250E-01  6.887262717609E-01 -6.841735265372E-01  1.106495182169E-01 -6.841735275475E-01  1.106495177263E-01
  1.280934270383E-01  7.920335635732E-01 -7.884270933019E-01  1.275101624877E-01 -7.884270924042E-01  1.275101622970E-01
  1.433562762137E-01  8.864075615381E-01 -8.835111596387E-01  1.428878500980E-01 -8.835111592059E-01  1.428878489678E-01
  1.545335696522E-01  9.555195507939E-01 -9.530757561011E-01  1.541383425127E-01 -9.530757546090E-01  1.541383411635E-01
  1.596528317756E-01  9.871732235560E-01 -9.849214614334E-01  1.592886617467E-01 -9.849214598162E-01  1.592886601702E-01
  2.517311623718E-02  4.993659121515E-01 -4.920759070554E-01  2.480562795989E-02 -4.920758988354E-01  2.480562548919E-02
  2.678746631225E-02  5.313902110175E-01 -5.246528846880E-01  2.644783639606E-02 -5.246528864834E-01  2.644783669497E-02
  3.031220563338E-02  6.013114178165E-01 -5.955978689451E-01  3.002418424590E-02 -5.955978675607E-01  3.002418464273E-02
  3.512531758546E-02  6.967904207970E-01 -6.921843686738E-01  3.489312582357E-02 -6.921843694725E-01  3.489312579471E-02
  4.039403112607E-02  8.013073156575E-01 -7.976586173395E-01  4.021009915537E-02 -7.976586170867E-01  4.021009964216E-02
  4.520714307816E-02  8.967863186381E-01 -8.938560019478E-01  4.505942504815E-02 -8.938560029487E-01  4.505942539126E-02
  4.873188239929E-02  9.667075254371E-01 -9.642351144835E-01  4.860724678543E-02 -9.642351153638E-01  4.860724780842E-02
  5.034623247436E-02  9.987318243030E-01 -9.964536938992E-01  5.023139059391E-02 -9.964536951417E-01  5.023139161561E-02
  3.061616997868E-17  5.000000000000E-01 -4.927007301846E-01  1.880473942795E-15 -4.927007299270E-01  3.016921859213E-17
  3.257958268602E-17  5.320649628726E-01 -5.253190836115E-01  3.456729622865E-09 -5.253190833781E-01  3.216651669950E-17
  3.686645830244E-17  6.020749546417E-01 -5.963541501086E-01 -8.199400797862E-10 -5.963541493998E-01  3.651616001103E-17
  4.272028475217E-17  6.976751955244E-01 -6.930632947325E-01  1.547967046642E-10 -6.930632955004E-01  4.243788732205E-17
  4.912822518388E-17  8.023248044756E-01 -7.986714734044E-01 -4.653998964517E-10 -7.986714728385E-01  4.890452313910E-17
  5.498205163361E-17  8.979250453583E-01 -8.949910084492E-01  2.488586059036E-10 -8.949910087951E-01  5.480239370933E-17
  5.926892725003E-17  9.679350371274E-01 -9.654594876866E-01 -5.072873843755E-10 -9.654594876224E-01  5.911734356116E-17
  6.123233995737E-17  1.000000000000E+00 -9.977189781187E-01 -1.952931857825E-10 -9.977189781022E-01  6.109266764907E-17
  3.061616997868E-17  5.000000000000E-01 -4.927007301846E-01  1.880473942795E-15 -4.927007299270E-01  3.016921859213E-17
  3.257958268602E-17  5.320649628726E-01 -5.253190836115E-01  3.456729622865E-09 -5.253190833781E-01  3.216651669950E-17
  3.686645830244E-17  6.020749546417E-01 -5.963541501086E-01 -8.199400797862E-10 -5.963541493998E-01  3.651616001103E-17
  4.272028475217E-17  6.976751955244E-01 -6.930632947325E-01  1.547967046642E-10 -6.930632955004E-01  4.243788732205E-17
  4.912822518388E-17  8.023248044756E-01 -7.986714734044E-01 -4.653998964517E-10 -7.986714728385E-01  4.890452313910E-17
  5.498205163361E-17  8.979250453583E-01 -8.949910084492E-01  2.488586059036E-10 -8.949910087951E-01  5.480239370933E-17
  5.926892725003E-17  9.679350371274E-01 -9.654594876866E-01 -5.072873843755E-10 -9.654594876224E-01  5.911734356116E-17
  6.123233995737E-17  1.000000000000E+00 -9.977189781187E-01 -1.952931857825E-10 -9.977189781022E-01  6.109266764907E-17
 -2.517311623718E-02  4.993659121515E-01 -4.920758893693E-01 -2.480562706833E-02 -4.920758988354E-01 -2.480562548919E-02
 -2.678746631225E-02  5.313902110175E-01 -5.246528857096E-01 -2.644783811871E-02 -5.246528864834E-01 -2.644783669497E-02
 -3.031220563338E-02  6.013114178165E-01 -5.955978676724E-01 -3.002418506751E-02 -5.955978675607E-01 -3.002418464273E-02
 -3.512531758546E-02  6.967904207970E-01 -6.921843685732E-01 -3.489312562052E-02 -6.921843694725E-01 -3.489312579471E-02
 -4.039403112607E-02  8.013073156575E-01 -7.976586179629E-01 -4.021010021926E-02 -7.976586170867E-01 -4.021009964216E-02
 -4.520714307816E-02  8.967863186381E-01 -8.938560032619E-01 -4.505942579033E-02 -8.938560029487E-01 -4.505942539126E-02
 -4.873188239929E-02  9.667075254371E-01 -9.642351164730E-01 -4.860724893840E-02 -9.642351153638E-01 -4.860724780841E-02
 -5.034623247436E-02  9.987318243030E-01 -9.964536963077E-01 -5.023139281702E-02 -9.964536951417E-01 -5.023139161561E-02
 -7.982641588779E-02  4.935866117780E-01 -4.863809829913E-01 -7.866106752802E-02 -4.863809678105E-01 -7.866106675074E-02
 -8.494567801117E-02  5.252402845402E-01 -5.185809363602E-01 -8.386867898669E-02 -5.185809329339E-01 -8.386867924706E-02
 -9.612297144970E-02  5.943522737960E-01 -5.887048495704E-01 -9.520962879399E-02 -5.887048480440E-01 -9.520962869279E-02
 -1.113858206250E-01  6.887262717609E-01 -6.841735271257E-01 -1.106495169881E-01 -6.841735275475E-01 -1.106495177263E-01
 -1.280934270383E-01  7.920335635732E-01 -7.884270927012E-01 -1.275101622993E-01 -7.884270924042E-01 -1.275101622970E-01
 -1.433562762137E-01  8.864075615381E-01 -8.835111582055E-01 -1.428878477727E-01 -8.835111592059E-01 -1.428878489678E-01
 -1.545335696522E-01  9.555195507939E-01 -9.530757534264E-01 -1.541383399541E-01 -9.530757546090E-01 -1.541383411635E-01
 -1.596528317756E-01  9.871732235560E-01 -9.849214582649E-01 -1.592886586807E-01 -9.849214598162E-01 -1.592886601702E-01
 -1.527709394191E-01  4.760893194234E-01 -4.691390921048E-01 -1.505407024747E-01 -4.691391103807E-01 -1.505407067268E-01
 -1.625681284201E-01  5.066208921261E-01 -5.001976027783E-01 -1.605069781644E-01 -5.001976097712E-01 -1.605069797249E-01
 -1.839591128426E-01  5.732829107945E-01 -5.678356820266E-01 -1.822111677768E-01 -5.678356822461E-01 -1.822111672605E-01
 -2.131689900593E-01  6.643114180315E-01 -6.599200640649E-01 -2.117598609674E-01 -6.599200653442E-01 -2.117598614609E-01
 -2.451438281979E-01  7.639565402386E-01 -7.604779164650E-01 -2.440275830772E-01 -7.604779158931E-01 -2.440275823855E-01
 -2.743537054146E-01  8.549850474757E-01 -8.521913211558E-01 -2.734572345988E-01 -8.521913205346E-01 -2.734572343705E-01
 -2.957446898372E-01  9.216470661440E-01 -9.192899025873E-01 -2.949883068500E-01 -9.192899007860E-01 -2.949883057903E-01
 -3.055418788382E-01  9.521786388467E-01 -9.500067006262E-01 -3.048449321644E-01 -9.500066985209E-01 -3.048449311218E-01
 -2.286206189833E-01  4.446713534462E-01 -4.381798176838E-01 -2.252830986319E-01 -4.381798008412E-01 -2.252830916989E-01
 -2.432820423025E-01  4.731880943238E-01 -4.671887010135E-01 -2.401975491914E-01 -4.671886955938E-01 -2.401975480113E-01
 -2.752934976090E-01  5.354509699132E-01 -5.303632149916E-01 -2.726777100698E-01 -5.303632134937E-01 -2.726777095380E-01
 -3.190058701001E-01  6.204723469194E-01 -6.163707870421E-01 -3.168971189005E-01 -6.163707872681E-01 -3.168971192238E-01
 -3.668559868497E-01  7.135417134193E-01 -7.102926496293E-01 -3.651855335956E-01 -7.102926495719E-01 -3.651855329692E-01
 -4.105683593408E-01  7.985630904255E-01 -7.959537251122E-01 -4.092267963708E-01 -7.959537264062E-01 -4.092267968304E-01
 -4.425798146473E-01  8.608259660149E-01 -8.586243521722E-01 -4.414478911320E-01 -8.586243541171E-01 -4.414478913270E-01
 -4.572412379666E-01  8.893427068925E-01 -8.873140943194E-01 -4.561982601719E-01 -8.873140967034E-01 -4.561982606902E-01
 -2.925726402991E-01  4.054642402832E-01 -3.995450421166E-01 -2.883015001199E-01 -3.995450542937E-01 -2.883015068640E-01
 -3.113353019965E-01  4.314666319049E-01 -4.259962029190E-01 -3.073879812503E-01 -4.259962060963E-01 -3.073879824468E-01
 -3.523013182749E-01  4.882397281547E-01 -4.836005647617E-01 -3.489538167662E-01 -4.836005642522E-01 -3.489538160864E-01
 -4.082413480515E-01  5.657646862355E-01 -5.620247647890E-01 -4.055427154566E-01 -5.620247651564E-01 -4.055427165178E-01
 -4.694765728457E-01  6.506280346142E-01 -6.476654447102E-01 -4.673388435798E-01 -6.476654439406E-01 -4.673388430798E-01
 -5.254166026223E-01  7.281529926949E-01 -7.257736999880E-01 -5.236997644810E-01 -7.257736988828E-01 -5.236997649742E-01
 -5.663826189007E-01  7.849260889447E-01 -7.829185973551E-01 -5.649340628920E-01 -7.829185953461E-01 -5.649340627909E-01
 -5.851452805981E-01  8.109284805664E-01 -8.090787372029E-01 -5.838105514285E-01 -8.090787349447E-01 -5.838105513997E-01
 -3.353049415808E-01  3.709051039706E-01 -3.654904384794E-01 -3.304099829954E-01 -3.654904309200E-01 -3.304099789300E-01
 -3.568080225864E-01  3.946912207468E-01 -3.896870569953E-01 -3.522841680686E-01 -3.896870584762E-01 -3.522841691268E-01
 -4.037574149868E-01  4.466253472990E-01 -4.423815962712E-01 -3.999209877114E-01 -4.423815955729E-01 -3.999209864520E-01
 -4.678678813554E-01  5.175425818674E-01 -5.141214268072E-01 -4.647750950339E-01 -5.141214273516E-01 -4.647750956191E-01
 -5.380469433871E-01  5.951727300445E-01 -5.924626511776E-01 -5.355969836077E-01 -5.924626513431E-01 -5.355969830848E-01
 -6.021574097557E-01  6.660899646129E-01 -6.639134653895E-01 -6.001898153737E-01 -6.639134663399E-01 -6.001898158388E-01
 -6.491068021561E-01  7.180240911651E-01 -7.161877019262E-01 -6.474466742927E-01 -7.161877032721E-01 -6.474466741918E-01
 -6.706098831617E-01  7.418102079413E-01 -7.401181210119E-01 -6.690802071771E-01 -7.401181226130E-01 -6.690802073333E-01
 -3.535533905933E-01  3.535533905933E-01 -3.483920274091E-01 -3.483920274091E-01 -3.483920272269E-01 -3.483920272269E-01
 -3.762267432790E-01  3.762267432790E-01 -3.714566887527E-01 -3.714566838641E-01 -3.714566861434E-01 -3.714566861434E-01
 -4.257312832097E-01  4.257312832097E-01 -4.216860629507E-01 -4.216860641103E-01 -4.216860630293E-01 -4.216860630293E-01
 -4.933308618209E-01  4.933308618209E-01 -4.900697556063E-01 -4.900697553874E-01 -4.900697560398E-01 -4.900697560398E-01
 -5.673293099589E-01  5.673293099589E-01 -5.647460144554E-01 -5.647460151136E-01 -5.647460143843E-01 -5.647460143843E-01
 -6.349288885701E-01  6.349288885701E-01 -6.328542113514E-01 -6.328542109994E-01 -6.328542114200E-01 -6.328542114200E-01
 -6.844334285008E-01  6.844334285008E-01 -6.826829503454E-01 -6.826829510628E-01 -6.826829506587E-01 -6.826829506587E-01
 -7.071067811865E-01  7.071067811865E-01 -7.054938550082E-01 -7.054938552844E-01 -7.054938551346E-01 -7.054938551346E-01
 -3.535533905933E-01  3.535533905933E-01 -3.483920274091E-01 -3.483920274091E-01 -3.483920272269E-01 -3.483920272269E-01
 -3.762267432790E-01  3.762267432790E-01 -3.714566887527E-01 -3.714566838641E-01 -3.714566861434E-01 -3.714566861434E-01
 -4.257312832097E-01  4.257312832097E-01 -4.216860629507E-01 -4.216860641103E-01 -4.216860630293E-01 -4.216860630293E-01
 -4.933308618209E-01  4.933308618209E-01 -4.900697556063E-01 -4.900697553874E-01 -4.900697560398E-01 -4.900697560398E-01
 -5.673293099589E-01  5.673293099589E-01 -5.647460144554E-01 -5.647460151136E-01 -5.647460143843E-01 -5.647460143843E-01
 -6.349288885701E-01  6.349288885701E-01 -6.328542113514E-01 -6.328542109994E-01 -6.328542114200E-01 -6.328542114200E-01
 -6.844334285008E-01  6.844334285008E-01 -6.826829503454E-01 -6.826829510628E-01 -6.826829506587E-01 -6.826829506587E-01
 -7.071067811865E-01  7.071067811865E-01 -7.054938550082E-01 -7.054938552844E-01 -7.054938551346E-01 -7.054938551346E-01
 -3.709051039706E-01  3.353049415808E-01 -3.304099711198E-01 -3.654904253431E-01 -3.304099789300E-01 -3.654904309200E-01
 -3.946912207468E-01  3.568080225864E-01 -3.522841675729E-01 -3.896870589358E-01 -3.522841691268E-01 -3.896870584762E-01
 -4.466253472990E-01  4.037574149868E-01 -3.999209862306E-01 -4.423815959523E-01 -3.999209864520E-01 -4.423815955729E-01
 -5.175425818674E-01  4.678678813554E-01 -4.647750951063E-01 -5.141214265925E-01 -4.647750956191E-01 -5.141214273516E-01
 -5.951727300445E-01  5.380469433871E-01 -5.355969832962E-01 -5.924626523707E-01 -5.355969830848E-01 -5.924626513431E-01
 -6.660899646129E-01  6.021574097557E-01 -6.001898157781E-01 -6.639134668435E-01 -6.001898158388E-01 -6.639134663399E-01
 -7.180240911651E-01  6.491068021561E-01 -6.474466741771E-01 -7.161877048555E-01 -6.474466741918E-01 -7.161877032721E-01
 -7.418102079413E-01  6.706098831617E-01 -6.690802073082E-01 -7.401181242869E-01 -6.690802073333E-01 -7.401181226130E-01
 -4.054642402832E-01  2.925726402991E-01 -2.883015170489E-01 -3.995450655777E-01 -2.883015068640E-01 -3.995450542937E-01
 -4.314666319049E-01  3.113353019965E-01 -3.073879850537E-01 -4.259962083350E-01 -3.073879824468E-01 -4.259962060963E-01
 -4.882397281547E-01  3.523013182749E-01 -3.489538170941E-01 -4.836005654031E-01 -3.489538160864E-01 -4.836005642522E-01
 -5.657646862355E-01  4.082413480515E-01 -4.055427167416E-01 -5.620247643363E-01 -4.055427165178E-01 -5.620247651564E-01
 -6.506280346142E-01  4.694765728457E-01 -4.673388432881E-01 -6.476654441523E-01 -4.673388430798E-01 -6.476654439406E-01
 -7.281529926949E-01  5.254166026223E-01 -5.236997651119E-01 -7.257736973303E-01 -5.236997649742E-01 -7.257736988828E-01
 -7.849260889447E-01  5.663826189007E-01 -5.649340628099E-01 -7.829185936547E-01 -5.649340627909E-01 -7.829185953461E-01
 -8.109284805664E-01  5.851452805981E-01 -5.838105513560E-01 -8.090787327945E-01 -5.838105513997E-01 -8.090787349447E-01
 -4.446713534462E-01  2.286206189833E-01 -2.252830817825E-01 -4.381797849115E-01 -2.252830916989E-01 -4.381798008412E-01
 -4.731880943238E-01  2.432820423025E-01 -2.401975441700E-01 -4.671886895456E-01 -2.401975480113E-01 -4.671886955937E-01
 -5.354509699132E-01  2.752934976090E-01 -2.726777090178E-01 -5.303632137036E-01 -2.726777095380E-01 -5.303632134937E-01
 -6.204723469194E-01  3.190058701001E-01 -3.168971186682E-01 -6.163707860145E-01 -3.168971192238E-01 -6.163707872681E-01
 -7.135417134193E-01  3.668559868497E-01 -3.651855328845E-01 -7.102926504655E-01 -3.651855329692E-01 -7.102926495719E-01
 -7.985630904255E-01  4.105683593408E-01 -4.092267971083E-01 -7.959537270069E-01 -4.092267968304E-01 -7.959537264062E-01
 -8.608259660149E-01  4.425798146473E-01 -4.414478918514E-01 -8.586243561402E-01 -4.414478913270E-01 -8.586243541171E-01
 -8.893427068925E-01  4.572412379666E-01 -4.561982614416E-01 -8.873140989293E-01 -4.561982606902E-01 -8.873140967034E-01
 -4.760893194234E-01  1.527709394191E-01 -1.505407137340E-01 -4.691391271927E-01 -1.505407067268E-01 -4.691391103807E-01
 -5.066208921261E-01  1.625681284201E-01 -1.605069827228E-01 -5.001976144380E-01 -1.605069797249E-01 -5.001976097712E-01
 -5.732829107945E-01  1.839591128426E-01 -1.822111679437E-01 -5.678356836813E-01 -1.822111672605E-01 -5.678356822461E-01
 -6.643114180315E-01  2.131689900593E-01 -2.117598615298E-01 -6.599200649558E-01 -2.117598614609E-01 -6.599200653442E-01
 -7.639565402386E-01  2.451438281979E-01 -2.440275819832E-01 -7.604779163765E-01 -2.440275823855E-01 -7.604779158931E-01
 -8.549850474757E-01  2.743537054146E-01 -2.734572337805E-01 -8.521913192945E-01 -2.734572343705E-01 -8.521913205346E-01
 -9.216470661440E-01  2.957446898372E-01 -2.949883045529E-01 -9.192898992728E-01 -2.949883057903E-01 -9.192899007860E-01
 -9.521786388467E-01  3.055418788382E-01 -3.048449298026E-01 -9.500066964687E-01 -3.048449311218E-01 -9.500066985209E-01
 -4.935866117780E-01  7.982641588779E-02 -7.866106290907E-02 -4.863809544312E-01 -7.866106675074E-02 -4.863809678105E-01
 -5.252402845402E-01  8.494567801117E-02 -8.386867784640E-02 -5.185809298411E-01 -8.386867924706E-02 -5.185809329339E-01
 -5.943522737960E-01  9.612297144970E-02 -9.520962857233E-02 -5.887048488849E-01 -9.520962869279E-02 -5.887048480440E-01
 -6.887262717609E-01  1.113858206250E-01 -1.106495182169E-01 -6.841735265372E-01 -1.106495177263E-01 -6.841735275475E-01
 -7.920335635732E-01  1.280934270383E-01 -1.275101624877E-01 -7.884270933019E-01 -1.275101622970E-01 -7.884270924042E-01
 -8.864075615381E-01  1.433562762137E-01 -1.428878500980E-01 -8.835111596387E-01 -1.428878489678E-01 -8.835111592059E-01
 -9.555195507939E-01  1.545335696522E-01 -1.541383425127E-01 -9.530757561011E-01 -1.541383411635E-01 -9.530757546090E-01
 -9.871732235560E-01  1.596528317756E-01 -1.592886617467E-01 -9.849214614334E-01 -1.592886601702E-01 -9.849214598162E-01
 -4.993659121515E-01  2.517311623718E-02 -2.480562795989E-02 -4.920759070554E-01 -2.480562548919E-02 -4.920758988354E-01
 -5.313902110175E-01  2.678746631225E-02 -2.644783639606E-02 -5.246528846880E-01 -2.644783669497E-02 -5.246528864834E-01
 -6.013114178165E-01  3.031220563338E-02 -3.002418424590E-02 -5.955978689451E-01 -3.002418464273E-02 -5.955978675607E-01
 -6.967904207970E-01  3.512531758546E-02 -3.489312582357E-02 -6.921843686738E-01 -3.489312579471E-02 -6.921843694725E-01
 -8.013073156575E-01  4.039403112607E-02 -4.021009915537E-02 -7.976586173395E-01 -4.021009964216E-02 -7.976586170867E-01
 -8.967863186381E-01  4.520714307816E-02 -4.505942504815E-02 -8.938560019478E-01 -4.505942539126E-02 -8.938560029487E-01
 -9.667075254371E-01  4.873188239929E-02 -4.860724678543E-02 -9.642351144835E-01 -4.860724780842E-02 -9.642351153638E-01
 -9.987318243030E-01  5.034623247436E-02 -5.023139059391E-02 -9.964536938992E-01 -5.023139161561E-02 -9.964536951417E-01
 -5.000000000000E-01  8.326672684689E-17  4.178831205425E-16 -4.927007301846E-01 -8.205115419219E-17 -4.927007299270E-01
 -5.320649628726E-01  8.860661585662E-17 -3.456729464738E-09 -5.253190836115E-01 -8.748320124620E-17 -5.253190833781E-01
 -6.020749546417E-01  1.002656215790E-16  8.199399411695E-10 -5.963541501086E-01 -9.931291612416E-17 -5.963541493998E-01
 -6.976751955244E-01  1.161862598672E-16 -1.547968556068E-10 -6.930632947325E-01 -1.154182242281E-16 -6.930632955004E-01
 -8.023248044756E-01  1.336139206735E-16  4.653997923713E-10 -7.986714734044E-01 -1.330055187385E-16 -7.986714728385E-01
 -8.979250453583E-01  1.495345589617E-16 -2.488583789067E-10 -8.949910084492E-01 -1.490459437195E-16 -8.949910087951E-01
 -9.679350371274E-01  1.611935646840E-16  5.072876249988E-10 -9.654594876866E-01 -1.607813028752E-16 -9.654594876224E-01
 -1.000000000000E+00  1.665334536938E-16  1.952934458129E-10 -9.977189781187E-01 -1.661535872392E-16 -9.977189781022E-01
 -5.000000000000E-01  8.326672684689E-17  4.178831205425E-16 -4.927007301846E-01 -8.205115419219E-17 -4.927007299270E-01
 -5.320649628726E-01  8.860661585662E-17 -3.456729464738E-09 -5.253190836115E-01 -8.748320124620E-17 -5.253190833781E-01
 -6.020749546417E-01  1.002656215790E-16  8.199399411695E-10 -5.963541501086E-01 -9.931291612416E-17 -5.963541493998E-01
 -6.976751955244E-01  1.161862598672E-16 -1.547968556068E-10 -6.930632947325E-01 -1.154182242281E-16 -6.930632955004E-01
 -8.023248044756E-01  1.336139206735E-16  4.653997923713E-10 -7.986714734044E-01 -1.330055187385E-16 -7.986714728385E-01
 -8.979250453583E-01  1.495345589617E-16 -2.488583789067E-10 -8.949910084492E-01 -1.490459437195E-16 -8.949910087951E-01
 -9.679350371274E-01  1.611935646840E-16  5.072876249988E-10 -9.654594876866E-01 -1.607813028752E-16 -9.654594876224E-01
 -1.000000000000E+00  1.665334536938E-16  1.952934458129E-10 -9.977189781187E-01 -1.661535872392E-16 -9.977189781022E-01
 -4.993659121515E-01 -2.517311623718E-02  2.480562706833E-02 -4.920758893693E-01  2.480562548919E-02 -4.920758988354E-01
 -5.313902110175E-01 -2.678746631225E-02  2.644783811871E-02 -5.246528857096E-01  2.644783669497E-02 -5.246528864834E-01
 -6.013114178165E-01 -3.031220563338E-02  3.002418506751E-02 -5.955978676724E-01  3.002418464273E-02 -5.955978675607E-01
 -6.967904207970E-01 -3.512531758546E-02  3.489312562052E-02 -6.921843685732E-01  3.489312579471E-02 -6.921843694725E-01
 -8.013073156575E-01 -4.039403112607E-02  4.021010021926E-02 -7.976586179629E-01  4.021009964216E-02 -7.976586170867E-01
 -8.967863186381E-01 -4.520714307816E-02  4.505942579033E-02 -8.938560032619E-01  4.505942539126E-02 -8.938560029487E-01
 -9.667075254371E-01 -4.873188239929E-02  4.860724893841E-02 -9.642351164730E-01  4.860724780841E-02 -9.642351153638E-01
 -9.987318243030E-01 -5.034623247436E-02  5.023139281702E-02 -9.964536963077E-01  5.023139161561E-02 -9.964536951417E-01
 -4.935866117780E-01 -7.982641588779E-02  7.866106752802E-02 -4.863809829913E-01  7.866106675074E-02 -4.863809678105E-01
 -5.252402845402E-01 -8.494567801117E-02  8.386867898669E-02 -5.185809363602E-01  8.386867924706E-02 -5.185809329339E-01
 -5.943522737960E-01 -9.612297144970E-02  9.520962879399E-02 -5.887048495704E-01  9.520962869279E-02 -5.887048480440E-01
 -6.887262717609E-01 -1.113858206250E-01  1.106495169881E-01 -6.841735271257E-01  1.106495177263E-01 -6.841735275475E-01
 -7.920335635732E-01 -1.280934270383E-01  1.275101622993E-01 -7.884270927012E-01  1.275101622970E-01 -7.884270924042E-01
 -8.864075615381E-01 -1.433562762137E-01  1.428878477727E-01 -8.835111582055E-01  1.428878489678E-01 -8.835111592059E-01
 -9.555195507939E-01 -1.545335696522E-01  1.541383399541E-01 -9.530757534264E-01  1.541383411635E-01 -9.530757546090E-01
 -9.871732235560E-01 -1.596528317756E-01  1.592886586807E-01 -9.849214582649E-01  1.592886601702E-01 -9.849214598162E-01
 -4.760893194234E-01 -1.527709394191E-01  1.505407024747E-01 -4.691390921048E-01  1.505407067268E-01 -4.691391103807E-01
 -5.066208921261E-01 -1.625681284201E-01  1.605069781644E-01 -5.001976027783E-01  1.605069797249E-01 -5.001976097712E-01
 -5.732829107945E-01 -1.839591128426E-01  1.822111677768E-01 -5.678356820266E-01  1.822111672605E-01 -5.678356822461E-01
 -6.643114180315E-01 -2.131689900593E-01  2.117598609674E-01 -6.599200640649E-01  2.117598614609E-01 -6.599200653442E-01
 -7.639565402386E-01 -2.451438281979E-01  2.440275830772E-01 -7.604779164650E-01  2.440275823855E-01 -7.604779158931E-01
 -8.549850474757E-01 -2.743537054146E-01  2.734572345988E-01 -8.521913211558E-01  2.734572343705E-01 -8.521913205346E-01
 -9.216470661440E-01 -2.957446898372E-01  2.949883068500E-01 -9.192899025873E-01  2.949883057903E-01 -9.192899007860E-01
 -9.521786388467E-01 -3.055418788382E-01  3.048449321645E-01 -9.500067006262E-01  3.048449311218E-01 -9.500066985209E-01
 -4.446713534462E-01 -2.286206189833E-01  2.252830986319E-01 -4.381798176838E-01  2.252830916989E-01 -4.381798008412E-01
 -4.731880943238E-01 -2.432820423025E-01  2.401975491914E-01 -4.671887010135E-01  2.401975480113E-01 -4.671886955938E-01
 -5.354509699132E-01 -2.752934976090E-01  2.726777100698E-01 -5.303632149916E-01  2.726777095380E-01 -5.303632134937E-01
 -6.204723469194E-01 -3.190058701001E-01  3.168971189005E-01 -6.163707870421E-01  3.168971192238E-01 -6.163707872681E-01
 -7.135417134193E-01 -3.668559868497E-01  3.651855335956E-01 -7.102926496293E-01  3.651855329692E-01 -7.102926495719E-01
 -7.985630904255E-01 -4.105683593408E-01  4.092267963708E-01 -7.959537251122E-01  4.092267968304E-01 -7.959537264062E-01
 -8.608259660149E-01 -4.425798146473E-01  4.414478911320E-01 -8.586243521722E-01  4.414478913270E-01 -8.586243541171E-01
 -8.893427068925E-01 -4.572412379666E-01  4.561982601719E-01 -8.873140943194E-01  4.561982606902E-01 -8.873140967034E-01
 -4.054642402832E-01 -2.925726402991E-01  2.883015001199E-01 -3.995450421166E-01  2.883015068640E-01 -3.995450542937E-01
 -4.314666319049E-01 -3.113353019965E-01  3.073879812503E-01 -4.259962029190E-01  3.073879824468E-01 -4.259962060963E-01
 -4.882397281547E-01 -3.523013182749E-01  3.489538167662E-01 -4.836005647617E-01  3.489538160864E-01 -4.836005642522E-01
 -5.657646862355E-01 -4.082413480515E-01  4.055427154566E-01 -5.620247647890E-01  4.055427165178E-01 -5.620247651564E-01
 -6.506280346142E-01 -4.694765728457E-01  4.673388435798E-01 -6.476654447102E-01  4.673388430798E-01 -6.476654439406E-01
 -7.281529926949E-01 -5.254166026223E-01  5.236997644810E-01 -7.257736999880E-01  5.236997649742E-01 -7.257736988828E-01
 -7.849260889447E-01 -5.663826189007E-01  5.649340628920E-01 -7.829185973551E-01  5.649340627909E-01 -7.829185953461E-01
 -8.109284805664E-01 -5.851452805981E-01  5.838105514285E-01 -8.090787372029E-01  5.838105513997E-01 -8.090787349447E-01
 -3.709051039706E-01 -3.353049415808E-01  3.304099829954E-01 -3.654904384794E-01  3.304099789300E-01 -3.654904309200E-01
 -3.946912207468E-01 -3.568080225864E-01  3.522841680686E-01 -3.896870569953E-01  3.522841691268E-01 -3.896870584762E-01
 -4.466253472990E-01 -4.037574149868E-01  3.999209877114E-01 -4.423815962712E-01  3.999209864520E-01 -4.423815955729E-01
 -5.175425818674E-01 -4.678678813554E-01  4.647750950339E-01 -5.141214268072E-01  4.647750956191E-01 -5.141214273516E-01
 -5.951727300445E-01 -5.380469433871E-01  5.355969836077E-01 -5.924626511776E-01  5.355969830848E-01 -5.924626513431E-01
 -6.660899646129E-01 -6.021574097557E-01  6.001898153737E-01 -6.639134653895E-01  6.001898158388E-01 -6.639134663399E-01
 -7.180240911651E-01 -6.491068021561E-01  6.474466742927E-01 -7.161877019262E-01  6.474466741918E-01 -7.161877032721E-01
 -7.418102079413E-01 -6.706098831617E-01  6.690802071771E-01 -7.401181210119E-01  6.690802073333E-01 -7.401181226130E-01
 -3.535533905933E-01 -3.535533905933E-01  3.483920274091E-01 -3.483920274091E-01  3.483920272269E-01 -3.483920272269E-01
 -3.762267432790E-01 -3.762267432790E-01  3.714566838641E-01 -3.714566887527E-01  3.714566861434E-01 -3.714566861434E-01
 -4.257312832097E-01 -4.257312832097E-01  4.216860641103E-01 -4.216860629507E-01  4.216860630293E-01 -4.216860630293E-01
 -4.933308618209E-01 -4.933308618209E-01  4.900697553874E-01 -4.900697556063E-01  4.900697560398E-01 -4.900697560398E-01
 -5.673293099589E-01 -5.673293099589E-01  5.647460151136E-01 -5.647460144554E-01  5.647460143843E-01 -5.647460143843E-01
 -6.349288885701E-01 -6.349288885701E-01  6.328542109994E-01 -6.328542113514E-01  6.328542114200E-01 -6.328542114200E-01
 -6.844334285008E-01 -6.844334285008E-01  6.826829510628E-01 -6.826829503454E-01  6.826829506587E-01 -6.826829506587E-01
 -7.071067811865E-01 -7.071067811865E-01  7.054938552844E-01 -7.054938550082E-01  7.054938551346E-01 -7.054938551346E-01
 -3.535533905933E-01 -3.535533905933E-01  3.483920274091E-01 -3.483920274091E-01  3.483920272269E-01 -3.483920272269E-01
 -3.762267432790E-01 -3.762267432790E-01  3.714566838641E-01 -3.714566887527E-01  3.714566861434E-01 -3.714566861434E-01
 -4.257312832097E-01 -4.257312832097E-01  4.216860641103E-01 -4.216860629507E-01  4.216860630293E-01 -4.216860630293E-01
 -4.933308618209E-01 -4.933308618209E-01  4.900697553874E-01 -4.900697556063E-01  4.900697560398E-01 -4.900697560398E-01
 -5.673293099589E-01 -5.673293099589E-01  5.647460151136E-01 -5.647460144554E-01  5.647460143843E-01 -5.647460143843E-01
 -6.349288885701E-01 -6.349288885701E-01  6.328542109994E-01 -6.328542113514E-01  6.328542114200E-01 -6.328542114200E-01
 -6.844334285008E-01 -6.844334285008E-01  6.826829510628E-01 -6.826829503454E-01  6.826829506587E-01 -6.826829506587E-01
 -7.071067811865E-01 -7.071067811865E-01  7.054938552844E-01 -7.054938550082E-01  7.054938551346E-01 -7.054938551346E-01
 -3.353049415808E-01 -3.709051039706E-01  3.654904253431E-01 -3.304099711199E-01  3.654904309200E-01 -3.304099789300E-01
 -3.568080225864E-01 -3.946912207468E-01  3.896870589358E-01 -3.522841675729E-01  3.896870584762E-01 -3.522841691268E-01
 -4.037574149868E-01 -4.466253472990E-01  4.423815959523E-01 -3.999209862306E-01  4.423815955729E-01 -3.999209864520E-01
 -4.678678813554E-01 -5.175425818674E-01  5.141214265925E-01 -4.647750951063E-01  5.141214273516E-01 -4.647750956191E-01
 -5.380469433871E-01 -5.951727300445E-01  5.924626523707E-01 -5.355969832962E-01  5.924626513431E-01 -5.355969830848E-01
 -6.021574097557E-01 -6.660899646129E-01  6.639134668435E-01 -6.001898157781E-01  6.639134663399E-01 -6.001898158388E-01
 -6.491068021561E-01 -7.180240911651E-01  7.161877048555E-01 -6.474466741771E-01  7.161877032721E-01 -6.474466741918E-01
 -6.706098831617E-01 -7.418102079413E-01  7.401181242869E-01 -6.690802073082E-01  7.401181226130E-01 -6.690802073333E-01
 -2.925726402991E-01 -4.054642402832E-01  3.995450655777E-01 -2.883015170489E-01  3.995450542937E-01 -2.883015068640E-01
 -3.113353019965E-01 -4.314666319049E-01  4.259962083350E-01 -3.073879850537E-01  4.259962060963E-01 -3.073879824468E-01
 -3.523013182749E-01 -4.882397281547E-01  4.836005654031E-01 -3.489538170941E-01  4.836005642522E-01 -3.489538160864E-01
 -4.082413480515E-01 -5.657646862355E-01  5.620247643363E-01 -4.055427167416E-01  5.620247651564E-01 -4.055427165178E-01
 -4.694765728457E-01 -6.506280346142E-01  6.476654441523E-01 -4.673388432881E-01  6.476654439406E-01 -4.673388430798E-01
 -5.254166026223E-01 -7.281529926949E-01  7.257736973303E-01 -5.236997651119E-01  7.257736988828E-01 -5.236997649742E-01
 -5.663826189007E-01 -7.849260889447E-01  7.829185936547E-01 -5.649340628099E-01  7.829185953461E-01 -5.649340627909E-01
 -5.851452805981E-01 -8.109284805664E-01  8.090787327945E-01 -5.838105513560E-01  8.090787349447E-01 -5.838105513997E-01
 -2.286206189833E-01 -4.446713534462E-01  4.381797849115E-01 -2.252830817825E-01  4.381798008412E-01 -2.252830916989E-01
 -2.432820423025E-01 -4.731880943238E-01  4.671886895456E-01 -2.401975441700E-01  4.671886955937E-01 -2.401975480113E-01
 -2.752934976090E-01 -5.354509699132E-01  5.303632137036E-01 -2.726777090178E-01  5.303632134937E-01 -2.726777095380E-01
 -3.190058701001E-01 -6.204723469194E-01  6.163707860145E-01 -3.168971186682E-01  6.163707872681E-01 -3.168971192238E-01
 -3.668559868497E-01 -7.135417134193E-01  7.102926504655E-01 -3.651855328845E-01  7.102926495719E-01 -3.651855329692E-01
 -4.105683593408E-01 -7.985630904255E-01  7.959537270069E-01 -4.092267971083E-01  7.959537264062E-01 -4.092267968304E-01
 -4.425798146473E-01 -8.608259660149E-01  8.586243561402E-01 -4.414478918514E-01  8.586243541171E-01 -4.414478913270E-01
 -4.572412379666E-01 -8.893427068925E-01  8.873140989293E-01 -4.561982614416E-01  8.873140967034E-01 -4.561982606902E-01
 -1.527709394191E-01 -4.760893194234E-01  4.691391271927E-01 -1.505407137340E-01  4.691391103807E-01 -1.505407067268E-01
 -1.625681284201E-01 -5.066208921261E-01  5.001976144380E-01 -1.605069827228E-01  5.001976097712E-01 -1.605069797249E-01
 -1.839591128426E-01 -5.732829107945E-01  5.678356836813E-01 -1.822111679437E-01  5.678356822461E-01 -1.822111672605E-01
 -2.131689900593E-01 -6.643114180315E-01  6.599200649558E-01 -2.117598615298E-01  6.599200653442E-01 -2.117598614609E-01
 -2.451438281979E-01 -7.639565402386E-01  7.604779163765E-01 -2.440275819832E-01  7.604779158931E-01 -2.440275823855E-01
 -2.743537054146E-01 -8.549850474757E-01  8.521913192945E-01 -2.734572337805E-01  8.521913205346E-01 -2.734572343705E-01
 -2.957446898372E-01 -9.216470661440E-01  9.192898992728E-01 -2.949883045529E-01  9.192899007860E-01 -2.949883057903E-01
 -3.055418788382E-01 -9.521786388467E-01  9.500066964687E-01 -3.048449298026E-01  9.500066985209E-01 -3.048449311218E-01
 -7.982641588779E-02 -4.935866117780E-01  4.863809544312E-01 -7.866106290907E-02  4.863809678105E-01 -7.866106675074E-02
 -8.494567801117E-02 -5.252402845402E-01  5.185809298411E-01 -8.386867784640E-02  5.185809329339E-01 -8.386867924706E-02
 -9.612297144970E-02 -5.943522737960E-01  5.887048488849E-01 -9.520962857233E-02  5.887048480440E-01 -9.520962869279E-02
 -1.113858206250E-01 -6.887262717609E-01  6.841735265372E-01 -1.106495182169E-01  6.841735275475E-01 -1.106495177263E-01
 -1.280934270383E-01 -7.920335635732E-01  7.884270933019E-01 -1.275101624877E-01  7.884270924042E-01 -1.275101622970E-01
 -1.433562762137E-01 -8.864075615381E-01  8.835111596387E-01 -1.428878500980E-01  8.835111592059E-01 -1.428878489678E-01
 -1.545335696522E-01 -9.555195507939E-01  9.530757561011E-01 -1.541383425127E-01  9.530757546090E-01 -1.541383411635E-01
 -1.596528317756E-01 -9.871732235560E-01  9.849214614334E-01 -1.592886617467E-01  9.849214598162E-01 -1.592886601702E-01
 -2.517311623718E-02 -4.993659121515E-01  4.920759070554E-01 -2.480562795989E-02  4.920758988354E-01 -2.480562548919E-02
 -2.678746631225E-02 -5.313902110175E-01  5.246528846880E-01 -2.644783639606E-02  5.246528864834E-01 -2.644783669497E-02
 -3.031220563338E-02 -6.013114178165E-01  5.955978689451E-01 -3.002418424590E-02  5.955978675607E-01 -3.002418464273E-02
 -3.512531758547E-02 -6.967904207970E-01  6.921843686738E-01 -3.489312582357E-02  6.921843694725E-01 -3.489312579471E-02
 -4.039403112608E-02 -8.013073156575E-01  7.976586173395E-01 -4.021009915537E-02  7.976586170867E-01 -4.021009964216E-02
 -4.520714307816E-02 -8.967863186381E-01  8.938560019478E-01 -4.505942504815E-02  8.938560029487E-01 -4.505942539126E-02
 -4.873188239929E-02 -9.667075254371E-01  9.642351144835E-01 -4.860724678543E-02  9.642351153638E-01 -4.860724780842E-02
 -5.034623247436E-02 -9.987318243030E-01  9.964536938992E-01 -5.023139059391E-02  9.964536951417E-01 -5.023139161561E-02
 -1.081617080995E-16 -5.000000000000E-01  4.927007301846E-01 -4.178831213576E-16  4.927007299270E-01 -1.065827050615E-16
 -1.150981104084E-16 -5.320649628726E-01  5.253190836115E-01 -3.456729265926E-09  5.253190833781E-01 -1.136388187108E-16
 -1.302429109959E-16 -6.020749546417E-01  5.963541501086E-01  8.199400963295E-10  5.963541493998E-01 -1.290053668626E-16
 -1.509234816931E-16 -6.976751955244E-01  6.930632947325E-01 -1.547966789073E-10  6.930632955004E-01 -1.499258197247E-16
 -1.735616426053E-16 -8.023248044756E-01  7.986714734044E-01  4.653999702820E-10  7.986714728385E-01 -1.727713414250E-16
 -1.942422133025E-16 -8.979250453583E-01  8.949910084492E-01 -2.488583748074E-10  8.949910087951E-01 -1.936075124899E-16
 -2.093870138900E-16 -9.679350371274E-01  9.654594876866E-01  5.072875499575E-10  9.654594876224E-01 -2.088514945641E-16
 -2.163234161989E-16 -1.000000000000E+00  9.977189781187E-01  1.952933621512E-10  9.977189781022E-01 -2.158299777496E-16
 -1.081617080995E-16 -5.000000000000E-01  4.927007301846E-01 -4.178831213576E-16  4.927007299270E-01 -1.065827050615E-16
 -1.150981104084E-16 -5.320649628726E-01  5.253190836115E-01 -3.456729265926E-09  5.253190833781E-01 -1.136388187108E-16
 -1.302429109959E-16 -6.020749546417E-01  5.963541501086E-01  8.199400963295E-10  5.963541493998E-01 -1.290053668626E-16
 -1.509234816931E-16 -6.976751955244E-01  6.930632947325E-01 -1.547966789073E-10  6.930632955004E-01 -1.499258197247E-16
 -1.735616426053E-16 -8.023248044756E-01  7.986714734044E-01  4.653999702820E-10  7.986714728385E-01 -1.727713414250E-16
 -1.942422133025E-16 -8.979250453583E-01  8.949910084492E-01 -2.488583748074E-10  8.949910087951E-01 -1.936075124899E-16
 -2.093870138900E-16 -9.679350371274E-01  9.654594876866E-01  5.072875499575E-10  9.654594876224E-01 -2.088514945641E-16
 -2.163234161989E-16 -1.000000000000E+00  9.977189781187E-01  1.952933621512E-10  9.977189781022E-01 -2.158299777496E-16
  2.517311623718E-02 -4.993659121515E-01  4.920758893693E-01  2.480562706833E-02  4.920758988354E-01  2.480562548919E-02
  2.678746631225E-02 -5.313902110175E-01  5.246528857096E-01  2.644783811871E-02  5.246528864834E-01  2.644783669497E-02
  3.031220563338E-02 -6.013114178165E-01  5.955978676724E-01  3.002418506751E-02  5.955978675607E-01  3.002418464273E-02
  3.512531758546E-02 -6.967904207970E-01  6.921843685732E-01  3.489312562052E-02  6.921843694725E-01  3.489312579471E-02
  4.039403112607E-02 -8.013073156575E-01  7.976586179629E-01  4.021010021926E-02  7.976586170867E-01  4.021009964216E-02
  4.520714307816E-02 -8.967863186381E-01  8.938560032619E-01  4.505942579033E-02  8.938560029487E-01  4.505942539126E-02
  4.873188239929E-02 -9.667075254371E-01  9.642351164730E-01  4.860724893841E-02  9.642351153638E-01  4.860724780841E-02
  5.034623247436E-02 -9.987318243030E-01  9.964536963077E-01  5.023139281702E-02  9.964536951417E-01  5.023139161561E-02
  7.982641588779E-02 -4.935866117780E-01  4.863809829913E-01  7.866106752802E-02  4.863809678105E-01  7.866106675074E-02
  8.494567801117E-02 -5.252402845402E-01  5.185809363602E-01  8.386867898669E-02  5.185809329339E-01  8.386867924706E-02
  9.612297144970E-02 -5.943522737960E-01  5.887048495704E-01  9.520962879399E-02  5.887048480440E-01  9.520962869279E-02
  1.113858206250E-01 -6.887262717609E-01  6.841735271257E-01  1.106495169881E-01  6.841735275475E-01  1.106495177263E-01
  1.280934270383E-01 -7.920335635732E-01  7.884270927012E-01  1.275101622993E-01  7.884270924042E-01  1.275101622970E-01
  1.433562762137E-01 -8.864075615381E-01  8.835111582055E-01  1.428878477727E-01  8.835111592059E-01  1.428878489678E-01
  1.545335696522E-01 -9.555195507939E-01  9.530757534264E-01  1.541383399541E-01  9.530757546090E-01  1.541383411635E-01
  1.596528317756E-01 -9.871732235560E-01  9.849214582649E-01  1.592886586807E-01  9.849214598162E-01  1.592886601702E-01
  1.527709394191E-01 -4.760893194234E-01  4.691390921048E-01  1.505407024747E-01  4.691391103807E-01  1.505407067268E-01
  1.625681284201E-01 -5.066208921261E-01  5.001976027783E-01  1.605069781644E-01  5.001976097712E-01  1.605069797249E-01
  1.839591128426E-01 -5.732829107945E-01  5.678356820266E-01  1.822111677768E-01  5.678356822461E-01  1.822111672605E-01
  2.131689900593E-01 -6.643114180315E-01  6.599200640649E-01  2.117598609674E-01  6.599200653442E-01  2.117598614609E-01
  2.451438281979E-01 -7.639565402386E-01  7.604779164650E-01  2.440275830772E-01  7.604779158931E-01  2.440275823855E-01
  2.743537054146E-01 -8.549850474757E-01  8.521913211558E-01  2.734572345988E-01  8.521913205346E-01  2.734572343705E-01
  2.957446898372E-01 -9.216470661440E-01  9.192899025873E-01  2.949883068500E-01  9.192899007860E-01  2.949883057903E-01
  3.055418788382E-01 -9.521786388467E-01  9.500067006262E-01  3.048449321645E-01  9.500066985209E-01  3.048449311218E-01
  2.286206189833E-01 -4.446713534462E-01  4.381798176838E-01  2.252830986319E-01  4.381798008412E-01  2.252830916989E-01
  2.432820423025E-01 -4.731880943238E-01  4.671887010135E-01  2.401975491914E-01  4.671886955938E-01  2.401975480113E-01
  2.752934976090E-01 -5.354509699132E-01  5.303632149916E-01  2.726777100698E-01  5.303632134937E-01  2.726777095380E-01
  3.190058701001E-01 -6.204723469194E-01  6.163707870421E-01  3.168971189005E-01  6.163707872681E-01  3.168971192238E-01
  3.668559868497E-01 -7.135417134193E-01  7.102926496293E-01  3.651855335956E-01  7.102926495719E-01  3.651855329692E-01
  4.105683593408E-01 -7.985630904255E-01  7.959537251122E-01  4.092267963708E-01  7.959537264062E-01  4.092267968304E-01
  4.425798146473E-01 -8.608259660149E-01  8.586243521722E-01  4.414478911320E-01  8.586243541171E-01  4.414478913270E-01
  4.572412379666E-01 -8.893427068925E-01  8.873140943194E-01  4.561982601719E-01  8.873140967034E-01  4.561982606902E-01
  2.925726402991E-01 -4.054642402832E-01  3.995450421166E-01  2.883015001199E-01  3.995450542937E-01  2.883015068640E-01
  3.113353019965E-01 -4.314666319049E-01  4.259962029190E-01  3.073879812503E-01  4.259962060963E-01  3.073879824468E-01
  3.523013182749E-01 -4.882397281547E-01  4.836005647617E-01  3.489538167662E-01  4.836005642522E-01  3.489538160864E-01
  4.082413480515E-01 -5.657646862355E-01  5.620247647890E-01  4.055427154566E-01  5.620247651564E-01  4.055427165178E-01
  4.694765728457E-01 -6.506280346142E-01  6.476654447102E-01  4.673388435798E-01  6.476654439406E-01  4.673388430798E-01
  5.254166026223E-01 -7.281529926949E-01  7.257736999880E-01  5.236997644810E-01  7.257736988828E-01  5.236997649742E-01
  5.663826189007E-01 -7.849260889447E-01  7.829185973551E-01  5.649340628920E-01  7.829185953461E-01  5.649340627909E-01
  5.851452805981E-01 -8.109284805664E-01  8.090787372029E-01  5.838105514285E-01  8.090787349447E-01  5.838105513997E-01
  3.353049415808E-01 -3.709051039706E-01  3.654904384794E-01  3.304099829954E-01  3.654904309200E-01  3.304099789300E-01
  3.568080225864E-01 -3.946912207468E-01  3.896870569953E-01  3.522841680686E-01  3.896870584762E-01  3.522841691268E-01
  4.037574149868E-01 -4.466253472990E-01  4.423815962712E-01  3.999209877114E-01  4.423815955729E-01  3.999209864520E-01
  4.678678813554E-01 -5.175425818674E-01  5.141214268072E-01  4.647750950339E-01  5.141214273516E-01  4.647750956191E-01
  5.380469433871E-01 -5.951727300445E-01  5.924626511776E-01  5.355969836077E-01  5.924626513431E-01  5.355969830848E-01
  6.021574097557E-01 -6.660899646129E-01  6.639134653895E-01  6.001898153737E-01  6.639134663399E-01  6.001898158388E-01
  6.491068021561E-01 -7.180240911651E-01  7.161877019262E-01  6.474466742927E-01  7.161877032721E-01  6.474466741918E-01
  6.706098831617E-01 -7.418102079413E-01  7.401181210119E-01  6.690802071771E-01  7.401181226130E-01  6.690802073333E-01
  3.535533905933E-01 -3.535533905933E-01  3.483920274091E-01  3.483920274091E-01  3.483920272269E-01  3.483920272269E-01
  3.762267432790E-01 -3.762267432790E-01  3.714566887527E-01  3.714566838641E-01  3.714566861434E-01  3.714566861434E-01
  4.257312832097E-01 -4.257312832097E-01  4.216860629507E-01  4.216860641103E-01  4.216860630293E-01  4.216860630293E-01
  4.933308618209E-01 -4.933308618209E-01  4.900697556063E-01  4.900697553874E-01  4.900697560398E-01  4.900697560398E-01
  5.673293099589E-01 -5.673293099589E-01  5.647460144554E-01  5.647460151136E-01  5.647460143843E-01  5.647460143843E-01
  6.349288885701E-01 -6.349288885701E-01  6.328542113514E-01  6.328542109994E-01  6.328542114200E-01  6.328542114200E-01
  6.844334285008E-01 -6.844334285008E-01  6.826829503454E-01  6.826829510628E-01  6.826829506587E-01  6.826829506587E-01
  7.071067811865E-01 -7.071067811865E-01  7.054938550082E-01  7.054938552844E-01  7.054938551346E-01  7.054938551346E-01
  3.535533905933E-01 -3.535533905933E-01  3.483920274091E-01  3.483920274091E-01  3.483920272269E-01  3.483920272269E-01
  3.762267432790E-01 -3.762267432790E-01  3.714566887527E-01  3.714566838641E-01  3.714566861434E-01  3.714566861434E-01
  4.257312832097E-01 -4.257312832097E-01  4.216860629507E-01  4.216860641103E-01  4.216860630293E-01  4.216860630293E-01
  4.933308618209E-01 -4.933308618209E-01  4.900697556063E-01  4.900697553874E-01  4.900697560398E-01  4.900697560398E-01
  5.673293099589E-01 -5.673293099589E-01  5.647460144554E-01  5.647460151136E-01  5.647460143843E-01  5.647460143843E-01
  6.349288885701E-01 -6.349288885701E-01  6.328542113514E-01  6.328542109994E-01  6.328542114200E-01  6.328542114200E-01
  6.844334285008E-01 -6.844334285008E-01  6.826829503454E-01  6.826829510628E-01  6.826829506587E-01  6.826829506587E-01
  7.071067811865E-01 -7.071067811865E-01  7.054938550082E-01  7.054938552844E-01  7.054938551346E-01  7.054938551346E-01
  3.709051039706E-01 -3.353049415808E-01  3.304099711199E-01  3.654904253431E-01  3.304099789300E-01  3.654904309200E-01
  3.946912207468E-01 -3.568080225864E-01  3.522841675729E-01  3.896870589358E-01  3.522841691268E-01  3.896870584762E-01
  4.466253472990E-01 -4.037574149868E-01  3.999209862306E-01  4.423815959523E-01  3.999209864520E-01  4.423815955729E-01
  5.175425818674E-01 -4.678678813554E-01  4.647750951063E-01  5.141214265925E-01  4.647750956191E-01  5.141214273516E-01
  5.951727300445E-01 -5.380469433871E-01  5.355969832962E-01  5.924626523707E-01  5.355969830848E-01  5.924626513431E-01
  6.660899646129E-01 -6.021574097557E-01  6.001898157781E-01  6.639134668435E-01  6.001898158388E-01  6.639134663399E-01
  7.180240911651E-01 -6.491068021561E-01  6.474466741771E-01  7.161877048555E-01  6.474466741918E-01  7.161877032721E-01
  7.418102079413E-01 -6.706098831617E-01  6.690802073082E-01  7.401181242869E-01  6.690802073333E-01  7.401181226130E-01
  4.054642402832E-01 -2.925726402991E-01  2.883015170489E-01  3.995450655777E-01  2.883015068640E-01  3.995450542937E-01
  4.314666319049E-01 -3.113353019965E-01  3.073879850537E-01  4.259962083350E-01  3.073879824468E-01  4.259962060963E-01
  4.882397281547E-01 -3.523013182749E-01  3.489538170941E-01  4.836005654031E-01  3.489538160864E-01  4.836005642522E-01
  5.657646862355E-01 -4.082413480515E-01  4.055427167416E-01  5.620247643363E-01  4.055427165178E-01  5.620247651564E-01
  6.506280346142E-01 -4.694765728457E-01  4.673388432881E-01  6.476654441523E-01  4.673388430798E-01  6.476654439406E-01
  7.281529926949E-01 -5.254166026223E-01  5.236997651119E-01  7.257736973303E-01  5.236997649742E-01  7.257736988828E-01
  7.849260889447E-01 -5.663826189007E-01  5.649340628099E-01  7.829185936547E-01  5.649340627909E-01  7.829185953461E-01
  8.109284805664E-01 -5.851452805981E-01  5.838105513560E-01  8.090787327945E-01  5.838105513997E-01  8.090787349447E-01
  4.446713534462E-01 -2.286206189833E-01  2.252830817825E-01  4.381797849115E-01  2.252830916989E-01  4.381798008412E-01
  4.731880943238E-01 -2.432820423025E-01  2.401975441700E-01  4.671886895456E-01  2.401975480113E-01  4.671886955938E-01
  5.354509699132E-01 -2.752934976090E-01  2.726777090178E-01  5.303632137036E-01  2.726777095380E-01  5.303632134937E-01
  6.204723469194E-01 -3.190058701001E-01  3.168971186682E-01  6.163707860145E-01  3.168971192238E-01  6.163707872681E-01
  7.135417134193E-01 -3.668559868497E-01  3.651855328845E-01  7.102926504655E-01  3.651855329692E-01  7.102926495719E-01
  7.985630904255E-01 -4.105683593408E-01  4.092267971083E-01  7.959537270069E-01  4.092267968304E-01  7.959537264062E-01
  8.608259660149E-01 -4.425798146473E-01  4.414478918514E-01  8.586243561402E-01  4.414478913270E-01  8.586243541171E-01
  8.893427068925E-01 -4.572412379666E-01  4.561982614416E-01  8.873140989293E-01  4.561982606902E-01  8.873140967034E-01
  4.760893194234E-01 -1.527709394191E-01  1.505407137340E-01  4.691391271927E-01  1.505407067268E-01  4.691391103807E-01
  5.066208921261E-01 -1.625681284201E-01  1.605069827228E-01  5.001976144380E-01  1.605069797249E-01  5.001976097712E-01
  5.732829107945E-01 -1.839591128426E-01  1.822111679437E-01  5.678356836813E-01  1.822111672605E-01  5.678356822461E-01
  6.643114180315E-01 -2.131689900593E-01  2.117598615298E-01  6.599200649558E-01  2.117598614609E-01  6.599200653442E-01
  7.639565402386E-01 -2.451438281979E-01  2.440275819832E-01  7.604779163765E-01  2.440275823855E-01  7.604779158931E-01
  8.549850474757E-01 -2.743537054146E-01  2.734572337805E-01  8.521913192945E-01  2.734572343705E-01  8.521913205346E-01
  9.216470661440E-01 -2.957446898372E-01  2.949883045529E-01  9.192898992728E-01  2.949883057903E-01  9.192899007860E-01
  9.521786388467E-01 -3.055418788382E-01  3.048449298026E-01  9.500066964687E-01  3.048449311218E-01  9.500066985209E-01
  4.935866117780E-01 -7.982641588779E-02  7.866106290907E-02  4.863809544312E-01  7.866106675074E-02  4.863809678105E-01
  5.252402845402E-01 -8.494567801117E-02  8.386867784640E-02  5.185809298411E-01  8.386867924706E-02  5.185809329339E-01
  5.943522737960E-01 -9.612297144970E-02  9.520962857233E-02  5.887048488849E-01  9.520962869279E-02  5.887048480440E-01
  6.887262717609E-01 -1.113858206250E-01  1.106495182169E-01  6.841735265372E-01  1.106495177263E-01  6.841735275475E-01
  7.920335635732E-01 -1.280934270383E-01  1.275101624877E-01  7.884270933019E-01  1.275101622970E-01  7.884270924042E-01
  8.864075615381E-01 -1.433562762137E-01  1.428878500980E-01  8.835111596387E-01  1.428878489678E-01  8.835111592059E-01
  9.555195507939E-01 -1.545335696522E-01  1.541383425127E-01  9.530757561011E-01  1.541383411635E-01  9.530757546090E-01
  9.871732235560E-01 -1.596528317756E-01  1.592886617467E-01  9.849214614334E-01  1.592886601702E-01  9.849214598162E-01
  4.993659121515E-01 -2.517311623718E-02  2.480562795989E-02  4.920759070554E-01  2.480562548919E-02  4.920758988354E-01
  5.313902110175E-01 -2.678746631225E-02  2.644783639606E-02  5.246528846880E-01  2.644783669497E-02  5.246528864834E-01
  6.013114178165E-01 -3.031220563338E-02  3.002418424590E-02  5.955978689451E-01  3.002418464273E-02  5.955978675607E-01
  6.967904207970E-01 -3.512531758546E-02  3.489312582357E-02  6.921843686738E-01  3.489312579471E-02  6.921843694725E-01
  8.013073156575E-01 -4.039403112607E-02  4.021009915537E-02  7.976586173395E-01  4.021009964216E-02  7.976586170867E-01
  8.967863186381E-01 -4.520714307816E-02  4.505942504815E-02  8.938560019478E-01  4.505942539126E-02  8.938560029487E-01
  9.667075254371E-01 -4.873188239929E-02  4.860724678543E-02  9.642351144835E-01  4.860724780841E-02  9.642351153638E-01
  9.987318243030E-01 -5.034623247436E-02  5.023139059391E-02  9.964536938992E-01  5.023139161561E-02  9.964536951417E-01
  5.000000000000E-01  1.387778780781E-17 -2.124239061904E-15  4.927007301846E-01 -1.367519236536E-17  4.927007299270E-01
  5.320649628726E-01  1.476776930944E-17  3.456728838796E-09  5.253190836115E-01 -1.458053354103E-17  5.253190833781E-01
  6.020749546417E-01  1.671093692983E-17 -8.199400707769E-10  5.963541501086E-01 -1.655215268736E-17  5.963541493998E-01
  6.976751955244E-01  1.936437664453E-17  1.547968308082E-10  6.930632947325E-01 -1.923637070468E-17  6.930632955004E-01
  8.023248044756E-01  2.226898677892E-17 -4.653999477388E-10  7.986714734044E-01 -2.216758645641E-17  7.986714728385E-01
  8.979250453583E-01  2.492242649361E-17  2.488583177096E-10  8.949910084492E-01 -2.484099061992E-17  8.949910087951E-01
  9.679350371274E-01  2.686559411401E-17 -5.072875212141E-10  9.654594876866E-01 -2.679688381253E-17  9.654594876224E-01
  1.000000000000E+00  2.775557561563E-17 -1.952933291879E-10  9.977189781187E-01 -2.769226453986E-17  9.977189781022E-01
  1.000000000000E+00  2.775557561563E-17 -1.952933291879E-10  9.977189781187E-01 -2.769226453986E-17  9.977189781022E-01
  1.032064962873E+00  2.953553861887E-17 -2.198370567003E-10  1.029970016915E+00 -2.947558565253E-17  1.029970016957E+00
  1.102074954642E+00  3.342187385967E-17 -2.009618373459E-10  1.100360486596E+00 -3.336988036025E-17  1.100360486633E+00
  1.197675195524E+00  3.872875328905E-17  2.988414763387E-10  1.196432559809E+00 -3.868857066562E-17  1.196432559826E+00
  1.302324804476E+00  4.453797355784E-17  1.661302031630E-09  1.301548609643E+00 -4.451142860745E-17  1.301548609589E+00
  1.397925045358E+00  4.984485298722E-17  2.775126362018E-09  1.397538907986E+00 -4.983108475022E-17  1.397538907930E+00
  1.467935037127E+00  5.373118822801E-17  1.315493681975E-09  1.467816733617E+00 -5.372685793439E-17  1.467816733588E+00
  1.500000000000E+00  5.551115123126E-17 -5.551115123126E-17  1.500000000000E+00 -5.551115123126E-17  1.500000000000E+00
  9.987318243030E-01  5.034623247436E-02 -5.023139281702E-02  9.964536963077E-01 -5.023139161561E-02  9.964536951417E-01
  1.030756123169E+00  5.196058254943E-02 -5.185511128022E-02  1.028663835352E+00 -5.185510991536E-02  1.028663834013E+00
  1.100677329968E+00  5.548532187056E-02 -5.539900663368E-02  1.098965037896E+00 -5.539900486565E-02  1.098965036206E+00
  1.196156332949E+00  6.029843382264E-02 -6.023587389209E-02  1.194915275174E+00 -6.023587179691E-02  1.194915273131E+00
  1.300673227809E+00  6.556714736325E-02 -6.552807073815E-02  1.299898019376E+00 -6.552806887507E-02  1.299898017274E+00
  1.396152230790E+00  7.038025931534E-02 -7.036081960446E-02  1.395766585132E+00 -7.036081875062E-02  1.395766583052E+00
  1.466073437589E+00  7.390499863647E-02 -7.389904254659E-02  1.465955285637E+00 -7.389904249899E-02  1.465955284079E+00
  1.498097736455E+00  7.551934871154E-02 -7.551934871154E-02  1.498097736455E+00 -7.551934871154E-02  1.498097736455E+00
  9.871732235560E-01  1.596528317756E-01 -1.592886586807E-01  9.849214582649E-01 -1.592886601702E-01  9.849214598162E-01
  1.018826896318E+00  1.647720938990E-01 -1.644376281793E-01  1.016758819939E+00 -1.644376298512E-01  1.016758821806E+00
  1.087938885574E+00  1.759493873375E-01 -1.756756656395E-01  1.086246405999E+00 -1.756756676650E-01  1.086246408664E+00
  1.182312883539E+00  1.912122365128E-01 -1.910138438924E-01  1.181086182733E+00 -1.910138462048E-01  1.181086186851E+00
  1.285620175351E+00  2.079198429261E-01 -2.077959193106E-01  1.284853930466E+00 -2.077959212145E-01  1.284853936543E+00
  1.379994173316E+00  2.231826921014E-01 -2.231210432629E-01  1.379612981751E+00 -2.231210441676E-01  1.379612988786E+00
  1.449106162572E+00  2.343599855400E-01 -2.343410979103E-01  1.448989372312E+00 -2.343410980449E-01  1.448989376486E+00
  1.480759835334E+00  2.394792476634E-01 -2.394792476634E-01  1.480759835334E+00 -2.394792476634E-01  1.480759835334E+00
  9.521786388467E-01  3.055418788382E-01 -3.048449321645E-01  9.500067006262E-01 -3.048449311218E-01  9.500066985209E-01
  9.827102115494E-01  3.153390678391E-01 -3.146989753355E-01  9.807154513904E-01 -3.146989741282E-01  9.807154487995E-01
  1.049372230218E+00  3.367300522617E-01 -3.362062121158E-01  1.047739754247E+00 -3.362062104853E-01  1.047739750403E+00
  1.140400737455E+00  3.659399294784E-01 -3.655602544438E-01  1.139217532328E+00 -3.655602522325E-01  1.139217526287E+00
  1.240045859662E+00  3.979147676170E-01 -3.976776103939E-01  1.239306792277E+00 -3.976776075732E-01  1.239306783472E+00
  1.331074366899E+00  4.271246448337E-01 -4.270066664170E-01  1.330706704829E+00 -4.270066636784E-01  1.330706695088E+00
  1.397736385567E+00  4.485156292563E-01 -4.484794840062E-01  1.397623744915E+00 -4.484794825706E-01  1.397623739465E+00
  1.428267958270E+00  4.583128182573E-01 -4.583128182573E-01  1.428267958270E+00 -4.583128182573E-01  1.428267958270E+00
  8.893427068925E-01  4.572412379666E-01 -4.561982601719E-01  8.873140943194E-01 -4.561982606902E-01  8.873140967034E-01
  9.178594477700E-01  4.719026612858E-01 -4.709447649111E-01  9.159963200399E-01 -4.709447656221E-01  9.159963228990E-01
  9.801223233594E-01  5.039141165923E-01 -5.031301898924E-01  9.785975696961E-01 -5.031301911178E-01  9.785975737401E-01
  1.065143700366E+00  5.476264890834E-01 -5.470583024617E-01  1.064038565380E+00 -5.470583047985E-01  1.064038571370E+00
  1.158213066866E+00  5.954766058330E-01 -5.951216935890E-01  1.157522755341E+00 -5.951216975223E-01  1.157522763604E+00
  1.243234443872E+00  6.391889783241E-01 -6.390124155340E-01  1.242891026570E+00 -6.390124203684E-01  1.242891035366E+00
  1.305497319461E+00  6.712004336306E-01 -6.711463375487E-01  1.305392102219E+00 -6.711463403739E-01  1.305392107071E+00
  1.334014060339E+00  6.858618569498E-01 -6.858618569498E-01  1.334014060339E+00 -6.858618569498E-01  1.334014060339E+00
  8.109284805664E-01  5.851452805981E-01 -5.838105514285E-01  8.090787372029E-01 -5.838105513997E-01  8.090787349447E-01
  8.369308721881E-01  6.039079422956E-01 -6.026820946749E-01  8.352320234993E-01 -6.026820945802E-01  8.352320208803E-01
  8.937039684379E-01  6.448739585740E-01 -6.438707460758E-01  8.923136609459E-01 -6.438707457102E-01  8.923136575010E-01
  9.712289265187E-01  7.008139883505E-01 -7.000868670387E-01  9.702212424469E-01 -7.000868659363E-01  9.702212378402E-01
  1.056092274897E+00  7.620492131448E-01 -7.615950290979E-01  1.055462841937E+00 -7.615950263703E-01  1.055462836358E+00
  1.133617232978E+00  8.179892429213E-01 -8.177633006072E-01  1.133304108621E+00 -8.177632964276E-01  1.133304103140E+00
  1.190390329228E+00  8.589552591997E-01 -8.588860372732E-01  1.190294396528E+00 -8.588860344421E-01  1.190294393519E+00
  1.216392720850E+00  8.777179208972E-01 -8.777179208972E-01  1.216392720850E+00 -8.777179208972E-01  1.216392720850E+00
  7.418102079413E-01  6.706098831617E-01 -6.690802071771E-01  7.401181210119E-01 -6.690802073333E-01  7.401181226130E-01
  7.655963247174E-01  6.921129641672E-01 -6.907080725767E-01  7.640422706234E-01 -6.907080727319E-01  7.640422724525E-01
  8.175304512697E-01  7.390623565677E-01 -7.379126172328E-01  8.162586390805E-01 -7.379126173770E-01  8.162586413999E-01
  8.884476858381E-01  8.031728229362E-01 -8.023394989948E-01  8.875258832355E-01 -8.023394991560E-01  8.875258859925E-01
  9.660778340152E-01  8.733518849679E-01 -8.728313607829E-01  9.655020421278E-01 -8.728313610060E-01  9.655020447252E-01
  1.036995068584E+00  9.374623513365E-01 -9.372034029389E-01  1.036708625962E+00 -9.372034037609E-01  1.036708627898E+00
  1.088929195136E+00  9.844117437369E-01 -9.843324071555E-01  1.088841435260E+00 -9.843324082143E-01  1.088841436363E+00
  1.112715311912E+00  1.005914824742E+00 -1.005914824742E+00  1.112715311912E+00 -1.005914824742E+00  1.112715311912E+00
  7.071067811865E-01  7.071067811865E-01 -7.054938552844E-01  7.054938550082E-01 -7.054938551346E-01  7.054938551346E-01
  7.297801338723E-01  7.297801338723E-01 -7.282987835352E-01  7.282987832243E-01 -7.282987834094E-01  7.282987834094E-01
  7.792846738030E-01  7.792846738030E-01 -7.780723619639E-01  7.780723616797E-01 -7.780723618482E-01  7.780723618482E-01
  8.468842524142E-01  8.468842524142E-01 -8.460055760623E-01  8.460055764849E-01 -8.460055762856E-01  8.460055762856E-01
  9.208827005522E-01  9.208827005522E-01 -9.203338467478E-01  9.203338490972E-01 -9.203338478846E-01  9.203338478846E-01
  9.884822791634E-01  9.884822791634E-01 -9.882092368470E-01  9.882092407716E-01 -9.882092387695E-01  9.882092387695E-01
  1.037986819094E+00  1.037986819094E+00 -1.037903164950E+00  1.037903166810E+00 -1.037903165859E+00  1.037903165859E+00
  1.060660171780E+00  1.060660171780E+00 -1.060660171780E+00  1.060660171780E+00 -1.060660171780E+00  1.060660171780E+00
  7.071067811865E-01  7.071067811865E-01 -7.054938552844E-01  7.054938550082E-01 -7.054938551346E-01  7.054938551346E-01
  7.297801338723E-01  7.297801338723E-01 -7.282987835352E-01  7.282987832243E-01 -7.282987834094E-01  7.282987834094E-01
  7.792846738030E-01  7.792846738030E-01 -7.780723619639E-01  7.780723616797E-01 -7.780723618482E-01  7.780723618482E-01
  8.468842524142E-01  8.468842524142E-01 -8.460055760623E-01  8.460055764849E-01 -8.460055762856E-01  8.460055762856E-01
  9.208827005522E-01  9.208827005522E-01 -9.203338467478E-01  9.203338490972E-01 -9.203338478846E-01  9.203338478846E-01
  9.884822791634E-01  9.884822791634E-01 -9.882092368470E-01  9.882092407716E-01 -9.882092387695E-01  9.882092387695E-01
  1.037986819094E+00  1.037986819094E+00 -1.037903164950E+00  1.037903166810E+00 -1.037903165859E+00  1.037903165859E+00
  1.060660171780E+00  1.060660171780E+00 -1.060660171780E+00  1.060660171780E+00 -1.060660171780E+00  1.060660171780E+00
  6.706098831617E-01  7.418102079413E-01 -7.401181242869E-01  6.690802073082E-01 -7.401181226130E-01  6.690802073333E-01
  6.921129641672E-01  7.655963247174E-01 -7.640422743640E-01  6.907080727131E-01 -7.640422724525E-01  6.907080727319E-01
  7.390623565677E-01  8.175304512697E-01 -8.162586438450E-01  7.379126173217E-01 -8.162586413999E-01  7.379126173770E-01
  8.031728229362E-01  8.884476858381E-01 -8.875258889191E-01  8.023394991195E-01 -8.875258859925E-01  8.023394991560E-01
  8.733518849679E-01  9.660778340152E-01 -9.655020475287E-01  8.728313611747E-01 -9.655020447252E-01  8.728313610060E-01
  9.374623513365E-01  1.036995068584E+00 -1.036708629972E+00  9.372034046279E-01 -1.036708627898E+00  9.372034037609E-01
  9.844117437369E-01  1.088929195136E+00 -1.088841437498E+00  9.843324092824E-01 -1.088841436363E+00  9.843324082143E-01
  1.005914824742E+00  1.112715311912E+00 -1.112715311912E+00  1.005914824742E+00 -1.112715311912E+00  1.005914824742E+00
  5.851452805981E-01  8.109284805664E-01 -8.090787327945E-01  5.838105513560E-01 -8.090787349447E-01  5.838105513997E-01
  6.039079422956E-01  8.369308721881E-01 -8.352320183778E-01  6.026820944421E-01 -8.352320208803E-01  6.026820945802E-01
  6.448739585740E-01  8.937039684379E-01 -8.923136541843E-01  6.438707452580E-01 -8.923136575010E-01  6.438707457102E-01
  7.008139883505E-01  9.712289265187E-01 -9.702212332929E-01  7.000868646592E-01 -9.702212378402E-01  7.000868659363E-01
  7.620492131448E-01  1.056092274897E+00 -1.055462830714E+00  7.615950234190E-01 -1.055462836358E+00  7.615950263703E-01
  8.179892429213E-01  1.133617232978E+00 -1.133304097525E+00  8.177632920923E-01 -1.133304103140E+00  8.177632964276E-01
  8.589552591997E-01  1.190390329228E+00 -1.190294390472E+00  8.588860315858E-01 -1.190294393519E+00  8.588860344421E-01
  8.777179208972E-01  1.216392720850E+00 -1.216392720850E+00  8.777179208972E-01 -1.216392720850E+00  8.777179208972E-01
  4.572412379666E-01  8.893427068925E-01 -8.873140989293E-01  4.561982614416E-01 -8.873140967034E-01  4.561982606902E-01
  4.719026612858E-01  9.178594477700E-01 -9.159963255848E-01  4.709447666004E-01 -9.159963228990E-01  4.709447656221E-01
  5.039141165923E-01  9.801223233594E-01 -9.785975776108E-01  5.031301926826E-01 -9.785975737401E-01  5.031301911178E-01
  5.476264890834E-01  1.065143700366E+00 -1.064038577205E+00  5.470583075062E-01 -1.064038571370E+00  5.470583047985E-01
  5.954766058330E-01  1.158213066866E+00 -1.157522771825E+00  5.951217017540E-01 -1.157522763604E+00  5.951216975223E-01
  6.391889783241E-01  1.243234443872E+00 -1.242891044190E+00  6.390124253193E-01 -1.242891035366E+00  6.390124203684E-01
  6.712004336306E-01  1.305497319461E+00 -1.305392111940E+00  6.711463432127E-01 -1.305392107071E+00  6.711463403739E-01
  6.858618569498E-01  1.334014060339E+00 -1.334014060339E+00  6.858618569498E-01 -1.334014060339E+00  6.858618569498E-01
  3.055418788382E-01  9.521786388467E-01 -9.500066964687E-01  3.048449298026E-01 -9.500066985209E-01  3.048449311218E-01
  3.153390678391E-01  9.827102115494E-01 -9.807154462751E-01  3.146989726092E-01 -9.807154487995E-01  3.146989741282E-01
  3.367300522617E-01  1.049372230218E+00 -1.047739746677E+00  3.362062084922E-01 -1.047739750403E+00  3.362062104853E-01
  3.659399294784E-01  1.140400737455E+00 -1.139217520399E+00  3.655602496491E-01 -1.139217526287E+00  3.655602522325E-01
  3.979147676170E-01  1.240045859662E+00 -1.239306774848E+00  3.976776045116E-01 -1.239306783472E+00  3.976776075732E-01
  4.271246448337E-01  1.331074366899E+00 -1.330706685450E+00  4.270066608768E-01 -1.330706695088E+00  4.270066636784E-01
  4.485156292563E-01  1.397736385567E+00 -1.397623734036E+00  4.484794811372E-01 -1.397623739465E+00  4.484794825706E-01
  4.583128182573E-01  1.428267958270E+00 -1.428267958270E+00  4.583128182573E-01 -1.428267958270E+00  4.583128182573E-01
  1.596528317756E-01  9.871732235560E-01 -9.849214614334E-01  1.592886617467E-01 -9.849214598162E-01  1.592886601702E-01
  1.647720938990E-01  1.018826896318E+00 -1.016758823725E+00  1.644376316362E-01 -1.016758821806E+00  1.644376298512E-01
  1.759493873375E-01  1.087938885574E+00 -1.086246411358E+00  1.756756698424E-01 -1.086246408664E+00  1.756756676650E-01
  1.912122365128E-01  1.182312883539E+00 -1.181086190888E+00  1.910138486827E-01 -1.181086186851E+00  1.910138462048E-01
  2.079198429261E-01  1.285620175351E+00 -1.284853942417E+00  2.077959232307E-01 -1.284853936543E+00  2.077959212145E-01
  2.231826921014E-01  1.379994173316E+00 -1.379612995617E+00  2.231210450878E-01 -1.379612988786E+00  2.231210441676E-01
  2.343599855400E-01  1.449106162572E+00 -1.448989380615E+00  2.343410981706E-01 -1.448989376486E+00  2.343410980449E-01
  2.394792476634E-01  1.480759835334E+00 -1.480759835334E+00  2.394792476634E-01 -1.480759835334E+00  2.394792476634E-01
  5.034623247436E-02  9.987318243030E-01 -9.964536938992E-01  5.023139059391E-02 -9.964536951417E-01  5.023139161561E-02
  5.196058254943E-02  1.030756123169E+00 -1.028663832610E+00  5.185510873167E-02 -1.028663834013E+00  5.185510991536E-02
  5.548532187056E-02  1.100677329968E+00 -1.098965034464E+00  5.539900332745E-02 -1.098965036206E+00  5.539900486565E-02
  6.029843382264E-02  1.196156332949E+00 -1.194915271067E+00  6.023586996136E-02 -1.194915273131E+00  6.023587179691E-02
  6.556714736325E-02  1.300673227809E+00 -1.299898015280E+00  6.552806719614E-02 -1.299898017274E+00  6.552806887507E-02
  7.038025931534E-02  1.396152230790E+00 -1.395766581102E+00  7.036081796318E-02 -1.395766583052E+00  7.036081875062E-02
  7.390499863647E-02  1.466073437589E+00 -1.465955282551E+00  7.389904246807E-02 -1.465955284079E+00  7.389904249899E-02
  7.551934871154E-02  1.498097736455E+00 -1.498097736455E+00  7.551934871154E-02 -1.498097736455E+00  7.551934871154E-02
  6.123233995737E-17  1.000000000000E+00 -9.977189781187E-01 -1.952931857825E-10 -9.977189781022E-01  6.109266764907E-17
  7.031560467768E-17  1.032064962873E+00 -1.029970016915E+00 -2.198368848204E-10 -1.029970016957E+00  7.017287394455E-17
  9.014782125728E-17  1.102074954642E+00 -1.100360486596E+00 -2.009616884834E-10 -1.100360486633E+00  9.000758074559E-17
  1.172291654245E-16  1.197675195524E+00 -1.196432559809E+00  2.988414151091E-10 -1.196432559826E+00  1.171075354982E-16
  1.468739869314E-16  1.302324804476E+00 -1.301548609643E+00  1.661301894058E-09 -1.301548609589E+00  1.467864489860E-16
  1.739553310987E-16  1.397925045358E+00 -1.397538907986E+00  2.775126470495E-09 -1.397538907930E+00  1.739072808370E-16
  1.937875476782E-16  1.467935037127E+00 -1.467816733617E+00  1.315493859691E-09 -1.467816733588E+00  1.937719299893E-16
  2.028708123986E-16  1.500000000000E+00 -1.500000000000E+00  2.028708123986E-16 -1.500000000000E+00  2.028708123986E-16
  6.123233995737E-17  1.000000000000E+00 -9.977189781187E-01 -1.952931857825E-10 -9.977189781022E-01  6.109266764907E-17
  7.031560467768E-17  1.032064962873E+00 -1.029970016915E+00 -2.198368848204E-10 -1.029970016957E+00  7.017287394455E-17
  9.014782125728E-17  1.102074954642E+00 -1.100360486596E+00 -2.009616884834E-10 -1.100360486633E+00  9.000758074559E-17
  1.172291654245E-16  1.197675195524E+00 -1.196432559809E+00  2.988414151091E-10 -1.196432559826E+00  1.171075354982E-16
  1.468739869314E-16  1.302324804476E+00 -1.301548609643E+00  1.661301894058E-09 -1.301548609589E+00  1.467864489860E-16
  1.739553310987E-16  1.397925045358E+00 -1.397538907986E+00  2.775126470495E-09 -1.397538907930E+00  1.739072808370E-16
  1.937875476782E-16  1.467935037127E+00 -1.467816733617E+00  1.315493859691E-09 -1.467816733588E+00  1.937719299893E-16
  2.028708123986E-16  1.500000000000E+00 -1.500000000000E+00  2.028708123986E-16 -1.500000000000E+00  2.028708123986E-16
 -5.034623247436E-02  9.987318243030E-01 -9.964536963077E-01 -5.023139281702E-02 -9.964536951417E-01 -5.023139161561E-02
 -5.196058254943E-02  1.030756123169E+00 -1.028663835352E+00 -5.185511128022E-02 -1.028663834013E+00 -5.185510991536E-02
 -5.548532187056E-02  1.100677329968E+00 -1.098965037896E+00 -5.539900663368E-02 -1.098965036206E+00 -5.539900486565E-02
 -6.029843382264E-02  1.196156332949E+00 -1.194915275174E+00 -6.023587389209E-02 -1.194915273131E+00 -6.023587179691E-02
 -6.556714736325E-02  1.300673227809E+00 -1.299898019376E+00 -6.552807073815E-02 -1.299898017274E+00 -6.552806887507E-02
 -7.038025931534E-02  1.396152230790E+00 -1.395766585132E+00 -7.036081960446E-02 -1.395766583052E+00 -7.036081875062E-02
 -7.390499863647E-02  1.466073437589E+00 -1.465955285637E+00 -7.389904254659E-02 -1.465955284079E+00 -7.389904249899E-02
 -7.551934871154E-02  1.498097736455E+00 -1.498097736455E+00 -7.551934871154E-02 -1.498097736455E+00 -7.551934871154E-02
 -1.596528317756E-01  9.871732235560E-01 -9.849214582649E-01 -1.592886586807E-01 -9.849214598162E-01 -1.592886601702E-01
 -1.647720938990E-01  1.018826896318E+00 -1.016758819939E+00 -1.644376281793E-01 -1.016758821806E+00 -1.644376298512E-01
 -1.759493873375E-01  1.087938885574E+00 -1.086246405999E+00 -1.756756656395E-01 -1.086246408664E+00 -1.756756676650E-01
 -1.912122365128E-01  1.182312883539E+00 -1.181086182733E+00 -1.910138438924E-01 -1.181086186851E+00 -1.910138462048E-01
 -2.079198429261E-01  1.285620175351E+00 -1.284853930466E+00 -2.077959193106E-01 -1.284853936543E+00 -2.077959212145E-01
 -2.231826921014E-01  1.379994173316E+00 -1.379612981751E+00 -2.231210432629E-01 -1.379612988786E+00 -2.231210441676E-01
 -2.343599855400E-01  1.449106162572E+00 -1.448989372312E+00 -2.343410979103E-01 -1.448989376486E+00 -2.343410980449E-01
 -2.394792476634E-01  1.480759835334E+00 -1.480759835334E+00 -2.394792476634E-01 -1.480759835334E+00 -2.394792476634E-01
 -3.055418788382E-01  9.521786388467E-01 -9.500067006262E-01 -3.048449321644E-01 -9.500066985209E-01 -3.048449311218E-01
 -3.153390678391E-01  9.827102115494E-01 -9.807154513904E-01 -3.146989753355E-01 -9.807154487995E-01 -3.146989741282E-01
 -3.367300522617E-01  1.049372230218E+00 -1.047739754247E+00 -3.362062121158E-01 -1.047739750403E+00 -3.362062104853E-01
 -3.659399294784E-01  1.140400737455E+00 -1.139217532328E+00 -3.655602544438E-01 -1.139217526287E+00 -3.655602522325E-01
 -3.979147676170E-01  1.240045859662E+00 -1.239306792277E+00 -3.976776103939E-01 -1.239306783472E+00 -3.976776075732E-01
 -4.271246448337E-01  1.331074366899E+00 -1.330706704829E+00 -4.270066664170E-01 -1.330706695088E+00 -4.270066636784E-01
 -4.485156292563E-01  1.397736385567E+00 -1.397623744915E+00 -4.484794840062E-01 -1.397623739465E+00 -4.484794825706E-01
 -4.583128182573E-01  1.428267958270E+00 -1.428267958270E+00 -4.583128182573E-01 -1.428267958270E+00 -4.583128182573E-01
 -4.572412379666E-01  8.893427068925E-01 -8.873140943194E-01 -4.561982601719E-01 -8.873140967034E-01 -4.561982606902E-01
 -4.719026612858E-01  9.178594477700E-01 -9.159963200399E-01 -4.709447649111E-01 -9.159963228990E-01 -4.709447656221E-01
 -5.039141165923E-01  9.801223233594E-01 -9.785975696961E-01 -5.031301898924E-01 -9.785975737401E-01 -5.031301911178E-01
 -5.476264890834E-01  1.065143700366E+00 -1.064038565380E+00 -5.470583024617E-01 -1.064038571370E+00 -5.470583047985E-01
 -5.954766058330E-01  1.158213066866E+00 -1.157522755341E+00 -5.951216935890E-01 -1.157522763604E+00 -5.951216975223E-01
 -6.391889783241E-01  1.243234443872E+00 -1.242891026570E+00 -6.390124155340E-01 -1.242891035366E+00 -6.390124203684E-01
 -6.712004336306E-01  1.305497319461E+00 -1.305392102219E+00 -6.711463375487E-01 -1.305392107071E+00 -6.711463403739E-01
 -6.858618569498E-01  1.334014060339E+00 -1.334014060339E+00 -6.858618569498E-01 -1.334014060339E+00 -6.858618569498E-01
 -5.851452805981E-01  8.109284805664E-01 -8.090787372029E-01 -5.838105514285E-01 -8.090787349447E-01 -5.838105513997E-01
 -6.039079422956E-01  8.369308721881E-01 -8.352320234993E-01 -6.026820946749E-01 -8.352320208803E-01 -6.026820945802E-01
 -6.448739585740E-01  8.937039684379E-01 -8.923136609459E-01 -6.438707460758E-01 -8.923136575010E-01 -6.438707457102E-01
 -7.008139883505E-01  9.712289265187E-01 -9.702212424469E-01 -7.000868670387E-01 -9.702212378402E-01 -7.000868659363E-01
 -7.620492131448E-01  1.056092274897E+00 -1.055462841937E+00 -7.615950290979E-01 -1.055462836358E+00 -7.615950263703E-01
 -8.179892429213E-01  1.133617232978E+00 -1.133304108621E+00 -8.177633006072E-01 -1.133304103140E+00 -8.177632964276E-01
 -8.589552591997E-01  1.190390329228E+00 -1.190294396528E+00 -8.588860372732E-01 -1.190294393519E+00 -8.588860344421E-01
 -8.777179208972E-01  1.216392720850E+00 -1.216392720850E+00 -8.777179208972E-01 -1.216392720850E+00 -8.777179208972E-01
 -6.706098831617E-01  7.418102079413E-01 -7.401181210119E-01 -6.690802071771E-01 -7.401181226130E-01 -6.690802073333E-01
 -6.921129641672E-01  7.655963247174E-01 -7.640422706234E-01 -6.907080725767E-01 -7.640422724525E-01 -6.907080727319E-01
 -7.390623565677E-01  8.175304512697E-01 -8.162586390805E-01 -7.379126172328E-01 -8.162586413999E-01 -7.379126173770E-01
 -8.031728229362E-01  8.884476858381E-01 -8.875258832355E-01 -8.023394989948E-01 -8.875258859925E-01 -8.023394991560E-01
 -8.733518849679E-01  9.660778340152E-01 -9.655020421278E-01 -8.728313607829E-01 -9.655020447252E-01 -8.728313610060E-01
 -9.374623513365E-01  1.036995068584E+00 -1.036708625962E+00 -9.372034029389E-01 -1.036708627898E+00 -9.372034037609E-01
 -9.844117437369E-01  1.088929195136E+00 -1.088841435260E+00 -9.843324071555E-01 -1.088841436363E+00 -9.843324082143E-01
 -1.005914824742E+00  1.112715311912E+00 -1.112715311912E+00 -1.005914824742E+00 -1.112715311912E+00 -1.005914824742E+00
 -7.071067811865E-01  7.071067811865E-01 -7.054938550082E-01 -7.054938552844E-01 -7.054938551346E-01 -7.054938551346E-01
 -7.297801338723E-01  7.297801338723E-01 -7.282987832243E-01 -7.282987835352E-01 -7.282987834094E-01 -7.282987834094E-01
 -7.792846738030E-01  7.792846738030E-01 -7.780723616797E-01 -7.780723619639E-01 -7.780723618482E-01 -7.780723618482E-01
 -8.468842524142E-01  8.468842524142E-01 -8.460055764849E-01 -8.460055760623E-01 -8.460055762856E-01 -8.460055762856E-01
 -9.208827005522E-01  9.208827005522E-01 -9.203338490972E-01 -9.203338467478E-01 -9.203338478846E-01 -9.203338478846E-01
 -9.884822791634E-01  9.884822791634E-01 -9.882092407716E-01 -9.882092368470E-01 -9.882092387695E-01 -9.882092387695E-01
 -1.037986819094E+00  1.037986819094E+00 -1.037903166810E+00 -1.037903164950E+00 -1.037903165859E+00 -1.037903165859E+00
 -1.060660171780E+00  1.060660171780E+00 -1.060660171780E+00 -1.060660171780E+00 -1.060660171780E+00 -1.060660171780E+00
 -7.071067811865E-01  7.071067811865E-01 -7.054938550082E-01 -7.054938552844E-01 -7.054938551346E-01 -7.054938551346E-01
 -7.297801338723E-01  7.297801338723E-01 -7.282987832243E-01 -7.282987835352E-01 -7.282987834094E-01 -7.282987834094E-01
 -7.792846738030E-01  7.792846738030E-01 -7.780723616797E-01 -7.780723619639E-01 -7.780723618482E-01 -7.780723618482E-01
 -8.468842524142E-01  8.468842524142E-01 -8.460055764849E-01 -8.460055760623E-01 -8.460055762856E-01 -8.460055762856E-01
 -9.208827005522E-01  9.208827005522E-01 -9.203338490972E-01 -9.203338467478E-01 -9.203338478846E-01 -9.203338478846E-01
 -9.884822791634E-01  9.884822791634E-01 -9.882092407716E-01 -9.882092368470E-01 -9.882092387695E-01 -9.882092387695E-01
 -1.037986819094E+00  1.037986819094E+00 -1.037903166810E+00 -1.037903164950E+00 -1.037903165859E+00 -1.037903165859E+00
 -1.060660171780E+00  1.060660171780E+00 -1.060660171780E+00 -1.060660171780E+00 -1.060660171780E+00 -1.060660171780E+00
 -7.418102079413E-01  6.706098831617E-01 -6.690802073082E-01 -7.401181242869E-01 -6.690802073333E-01 -7.401181226130E-01
 -7.655963247174E-01  6.921129641672E-01 -6.907080727131E-01 -7.640422743640E-01 -6.907080727319E-01 -7.640422724525E-01
 -8.175304512697E-01  7.390623565677E-01 -7.379126173217E-01 -8.162586438450E-01 -7.379126173770E-01 -8.162586413999E-01
 -8.884476858381E-01  8.031728229362E-01 -8.023394991195E-01 -8.875258889191E-01 -8.023394991560E-01 -8.875258859925E-01
 -9.660778340152E-01  8.733518849679E-01 -8.728313611747E-01 -9.655020475287E-01 -8.728313610060E-01 -9.655020447252E-01
 -1.036995068584E+00  9.374623513365E-01 -9.372034046279E-01 -1.036708629972E+00 -9.372034037609E-01 -1.036708627898E+00
 -1.088929195136E+00  9.844117437369E-01 -9.843324092824E-01 -1.088841437498E+00 -9.843324082143E-01 -1.088841436363E+00
 -1.112715311912E+00  1.005914824742E+00 -1.005914824742E+00 -1.112715311912E+00 -1.005914824742E+00 -1.112715311912E+00
 -8.109284805664E-01  5.851452805981E-01 -5.838105513560E-01 -8.090787327945E-01 -5.838105513997E-01 -8.090787349447E-01
 -8.369308721881E-01  6.039079422956E-01 -6.026820944421E-01 -8.352320183778E-01 -6.026820945802E-01 -8.352320208803E-01
 -8.937039684379E-01  6.448739585740E-01 -6.438707452580E-01 -8.923136541843E-01 -6.438707457102E-01 -8.923136575010E-01
 -9.712289265187E-01  7.008139883505E-01 -7.000868646592E-01 -9.702212332929E-01 -7.000868659363E-01 -9.702212378402E-01
 -1.056092274897E+00  7.620492131448E-01 -7.615950234190E-01 -1.055462830714E+00 -7.615950263703E-01 -1.055462836358E+00
 -1.133617232978E+00  8.179892429213E-01 -8.177632920923E-01 -1.133304097525E+00 -8.177632964276E-01 -1.133304103140E+00
 -1.190390329228E+00  8.589552591997E-01 -8.588860315858E-01 -1.190294390472E+00 -8.588860344421E-01 -1.190294393519E+00
 -1.216392720850E+00  8.777179208972E-01 -8.777179208972E-01 -1.216392720850E+00 -8.777179208972E-01 -1.216392720850E+00
 -8.893427068925E-01  4.572412379666E-01 -4.561982614416E-01 -8.873140989293E-01 -4.561982606902E-01 -8.873140967034E-01
 -9.178594477700E-01  4.719026612858E-01 -4.709447666004E-01 -9.159963255848E-01 -4.709447656221E-01 -9.159963228990E-01
 -9.801223233594E-01  5.039141165923E-01 -5.031301926826E-01 -9.785975776108E-01 -5.031301911178E-01 -9.785975737401E-01
 -1.065143700366E+00  5.476264890834E-01 -5.470583075062E-01 -1.064038577205E+00 -5.470583047985E-01 -1.064038571370E+00
 -1.158213066866E+00  5.954766058330E-01 -5.951217017540E-01 -1.157522771825E+00 -5.951216975223E-01 -1.157522763604E+00
 -1.243234443872E+00  6.391889783241E-01 -6.390124253193E-01 -1.242891044190E+00 -6.390124203684E-01 -1.242891035366E+00
 -1.305497319461E+00  6.712004336306E-01 -6.711463432127E-01 -1.305392111940E+00 -6.711463403739E-01 -1.305392107071E+00
 -1.334014060339E+00  6.858618569498E-01 -6.858618569498E-01 -1.334014060339E+00 -6.858618569498E-01 -1.334014060339E+00
 -9.521786388467E-01  3.055418788382E-01 -3.048449298026E-01 -9.500066964687E-01 -3.048449311218E-01 -9.500066985209E-01
 -9.827102115494E-01  3.153390678391E-01 -3.146989726092E-01 -9.807154462751E-01 -3.146989741282E-01 -9.807154487995E-01
 -1.049372230218E+00  3.367300522617E-01 -3.362062084922E-01 -1.047739746677E+00 -3.362062104853E-01 -1.047739750403E+00
 -1.140400737455E+00  3.659399294784E-01 -3.655602496491E-01 -1.139217520399E+00 -3.655602522325E-01 -1.139217526287E+00
 -1.240045859662E+00  3.979147676170E-01 -3.976776045116E-01 -1.239306774848E+00 -3.976776075732E-01 -1.239306783472E+00
 -1.331074366899E+00  4.271246448337E-01 -4.270066608768E-01 -1.330706685450E+00 -4.270066636784E-01 -1.330706695088E+00
 -1.397736385567E+00  4.485156292563E-01 -4.484794811372E-01 -1.397623734036E+00 -4.484794825706E-01 -1.397623739465E+00
 -1.428267958270E+00  4.583128182573E-01 -4.583128182573E-01 -1.428267958270E+00 -4.583128182573E-01 -1.428267958270E+00
 -9.871732235560E-01  1.596528317756E-01 -1.592886617467E-01 -9.849214614334E-01 -1.592886601702E-01 -9.849214598162E-01
 -1.018826896318E+00  1.647720938990E-01 -1.644376316362E-01 -1.016758823725E+00 -1.644376298512E-01 -1.016758821806E+00
 -1.087938885574E+00  1.759493873375E-01 -1.756756698424E-01 -1.086246411358E+00 -1.756756676650E-01 -1.086246408664E+00
 -1.182312883539E+00  1.912122365128E-01 -1.910138486827E-01 -1.181086190888E+00 -1.910138462048E-01 -1.181086186851E+00
 -1.285620175351E+00  2.079198429261E-01 -2.077959232307E-01 -1.284853942417E+00 -2.077959212145E-01 -1.284853936543E+00
 -1.379994173316E+00  2.231826921014E-01 -2.231210450878E-01 -1.379612995617E+00 -2.231210441676E-01 -1.379612988786E+00
 -1.449106162572E+00  2.343599855400E-01 -2.343410981706E-01 -1.448989380615E+00 -2.343410980449E-01 -1.448989376486E+00
 -1.480759835334E+00  2.394792476634E-01 -2.394792476634E-01 -1.480759835334E+00 -2.394792476634E-01 -1.480759835334E+00
 -9.987318243030E-01  5.034623247436E-02 -5.023139059391E-02 -9.964536938992E-01 -5.023139161561E-02 -9.964536951417E-01
 -1.030756123169E+00  5.196058254943E-02 -5.185510873167E-02 -1.028663832610E+00 -5.185510991536E-02 -1.028663834013E+00
 -1.100677329968E+00  5.548532187056E-02 -5.539900332745E-02 -1.098965034464E+00 -5.539900486565E-02 -1.098965036206E+00
 -1.196156332949E+00  6.029843382265E-02 -6.023586996136E-02 -1.194915271067E+00 -6.023587179691E-02 -1.194915273131E+00
 -1.300673227809E+00  6.556714736326E-02 -6.552806719614E-02 -1.299898015280E+00 -6.552806887507E-02 -1.299898017274E+00
 -1.396152230790E+00  7.038025931534E-02 -7.036081796318E-02 -1.395766581102E+00 -7.036081875062E-02 -1.395766583052E+00
 -1.466073437589E+00  7.390499863647E-02 -7.389904246807E-02 -1.465955282551E+00 -7.389904249899E-02 -1.465955284079E+00
 -1.498097736455E+00  7.551934871154E-02 -7.551934871154E-02 -1.498097736455E+00 -7.551934871154E-02 -1.498097736455E+00
 -1.000000000000E+00  1.665334536938E-16  1.952934458129E-10 -9.977189781187E-01 -1.661535872392E-16 -9.977189781022E-01
 -1.032064962873E+00  1.807731577197E-16  2.198370053406E-10 -1.029970016915E+00 -1.804062137754E-16 -1.029970016957E+00
 -1.102074954642E+00  2.118638396461E-16  2.009617127541E-10 -1.100360486596E+00 -2.115342488377E-16 -1.100360486633E+00
 -1.197675195524E+00  2.543188750812E-16 -2.988416709810E-10 -1.196432559809E+00 -2.540550091231E-16 -1.196432559826E+00
 -1.302324804476E+00  3.007926372314E-16 -1.661302389971E-09 -1.301548609643E+00 -3.006133626710E-16 -1.301548609589E+00
 -1.397925045358E+00  3.432476726665E-16 -2.775126845529E-09 -1.397538907986E+00 -3.431528601628E-16 -1.397538907930E+00
 -1.467935037127E+00  3.743383545928E-16 -1.315494060720E-09 -1.467816733617E+00 -3.743081859879E-16 -1.467816733588E+00
 -1.500000000000E+00  3.885780586188E-16 -3.885780586188E-16 -1.500000000000E+00 -3.885780586188E-16 -1.500000000000E+00
 -1.000000000000E+00  1.665334536938E-16  1.952934458129E-10 -9.977189781187E-01 -1.661535872392E-16 -9.977189781022E-01
 -1.032064962873E+00  1.807731577197E-16  2.198370053406E-10 -1.029970016915E+00 -1.804062137754E-16 -1.029970016957E+00
 -1.102074954642E+00  2.118638396461E-16  2.009617127541E-10 -1.100360486596E+00 -2.115342488377E-16 -1.100360486633E+00
 -1.197675195524E+00  2.543188750812E-16 -2.988416709810E-10 -1.196432559809E+00 -2.540550091231E-16 -1.196432559826E+00
 -1.302324804476E+00  3.007926372314E-16 -1.661302389971E-09 -1.301548609643E+00 -3.006133626710E-16 -1.301548609589E+00
 -1.397925045358E+00  3.432476726665E-16 -2.775126845529E-09 -1.397538907986E+00 -3.431528601628E-16 -1.397538907930E+00
 -1.467935037127E+00  3.743383545928E-16 -1.315494060720E-09 -1.467816733617E+00 -3.743081859879E-16 -1.467816733588E+00
 -1.500000000000E+00  3.885780586188E-16 -3.885780586188E-16 -1.500000000000E+00 -3.885780586188E-16 -1.500000000000E+00
 -9.987318243030E-01 -5.034623247436E-02  5.023139281702E-02 -9.964536963077E-01  5.023139161561E-02 -9.964536951417E-01
 -1.030756123169E+00 -5.196058254943E-02  5.185511128022E-02 -1.028663835352E+00  5.185510991536E-02 -1.028663834013E+00
 -1.100677329968E+00 -5.548532187056E-02  5.539900663369E-02 -1.098965037896E+00  5.539900486565E-02 -1.098965036206E+00
 -1.196156332949E+00 -6.029843382264E-02  6.023587389209E-02 -1.194915275174E+00  6.023587179691E-02 -1.194915273131E+00
 -1.300673227809E+00 -6.556714736325E-02  6.552807073815E-02 -1.299898019376E+00  6.552806887507E-02 -1.299898017274E+00
 -1.396152230790E+00 -7.038025931534E-02  7.036081960446E-02 -1.395766585132E+00  7.036081875062E-02 -1.395766583052E+00
 -1.466073437589E+00 -7.390499863647E-02  7.389904254659E-02 -1.465955285637E+00  7.389904249899E-02 -1.465955284079E+00
 -1.498097736455E+00 -7.551934871154E-02  7.551934871154E-02 -1.498097736455E+00  7.551934871154E-02 -1.498097736455E+00
 -9.871732235560E-01 -1.596528317756E-01  1.592886586807E-01 -9.849214582649E-01  1.592886601702E-01 -9.849214598162E-01
 -1.018826896318E+00 -1.647720938990E-01  1.644376281793E-01 -1.016758819939E+00  1.644376298512E-01 -1.016758821806E+00
 -1.087938885574E+00 -1.759493873375E-01  1.756756656395E-01 -1.086246405999E+00  1.756756676650E-01 -1.086246408664E+00
 -1.182312883539E+00 -1.912122365128E-01  1.910138438924E-01 -1.181086182733E+00  1.910138462048E-01 -1.181086186851E+00
 -1.285620175351E+00 -2.079198429261E-01  2.077959193106E-01 -1.284853930466E+00  2.077959212145E-01 -1.284853936543E+00
 -1.379994173316E+00 -2.231826921014E-01  2.231210432629E-01 -1.379612981751E+00  2.231210441676E-01 -1.379612988786E+00
 -1.449106162572E+00 -2.343599855400E-01  2.343410979103E-01 -1.448989372312E+00  2.343410980449E-01 -1.448989376486E+00
 -1.480759835334E+00 -2.394792476634E-01  2.394792476634E-01 -1.480759835334E+00  2.394792476634E-01 -1.480759835334E+00
 -9.521786388467E-01 -3.055418788382E-01  3.048449321645E-01 -9.500067006262E-01  3.048449311218E-01 -9.500066985209E-01
 -9.827102115494E-01 -3.153390678391E-01  3.146989753355E-01 -9.807154513904E-01  3.146989741282E-01 -9.807154487995E-01
 -1.049372230218E+00 -3.367300522617E-01  3.362062121158E-01 -1.047739754247E+00  3.362062104853E-01 -1.047739750403E+00
 -1.140400737455E+00 -3.659399294784E-01  3.655602544438E-01 -1.139217532328E+00  3.655602522325E-01 -1.139217526287E+00
 -1.240045859662E+00 -3.979147676170E-01  3.976776103939E-01 -1.239306792277E+00  3.976776075732E-01 -1.239306783472E+00
 -1.331074366899E+00 -4.271246448337E-01  4.270066664170E-01 -1.330706704829E+00  4.270066636784E-01 -1.330706695088E+00
 -1.397736385567E+00 -4.485156292563E-01  4.484794840062E-01 -1.397623744915E+00  4.484794825706E-01 -1.397623739465E+00
 -1.428267958270E+00 -4.583128182573E-01  4.583128182573E-01 -1.428267958270E+00  4.583128182573E-01 -1.428267958270E+00
 -8.893427068925E-01 -4.572412379666E-01  4.561982601719E-01 -8.873140943194E-01  4.561982606902E-01 -8.873140967034E-01
 -9.178594477700E-01 -4.719026612858E-01  4.709447649111E-01 -9.159963200399E-01  4.709447656221E-01 -9.159963228990E-01
 -9.801223233594E-01 -5.039141165923E-01  5.031301898924E-01 -9.785975696961E-01  5.031301911178E-01 -9.785975737401E-01
 -1.065143700366E+00 -5.476264890834E-01  5.470583024617E-01 -1.064038565380E+00  5.470583047985E-01 -1.064038571370E+00
 -1.158213066866E+00 -5.954766058330E-01  5.951216935890E-01 -1.157522755341E+00  5.951216975223E-01 -1.157522763604E+00
 -1.243234443872E+00 -6.391889783241E-01  6.390124155340E-01 -1.242891026570E+00  6.390124203684E-01 -1.242891035366E+00
 -1.305497319461E+00 -6.712004336306E-01  6.711463375487E-01 -1.305392102219E+00  6.711463403739E-01 -1.305392107071E+00
 -1.334014060339E+00 -6.858618569498E-01  6.858618569498E-01 -1.334014060339E+00  6.858618569498E-01 -1.334014060339E+00
 -8.109284805664E-01 -5.851452805981E-01  5.838105514285E-01 -8.090787372029E-01  5.838105513997E-01 -8.090787349447E-01
 -8.369308721881E-01 -6.039079422956E-01  6.026820946749E-01 -8.352320234993E-01  6.026820945802E-01 -8.352320208803E-01
 -8.937039684379E-01 -6.448739585740E-01  6.438707460758E-01 -8.923136609459E-01  6.438707457102E-01 -8.923136575010E-01
 -9.712289265187E-01 -7.008139883505E-01  7.000868670387E-01 -9.702212424469E-01  7.000868659363E-01 -9.702212378402E-01
 -1.056092274897E+00 -7.620492131448E-01  7.615950290979E-01 -1.055462841937E+00  7.615950263703E-01 -1.055462836358E+00
 -1.133617232978E+00 -8.179892429213E-01  8.177633006072E-01 -1.133304108621E+00  8.177632964276E-01 -1.133304103140E+00
 -1.190390329228E+00 -8.589552591997E-01  8.588860372732E-01 -1.190294396528E+00  8.588860344421E-01 -1.190294393519E+00
 -1.216392720850E+00 -8.777179208972E-01  8.777179208972E-01 -1.216392720850E+00  8.777179208972E-01 -1.216392720850E+00
 -7.418102079413E-01 -6.706098831617E-01  6.690802071771E-01 -7.401181210119E-01  6.690802073333E-01 -7.401181226130E-01
 -7.655963247174E-01 -6.921129641672E-01  6.907080725767E-01 -7.640422706234E-01  6.907080727319E-01 -7.640422724525E-01
 -8.175304512697E-01 -7.390623565677E-01  7.379126172328E-01 -8.162586390805E-01  7.379126173770E-01 -8.162586413999E-01
 -8.884476858381E-01 -8.031728229362E-01  8.023394989948E-01 -8.875258832355E-01  8.023394991560E-01 -8.875258859925E-01
 -9.660778340152E-01 -8.733518849679E-01  8.728313607829E-01 -9.655020421278E-01  8.728313610060E-01 -9.655020447252E-01
 -1.036995068584E+00 -9.374623513365E-01  9.372034029389E-01 -1.036708625962E+00  9.372034037609E-01 -1.036708627898E+00
 -1.088929195136E+00 -9.844117437369E-01  9.843324071555E-01 -1.088841435260E+00  9.843324082143E-01 -1.088841436363E+00
 -1.112715311912E+00 -1.005914824742E+00  1.005914824742E+00 -1.112715311912E+00  1.005914824742E+00 -1.112715311912E+00
 -7.071067811865E-01 -7.071067811865E-01  7.054938552844E-01 -7.054938550082E-01  7.054938551346E-01 -7.054938551346E-01
 -7.297801338723E-01 -7.297801338723E-01  7.282987835352E-01 -7.282987832243E-01  7.282987834094E-01 -7.282987834094E-01
 -7.792846738030E-01 -7.792846738030E-01  7.780723619639E-01 -7.780723616797E-01  7.780723618482E-01 -7.780723618482E-01
 -8.468842524142E-01 -8.468842524142E-01  8.460055760623E-01 -8.460055764849E-01  8.460055762856E-01 -8.460055762856E-01
 -9.208827005522E-01 -9.208827005522E-01  9.203338467478E-01 -9.203338490972E-01  9.203338478846E-01 -9.203338478846E-01
 -9.884822791634E-01 -9.884822791634E-01  9.882092368470E-01 -9.882092407716E-01  9.882092387695E-01 -9.882092387695E-01
 -1.037986819094E+00 -1.037986819094E+00  1.037903164950E+00 -1.037903166810E+00  1.037903165859E+00 -1.037903165859E+00
 -1.060660171780E+00 -1.060660171780E+00  1.060660171780E+00 -1.060660171780E+00  1.060660171780E+00 -1.060660171780E+00
 -7.071067811865E-01 -7.071067811865E-01  7.054938552844E-01 -7.054938550082E-01  7.054938551346E-01 -7.054938551346E-01
 -7.297801338723E-01 -7.297801338723E-01  7.282987835352E-01 -7.282987832243E-01  7.282987834094E-01 -7.282987834094E-01
 -7.792846738030E-01 -7.792846738030E-01  7.780723619639E-01 -7.780723616797E-01  7.780723618482E-01 -7.780723618482E-01
 -8.468842524142E-01 -8.468842524142E-01  8.460055760623E-01 -8.460055764849E-01  8.460055762856E-01 -8.460055762856E-01
 -9.208827005522E-01 -9.208827005522E-01  9.203338467478E-01 -9.203338490972E-01  9.203338478846E-01 -9.203338478846E-01
 -9.884822791634E-01 -9.884822791634E-01  9.882092368470E-01 -9.882092407716E-01  9.882092387695E-01 -9.882092387695E-01
 -1.037986819094E+00 -1.037986819094E+00  1.037903164950E+00 -1.037903166810E+00  1.037903165859E+00 -1.037903165859E+00
 -1.060660171780E+00 -1.060660171780E+00  1.060660171780E+00 -1.060660171780E+00  1.060660171780E+00 -1.060660171780E+00
 -6.706098831617E-01 -7.418102079413E-01  7.401181242869E-01 -6.690802073082E-01  7.401181226130E-01 -6.690802073333E-01
 -6.921129641672E-01 -7.655963247174E-01  7.640422743640E-01 -6.907080727131E-01  7.640422724525E-01 -6.907080727319E-01
 -7.390623565677E-01 -8.175304512697E-01  8.162586438450E-01 -7.379126173217E-01  8.162586413999E-01 -7.379126173770E-01
 -8.031728229362E-01 -8.884476858381E-01  8.875258889191E-01 -8.023394991195E-01  8.875258859925E-01 -8.023394991560E-01
 -8.733518849679E-01 -9.660778340152E-01  9.655020475287E-01 -8.728313611747E-01  9.655020447252E-01 -8.728313610060E-01
 -9.374623513365E-01 -1.036995068584E+00  1.036708629972E+00 -9.372034046279E-01  1.036708627898E+00 -9.372034037609E-01
 -9.844117437369E-01 -1.088929195136E+00  1.088841437498E+00 -9.843324092824E-01  1.088841436363E+00 -9.843324082143E-01
 -1.005914824742E+00 -1.112715311912E+00  1.112715311912E+00 -1.005914824742E+00  1.112715311912E+00 -1.005914824742E+00
 -5.851452805981E-01 -8.109284805664E-01  8.090787327945E-01 -5.838105513560E-01  8.090787349447E-01 -5.838105513997E-01
 -6.039079422956E-01 -8.369308721881E-01  8.352320183778E-01 -6.026820944421E-01  8.352320208803E-01 -6.026820945802E-01
 -6.448739585740E-01 -8.937039684379E-01  8.923136541843E-01 -6.438707452580E-01  8.923136575010E-01 -6.438707457102E-01
 -7.008139883505E-01 -9.712289265187E-01  9.702212332929E-01 -7.000868646592E-01  9.702212378402E-01 -7.000868659363E-01
 -7.620492131448E-01 -1.056092274897E+00  1.055462830714E+00 -7.615950234190E-01  1.055462836358E+00 -7.615950263703E-01
 -8.179892429213E-01 -1.133617232978E+00  1.133304097525E+00 -8.177632920923E-01  1.133304103140E+00 -8.177632964276E-01
 -8.589552591997E-01 -1.190390329228E+00  1.190294390472E+00 -8.588860315858E-01  1.190294393519E+00 -8.588860344421E-01
 -8.777179208972E-01 -1.216392720850E+00  1.216392720850E+00 -8.777179208972E-01  1.216392720850E+00 -8.777179208972E-01
 -4.572412379666E-01 -8.893427068925E-01  8.873140989293E-01 -4.561982614416E-01  8.873140967034E-01 -4.561982606902E-01
 -4.719026612858E-01 -9.178594477700E-01  9.159963255848E-01 -4.709447666004E-01  9.159963228990E-01 -4.709447656221E-01
 -5.039141165923E-01 -9.801223233594E-01  9.785975776108E-01 -5.031301926826E-01  9.785975737401E-01 -5.031301911178E-01
 -5.476264890834E-01 -1.065143700366E+00  1.064038577205E+00 -5.470583075062E-01  1.064038571370E+00 -5.470583047985E-01
 -5.954766058330E-01 -1.158213066866E+00  1.157522771825E+00 -5.951217017540E-01  1.157522763604E+00 -5.951216975223E-01
 -6.391889783241E-01 -1.243234443872E+00  1.242891044190E+00 -6.390124253193E-01  1.242891035366E+00 -6.390124203684E-01
 -6.712004336306E-01 -1.305497319461E+00  1.305392111940E+00 -6.711463432127E-01  1.305392107071E+00 -6.711463403739E-01
 -6.858618569498E-01 -1.334014060339E+00  1.334014060339E+00 -6.858618569498E-01  1.334014060339E+00 -6.858618569498E-01
 -3.055418788382E-01 -9.521786388467E-01  9.500066964687E-01 -3.048449298026E-01  9.500066985209E-01 -3.048449311218E-01
 -3.153390678391E-01 -9.827102115494E-01  9.807154462751E-01 -3.146989726092E-01  9.807154487995E-01 -3.146989741282E-01
 -3.367300522617E-01 -1.049372230218E+00  1.047739746677E+00 -3.362062084922E-01  1.047739750403E+00 -3.362062104853E-01
 -3.659399294784E-01 -1.140400737455E+00  1.139217520399E+00 -3.655602496491E-01  1.139217526287E+00 -3.655602522325E-01
 -3.979147676170E-01 -1.240045859662E+00  1.239306774848E+00 -3.976776045116E-01  1.239306783472E+00 -3.976776075732E-01
 -4.271246448337E-01 -1.331074366899E+00  1.330706685450E+00 -4.270066608768E-01  1.330706695088E+00 -4.270066636784E-01
 -4.485156292563E-01 -1.397736385567E+00  1.397623734036E+00 -4.484794811372E-01  1.397623739465E+00 -4.484794825706E-01
 -4.583128182573E-01 -1.428267958270E+00  1.428267958270E+00 -4.583128182573E-01  1.428267958270E+00 -4.583128182573E-01
 -1.596528317756E-01 -9.871732235560E-01  9.849214614334E-01 -1.592886617467E-01  9.849214598162E-01 -1.592886601702E-01
 -1.647720938990E-01 -1.018826896318E+00  1.016758823725E+00 -1.644376316362E-01  1.016758821806E+00 -1.644376298512E-01
 -1.759493873375E-01 -1.087938885574E+00  1.086246411358E+00 -1.756756698424E-01  1.086246408664E+00 -1.756756676650E-01
 -1.912122365128E-01 -1.182312883539E+00  1.181086190888E+00 -1.910138486827E-01  1.181086186851E+00 -1.910138462048E-01
 -2.079198429261E-01 -1.285620175351E+00  1.284853942417E+00 -2.077959232307E-01  1.284853936543E+00 -2.077959212145E-01
 -2.231826921014E-01 -1.379994173316E+00  1.379612995617E+00 -2.231210450878E-01  1.379612988786E+00 -2.231210441676E-01
 -2.343599855400E-01 -1.449106162572E+00  1.448989380615E+00 -2.343410981706E-01  1.448989376486E+00 -2.343410980449E-01
 -2.394792476634E-01 -1.480759835334E+00  1.480759835334E+00 -2.394792476634E-01  1.480759835334E+00 -2.394792476634E-01
 -5.034623247436E-02 -9.987318243030E-01  9.964536938992E-01 -5.023139059391E-02  9.964536951417E-01 -5.023139161561E-02
 -5.196058254943E-02 -1.030756123169E+00  1.028663832610E+00 -5.185510873167E-02  1.028663834013E+00 -5.185510991536E-02
 -5.548532187056E-02 -1.100677329968E+00  1.098965034464E+00 -5.539900332745E-02  1.098965036206E+00 -5.539900486565E-02
 -6.029843382264E-02 -1.196156332949E+00  1.194915271067E+00 -6.023586996136E-02  1.194915273131E+00 -6.023587179691E-02
 -6.556714736325E-02 -1.300673227809E+00  1.299898015280E+00 -6.552806719614E-02  1.299898017274E+00 -6.552806887507E-02
 -7.038025931534E-02 -1.396152230790E+00  1.395766581102E+00 -7.036081796318E-02  1.395766583052E+00 -7.036081875062E-02
 -7.390499863647E-02 -1.466073437589E+00  1.465955282551E+00 -7.389904246807E-02  1.465955284079E+00 -7.389904249899E-02
 -7.551934871154E-02 -1.498097736455E+00  1.498097736455E+00 -7.551934871154E-02  1.498097736455E+00 -7.551934871154E-02
 -2.163234161989E-16 -1.000000000000E+00  9.977189781187E-01  1.952933621512E-10  9.977189781022E-01 -2.158299777496E-16
 -2.214798555046E-16 -1.032064962873E+00  1.029970016915E+00  2.198368950990E-10  1.029970016957E+00 -2.210302827206E-16
 -2.327383208513E-16 -1.102074954642E+00  1.100360486596E+00  2.009617438686E-10  1.100360486633E+00 -2.323762561808E-16
 -2.481120121191E-16 -1.197675195524E+00  1.196432559809E+00 -2.988413934383E-10  1.196432559826E+00 -2.478545860285E-16
 -2.649409527626E-16 -1.302324804476E+00  1.301548609643E+00 -1.661302248211E-09  1.301548609589E+00 -2.647830460622E-16
 -2.803146440303E-16 -1.397925045358E+00  1.397538907986E+00 -2.775126713800E-09  1.397538907930E+00 -2.802372150036E-16
 -2.915731093771E-16 -1.467935037127E+00  1.467816733617E+00 -1.315493947393E-09  1.467816733588E+00 -2.915496109730E-16
 -2.967295486828E-16 -1.500000000000E+00  1.500000000000E+00 -2.967295486828E-16  1.500000000000E+00 -2.967295486828E-16
 -2.163234161989E-16 -1.000000000000E+00  9.977189781187E-01  1.952933621512E-10  9.977189781022E-01 -2.158299777496E-16
 -2.214798555046E-16 -1.032064962873E+00  1.029970016915E+00  2.198368950990E-10  1.029970016957E+00 -2.210302827206E-16
 -2.327383208513E-16 -1.102074954642E+00  1.100360486596E+00  2.009617438686E-10  1.100360486633E+00 -2.323762561808E-16
 -2.481120121191E-16 -1.197675195524E+00  1.196432559809E+00 -2.988413934383E-10  1.196432559826E+00 -2.478545860285E-16
 -2.649409527626E-16 -1.302324804476E+00  1.301548609643E+00 -1.661302248211E-09  1.301548609589E+00 -2.647830460622E-16
 -2.803146440303E-16 -1.397925045358E+00  1.397538907986E+00 -2.775126713800E-09  1.397538907930E+00 -2.802372150036E-16
 -2.915731093771E-16 -1.467935037127E+00  1.467816733617E+00 -1.315493947393E-09  1.467816733588E+00 -2.915496109730E-16
 -2.967295486828E-16 -1.500000000000E+00  1.500000000000E+00 -2.967295486828E-16  1.500000000000E+00 -2.967295486828E-16
  5.034623247436E-02 -9.987318243030E-01  9.964536963077E-01  5.023139281702E-02  9.964536951417E-01  5.023139161561E-02
  5.196058254942E-02 -1.030756123169E+00  1.028663835352E+00  5.185511128022E-02  1.028663834013E+00  5.185510991536E-02
  5.548532187056E-02 -1.100677329968E+00  1.098965037896E+00  5.539900663368E-02  1.098965036206E+00  5.539900486565E-02
  6.029843382264E-02 -1.196156332949E+00  1.194915275174E+00  6.023587389209E-02  1.194915273131E+00  6.023587179691E-02
  6.556714736325E-02 -1.300673227809E+00  1.299898019376E+00  6.552807073815E-02  1.299898017274E+00  6.552806887507E-02
  7.038025931534E-02 -1.396152230790E+00  1.395766585132E+00  7.036081960446E-02  1.395766583052E+00  7.036081875062E-02
  7.390499863647E-02 -1.466073437589E+00  1.465955285637E+00  7.389904254659E-02  1.465955284079E+00  7.389904249899E-02
  7.551934871154E-02 -1.498097736455E+00  1.498097736455E+00  7.551934871154E-02  1.498097736455E+00  7.551934871154E-02
  1.596528317756E-01 -9.871732235560E-01  9.849214582649E-01  1.592886586807E-01  9.849214598162E-01  1.592886601702E-01
  1.647720938990E-01 -1.018826896318E+00  1.016758819939E+00  1.644376281793E-01  1.016758821806E+00  1.644376298512E-01
  1.759493873375E-01 -1.087938885574E+00  1.086246405999E+00  1.756756656395E-01  1.086246408664E+00  1.756756676650E-01
  1.912122365128E-01 -1.182312883539E+00  1.181086182733E+00  1.910138438924E-01  1.181086186851E+00  1.910138462048E-01
  2.079198429261E-01 -1.285620175351E+00  1.284853930466E+00  2.077959193106E-01  1.284853936543E+00  2.077959212145E-01
  2.231826921014E-01 -1.379994173316E+00  1.379612981751E+00  2.231210432629E-01  1.379612988786E+00  2.231210441676E-01
  2.343599855400E-01 -1.449106162572E+00  1.448989372312E+00  2.343410979103E-01  1.448989376486E+00  2.343410980449E-01
  2.394792476634E-01 -1.480759835334E+00  1.480759835334E+00  2.394792476634E-01  1.480759835334E+00  2.394792476634E-01
  3.055418788382E-01 -9.521786388467E-01  9.500067006262E-01  3.048449321645E-01  9.500066985209E-01  3.048449311218E-01
  3.153390678391E-01 -9.827102115494E-01  9.807154513904E-01  3.146989753355E-01  9.807154487995E-01  3.146989741282E-01
  3.367300522617E-01 -1.049372230218E+00  1.047739754247E+00  3.362062121158E-01  1.047739750403E+00  3.362062104853E-01
  3.659399294784E-01 -1.140400737455E+00  1.139217532328E+00  3.655602544438E-01  1.139217526287E+00  3.655602522325E-01
  3.979147676170E-01 -1.240045859662E+00  1.239306792277E+00  3.976776103939E-01  1.239306783472E+00  3.976776075732E-01
  4.271246448337E-01 -1.331074366899E+00  1.330706704829E+00  4.270066664170E-01  1.330706695088E+00  4.270066636784E-01
  4.485156292563E-01 -1.397736385567E+00  1.397623744915E+00  4.484794840062E-01  1.397623739465E+00  4.484794825706E-01
  4.583128182573E-01 -1.428267958270E+00  1.428267958270E+00  4.583128182573E-01  1.428267958270E+00  4.583128182573E-01
  4.572412379666E-01 -8.893427068925E-01  8.873140943194E-01  4.561982601719E-01  8.873140967034E-01  4.561982606902E-01
  4.719026612858E-01 -9.178594477700E-01  9.159963200399E-01  4.709447649111E-01  9.159963228990E-01  4.709447656221E-01
  5.039141165923E-01 -9.801223233594E-01  9.785975696961E-01  5.031301898924E-01  9.785975737401E-01  5.031301911178E-01
  5.476264890834E-01 -1.065143700366E+00  1.064038565380E+00  5.470583024617E-01  1.064038571370E+00  5.470583047985E-01
  5.954766058330E-01 -1.158213066866E+00  1.157522755341E+00  5.951216935890E-01  1.157522763604E+00  5.951216975223E-01
  6.391889783241E-01 -1.243234443872E+00  1.242891026570E+00  6.390124155340E-01  1.242891035366E+00  6.390124203684E-01
  6.712004336306E-01 -1.305497319461E+00  1.305392102219E+00  6.711463375487E-01  1.305392107071E+00  6.711463403739E-01
  6.858618569498E-01 -1.334014060339E+00  1.334014060339E+00  6.858618569498E-01  1.334014060339E+00  6.858618569498E-01
  5.851452805981E-01 -8.109284805664E-01  8.090787372029E-01  5.838105514285E-01  8.090787349447E-01  5.838105513997E-01
  6.039079422956E-01 -8.369308721881E-01  8.352320234993E-01  6.026820946749E-01  8.352320208803E-01  6.026820945802E-01
  6.448739585740E-01 -8.937039684379E-01  8.923136609459E-01  6.438707460758E-01  8.923136575010E-01  6.438707457102E-01
  7.008139883505E-01 -9.712289265187E-01  9.702212424469E-01  7.000868670387E-01  9.702212378402E-01  7.000868659363E-01
  7.620492131448E-01 -1.056092274897E+00  1.055462841937E+00  7.615950290979E-01  1.055462836358E+00  7.615950263703E-01
  8.179892429213E-01 -1.133617232978E+00  1.133304108621E+00  8.177633006072E-01  1.133304103140E+00  8.177632964276E-01
  8.589552591997E-01 -1.190390329228E+00  1.190294396528E+00  8.588860372732E-01  1.190294393519E+00  8.588860344421E-01
  8.777179208972E-01 -1.216392720850E+00  1.216392720850E+00  8.777179208972E-01  1.216392720850E+00  8.777179208972E-01
  6.706098831617E-01 -7.418102079413E-01  7.401181210119E-01  6.690802071771E-01  7.401181226130E-01  6.690802073333E-01
  6.921129641672E-01 -7.655963247174E-01  7.640422706234E-01  6.907080725767E-01  7.640422724525E-01  6.907080727319E-01
  7.390623565677E-01 -8.175304512697E-01  8.162586390805E-01  7.379126172328E-01  8.162586413999E-01  7.379126173770E-01
  8.031728229362E-01 -8.884476858381E-01  8.875258832355E-01  8.023394989948E-01  8.875258859925E-01  8.023394991560E-01
  8.733518849679E-01 -9.660778340152E-01  9.655020421278E-01  8.728313607829E-01  9.655020447252E-01  8.728313610060E-01
  9.374623513365E-01 -1.036995068584E+00  1.036708625962E+00  9.372034029389E-01  1.036708627898E+00  9.372034037609E-01
  9.844117437369E-01 -1.088929195136E+00  1.088841435260E+00  9.843324071555E-01  1.088841436363E+00  9.843324082143E-01
  1.005914824742E+00 -1.112715311912E+00  1.112715311912E+00  1.005914824742E+00  1.112715311912E+00  1.005914824742E+00
  7.071067811865E-01 -7.071067811865E-01  7.054938550082E-01  7.054938552844E-01  7.054938551346E-01  7.054938551346E-01
  7.297801338723E-01 -7.297801338723E-01  7.282987832243E-01  7.282987835352E-01  7.282987834094E-01  7.282987834094E-01
  7.792846738030E-01 -7.792846738030E-01  7.780723616797E-01  7.780723619639E-01  7.780723618482E-01  7.780723618482E-01
  8.468842524142E-01 -8.468842524142E-01  8.460055764849E-01  8.460055760623E-01  8.460055762856E-01  8.460055762856E-01
  9.208827005522E-01 -9.208827005522E-01  9.203338490972E-01  9.203338467478E-01  9.203338478846E-01  9.203338478846E-01
  9.884822791634E-01 -9.884822791634E-01  9.882092407716E-01  9.882092368470E-01  9.882092387695E-01  9.882092387695E-01
  1.037986819094E+00 -1.037986819094E+00  1.037903166810E+00  1.037903164950E+00  1.037903165859E+00  1.037903165859E+00
  1.060660171780E+00 -1.060660171780E+00  1.060660171780E+00  1.060660171780E+00  1.060660171780E+00  1.060660171780E+00
  7.071067811865E-01 -7.071067811865E-01  7.054938550082E-01  7.054938552844E-01  7.054938551346E-01  7.054938551346E-01
  7.297801338723E-01 -7.297801338723E-01  7.282987832243E-01  7.282987835352E-01  7.282987834094E-01  7.282987834094E-01
  7.792846738030E-01 -7.792846738030E-01  7.780723616797E-01  7.780723619639E-01  7.780723618482E-01  7.780723618482E-01
  8.468842524142E-01 -8.468842524142E-01  8.460055764849E-01  8.460055760623E-01  8.460055762856E-01  8.460055762856E-01
  9.208827005522E-01 -9.208827005522E-01  9.203338490972E-01  9.203338467478E-01  9.203338478846E-01  9.203338478846E-01
  9.884822791634E-01 -9.884822791634E-01  9.882092407716E-01  9.882092368470E-01  9.882092387695E-01  9.882092387695E-01
  1.037986819094E+00 -1.037986819094E+00  1.037903166810E+00  1.037903164950E+00  1.037903165859E+00  1.037903165859E+00
  1.060660171780E+00 -1.060660171780E+00  1.060660171780E+00  1.060660171780E+00  1.060660171780E+00  1.060660171780E+00
  7.418102079413E-01 -6.706098831617E-01  6.690802073082E-01  7.401181242869E-01  6.690802073333E-01  7.401181226130E-01
  7.655963247174E-01 -6.921129641672E-01  6.907080727131E-01  7.640422743640E-01  6.907080727319E-01  7.640422724525E-01
  8.175304512697E-01 -7.390623565677E-01  7.379126173217E-01  8.162586438450E-01  7.379126173770E-01  8.162586413999E-01
  8.884476858381E-01 -8.031728229362E-01  8.023394991195E-01  8.875258889191E-01  8.023394991560E-01  8.875258859925E-01
  9.660778340152E-01 -8.733518849679E-01  8.728313611747E-01  9.655020475287E-01  8.728313610060E-01  9.655020447252E-01
  1.036995068584E+00 -9.374623513365E-01  9.372034046279E-01  1.036708629972E+00  9.372034037609E-01  1.036708627898E+00
  1.088929195136E+00 -9.844117437369E-01  9.843324092824E-01  1.088841437498E+00  9.843324082143E-01  1.088841436363E+00
  1.112715311912E+00 -1.005914824742E+00  1.005914824742E+00  1.112715311912E+00  1.005914824742E+00  1.112715311912E+00
  8.109284805664E-01 -5.851452805981E-01  5.838105513560E-01  8.090787327945E-01  5.838105513997E-01  8.090787349447E-01
  8.369308721881E-01 -6.039079422956E-01  6.026820944421E-01  8.352320183778E-01  6.026820945802E-01  8.352320208803E-01
  8.937039684379E-01 -6.448739585740E-01  6.438707452580E-01  8.923136541843E-01  6.438707457102E-01  8.923136575010E-01
  9.712289265187E-01 -7.008139883505E-01  7.000868646592E-01  9.702212332929E-01  7.000868659363E-01  9.702212378402E-01
  1.056092274897E+00 -7.620492131448E-01  7.615950234190E-01  1.055462830714E+00  7.615950263703E-01  1.055462836358E+00
  1.133617232978E+00 -8.179892429213E-01  8.177632920923E-01  1.133304097525E+00  8.177632964276E-01  1.133304103140E+00
  1.190390329228E+00 -8.589552591997E-01  8.588860315858E-01  1.190294390472E+00  8.588860344421E-01  1.190294393519E+00
  1.216392720850E+00 -8.777179208972E-01  8.777179208972E-01  1.216392720850E+00  8.777179208972E-01  1.216392720850E+00
  8.893427068925E-01 -4.572412379666E-01  4.561982614416E-01  8.873140989293E-01  4.561982606902E-01  8.873140967034E-01
  9.178594477700E-01 -4.719026612858E-01  4.709447666004E-01  9.159963255848E-01  4.709447656221E-01  9.159963228990E-01
  9.801223233594E-01 -5.039141165923E-01  5.031301926826E-01  9.785975776108E-01  5.031301911178E-01  9.785975737401E-01
  1.065143700366E+00 -5.476264890834E-01  5.470583075062E-01  1.064038577205E+00  5.470583047985E-01  1.064038571370E+00
  1.158213066866E+00 -5.954766058330E-01  5.951217017540E-01  1.157522771825E+00  5.951216975223E-01  1.157522763604E+00
  1.243234443872E+00 -6.391889783241E-01  6.390124253193E-01  1.242891044190E+00  6.390124203684E-01  1.242891035366E+00
  1.305497319461E+00 -6.712004336306E-01  6.711463432127E-01  1.305392111940E+00  6.711463403739E-01  1.305392107071E+00
  1.334014060339E+00 -6.858618569498E-01  6.858618569498E-01  1.334014060339E+00  6.858618569498E-01  1.334014060339E+00
  9.521786388467E-01 -3.055418788382E-01  3.048449298026E-01  9.500066964687E-01  3.048449311218E-01  9.500066985209E-01
  9.827102115494E-01 -3.153390678391E-01  3.146989726092E-01  9.807154462751E-01  3.146989741282E-01  9.807154487995E-01
  1.049372230218E+00 -3.367300522617E-01  3.362062084922E-01  1.047739746677E+00  3.362062104853E-01  1.047739750403E+00
  1.140400737455E+00 -3.659399294784E-01  3.655602496491E-01  1.139217520399E+00  3.655602522325E-01  1.139217526287E+00
  1.240045859662E+00 -3.979147676170E-01  3.976776045116E-01  1.239306774848E+00  3.976776075732E-01  1.239306783472E+00
  1.331074366899E+00 -4.271246448337E-01  4.270066608768E-01  1.330706685450E+00  4.270066636784E-01  1.330706695088E+00
  1.397736385567E+00 -4.485156292563E-01  4.484794811372E-01  1.397623734036E+00  4.484794825706E-01  1.397623739465E+00
  1.428267958270E+00 -4.583128182573E-01  4.583128182573E-01  1.428267958270E+00  4.583128182573E-01  1.428267958270E+00
  9.871732235560E-01 -1.596528317756E-01  1.592886617467E-01  9.849214614334E-01  1.592886601702E-01  9.849214598162E-01
  1.018826896318E+00 -1.647720938990E-01  1.644376316362E-01  1.016758823725E+00  1.644376298512E-01  1.016758821806E+00
  1.087938885574E+00 -1.759493873375E-01  1.756756698424E-01  1.086246411358E+00  1.756756676650E-01  1.086246408664E+00
  1.182312883539E+00 -1.912122365128E-01  1.910138486827E-01  1.181086190888E+00  1.910138462048E-01  1.181086186851E+00
  1.285620175351E+00 -2.079198429261E-01  2.077959232307E-01  1.284853942417E+00  2.077959212145E-01  1.284853936543E+00
  1.379994173316E+00 -2.231826921014E-01  2.231210450878E-01  1.379612995617E+00  2.231210441676E-01  1.379612988786E+00
  1.449106162572E+00 -2.343599855400E-01  2.343410981706E-01  1.448989380615E+00  2.343410980449E-01  1.448989376486E+00
  1.480759835334E+00 -2.394792476634E-01  2.394792476634E-01  1.480759835334E+00  2.394792476634E-01  1.480759835334E+00
  9.987318243030E-01 -5.034623247436E-02  5.023139059391E-02  9.964536938992E-01  5.023139161561E-02  9.964536951417E-01
  1.030756123169E+00 -5.196058254943E-02  5.185510873167E-02  1.028663832610E+00  5.185510991536E-02  1.028663834013E+00
  1.100677329968E+00 -5.548532187056E-02  5.539900332745E-02  1.098965034464E+00  5.539900486565E-02  1.098965036206E+00
  1.196156332949E+00 -6.029843382264E-02  6.023586996136E-02  1.194915271067E+00  6.023587179691E-02  1.194915273131E+00
  1.300673227809E+00 -6.556714736325E-02  6.552806719614E-02  1.299898015280E+00  6.552806887507E-02  1.299898017274E+00
  1.396152230790E+00 -7.038025931534E-02  7.036081796318E-02  1.395766581102E+00  7.036081875062E-02  1.395766583052E+00
  1.466073437589E+00 -7.390499863647E-02  7.389904246807E-02  1.465955282551E+00  7.389904249899E-02  1.465955284079E+00
  1.498097736455E+00 -7.551934871154E-02  7.551934871154E-02  1.498097736455E+00  7.551934871154E-02  1.498097736455E+00
  1.000000000000E+00  2.775557561563E-17 -1.952933291879E-10  9.977189781187E-01 -2.769226453986E-17  9.977189781022E-01
  1.032064962873E+00  2.953553861887E-17 -2.198370567003E-10  1.029970016915E+00 -2.947558565253E-17  1.029970016957E+00
  1.102074954642E+00  3.342187385967E-17 -2.009618373459E-10  1.100360486596E+00 -3.336988036025E-17  1.100360486633E+00
  1.197675195524E+00  3.872875328905E-17  2.988414763387E-10  1.196432559809E+00 -3.868857066562E-17  1.196432559826E+00
  1.302324804476E+00  4.453797355784E-17  1.661302031630E-09  1.301548609643E+00 -4.451142860745E-17  1.301548609589E+00
  1.397925045358E+00  4.984485298722E-17  2.775126362018E-09  1.397538907986E+00 -4.983108475022E-17  1.397538907930E+00
  1.467935037127E+00  5.373118822801E-17  1.315493681975E-09  1.467816733617E+00 -5.372685793439E-17  1.467816733588E+00
  1.500000000000E+00  5.551115123126E-17 -5.551115123126E-17  1.500000000000E+00 -5.551115123126E-17  1.500000000000E+00
