# x y ux uy ux_exact uy_exact
  5.000000000000E-01  1.387778780781E-17 -2.152520351165E-15  4.992603552847E-01 -1.385725853591E-17  4.992603550296E-01
  5.320649628726E-01  1.476776930944E-17  3.401865918853E-09  5.313813945164E-01 -1.474879645421E-17  5.313813937226E-01
  6.020749546417E-01  1.671093692983E-17 -6.345893881928E-10  6.014952575628E-01 -1.669484710645E-17  6.014952576608E-01
  6.976751955244E-01  1.936437664453E-17 -1.192533181735E-10  6.972078653780E-01 -1.935140562843E-17  6.972078654184E-01
  8.023248044756E-01  2.226898677892E-17 -1.790159979725E-10  8.019546074613E-01 -2.225871174624E-17  8.019546074088E-01
  8.979250453583E-01  2.492242649361E-17  2.810930916278E-11  8.976277353873E-01 -2.491417448570E-17  8.976277354403E-01
  9.679350371274E-01  2.686559411401E-17 -4.024136835867E-10  9.676841862754E-01 -2.685863160565E-17  9.676841863270E-01
  1.000000000000E+00  2.775557561563E-17 -1.950217147925E-10  9.997688609639E-01 -2.774916021816E-17  9.997688609467E-01
  4.993659121515E-01  2.517311623718E-02 -2.513587950185E-02  4.986271956312E-01 -2.513587789955E-02  4.986272051809E-01
  5.313902110175E-01  2.678746631225E-02 -2.675305273670E-02  5.307075085247E-01 -2.675305118091E-02  5.307075087533E-01
  6.013114178165E-01  3.031220563338E-02 -3.028302027255E-02  6.007324553076E-01 -3.028302007442E-02  6.007324559932E-01
  6.967904207970E-01  3.512531758546E-02 -3.510178941418E-02  6.963236831632E-01 -3.510178927531E-02  6.963236833477E-01
  8.013073156575E-01  4.039403112607E-02 -4.037539336599E-02  8.009375884481E-01 -4.037539309849E-02  8.009375880656E-01
  8.967863186381E-01  4.520714307816E-02 -4.519217528374E-02  8.964893863609E-01 -4.519217464391E-02  8.964893857612E-01
  9.667075254371E-01  4.873188239929E-02 -4.871925402899E-02  9.664569937646E-01 -4.871925300658E-02  9.664569927595E-01
  9.987318243030E-01  5.034623247436E-02 -5.033459670029E-02  9.985009795464E-01 -5.033459549385E-02  9.985009783747E-01
  4.935866117780E-01  7.982641588779E-02 -7.970833024993E-02  4.928564693804E-01 -7.970832947375E-02  4.928564540683E-01
  5.252402845402E-01  8.494567801117E-02 -8.483654416174E-02  5.245654873660E-01 -8.483654426067E-02  5.245654833789E-01
  5.943522737960E-01  9.612297144970E-02 -9.603042096014E-02  5.937800132205E-01 -9.603042118513E-02  5.937800124587E-01
  6.887262717609E-01  1.113858206250E-01 -1.113112096903E-01  6.882649362419E-01 -1.113112100502E-01  6.882649359937E-01
  7.920335635732E-01  1.280934270383E-01 -1.280343236596E-01  7.916681147698E-01 -1.280343240283E-01  7.916681149414E-01
  8.864075615381E-01  1.433562762137E-01 -1.433088089073E-01  8.861140643925E-01 -1.433088098433E-01  8.861140651479E-01
  9.555195507939E-01  1.545335696522E-01 -1.544935192711E-01  9.552719163107E-01 -1.544935206115E-01  9.552719176006E-01
  9.871732235560E-01  1.596528317756E-01 -1.596159282744E-01  9.869450477098E-01 -1.596159297712E-01  9.869450492718E-01
  4.760893194234E-01  1.527709394191E-01 -1.525449426183E-01  4.753850268311E-01 -1.525449469052E-01  4.753850452822E-01
  5.066208921261E-01  1.625681284201E-01 -1.623592681011E-01  5.059700056328E-01 -1.623592694177E-01  5.059700121833E-01
  5.732829107945E-01  1.839591128426E-01 -1.837819912339E-01  5.727309347843E-01 -1.837819911379E-01  5.727309357123E-01
  6.643114180315E-01  2.131689900593E-01 -2.130262011353E-01  6.638664356205E-01 -2.130262011407E-01  6.638664362873E-01
  7.639565402386E-01  2.451438281979E-01 -2.450307177580E-01  7.636040466787E-01 -2.450307174906E-01  7.636040464994E-01
  8.549850474757E-01  2.743537054146E-01 -2.742628653194E-01  8.547019561658E-01 -2.742628647837E-01  8.547019553226E-01
  9.216470661440E-01  2.957446898372E-01 -2.956680453427E-01  9.214082131078E-01 -2.956680444123E-01  9.214082113703E-01
  9.521786388467E-01  3.055418788382E-01 -3.054712572274E-01  9.519585552968E-01 -3.054712561776E-01  9.519585531776E-01
  4.446713534462E-01  2.286206189833E-01 -2.282824297904E-01  4.440135725823E-01 -2.282824228014E-01  4.440135555861E-01
  4.731880943238E-01  2.432820423025E-01 -2.429694878130E-01  4.725801730060E-01 -2.429694862981E-01  4.725801670856E-01
  5.354509699132E-01  2.752934976090E-01 -2.750284362320E-01  5.349354215009E-01 -2.750284362439E-01  5.349354206311E-01
  6.204723469194E-01  3.190058701001E-01 -3.187921877539E-01  6.200567305894E-01 -3.187921875039E-01  6.200567302979E-01
  7.135417134193E-01  3.668559868497E-01 -3.666867176170E-01  7.132124810819E-01 -3.666867174846E-01  7.132124813579E-01
  7.985630904255E-01  4.105683593408E-01 -4.104324168534E-01  7.982986788728E-01 -4.104324169858E-01  7.982986800182E-01
  8.608259660149E-01  4.425798146473E-01 -4.424651149694E-01  8.606028716734E-01 -4.424651153168E-01  8.606028736851E-01
  8.893427068925E-01  4.572412379666E-01 -4.571355511361E-01  8.891371426640E-01 -4.571355516597E-01  8.891371450612E-01
  4.054642402832E-01  2.925726402991E-01 -2.921398337343E-01  4.048644288176E-01 -2.921398405353E-01  4.048644411112E-01
  4.314666319049E-01  3.113353019965E-01 -3.109353139243E-01  4.309123034105E-01 -3.109353147345E-01  4.309123062128E-01
  4.882397281547E-01  3.523013182749E-01 -3.519621113783E-01  4.877696353359E-01 -3.519621113224E-01  4.877696353628E-01
  5.657646862355E-01  4.082413480515E-01 -4.079678916301E-01  5.653857150102E-01 -4.079678920455E-01  5.653857149427E-01
  6.506280346142E-01  4.694765728457E-01 -4.692599537477E-01  6.503278317964E-01 -4.692599537792E-01  6.503278312693E-01
  7.281529926949E-01  5.254166026223E-01 -5.252426329869E-01  7.279118968358E-01 -5.252426331269E-01  7.279118956148E-01
  7.849260889447E-01  5.663826189007E-01 -5.662358346878E-01  7.847226688741E-01 -5.662358347387E-01  7.847226668863E-01
  8.109284805664E-01  5.851452805981E-01 -5.850100307032E-01  8.107410455934E-01 -5.850100306720E-01  8.107410433252E-01
  3.709051039706E-01  3.353049415808E-01 -3.348089324407E-01  3.703564354056E-01 -3.348089283536E-01  3.703564277813E-01
  3.946912207468E-01  3.568080225864E-01 -3.563496137228E-01  3.941841410320E-01 -3.563496143586E-01  3.941841421735E-01
  4.466253472990E-01  4.037574149868E-01 -4.033686650447E-01  4.461953223901E-01 -4.033686644622E-01  4.461953221611E-01
  5.175425818674E-01  4.678678813554E-01 -4.675544852737E-01  5.171959114329E-01 -4.675544851676E-01  5.171959116243E-01
  5.951727300445E-01  5.380469433871E-01 -5.377986855400E-01  5.948981137244E-01 -5.377986855754E-01  5.948981140814E-01
  6.660899646129E-01  6.021574097557E-01 -6.019580306817E-01  6.658694161947E-01 -6.019580307863E-01  6.658694170808E-01
  7.180240911651E-01  6.491068021561E-01 -6.489385790743E-01  7.178380061156E-01 -6.489385791301E-01  7.178380074807E-01
  7.418102079413E-01  6.706098831617E-01 -6.704548788709E-01  7.416387450256E-01 -6.704548790282E-01  7.416387466321E-01
  3.535533905933E-01  3.535533905933E-01 -3.530303827994E-01  3.530303827994E-01 -3.530303826190E-01  3.530303826190E-01
  3.762267432790E-01  3.762267432790E-01 -3.757433850534E-01  3.757433898644E-01 -3.757433868976E-01  3.757433868976E-01
  4.257312832097E-01  4.257312832097E-01 -4.253213759230E-01  4.253213750255E-01 -4.253213755435E-01  4.253213755435E-01
  4.933308618209E-01  4.933308618209E-01 -4.930004095897E-01  4.930004094210E-01 -4.930004095339E-01  4.930004095339E-01
  5.673293099589E-01  5.673293099589E-01 -5.670675412662E-01  5.670675410131E-01 -5.670675411026E-01  5.670675411026E-01
  6.349288885701E-01  6.349288885701E-01 -6.347186586536E-01  6.347186586934E-01 -6.347186587109E-01  6.347186587109E-01
  6.844334285008E-01  6.844334285008E-01 -6.842560504469E-01  6.842560498778E-01 -6.842560501988E-01  6.842560501988E-01
  7.071067811865E-01  7.071067811865E-01 -7.069433413446E-01  7.069433410688E-01 -7.069433411946E-01  7.069433411946E-01
  3.535533905933E-01  3.535533905933E-01 -3.530303827994E-01  3.530303827994E-01 -3.530303826190E-01  3.530303826190E-01
  3.762267432790E-01  3.762267432790E-01 -3.757433850534E-01  3.757433898644E-01 -3.757433868976E-01  3.757433868976E-01
  4.257312832097E-01  4.257312832097E-01 -4.253213759230E-01  4.253213750255E-01 -4.253213755435E-01  4.253213755435E-01
  4.933308618209E-01  4.933308618209E-01 -4.930004095897E-01  4.930004094210E-01 -4.930004095339E-01  4.930004095339E-01
  5.673293099589E-01  5.673293099589E-01 -5.670675412662E-01  5.670675410131E-01 -5.670675411026E-01  5.670675411026E-01
  6.349288885701E-01  6.349288885701E-01 -6.347186586536E-01  6.347186586934E-01 -6.347186587109E-01  6.347186587109E-01
  6.844334285008E-01  6.844334285008E-01 -6.842560504469E-01  6.842560498778E-01 -6.842560501988E-01  6.842560501988E-01
  7.071067811865E-01  7.071067811865E-01 -7.069433413446E-01  7.069433410688E-01 -7.069433411946E-01  7.069433411946E-01
  3.353049415808E-01  3.709051039706E-01 -3.703564221617E-01  3.348089204680E-01 -3.703564277813E-01  3.348089283536E-01
  3.568080225864E-01  3.946912207468E-01 -3.941841431120E-01  3.563496130969E-01 -3.941841421735E-01  3.563496143586E-01
  4.037574149868E-01  4.466253472990E-01 -4.461953218164E-01  4.033686638373E-01 -4.461953221611E-01  4.033686644622E-01
  4.678678813554E-01  5.175425818674E-01 -5.171959115920E-01  4.675544849389E-01 -5.171959116243E-01  4.675544851676E-01
  5.380469433871E-01  5.951727300445E-01 -5.948981145410E-01  5.377986856567E-01 -5.948981140814E-01  5.377986855754E-01
  6.021574097557E-01  6.660899646129E-01 -6.658694179572E-01  6.019580307578E-01 -6.658694170808E-01  6.019580307863E-01
  6.491068021561E-01  7.180240911651E-01 -7.178380089144E-01  6.489385791179E-01 -7.178380074807E-01  6.489385791301E-01
  6.706098831617E-01  7.418102079413E-01 -7.416387483138E-01  6.704548790036E-01 -7.416387466321E-01  6.704548790282E-01
  2.925726402991E-01  4.054642402832E-01 -4.048644524873E-01  2.921398508138E-01 -4.048644411112E-01  2.921398405353E-01
  3.113353019965E-01  4.314666319049E-01 -4.309123089621E-01  3.109353176237E-01 -4.309123062128E-01  3.109353147345E-01
  3.523013182749E-01  4.882397281547E-01 -4.877696357424E-01  3.519621120201E-01 -4.877696353628E-01  3.519621113224E-01
  4.082413480515E-01  5.657646862355E-01 -5.653857148636E-01  4.079678924755E-01 -5.653857149427E-01  4.079678920455E-01
  4.694765728457E-01  6.506280346142E-01 -6.503278308872E-01  4.692599539186E-01 -6.503278312693E-01  4.692599537792E-01
  5.254166026223E-01  7.281529926949E-01 -7.279118944188E-01  5.252426332545E-01 -7.279118956148E-01  5.252426331269E-01
  5.663826189007E-01  7.849260889447E-01 -7.847226650264E-01  5.662358347744E-01 -7.847226668863E-01  5.662358347387E-01
  5.851452805981E-01  8.109284805664E-01 -8.107410411623E-01  5.850100306259E-01 -8.107410433252E-01  5.850100306720E-01
  2.286206189833E-01  4.446713534462E-01 -4.440135395079E-01  2.282824127857E-01 -4.440135555861E-01  2.282824228014E-01
  2.432820423025E-01  4.731880943238E-01 -4.725801615228E-01  2.429694825972E-01 -4.725801670856E-01  2.429694862981E-01
  2.752934976090E-01  5.354509699132E-01 -5.349354200427E-01  2.750284355199E-01 -5.349354206311E-01  2.750284362439E-01
  3.190058701001E-01  6.204723469194E-01 -6.200567298225E-01  3.187921870362E-01 -6.200567302979E-01  3.187921875039E-01
  3.668559868497E-01  7.135417134193E-01 -7.132124816737E-01  3.666867174223E-01 -7.132124813579E-01  3.666867174846E-01
  4.105683593408E-01  7.985630904255E-01 -7.982986809932E-01  4.104324172032E-01 -7.982986800182E-01  4.104324169858E-01
  4.425798146473E-01  8.608259660149E-01 -8.606028755715E-01  4.424651158875E-01 -8.606028736851E-01  4.424651153168E-01
  4.572412379666E-01  8.893427068925E-01 -8.891371473019E-01  4.571355524158E-01 -8.891371450612E-01  4.571355516597E-01
  1.527709394191E-01  4.760893194234E-01 -4.753850622424E-01  1.525449539813E-01 -4.753850452822E-01  1.525449469052E-01
  1.625681284201E-01  5.066208921261E-01 -5.059700174409E-01  1.623592725328E-01 -5.059700121833E-01  1.623592694177E-01
  1.839591128426E-01  5.732829107945E-01 -5.727309363190E-01  1.837819917614E-01 -5.727309357123E-01  1.837819911379E-01
  2.131689900593E-01  6.643114180315E-01 -6.638664366702E-01  2.130262011701E-01 -6.638664362873E-01  2.130262011407E-01
  2.451438281979E-01  7.639565402386E-01 -7.636040463979E-01  2.450307172018E-01 -7.636040464994E-01  2.450307174906E-01
  2.743537054146E-01  8.549850474757E-01 -8.547019544190E-01  2.742628640674E-01 -8.547019553226E-01  2.742628647837E-01
  2.957446898372E-01  9.216470661440E-01 -9.214082097022E-01  2.956680432355E-01 -9.214082113703E-01  2.956680444123E-01
  3.055418788382E-01  9.521786388467E-01 -9.519585511123E-01  3.054712548527E-01 -9.519585531776E-01  3.054712561776E-01
  7.982641588779E-02  4.935866117780E-01 -4.928564405664E-01  7.970832558992E-02 -4.928564540683E-01  7.970832947375E-02
  8.494567801117E-02  5.252402845402E-01 -5.245654808245E-01  8.483654285207E-02 -5.245654833789E-01  8.483654426067E-02
  9.612297144970E-02  5.943522737960E-01 -5.937800124793E-01  9.603042112659E-02 -5.937800124587E-01  9.603042118513E-02
  1.113858206250E-01  6.887262717609E-01 -6.882649357477E-01  1.113112103916E-01 -6.882649359937E-01  1.113112100502E-01
  1.280934270383E-01  7.920335635732E-01 -7.916681152919E-01  1.280343244233E-01 -7.916681149414E-01  1.280343240283E-01
  1.433562762137E-01  8.864075615381E-01 -8.861140659123E-01  1.433088108056E-01 -8.861140651479E-01  1.433088098433E-01
  1.545335696522E-01  9.555195507939E-01 -9.552719189703E-01  1.544935220531E-01 -9.552719176006E-01  1.544935206115E-01
  1.596528317756E-01  9.871732235560E-01 -9.869450508978E-01  1.596159313529E-01 -9.869450492718E-01  1.596159297712E-01
  2.517311623718E-02  4.993659121515E-01 -4.986272134620E-01  2.513588040071E-02 -4.986272051809E-01  2.513587789955E-02
  2.678746631225E-02  5.313902110175E-01 -5.307075074965E-01  2.675305082334E-02 -5.307075087533E-01  2.675305118091E-02
  3.031220563338E-02  6.013114178165E-01 -6.007324565670E-01  3.028301982453E-02 -6.007324559932E-01  3.028302007442E-02
  3.512531758546E-02  6.967904207970E-01 -6.963236832874E-01  3.510178906496E-02 -6.963236833477E-01  3.510178927531E-02
  4.039403112607E-02  8.013073156575E-01 -8.009375877882E-01  4.037539287106E-02 -8.009375880656E-01  4.037539309849E-02
  4.520714307816E-02  8.967863186381E-01 -8.964893850607E-01  4.519217409124E-02 -8.964893857612E-01  4.519217464391E-02
  4.873188239929E-02  9.667075254371E-01 -9.664569917548E-01  4.871925208073E-02 -9.664569927595E-01  4.871925300658E-02
  5.034623247436E-02  9.987318243030E-01 -9.985009771275E-01  5.033459446910E-02 -9.985009783747E-01  5.033459549385E-02
  3.061616997868E-17  5.000000000000E-01 -4.992603552847E-01  1.905509838460E-15 -4.992603550296E-01  3.057087978641E-17
  3.257958268602E-17  5.320649628726E-01 -5.313813945164E-01  3.401866715233E-09 -5.313813937226E-01  3.253772614744E-17
  3.686645830244E-17  6.020749546417E-01 -6.014952575628E-01 -6.345895603885E-10 -6.014952576608E-01  3.683096209983E-17
  4.272028475217E-17  6.976751955244E-01 -6.972078653780E-01 -1.192536461451E-10 -6.972078654184E-01  4.269166903625E-17
  4.912822518388E-17  8.023248044756E-01 -8.019546074613E-01 -1.790163305693E-10 -8.019546074088E-01  4.910555715124E-17
  5.498205163361E-17  8.979250453583E-01 -8.976277353873E-01  2.810907632325E-11 -8.976277354403E-01  5.496384665164E-17
  5.926892725003E-17  9.679350371274E-01 -9.676841862754E-01 -4.024139170686E-10 -9.676841863270E-01  5.925356706854E-17
  6.123233995737E-17  1.000000000000E+00 -9.997688609639E-01 -1.950218548183E-10 -9.997688609467E-01  6.121818677228E-17
  3.061616997868E-17  5.000000000000E-01 -4.992603552847E-01  1.905509838460E-15 -4.992603550296E-01  3.057087978641E-17
  3.257958268602E-17  5.320649628726E-01 -5.313813945164E-01  3.401866715233E-09 -5.313813937226E-01  3.253772614744E-17
  3.686645830244E-17  6.020749546417E-01 -6.014952575628E-01 -6.345895603885E-10 -6.014952576608E-01  3.683096209983E-17
  4.272028475217E-17  6.976751955244E-01 -6.972078653780E-01 -1.192536461451E-10 -6.972078654184E-01  4.269166903625E-17
  4.912822518388E-17  8.023248044756E-01 -8.019546074613E-01 -1.790163305693E-10 -8.019546074088E-01  4.910555715124E-17
  5.498205163361E-17  8.979250453583E-01 -8.976277353873E-01  2.810907632325E-11 -8.976277354403E-01  5.496384665164E-17
  5.926892725003E-17  9.679350371274E-01 -9.676841862754E-01 -4.024139170686E-10 -9.676841863270E-01  5.925356706854E-17
  6.123233995737E-17  1.000000000000E+00 -9.997688609639E-01 -1.950218548183E-10 -9.997688609467E-01  6.121818677228E-17
 -2.517311623718E-02  4.993659121515E-01 -4.986271956312E-01 -2.513587950185E-02 -4.986272051809E-01 -2.513587789955E-02
 -2.678746631225E-02  5.313902110175E-01 -5.307075085247E-01 -2.675305273670E-02 -5.307075087533E-01 -2.675305118091E-02
 -3.031220563338E-02  6.013114178165E-01 -6.007324553076E-01 -3.028302027255E-02 -6.007324559932E-01 -3.028302007442E-02
 -3.512531758546E-02  6.967904207970E-01 -6.963236831632E-01 -3.510178941418E-02 -6.963236833477E-01 -3.510178927531E-02
 -4.039403112607E-02  8.013073156575E-01 -8.009375884481E-01 -4.037539336599E-02 -8.009375880656E-01 -4.037539309849E-02
 -4.520714307816E-02  8.967863186381E-01 -8.964893863609E-01 -4.519217528374E-02 -8.964893857612E-01 -4.519217464391E-02
 -4.873188239929E-02  9.667075254371E-01 -9.664569937646E-01 -4.871925402899E-02 -9.664569927595E-01 -4.871925300658E-02
 -5.034623247436E-02  9.987318243030E-01 -9.985009795464E-01 -5.033459670029E-02 -9.985009783747E-01 -5.033459549385E-02
 -7.982641588779E-02  4.935866117780E-01 -4.928564693804E-01 -7.970833024993E-02 -4.928564540683E-01 -7.970832947375E-02
 -8.494567801117E-02  5.252402845402E-01 -5.245654873660E-01 -8.483654416174E-02 -5.245654833789E-01 -8.483654426067E-02
 -9.612297144970E-02  5.943522737960E-01 -5.937800132205E-01 -9.603042096014E-02 -5.937800124587E-01 -9.603042118513E-02
 -1.113858206250E-01  6.887262717609E-01 -6.882649362419E-01 -1.113112096903E-01 -6.882649359937E-01 -1.113112100502E-01
 -1.280934270383E-01  7.920335635732E-01 -7.916681147698E-01 -1.280343236596E-01 -7.916681149414E-01 -1.280343240283E-01
 -1.433562762137E-01  8.864075615381E-01 -8.861140643925E-01 -1.433088089073E-01 -8.861140651479E-01 -1.433088098433E-01
 -1.545335696522E-01  9.555195507939E-01 -9.552719163107E-01 -1.544935192711E-01 -9.552719176006E-01 -1.544935206115E-01
 -1.596528317756E-01  9.871732235560E-01 -9.869450477098E-01 -1.596159282744E-01 -9.869450492718E-01 -1.596159297712E-01
 -1.527709394191E-01  4.760893194234E-01 -4.753850268311E-01 -1.525449426183E-01 -4.753850452822E-01 -1.525449469052E-01
 -1.625681284201E-01  5.066208921261E-01 -5.059700056328E-01 -1.623592681011E-01 -5.059700121833E-01 -1.623592694177E-01
 -1.839591128426E-01  5.732829107945E-01 -5.727309347843E-01 -1.837819912339E-01 -5.727309357123E-01 -1.837819911379E-01
 -2.131689900593E-01  6.643114180315E-01 -6.638664356205E-01 -2.130262011353E-01 -6.638664362873E-01 -2.130262011407E-01
 -2.451438281979E-01  7.639565402386E-01 -7.636040466787E-01 -2.450307177580E-01 -7.636040464994E-01 -2.450307174906E-01
 -2.743537054146E-01  8.549850474757E-01 -8.547019561658E-01 -2.742628653194E-01 -8.547019553226E-01 -2.742628647837E-01
 -2.957446898372E-01  9.216470661440E-01 -9.214082131078E-01 -2.956680453427E-01 -9.214082113703E-01 -2.956680444123E-01
 -3.055418788382E-01  9.521786388467E-01 -9.519585552968E-01 -3.054712572274E-01 -9.519585531776E-01 -3.054712561776E-01
 -2.286206189833E-01  4.446713534462E-01 -4.440135725823E-01 -2.282824297904E-01 -4.440135555861E-01 -2.282824228014E-01
 -2.432820423025E-01  4.731880943238E-01 -4.725801730060E-01 -2.429694878130E-01 -4.725801670856E-01 -2.429694862981E-01
 -2.752934976090E-01  5.354509699132E-01 -5.349354215009E-01 -2.750284362320E-01 -5.349354206311E-01 -2.750284362439E-01
 -3.190058701001E-01  6.204723469194E-01 -6.200567305894E-01 -3.187921877539E-01 -6.200567302979E-01 -3.187921875039E-01
 -3.668559868497E-01  7.135417134193E-01 -7.132124810819E-01 -3.666867176170E-01 -7.132124813579E-01 -3.666867174846E-01
 -4.105683593408E-01  7.985630904255E-01 -7.982986788728E-01 -4.104324168534E-01 -7.982986800182E-01 -4.104324169858E-01
 -4.425798146473E-01  8.608259660149E-01 -8.606028716734E-01 -4.424651149694E-01 -8.606028736851E-01 -4.424651153168E-01
 -4.572412379666E-01  8.893427068925E-01 -8.891371426640E-01 -4.571355511361E-01 -8.891371450612E-01 -4.571355516597E-01
 -2.925726402991E-01  4.054642402832E-01 -4.048644288176E-01 -2.921398337343E-01 -4.048644411112E-01 -2.921398405353E-01
 -3.113353019965E-01  4.314666319049E-01 -4.309123034105E-01 -3.109353139243E-01 -4.309123062128E-01 -3.109353147345E-01
 -3.523013182749E-01  4.882397281547E-01 -4.877696353359E-01 -3.519621113783E-01 -4.877696353628E-01 -3.519621113224E-01
 -4.082413480515E-01  5.657646862355E-01 -5.653857150102E-01 -4.079678916301E-01 -5.653857149427E-01 -4.079678920455E-01
 -4.694765728457E-01  6.506280346142E-01 -6.503278317964E-01 -4.692599537477E-01 -6.503278312693E-01 -4.692599537792E-01
 -5.254166026223E-01  7.281529926949E-01 -7.279118968358E-01 -5.252426329869E-01 -7.279118956148E-01 -5.252426331269E-01
 -5.663826189007E-01  7.849260889447E-01 -7.847226688741E-01 -5.662358346878E-01 -7.847226668863E-01 -5.662358347387E-01
 -5.851452805981E-01  8.109284805664E-01 -8.107410455934E-01 -5.850100307032E-01 -8.107410433252E-01 -5.850100306720E-01
 -3.353049415808E-01  3.709051039706E-01 -3.703564354056E-01 -3.348089324407E-01 -3.703564277813E-01 -3.348089283536E-01
 -3.568080225864E-01  3.946912207468E-01 -3.941841410320E-01 -3.563496137228E-01 -3.941841421735E-01 -3.563496143586E-01
 -4.037574149868E-01  4.466253472990E-01 -4.461953223901E-01 -4.033686650447E-01 -4.461953221611E-01 -4.033686644622E-01
 -4.678678813554E-01  5.175425818674E-01 -5.171959114329E-01 -4.675544852737E-01 -5.171959116243E-01 -4.675544851676E-01
 -5.380469433871E-01  5.951727300445E-01 -5.948981137244E-01 -5.377986855400E-01 -5.948981140814E-01 -5.377986855754E-01
 -6.021574097557E-01  6.660899646129E-01 -6.658694161947E-01 -6.019580306817E-01 -6.658694170808E-01 -6.019580307863E-01
 -6.491068021561E-01  7.180240911651E-01 -7.178380061156E-01 -6.489385790743E-01 -7.178380074807E-01 -6.489385791301E-01
 -6.706098831617E-01  7.418102079413E-01 -7.416387450256E-01 -6.704548788709E-01 -7.416387466321E-01 -6.704548790282E-01
 -3.535533905933E-01  3.535533905933E-01 -3.530303827994E-01 -3.530303827994E-01 -3.530303826190E-01 -3.530303826190E-01
 -3.762267432790E-01  3.762267432790E-01 -3.757433898644E-01 -3.757433850534E-01 -3.757433868976E-01 -3.757433868976E-01
 -4.257312832097E-01  4.257312832097E-01 -4.253213750255E-01 -4.253213759230E-01 -4.253213755435E-01 -4.253213755435E-01
 -4.933308618209E-01  4.933308618209E-01 -4.930004094210E-01 -4.930004095897E-01 -4.930004095339E-01 -4.930004095339E-01
 -5.673293099589E-01  5.673293099589E-01 -5.670675410131E-01 -5.670675412662E-01 -5.670675411026E-01 -5.670675411026E-01
 -6.349288885701E-01  6.349288885701E-01 -6.347186586934E-01 -6.347186586536E-01 -6.347186587109E-01 -6.347186587109E-01
 -6.844334285008E-01  6.844334285008E-01 -6.842560498778E-01 -6.842560504469E-01 -6.842560501988E-01 -6.842560501988E-01
 -7.071067811865E-01  7.071067811865E-01 -7.069433410688E-01 -7.069433413446E-01 -7.069433411946E-01 -7.069433411946E-01
 -3.535533905933E-01  3.535533905933E-01 -3.530303827994E-01 -3.530303827994E-01 -3.530303826190E-01 -3.530303826190E-01
 -3.762267432790E-01  3.762267432790E-01 -3.757433898644E-01 -3.757433850534E-01 -3.757433868976E-01 -3.757433868976E-01
 -4.257312832097E-01  4.257312832097E-01 -4.253213750255E-01 -4.253213759230E-01 -4.253213755435E-01 -4.253213755435E-01
 -4.933308618209E-01  4.933308618209E-01 -4.930004094210E-01 -4.930004095897E-01 -4.930004095339E-01 -4.930004095339E-01
 -5.673293099589E-01  5.673293099589E-01 -5.670675410131E-01 -5.670675412662E-01 -5.670675411026E-01 -5.670675411026E-01
 -6.349288885701E-01  6.349288885701E-01 -6.347186586934E-01 -6.347186586536E-01 -6.347186587109E-01 -6.347186587109E-01
 -6.844334285008E-01  6.844334285008E-01 -6.842560498778E-01 -6.842560504469E-01 -6.842560501988E-01 -6.842560501988E-01
 -7.071067811865E-01  7.071067811865E-01 -7.069433410688E-01 -7.069433413446E-01 -7.069433411946E-01 -7.069433411946E-01
 -3.709051039706E-01  3.353049415808E-01 -3.348089204680E-01 -3.703564221617E-01 -3.348089283536E-01 -3.703564277813E-01
 -3.946912207468E-01  3.568080225864E-01 -3.563496130969E-01 -3.941841431120E-01 -3.563496143586E-01 -3.941841421735E-01
 -4.466253472990E-01  4.037574149868E-01 -4.033686638373E-01 -4.461953218164E-01 -4.033686644622E-01 -4.461953221611E-01
 -5.175425818674E-01  4.678678813554E-01 -4.675544849389E-01 -5.171959115920E-01 -4.675544851676E-01 -5.171959116243E-01
 -5.951727300445E-01  5.380469433871E-01 -5.377986856567E-01 -5.948981145410E-01 -5.377986855754E-01 -5.948981140814E-01
 -6.660899646129E-01  6.021574097557E-01 -6.019580307578E-01 -6.658694179572E-01 -6.019580307863E-01 -6.658694170808E-01
 -7.180240911651E-01  6.491068021561E-01 -6.489385791179E-01 -7.178380089144E-01 -6.489385791301E-01 -7.178380074807E-01
 -7.418102079413E-01  6.706098831617E-01 -6.704548790036E-01 -7.416387483138E-01 -6.704548790282E-01 -7.416387466321E-01
 -4.054642402832E-01  2.925726402991E-01 -2.921398508138E-01 -4.048644524873E-01 -2.921398405353E-01 -4.048644411112E-01
 -4.314666319049E-01  3.113353019965E-01 -3.109353176237E-01 -4.309123089621E-01 -3.109353147345E-01 -4.309123062128E-01
 -4.882397281547E-01  3.523013182749E-01 -3.519621120201E-01 -4.877696357424E-01 -3.519621113224E-01 -4.877696353628E-01
 -5.657646862355E-01  4.082413480515E-01 -4.079678924755E-01 -5.653857148636E-01 -4.079678920455E-01 -5.653857149427E-01
 -6.506280346142E-01  4.694765728457E-01 -4.692599539186E-01 -6.503278308872E-01 -4.692599537792E-01 -6.503278312693E-01
 -7.281529926949E-01  5.254166026223E-01 -5.252426332545E-01 -7.279118944188E-01 -5.252426331269E-01 -7.279118956148E-01
 -7.849260889447E-01  5.663826189007E-01 -5.662358347744E-01 -7.847226650264E-01 -5.662358347387E-01 -7.847226668863E-01
 -8.109284805664E-01  5.851452805981E-01 -5.850100306259E-01 -8.107410411623E-01 -5.850100306720E-01 -8.107410433252E-01
 -4.446713534462E-01  2.286206189833E-01 -2.282824127857E-01 -4.440135395079E-01 -2.282824228014E-01 -4.440135555861E-01
 -4.731880943238E-01  2.432820423025E-01 -2.429694825972E-01 -4.725801615228E-01 -2.429694862981E-01 -4.725801670856E-01
 -5.354509699132E-01  2.752934976090E-01 -2.750284355199E-01 -5.349354200427E-01 -2.750284362439E-01 -5.349354206311E-01
 -6.204723469194E-01  3.190058701001E-01 -3.187921870362E-01 -6.200567298225E-01 -3.187921875039E-01 -6.200567302979E-01
 -7.135417134193E-01  3.668559868497E-01 -3.666867174223E-01 -7.132124816737E-01 -3.666867174846E-01 -7.132124813579E-01
 -7.985630904255E-01  4.105683593408E-01 -4.104324172032E-01 -7.982986809932E-01 -4.104324169858E-01 -7.982986800182E-01
 -8.608259660149E-01  4.425798146473E-01 -4.424651158875E-01 -8.606028755715E-01 -4.424651153168E-01 -8.606028736851E-01
 -8.893427068925E-01  4.572412379666E-01 -4.571355524158E-01 -8.891371473019E-01 -4.571355516597E-01 -8.891371450612E-01
 -4.760893194234E-01  1.527709394191E-01 -1.525449539813E-01 -4.753850622424E-01 -1.525449469052E-01 -4.753850452822E-01
 -5.066208921261E-01  1.625681284201E-01 -1.623592725328E-01 -5.059700174409E-01 -1.623592694177E-01 -5.059700121833E-01
 -5.732829107945E-01  1.839591128426E-01 -1.837819917614E-01 -5.727309363190E-01 -1.837819911379E-01 -5.727309357123E-01
 -6.643114180315E-01  2.131689900593E-01 -2.130262011701E-01 -6.638664366702E-01 -2.130262011407E-01 -6.638664362873E-01
 -7.639565402386E-01  2.451438281979E-01 -2.450307172018E-01 -7.636040463979E-01 -2.450307174906E-01 -7.636040464994E-01
 -8.549850474757E-01  2.743537054146E-01 -2.742628640674E-01 -8.547019544190E-01 -2.742628647837E-01 -8.547019553226E-01
 -9.216470661440E-01  2.957446898372E-01 -2.956680432355E-01 -9.214082097022E-01 -2.956680444123E-01 -9.214082113703E-01
 -9.521786388467E-01  3.055418788382E-01 -3.054712548527E-01 -9.519585511123E-01 -3.054712561776E-01 -9.519585531776E-01
 -4.935866117780E-01  7.982641588779E-02 -7.970832558992E-02 -4.928564405664E-01 -7.970832947375E-02 -4.928564540683E-01
 -5.252402845402E-01  8.494567801117E-02 -8.483654285207E-02 -5.245654808245E-01 -8.483654426067E-02 -5.245654833789E-01
 -5.943522737960E-01  9.612297144970E-02 -9.603042112659E-02 -5.937800124793E-01 -9.603042118513E-02 -5.937800124587E-01
 -6.887262717609E-01  1.113858206250E-01 -1.113112103916E-01 -6.882649357477E-01 -1.113112100502E-01 -6.882649359937E-01
 -7.920335635732E-01  1.280934270383E-01 -1.280343244233E-01 -7.916681152919E-01 -1.280343240283E-01 -7.916681149414E-01
 -8.864075615381E-01  1.433562762137E-01 -1.433088108056E-01 -8.861140659123E-01 -1.433088098433E-01 -8.861140651479E-01
 -9.555195507939E-01  1.545335696522E-01 -1.544935220531E-01 -9.552719189703E-01 -1.544935206115E-01 -9.552719176006E-01
 -9.871732235560E-01  1.596528317756E-01 -1.596159313529E-01 -9.869450508978E-01 -1.596159297712E-01 -9.869450492718E-01
 -4.993659121515E-01  2.517311623718E-02 -2.513588040071E-02 -4.986272134620E-01 -2.513587789955E-02 -4.986272051809E-01
 -5.313902110175E-01  2.678746631225E-02 -2.675305082334E-02 -5.307075074965E-01 -2.675305118091E-02 -5.307075087533E-01
 -6.013114178165E-01  3.031220563338E-02 -3.028301982453E-02 -6.007324565670E-01 -3.028302007442E-02 -6.007324559932E-01
 -6.967904207970E-01  3.512531758546E-02 -3.510178906496E-02 -6.963236832874E-01 -3.510178927531E-02 -6.963236833477E-01
 -8.013073156575E-01  4.039403112607E-02 -4.037539287107E-02 -8.009375877882E-01 -4.037539309849E-02 -8.009375880656E-01
 -8.967863186381E-01  4.520714307816E-02 -4.519217409124E-02 -8.964893850607E-01 -4.519217464391E-02 -8.964893857612E-01
 -9.667075254371E-01  4.873188239929E-02 -4.871925208073E-02 -9.664569917548E-01 -4.871925300658E-02 -9.664569927595E-01
 -9.987318243030E-01  5.034623247436E-02 -5.033459446910E-02 -9.985009771275E-01 -5.033459549385E-02 -9.985009783747E-01
 -5.000000000000E-01  8.326672684689E-17  4.234466532074E-16 -4.992603552847E-01 -8.314355121546E-17 -4.992603550296E-01
 -5.320649628726E-01  8.860661585662E-17 -3.401866428239E-09 -5.313813945164E-01 -8.849277872524E-17 -5.313813937226E-01
 -6.020749546417E-01  1.002656215790E-16  6.345893630714E-10 -6.014952575628E-01 -1.001690826387E-16 -6.014952576608E-01
 -6.976751955244E-01  1.161862598672E-16  1.192534638504E-10 -6.972078653780E-01 -1.161084337706E-16 -6.972078654184E-01
 -8.023248044756E-01  1.336139206735E-16  1.790161101873E-10 -8.019546074613E-01 -1.335522704774E-16 -8.019546074088E-01
 -8.979250453583E-01  1.495345589617E-16 -2.810933871390E-11 -8.976277353873E-01 -1.494850469142E-16 -8.976277354403E-01
 -9.679350371274E-01  1.611935646840E-16  4.024136447675E-10 -9.676841862754E-01 -1.611517896339E-16 -9.676841863270E-01
 -1.000000000000E+00  1.665334536938E-16  1.950214300929E-10 -9.997688609639E-01 -1.664949613090E-16 -9.997688609467E-01
 -5.000000000000E-01  8.326672684689E-17  4.234466532074E-16 -4.992603552847E-01 -8.314355121546E-17 -4.992603550296E-01
 -5.320649628726E-01  8.860661585662E-17 -3.401866428239E-09 -5.313813945164E-01 -8.849277872524E-17 -5.313813937226E-01
 -6.020749546417E-01  1.002656215790E-16  6.345893630714E-10 -6.014952575628E-01 -1.001690826387E-16 -6.014952576608E-01
 -6.976751955244E-01  1.161862598672E-16  1.192534638504E-10 -6.972078653780E-01 -1.161084337706E-16 -6.972078654184E-01
 -8.023248044756E-01  1.336139206735E-16  1.790161101873E-10 -8.019546074613E-01 -1.335522704774E-16 -8.019546074088E-01
 -8.979250453583E-01  1.495345589617E-16 -2.810933871390E-11 -8.976277353873E-01 -1.494850469142E-16 -8.976277354403E-01
 -9.679350371274E-01  1.611935646840E-16  4.024136447675E-10 -9.676841862754E-01 -1.611517896339E-16 -9.676841863270E-01
 -1.000000000000E+00  1.665334536938E-16  1.950214300929E-10 -9.997688609639E-01 -1.664949613090E-16 -9.997688609467E-01
 -4.993659121515E-01 -2.517311623718E-02  2.513587950185E-02 -4.986271956312E-01  2.513587789955E-02 -4.986272051809E-01
 -5.313902110175E-01 -2.678746631225E-02  2.675305273670E-02 -5.307075085247E-01  2.675305118091E-02 -5.307075087533E-01
 -6.013114178165E-01 -3.031220563338E-02  3.028302027255E-02 -6.007324553076E-01  3.028302007442E-02 -6.007324559932E-01
 -6.967904207970E-01 -3.512531758546E-02  3.510178941418E-02 -6.963236831632E-01  3.510178927531E-02 -6.963236833477E-01
 -8.013073156575E-01 -4.039403112607E-02  4.037539336599E-02 -8.009375884481E-01  4.037539309849E-02 -8.009375880656E-01
 -8.967863186381E-01 -4.520714307816E-02  4.519217528374E-02 -8.964893863609E-01  4.519217464391E-02 -8.964893857612E-01
 -9.667075254371E-01 -4.873188239929E-02  4.871925402899E-02 -9.664569937646E-01  4.871925300658E-02 -9.664569927595E-01
 -9.987318243030E-01 -5.034623247436E-02  5.033459670029E-02 -9.985009795464E-01  5.033459549385E-02 -9.985009783747E-01
 -4.935866117780E-01 -7.982641588779E-02  7.970833024993E-02 -4.928564693804E-01  7.970832947375E-02 -4.928564540683E-01
 -5.252402845402E-01 -8.494567801117E-02  8.483654416174E-02 -5.245654873660E-01  8.483654426067E-02 -5.245654833789E-01
 -5.943522737960E-01 -9.612297144970E-02  9.603042096014E-02 -5.937800132205E-01  9.603042118513E-02 -5.937800124587E-01
 -6.887262717609E-01 -1.113858206250E-01  1.113112096903E-01 -6.882649362419E-01  1.113112100502E-01 -6.882649359937E-01
 -7.920335635732E-01 -1.280934270383E-01  1.280343236596E-01 -7.916681147698E-01  1.280343240283E-01 -7.916681149414E-01
 -8.864075615381E-01 -1.433562762137E-01  1.433088089073E-01 -8.861140643925E-01  1.433088098433E-01 -8.861140651479E-01
 -9.555195507939E-01 -1.545335696522E-01  1.544935192711E-01 -9.552719163107E-01  1.544935206115E-01 -9.552719176006E-01
 -9.871732235560E-01 -1.596528317756E-01  1.596159282744E-01 -9.869450477098E-01  1.596159297712E-01 -9.869450492718E-01
 -4.760893194234E-01 -1.527709394191E-01  1.525449426183E-01 -4.753850268311E-01  1.525449469052E-01 -4.753850452822E-01
 -5.066208921261E-01 -1.625681284201E-01  1.623592681011E-01 -5.059700056328E-01  1.623592694177E-01 -5.059700121833E-01
 -5.732829107945E-01 -1.839591128426E-01  1.837819912339E-01 -5.727309347843E-01  1.837819911379E-01 -5.727309357123E-01
 -6.643114180315E-01 -2.131689900593E-01  2.130262011353E-01 -6.638664356205E-01  2.130262011407E-01 -6.638664362873E-01
 -7.639565402386E-01 -2.451438281979E-01  2.450307177580E-01 -7.636040466787E-01  2.450307174906E-01 -7.636040464994E-01
 -8.549850474757E-01 -2.743537054146E-01  2.742628653194E-01 -8.547019561658E-01  2.742628647837E-01 -8.547019553226E-01
 -9.216470661440E-01 -2.957446898372E-01  2.956680453427E-01 -9.214082131078E-01  2.956680444123E-01 -9.214082113703E-01
 -9.521786388467E-01 -3.055418788382E-01  3.054712572274E-01 -9.519585552968E-01  3.054712561776E-01 -9.519585531776E-01
 -4.446713534462E-01 -2.286206189833E-01  2.282824297904E-01 -4.440135725823E-01  2.282824228014E-01 -4.440135555861E-01
 -4.731880943238E-01 -2.432820423025E-01  2.429694878130E-01 -4.725801730060E-01  2.429694862981E-01 -4.725801670856E-01
 -5.354509699132E-01 -2.752934976090E-01  2.750284362320E-01 -5.349354215009E-01  2.750284362439E-01 -5.349354206311E-01
 -6.204723469194E-01 -3.190058701001E-01  3.187921877539E-01 -6.200567305894E-01  3.187921875039E-01 -6.200567302979E-01
 -7.135417134193E-01 -3.668559868497E-01  3.666867176170E-01 -7.132124810819E-01  3.666867174846E-01 -7.132124813579E-01
 -7.985630904255E-01 -4.105683593408E-01  4.104324168534E-01 -7.982986788728E-01  4.104324169858E-01 -7.982986800182E-01
 -8.608259660149E-01 -4.425798146473E-01  4.424651149694E-01 -8.606028716734E-01  4.424651153168E-01 -8.606028736851E-01
 -8.893427068925E-01 -4.572412379666E-01  4.571355511361E-01 -8.891371426640E-01  4.571355516597E-01 -8.891371450612E-01
 -4.054642402832E-01 -2.925726402991E-01  2.921398337343E-01 -4.048644288176E-01  2.921398405353E-01 -4.048644411112E-01
 -4.314666319049E-01 -3.113353019965E-01  3.109353139243E-01 -4.309123034105E-01  3.109353147345E-01 -4.309123062128E-01
 -4.882397281547E-01 -3.523013182749E-01  3.519621113783E-01 -4.877696353359E-01  3.519621113224E-01 -4.877696353628E-01
 -5.657646862355E-01 -4.082413480515E-01  4.079678916301E-01 -5.653857150102E-01  4.079678920455E-01 -5.653857149427E-01
 -6.506280346142E-01 -4.694765728457E-01  4.692599537477E-01 -6.503278317964E-01  4.692599537792E-01 -6.503278312693E-01
 -7.281529926949E-01 -5.254166026223E-01  5.252426329869E-01 -7.279118968358E-01  5.252426331269E-01 -7.279118956148E-01
 -7.849260889447E-01 -5.663826189007E-01  5.662358346878E-01 -7.847226688741E-01  5.662358347387E-01 -7.847226668863E-01
 -8.109284805664E-01 -5.851452805981E-01  5.850100307032E-01 -8.107410455934E-01  5.850100306720E-01 -8.107410433252E-01
 -3.709051039706E-01 -3.353049415808E-01  3.348089324407E-01 -3.703564354056E-01  3.348089283536E-01 -3.703564277813E-01
 -3.946912207468E-01 -3.568080225864E-01  3.563496137228E-01 -3.941841410320E-01  3.563496143586E-01 -3.941841421735E-01
 -4.466253472990E-01 -4.037574149868E-01  4.033686650447E-01 -4.461953223901E-01  4.033686644622E-01 -4.461953221611E-01
 -5.175425818674E-01 -4.678678813554E-01  4.675544852737E-01 -5.171959114329E-01  4.675544851676E-01 -5.171959116243E-01
 -5.951727300445E-01 -5.380469433871E-01  5.377986855400E-01 -5.948981137244E-01  5.377986855754E-01 -5.948981140814E-01
 -6.660899646129E-01 -6.021574097557E-01  6.019580306817E-01 -6.658694161947E-01  6.019580307863E-01 -6.658694170808E-01
 -7.180240911651E-01 -6.491068021561E-01  6.489385790743E-01 -7.178380061156E-01  6.489385791301E-01 -7.178380074807E-01
 -7.418102079413E-01 -6.706098831617E-01  6.704548788709E-01 -7.416387450256E-01  6.704548790282E-01 -7.416387466321E-01
 -3.535533905933E-01 -3.535533905933E-01  3.530303827994E-01 -3.530303827994E-01  3.530303826190E-01 -3.530303826190E-01
 -3.762267432790E-01 -3.762267432790E-01  3.757433850534E-01 -3.757433898644E-01  3.757433868976E-01 -3.757433868976E-01
 -4.257312832097E-01 -4.257312832097E-01  4.253213759230E-01 -4.253213750255E-01  4.253213755435E-01 -4.253213755435E-01
 -4.933308618209E-01 -4.933308618209E-01  4.930004095897E-01 -4.930004094210E-01  4.930004095339E-01 -4.930004095339E-01
 -5.673293099589E-01 -5.673293099589E-01  5.670675412662E-01 -5.670675410131E-01  5.670675411026E-01 -5.670675411026E-01
 -6.349288885701E-01 -6.349288885701E-01  6.347186586536E-01 -6.347186586934E-01  6.347186587109E-01 -6.347186587109E-01
 -6.844334285008E-01 -6.844334285008E-01  6.842560504469E-01 -6.842560498778E-01  6.842560501988E-01 -6.842560501988E-01
 -7.071067811865E-01 -7.071067811865E-01  7.069433413446E-01 -7.069433410688E-01  7.069433411946E-01 -7.069433411946E-01
 -3.535533905933E-01 -3.535533905933E-01  3.530303827994E-01 -3.530303827994E-01  3.530303826190E-01 -3.530303826190E-01
 -3.762267432790E-01 -3.762267432790E-01  3.757433850534E-01 -3.757433898644E-01  3.757433868976E-01 -3.757433868976E-01
 -4.257312832097E-01 -4.257312832097E-01  4.253213759230E-01 -4.253213750255E-01  4.253213755435E-01 -4.253213755435E-01
 -4.933308618209E-01 -4.933308618209E-01  4.930004095897E-01 -4.930004094210E-01  4.930004095339E-01 -4.930004095339E-01
 -5.673293099589E-01 -5.673293099589E-01  5.670675412662E-01 -5.670675410131E-01  5.670675411026E-01 -5.670675411026E-01
 -6.349288885701E-01 -6.349288885701E-01  6.347186586536E-01 -6.347186586934E-01  6.347186587109E-01 -6.347186587109E-01
 -6.844334285008E-01 -6.844334285008E-01  6.842560504469E-01 -6.842560498778E-01  6.842560501988E-01 -6.842560501988E-01
 -7.071067811865E-01 -7.071067811865E-01  7.069433413446E-01 -7.069433410688E-01  7.069433411946E-01 -7.069433411946E-01
 -3.353049415808E-01 -3.709051039706E-01  3.703564221617E-01 -3.348089204680E-01  3.703564277813E-01 -3.348089283536E-01
 -3.568080225864E-01 -3.946912207468E-01  3.941841431120E-01 -3.563496130969E-01  3.941841421735E-01 -3.563496143586E-01
 -4.037574149868E-01 -4.466253472990E-01  4.461953218164E-01 -4.033686638373E-01  4.461953221611E-01 -4.033686644622E-01
 -4.678678813554E-01 -5.175425818674E-01  5.171959115920E-01 -4.675544849389E-01  5.171959116243E-01 -4.675544851676E-01
 -5.380469433871E-01 -5.951727300445E-01  5.948981145410E-01 -5.377986856567E-01  5.948981140814E-01 -5.377986855754E-01
 -6.021574097557E-01 -6.660899646129E-01  6.658694179572E-01 -6.019580307578E-01  6.658694170808E-01 -6.019580307863E-01
 -6.491068021561E-01 -7.180240911651E-01  7.178380089144E-01 -6.489385791179E-01  7.178380074807E-01 -6.489385791301E-01
 -6.706098831617E-01 -7.418102079413E-01  7.416387483138E-01 -6.704548790036E-01  7.416387466321E-01 -6.704548790282E-01
 -2.925726402991E-01 -4.054642402832E-01  4.048644524873E-01 -2.921398508138E-01  4.048644411112E-01 -2.921398405353E-01
 -3.113353019965E-01 -4.314666319049E-01  4.309123089621E-01 -3.109353176237E-01  4.309123062128E-01 -3.109353147345E-01
 -3.523013182749E-01 -4.882397281547E-01  4.877696357424E-01 -3.519621120201E-01  4.877696353628E-01 -3.519621113224E-01
 -4.082413480515E-01 -5.657646862355E-01  5.653857148636E-01 -4.079678924755E-01  5.653857149427E-01 -4.079678920455E-01
 -4.694765728457E-01 -6.506280346142E-01  6.503278308872E-01 -4.692599539186E-01  6.503278312693E-01 -4.692599537792E-01
 -5.254166026223E-01 -7.281529926949E-01  7.279118944188E-01 -5.252426332545E-01  7.279118956148E-01 -5.252426331269E-01
 -5.663826189007E-01 -7.849260889447E-01  7.847226650264E-01 -5.662358347744E-01  7.847226668863E-01 -5.662358347387E-01
 -5.851452805981E-01 -8.109284805664E-01  8.107410411623E-01 -5.850100306259E-01  8.107410433252E-01 -5.850100306720E-01
 -2.286206189833E-01 -4.446713534462E-01  4.440135395079E-01 -2.282824127857E-01  4.440135555861E-01 -2.282824228014E-01
 -2.432820423025E-01 -4.731880943238E-01  4.725801615228E-01 -2.429694825972E-01  4.725801670856E-01 -2.429694862981E-01
 -2.752934976090E-01 -5.354509699132E-01  5.349354200427E-01 -2.750284355199E-01  5.349354206311E-01 -2.750284362439E-01
 -3.190058701001E-01 -6.204723469194E-01  6.200567298225E-01 -3.187921870362E-01  6.200567302979E-01 -3.187921875039E-01
 -3.668559868497E-01 -7.135417134193E-01  7.132124816737E-01 -3.666867174223E-01  7.132124813579E-01 -3.666867174846E-01
 -4.105683593408E-01 -7.985630904255E-01  7.982986809932E-01 -4.104324172032E-01  7.982986800182E-01 -4.104324169858E-01
 -4.425798146473E-01 -8.608259660149E-01  8.606028755715E-01 -4.424651158875E-01  8.606028736851E-01 -4.424651153168E-01
 -4.572412379666E-01 -8.893427068925E-01  8.891371473019E-01 -4.571355524158E-01  8.891371450612E-01 -4.571355516597E-01
 -1.527709394191E-01 -4.760893194234E-01  4.753850622424E-01 -1.525449539813E-01  4.753850452822E-01 -1.525449469052E-01
 -1.625681284201E-01 -5.066208921261E-01  5.059700174409E-01 -1.623592725328E-01  5.059700121833E-01 -1.623592694177E-01
 -1.839591128426E-01 -5.732829107945E-01  5.727309363190E-01 -1.837819917614E-01  5.727309357123E-01 -1.837819911379E-01
 -2.131689900593E-01 -6.643114180315E-01  6.638664366702E-01 -2.130262011701E-01  6.638664362873E-01 -2.130262011407E-01
 -2.451438281979E-01 -7.639565402386E-01  7.636040463979E-01 -2.450307172018E-01  7.636040464994E-01 -2.450307174906E-01
 -2.743537054146E-01 -8.549850474757E-01  8.547019544190E-01 -2.742628640674E-01  8.547019553226E-01 -2.742628647837E-01
 -2.957446898372E-01 -9.216470661440E-01  9.214082097022E-01 -2.956680432355E-01  9.214082113703E-01 -2.956680444123E-01
 -3.055418788382E-01 -9.521786388467E-01  9.519585511123E-01 -3.054712548527E-01  9.519585531776E-01 -3.054712561776E-01
 -7.982641588779E-02 -4.935866117780E-01  4.928564405664E-01 -7.970832558992E-02  4.928564540683E-01 -7.970832947375E-02
 -8.494567801117E-02 -5.252402845402E-01  5.245654808245E-01 -8.483654285207E-02  5.245654833789E-01 -8.483654426067E-02
 -9.612297144970E-02 -5.943522737960E-01  5.937800124793E-01 -9.603042112659E-02  5.937800124587E-01 -9.603042118513E-02
 -1.113858206250E-01 -6.887262717609E-01  6.882649357477E-01 -1.113112103916E-01  6.882649359937E-01 -1.113112100502E-01
 -1.280934270383E-01 -7.920335635732E-01  7.916681152919E-01 -1.280343244233E-01  7.916681149414E-01 -1.280343240283E-01
 -1.433562762137E-01 -8.864075615381E-01  8.861140659123E-01 -1.433088108056E-01  8.861140651479E-01 -1.433088098433E-01
 -1.545335696522E-01 -9.555195507939E-01  9.552719189703E-01 -1.544935220531E-01  9.552719176006E-01 -1.544935206115E-01
 -1.596528317756E-01 -9.871732235560E-01  9.869450508978E-01 -1.596159313529E-01  9.869450492718E-01 -1.596159297712E-01
 -2.517311623718E-02 -4.993659121515E-01  4.986272134620E-01 -2.513588040071E-02  4.986272051809E-01 -2.513587789955E-02
 -2.678746631225E-02 -5.313902110175E-01  5.307075074965E-01 -2.675305082334E-02  5.307075087533E-01 -2.675305118091E-02
 -3.031220563338E-02 -6.013114178165E-01  6.007324565670E-01 -3.028301982453E-02  6.007324559932E-01 -3.028302007442E-02
 -3.512531758547E-02 -6.967904207970E-01  6.963236832874E-01 -3.510178906496E-02  6.963236833477E-01 -3.510178927531E-02
 -4.039403112608E-02 -8.013073156575E-01  8.009375877882E-01 -4.037539287107E-02  8.009375880656E-01 -4.037539309849E-02
 -4.520714307816E-02 -8.967863186381E-01  8.964893850607E-01 -4.519217409124E-02  8.964893857612E-01 -4.519217464391E-02
 -4.873188239929E-02 -9.667075254371E-01  9.664569917548E-01 -4.871925208073E-02  9.664569927595E-01 -4.871925300658E-02
 -5.034623247436E-02 -9.987318243030E-01  9.985009771275E-01 -5.033459446911E-02  9.985009783747E-01 -5.033459549385E-02
 -1.081617080995E-16 -5.000000000000E-01  4.992603552847E-01 -4.234466540334E-16  4.992603550296E-01 -1.080017055727E-16
 -1.150981104084E-16 -5.320649628726E-01  5.313813945164E-01 -3.401866344690E-09  5.313813937226E-01 -1.149502383946E-16
 -1.302429109959E-16 -6.020749546417E-01  6.014952575628E-01  6.345895990544E-10  6.014952576608E-01 -1.301175089646E-16
 -1.509234816931E-16 -6.976751955244E-01  6.972078653780E-01  1.192534609729E-10  6.972078654184E-01 -1.508223872481E-16
 -1.735616426053E-16 -8.023248044756E-01  8.019546074613E-01  1.790161002999E-10  8.019546074088E-01 -1.734815603111E-16
 -1.942422133025E-16 -8.979250453583E-01  8.976277353873E-01 -2.810928347040E-11  8.976277354403E-01 -1.941778982053E-16
 -2.093870138900E-16 -9.679350371274E-01  9.676841862754E-01  4.024134274074E-10  9.676841863270E-01 -2.093327489879E-16
 -2.163234161989E-16 -1.000000000000E+00  9.997688609639E-01  1.950214179730E-10  9.997688609467E-01 -2.162734154093E-16
 -1.081617080995E-16 -5.000000000000E-01  4.992603552847E-01 -4.234466540334E-16  4.992603550296E-01 -1.080017055727E-16
 -1.150981104084E-16 -5.320649628726E-01  5.313813945164E-01 -3.401866344690E-09  5.313813937226E-01 -1.149502383946E-16
 -1.302429109959E-16 -6.020749546417E-01  6.014952575628E-01  6.345895990544E-10  6.014952576608E-01 -1.301175089646E-16
 -1.509234816931E-16 -6.976751955244E-01  6.972078653780E-01  1.192534609729E-10  6.972078654184E-01 -1.508223872481E-16
 -1.735616426053E-16 -8.023248044756E-01  8.019546074613E-01  1.790161002999E-10  8.019546074088E-01 -1.734815603111E-16
 -1.942422133025E-16 -8.979250453583E-01  8.976277353873E-01 -2.810928347040E-11  8.976277354403E-01 -1.941778982053E-16
 -2.093870138900E-16 -9.679350371274E-01  9.676841862754E-01  4.024134274074E-10  9.676841863270E-01 -2.093327489879E-16
 -2.163234161989E-16 -1.000000000000E+00  9.997688609639E-01  1.950214179730E-10  9.997688609467E-01 -2.162734154093E-16
  2.517311623718E-02 -4.993659121515E-01  4.986271956312E-01  2.513587950186E-02  4.986272051809E-01  2.513587789955E-02
  2.678746631225E-02 -5.313902110175E-01  5.307075085247E-01  2.675305273670E-02  5.307075087533E-01  2.675305118091E-02
  3.031220563338E-02 -6.013114178165E-01  6.007324553076E-01  3.028302027255E-02  6.007324559932E-01  3.028302007442E-02
  3.512531758546E-02 -6.967904207970E-01  6.963236831632E-01  3.510178941418E-02  6.963236833477E-01  3.510178927531E-02
  4.039403112607E-02 -8.013073156575E-01  8.009375884481E-01  4.037539336599E-02  8.009375880656E-01  4.037539309849E-02
  4.520714307816E-02 -8.967863186381E-01  8.964893863609E-01  4.519217528374E-02  8.964893857612E-01  4.519217464391E-02
  4.873188239929E-02 -9.667075254371E-01  9.664569937646E-01  4.871925402899E-02  9.664569927595E-01  4.871925300658E-02
  5.034623247436E-02 -9.987318243030E-01  9.985009795464E-01  5.033459670029E-02  9.985009783747E-01  5.033459549385E-02
  7.982641588779E-02 -4.935866117780E-01  4.928564693804E-01  7.970833024993E-02  4.928564540683E-01  7.970832947375E-02
  8.494567801117E-02 -5.252402845402E-01  5.245654873660E-01  8.483654416174E-02  5.245654833789E-01  8.483654426067E-02
  9.612297144970E-02 -5.943522737960E-01  5.937800132205E-01  9.603042096014E-02  5.937800124587E-01  9.603042118513E-02
  1.113858206250E-01 -6.887262717609E-01  6.882649362419E-01  1.113112096903E-01  6.882649359937E-01  1.113112100502E-01
  1.280934270383E-01 -7.920335635732E-01  7.916681147698E-01  1.280343236596E-01  7.916681149414E-01  1.280343240283E-01
  1.433562762137E-01 -8.864075615381E-01  8.861140643925E-01  1.433088089073E-01  8.861140651479E-01  1.433088098433E-01
  1.545335696522E-01 -9.555195507939E-01  9.552719163107E-01  1.544935192711E-01  9.552719176006E-01  1.544935206115E-01
  1.596528317756E-01 -9.871732235560E-01  9.869450477098E-01  1.596159282744E-01  9.869450492718E-01  1.596159297712E-01
  1.527709394191E-01 -4.760893194234E-01  4.753850268311E-01  1.525449426183E-01  4.753850452822E-01  1.525449469052E-01
  1.625681284201E-01 -5.066208921261E-01  5.059700056328E-01  1.623592681011E-01  5.059700121833E-01  1.623592694177E-01
  1.839591128426E-01 -5.732829107945E-01  5.727309347843E-01  1.837819912339E-01  5.727309357123E-01  1.837819911379E-01
  2.131689900593E-01 -6.643114180315E-01  6.638664356205E-01  2.130262011353E-01  6.638664362873E-01  2.130262011407E-01
  2.451438281979E-01 -7.639565402386E-01  7.636040466787E-01  2.450307177580E-01  7.636040464994E-01  2.450307174906E-01
  2.743537054146E-01 -8.549850474757E-01  8.547019561658E-01  2.742628653194E-01  8.547019553226E-01  2.742628647837E-01
  2.957446898372E-01 -9.216470661440E-01  9.214082131078E-01  2.956680453427E-01  9.214082113703E-01  2.956680444123E-01
  3.055418788382E-01 -9.521786388467E-01  9.519585552968E-01  3.054712572274E-01  9.519585531776E-01  3.054712561776E-01
  2.286206189833E-01 -4.446713534462E-01  4.440135725823E-01  2.282824297904E-01  4.440135555861E-01  2.282824228014E-01
  2.432820423025E-01 -4.731880943238E-01  4.725801730060E-01  2.429694878130E-01  4.725801670856E-01  2.429694862981E-01
  2.752934976090E-01 -5.354509699132E-01  5.349354215009E-01  2.750284362320E-01  5.349354206311E-01  2.750284362439E-01
  3.190058701001E-01 -6.204723469194E-01  6.200567305894E-01  3.187921877539E-01  6.200567302979E-01  3.187921875039E-01
  3.668559868497E-01 -7.135417134193E-01  7.132124810819E-01  3.666867176170E-01  7.132124813579E-01  3.666867174846E-01
  4.105683593408E-01 -7.985630904255E-01  7.982986788728E-01  4.104324168534E-01  7.982986800182E-01  4.104324169858E-01
  4.425798146473E-01 -8.608259660149E-01  8.606028716734E-01  4.424651149694E-01  8.606028736851E-01  4.424651153168E-01
  4.572412379666E-01 -8.893427068925E-01  8.891371426640E-01  4.571355511361E-01  8.891371450612E-01  4.571355516597E-01
  2.925726402991E-01 -4.054642402832E-01  4.048644288176E-01  2.921398337343E-01  4.048644411112E-01  2.921398405353E-01
  3.113353019965E-01 -4.314666319049E-01  4.309123034105E-01  3.109353139243E-01  4.309123062128E-01  3.109353147345E-01
  3.523013182749E-01 -4.882397281547E-01  4.877696353359E-01  3.519621113783E-01  4.877696353628E-01  3.519621113224E-01
  4.082413480515E-01 -5.657646862355E-01  5.653857150102E-01  4.079678916301E-01  5.653857149427E-01  4.079678920455E-01
  4.694765728457E-01 -6.506280346142E-01  6.503278317964E-01  4.692599537477E-01  6.503278312693E-01  4.692599537792E-01
  5.254166026223E-01 -7.281529926949E-01  7.279118968358E-01  5.252426329869E-01  7.279118956148E-01  5.252426331269E-01
  5.663826189007E-01 -7.849260889447E-01  7.847226688741E-01  5.662358346878E-01  7.847226668863E-01  5.662358347387E-01
  5.851452805981E-01 -8.109284805664E-01  8.107410455934E-01  5.850100307032E-01  8.107410433252E-01  5.850100306720E-01
  3.353049415808E-01 -3.709051039706E-01  3.703564354056E-01  3.348089324407E-01  3.703564277813E-01  3.348089283536E-01
  3.568080225864E-01 -3.946912207468E-01  3.941841410320E-01  3.563496137228E-01  3.941841421735E-01  3.563496143586E-01
  4.037574149868E-01 -4.466253472990E-01  4.461953223901E-01  4.033686650447E-01  4.461953221611E-01  4.033686644622E-01
  4.678678813554E-01 -5.175425818674E-01  5.171959114329E-01  4.675544852737E-01  5.171959116243E-01  4.675544851676E-01
  5.380469433871E-01 -5.951727300445E-01  5.948981137244E-01  5.377986855400E-01  5.948981140814E-01  5.377986855754E-01
  6.021574097557E-01 -6.660899646129E-01  6.658694161947E-01  6.019580306817E-01  6.658694170808E-01  6.019580307863E-01
  6.491068021561E-01 -7.180240911651E-01  7.178380061156E-01  6.489385790743E-01  7.178380074807E-01  6.489385791301E-01
  6.706098831617E-01 -7.418102079413E-01  7.416387450256E-01  6.704548788709E-01  7.416387466321E-01  6.704548790282E-01
  3.535533905933E-01 -3.535533905933E-01  3.530303827994E-01  3.530303827994E-01  3.530303826190E-01  3.530303826190E-01
  3.762267432790E-01 -3.762267432790E-01  3.757433898644E-01  3.757433850534E-01  3.757433868976E-01  3.757433868976E-01
  4.257312832097E-01 -4.257312832097E-01  4.253213750255E-01  4.253213759230E-01  4.253213755435E-01  4.253213755435E-01
  4.933308618209E-01 -4.933308618209E-01  4.930004094210E-01  4.930004095897E-01  4.930004095339E-01  4.930004095339E-01
  5.673293099589E-01 -5.673293099589E-01  5.670675410131E-01  5.670675412662E-01  5.670675411026E-01  5.670675411026E-01
  6.349288885701E-01 -6.349288885701E-01  6.347186586934E-01  6.347186586536E-01  6.347186587109E-01  6.347186587109E-01
  6.844334285008E-01 -6.844334285008E-01  6.842560498778E-01  6.842560504469E-01  6.842560501988E-01  6.842560501988E-01
  7.071067811865E-01 -7.071067811865E-01  7.069433410688E-01  7.069433413446E-01  7.069433411946E-01  7.069433411946E-01
  3.535533905933E-01 -3.535533905933E-01  3.530303827994E-01  3.530303827994E-01  3.530303826190E-01  3.530303826190E-01
  3.762267432790E-01 -3.762267432790E-01  3.757433898644E-01  3.757433850534E-01  3.757433868976E-01  3.757433868976E-01
  4.257312832097E-01 -4.257312832097E-01  4.253213750255E-01  4.253213759230E-01  4.253213755435E-01  4.253213755435E-01
  4.933308618209E-01 -4.933308618209E-01  4.930004094210E-01  4.930004095897E-01  4.930004095339E-01  4.930004095339E-01
  5.673293099589E-01 -5.673293099589E-01  5.670675410131E-01  5.670675412662E-01  5.670675411026E-01  5.670675411026E-01
  6.349288885701E-01 -6.349288885701E-01  6.347186586934E-01  6.347186586536E-01  6.347186587109E-01  6.347186587109E-01
  6.844334285008E-01 -6.844334285008E-01  6.842560498778E-01  6.842560504469E-01  6.842560501988E-01  6.842560501988E-01
  7.071067811865E-01 -7.071067811865E-01  7.069433410688E-01  7.069433413446E-01  7.069433411946E-01  7.069433411946E-01
  3.709051039706E-01 -3.353049415808E-01  3.348089204680E-01  3.703564221617E-01  3.348089283536E-01  3.703564277813E-01
  3.946912207468E-01 -3.568080225864E-01  3.563496130969E-01  3.941841431120E-01  3.563496143586E-01  3.941841421735E-01
  4.466253472990E-01 -4.037574149868E-01  4.033686638373E-01  4.461953218164E-01  4.033686644622E-01  4.461953221611E-01
  5.175425818674E-01 -4.678678813554E-01  4.675544849389E-01  5.171959115920E-01  4.675544851676E-01  5.171959116243E-01
  5.951727300445E-01 -5.380469433871E-01  5.377986856567E-01  5.948981145410E-01  5.377986855754E-01  5.948981140814E-01
  6.660899646129E-01 -6.021574097557E-01  6.019580307578E-01  6.658694179572E-01  6.019580307863E-01  6.658694170808E-01
  7.180240911651E-01 -6.491068021561E-01  6.489385791179E-01  7.178380089144E-01  6.489385791301E-01  7.178380074807E-01
  7.418102079413E-01 -6.706098831617E-01  6.704548790036E-01  7.416387483138E-01  6.704548790282E-01  7.416387466321E-01
  4.054642402832E-01 -2.925726402991E-01  2.921398508138E-01  4.048644524873E-01  2.921398405353E-01  4.048644411112E-01
  4.314666319049E-01 -3.113353019965E-01  3.109353176237E-01  4.309123089621E-01  3.109353147345E-01  4.309123062128E-01
  4.882397281547E-01 -3.523013182749E-01  3.519621120201E-01  4.877696357424E-01  3.519621113224E-01  4.877696353628E-01
  5.657646862355E-01 -4.082413480515E-01  4.079678924755E-01  5.653857148636E-01  4.079678920455E-01  5.653857149427E-01
  6.506280346142E-01 -4.694765728457E-01  4.692599539186E-01  6.503278308872E-01  4.692599537792E-01  6.503278312693E-01
  7.281529926949E-01 -5.254166026223E-01  5.252426332545E-01  7.279118944188E-01  5.252426331269E-01  7.279118956148E-01
  7.849260889447E-01 -5.663826189007E-01  5.662358347744E-01  7.847226650264E-01  5.662358347387E-01  7.847226668863E-01
  8.109284805664E-01 -5.851452805981E-01  5.850100306259E-01  8.107410411623E-01  5.850100306720E-01  8.107410433252E-01
  4.446713534462E-01 -2.286206189833E-01  2.282824127857E-01  4.440135395079E-01  2.282824228014E-01  4.440135555861E-01
  4.731880943238E-01 -2.432820423025E-01  2.429694825972E-01  4.725801615228E-01  2.429694862981E-01  4.725801670856E-01
  5.354509699132E-01 -2.752934976090E-01  2.750284355199E-01  5.349354200427E-01  2.750284362439E-01  5.349354206311E-01
  6.204723469194E-01 -3.190058701001E-01  3.187921870362E-01  6.200567298225E-01  3.187921875039E-01  6.200567302979E-01
  7.135417134193E-01 -3.668559868497E-01  3.666867174223E-01  7.132124816737E-01  3.666867174846E-01  7.132124813579E-01
  7.985630904255E-01 -4.105683593408E-01  4.104324172032E-01  7.982986809932E-01  4.104324169858E-01  7.982986800182E-01
  8.608259660149E-01 -4.425798146473E-01  4.424651158875E-01  8.606028755715E-01  4.424651153168E-01  8.606028736851E-01
  8.893427068925E-01 -4.572412379666E-01  4.571355524158E-01  8.891371473019E-01  4.571355516597E-01  8.891371450612E-01
  4.760893194234E-01 -1.527709394191E-01  1.525449539813E-01  4.753850622424E-01  1.525449469052E-01  4.753850452822E-01
  5.066208921261E-01 -1.625681284201E-01  1.623592725328E-01  5.059700174409E-01  1.623592694177E-01  5.059700121833E-01
  5.732829107945E-01 -1.839591128426E-01  1.837819917614E-01  5.727309363190E-01  1.837819911379E-01  5.727309357123E-01
  6.643114180315E-01 -2.131689900593E-01  2.130262011701E-01  6.638664366702E-01  2.130262011407E-01  6.638664362873E-01
  7.639565402386E-01 -2.451438281979E-01  2.450307172018E-01  7.636040463979E-01  2.450307174906E-01  7.636040464994E-01
  8.549850474757E-01 -2.743537054146E-01  2.742628640674E-01  8.547019544190E-01  2.742628647837E-01  8.547019553226E-01
  9.216470661440E-01 -2.957446898372E-01  2.956680432355E-01  9.214082097022E-01  2.956680444123E-01  9.214082113703E-01
  9.521786388467E-01 -3.055418788382E-01  3.054712548527E-01  9.519585511123E-01  3.054712561776E-01  9.519585531776E-01
  4.935866117780E-01 -7.982641588779E-02  7.970832558992E-02  4.928564405664E-01  7.970832947375E-02  4.928564540683E-01
  5.252402845402E-01 -8.494567801117E-02  8.483654285207E-02  5.245654808245E-01  8.483654426067E-02  5.245654833789E-01
  5.943522737960E-01 -9.612297144970E-02  9.603042112659E-02  5.937800124793E-01  9.603042118513E-02  5.937800124587E-01
  6.887262717609E-01 -1.113858206250E-01  1.113112103916E-01  6.882649357477E-01  1.113112100502E-01  6.882649359937E-01
  7.920335635732E-01 -1.280934270383E-01  1.280343244233E-01  7.916681152919E-01  1.280343240283E-01  7.916681149414E-01
  8.864075615381E-01 -1.433562762137E-01  1.433088108056E-01  8.861140659123E-01  1.433088098433E-01  8.861140651479E-01
  9.555195507939E-01 -1.545335696522E-01  1.544935220531E-01  9.552719189703E-01  1.544935206115E-01  9.552719176006E-01
  9.871732235560E-01 -1.596528317756E-01  1.596159313529E-01  9.869450508978E-01  1.596159297712E-01  9.869450492718E-01
  4.993659121515E-01 -2.517311623718E-02  2.513588040071E-02  4.986272134620E-01  2.513587789955E-02  4.986272051809E-01
  5.313902110175E-01 -2.678746631225E-02  2.675305082334E-02  5.307075074965E-01  2.675305118091E-02  5.307075087533E-01
  6.013114178165E-01 -3.031220563338E-02  3.028301982453E-02  6.007324565670E-01  3.028302007442E-02  6.007324559932E-01
  6.967904207970E-01 -3.512531758546E-02  3.510178906496E-02  6.963236832874E-01  3.510178927531E-02  6.963236833477E-01
  8.013073156575E-01 -4.039403112607E-02  4.037539287107E-02  8.009375877882E-01  4.037539309849E-02  8.009375880656E-01
  8.967863186381E-01 -4.520714307816E-02  4.519217409124E-02  8.964893850607E-01  4.519217464391E-02  8.964893857612E-01
  9.667075254371E-01 -4.873188239929E-02  4.871925208073E-02  9.664569917548E-01  4.871925300658E-02  9.664569927595E-01
  9.987318243030E-01 -5.034623247436E-02  5.033459446910E-02  9.985009771275E-01  5.033459549385E-02  9.985009783747E-01
  5.000000000000E-01  1.387778780781E-17 -2.152520351165E-15  4.992603552847E-01 -1.385725853591E-17  4.992603550296E-01
  5.320649628726E-01  1.476776930944E-17  3.401865918853E-09  5.313813945164E-01 -1.474879645421E-17  5.313813937226E-01
  6.020749546417E-01  1.671093692983E-17 -6.345893881928E-10  6.014952575628E-01 -1.669484710645E-17  6.014952576608E-01
  6.976751955244E-01  1.936437664453E-17 -1.192533181735E-10  6.972078653780E-01 -1.935140562843E-17  6.972078654184E-01
  8.023248044756E-01  2.226898677892E-17 -1.790159979725E-10  8.019546074613E-01 -2.225871174624E-17  8.019546074088E-01
  8.979250453583E-01  2.492242649361E-17  2.810930916278E-11  8.976277353873E-01 -2.491417448570E-17  8.976277354403E-01
  9.679350371274E-01  2.686559411401E-17 -4.024136835867E-10  9.676841862754E-01 -2.685863160565E-17  9.676841863270E-01
  1.000000000000E+00  2.775557561563E-17 -1.950217147925E-10  9.997688609639E-01 -2.774916021816E-17  9.997688609467E-01
  1.000000000000E+00  2.775557561563E-17 -1.950217147925E-10  9.997688609639E-01 -2.774916021816E-17  9.997688609467E-01
  1.032064962873E+00  2.953553861887E-17 -2.237543548047E-10  1.031852679112E+00 -2.952946350320E-17  1.031852679152E+00
  1.102074954642E+00  3.342187385967E-17 -1.921775786687E-10  1.101901225224E+00 -3.341660528761E-17  1.101901225265E+00
  1.197675195524E+00  3.872875328905E-17  2.872409727131E-10  1.197549277545E+00 -3.872468152913E-17  1.197549277558E+00
  1.302324804476E+00  4.453797355784E-17  1.675418149960E-09  1.302246151642E+00 -4.453528372189E-17  1.302246151591E+00
  1.397925045358E+00  4.984485298722E-17  2.767792882874E-09  1.397885917585E+00 -4.984345783302E-17  1.397885917527E+00
  1.467935037127E+00  5.373118822801E-17  1.320914723487E-09  1.467923049297E+00 -5.373074943347E-17  1.467923049269E+00
  1.500000000000E+00  5.551115123126E-17 -5.551115123126E-17  1.500000000000E+00 -5.551115123126E-17  1.500000000000E+00
  9.987318243030E-01  5.034623247436E-02 -5.033459670029E-02  9.985009795464E-01 -5.033459549385E-02  9.985009783747E-01
  1.030756123169E+00  5.196058254943E-02 -5.194989623779E-02  1.030544110007E+00 -5.194989486387E-02  1.030544108661E+00
  1.100677329968E+00  5.548532187056E-02 -5.547657701520E-02  1.100503822604E+00 -5.547657525098E-02  1.100503820911E+00
  1.196156332949E+00  6.029843382264E-02 -6.029209643963E-02  1.196030576721E+00 -6.029209432743E-02  1.196030574668E+00
  1.300673227809E+00  6.556714736325E-02 -6.556318934066E-02  1.300594676774E+00 -6.556318748686E-02  1.300594674671E+00
  1.396152230790E+00  7.038025931534E-02 -7.037829024119E-02  1.396113154664E+00 -7.037828937646E-02  1.396113152579E+00
  1.466073437589E+00  7.390499863647E-02 -7.390439513596E-02  1.466061466492E+00 -7.390439509296E-02  1.466061464933E+00
  1.498097736455E+00  7.551934871154E-02 -7.551934871154E-02  1.498097736455E+00 -7.551934871154E-02  1.498097736455E+00
  9.871732235560E-01  1.596528317756E-01 -1.596159282744E-01  9.869450477098E-01 -1.596159297712E-01  9.869450492718E-01
  1.018826896318E+00  1.647720938990E-01 -1.647382005269E-01  1.018617333636E+00 -1.647382022018E-01  1.018617335513E+00
  1.087938885574E+00  1.759493873375E-01 -1.759216489086E-01  1.087767381906E+00 -1.759216509506E-01  1.087767384585E+00
  1.182312883539E+00  1.912122365128E-01 -1.911921310466E-01  1.182188576565E+00 -1.911921333529E-01  1.182188580694E+00
  1.285620175351E+00  2.079198429261E-01 -2.079072838491E-01  1.285542525239E+00 -2.079072857704E-01  1.285542531330E+00
  1.379994173316E+00  2.231826921014E-01 -2.231764443353E-01  1.379955540323E+00 -2.231764452324E-01  1.379955547369E+00
  1.449106162572E+00  2.343599855400E-01 -2.343580715048E-01  1.449094324300E+00 -2.343580716444E-01  1.449094328479E+00
  1.480759835334E+00  2.394792476634E-01 -2.394792476634E-01  1.480759835334E+00 -2.394792476634E-01  1.480759835334E+00
  9.521786388467E-01  3.055418788382E-01 -3.054712572274E-01  9.519585552968E-01 -3.054712561776E-01  9.519585531776E-01
  9.827102115494E-01  3.153390678391E-01 -3.152742074913E-01  9.825080821313E-01 -3.152742062723E-01  9.825080795252E-01
  1.049372230218E+00  3.367300522617E-01 -3.366769722903E-01  1.049206812676E+00 -3.366769706616E-01  1.049206808817E+00
  1.140400737455E+00  3.659399294784E-01 -3.659014584978E-01  1.140280847115E+00 -3.659014562663E-01  1.140280841057E+00
  1.240045859662E+00  3.979147676170E-01 -3.978907386819E-01  1.239970976890E+00 -3.978907358670E-01  1.239970968066E+00
  1.331074366899E+00  4.271246448337E-01 -4.271126923959E-01  1.331037119968E+00 -4.271126896427E-01  1.331037110214E+00
  1.397736385567E+00  4.485156292563E-01 -4.485119678966E-01  1.397724976442E+00 -4.485119664634E-01  1.397724970985E+00
  1.428267958270E+00  4.583128182573E-01 -4.583128182573E-01  1.428267958270E+00 -4.583128182573E-01  1.428267958270E+00
  8.893427068925E-01  4.572412379666E-01 -4.571355511361E-01  8.891371426640E-01 -4.571355516597E-01  8.891371450612E-01
  9.178594477700E-01  4.719026612858E-01 -4.718055957023E-01  9.176706519180E-01 -4.718055964145E-01  9.176706547912E-01
  9.801223233594E-01  5.039141165923E-01 -5.038346791160E-01  9.799678143472E-01 -5.038346803571E-01  9.799678184054E-01
  1.065143700366E+00  5.476264890834E-01 -5.475689118647E-01  1.065031710132E+00 -5.475689141966E-01  1.065031716140E+00
  1.158213066866E+00  5.954766058330E-01 -5.954406385367E-01  1.158143109221E+00 -5.954406424909E-01  1.158143117497E+00
  1.243234443872E+00  6.391889783241E-01 -6.391710826334E-01  1.243199637008E+00 -6.391710874662E-01  1.243199645820E+00
  1.305497319461E+00  6.712004336306E-01 -6.711949494539E-01  1.305486653290E+00 -6.711949522873E-01  1.305486658147E+00
  1.334014060339E+00  6.858618569498E-01 -6.858618569498E-01  1.334014060339E+00 -6.858618569498E-01  1.334014060339E+00
  8.109284805664E-01  5.851452805981E-01 -5.850100307032E-01  8.107410455934E-01 -5.850100306720E-01  8.107410433252E-01
  8.369308721881E-01  6.039079422956E-01 -6.037837255799E-01  8.367587279017E-01 -6.037837254783E-01  8.367587252730E-01
  8.937039684379E-01  6.448739585740E-01 -6.447723020088E-01  8.935630897968E-01 -6.447723016492E-01  8.935630863385E-01
  9.712289265187E-01  7.008139883505E-01 -7.007403091651E-01  9.711268206671E-01 -7.007403080467E-01  9.711268160535E-01
  1.056092274897E+00  7.620492131448E-01 -7.620031925020E-01  1.056028498627E+00 -7.620031897808E-01  1.056028493034E+00
  1.133617232978E+00  8.179892429213E-01 -8.179663516499E-01  1.133585508590E+00 -8.179663474556E-01  1.133585503105E+00
  1.190390329228E+00  8.589552591997E-01 -8.589482473912E-01  1.190380610946E+00 -8.589482445608E-01  1.190380607932E+00
  1.216392720850E+00  8.777179208972E-01 -8.777179208972E-01  1.216392720850E+00 -8.777179208972E-01  1.216392720850E+00
  7.418102079413E-01  6.706098831617E-01 -6.704548788709E-01  7.416387450256E-01 -6.704548790282E-01  7.416387466321E-01
  7.655963247174E-01  6.921129641672E-01 -6.919706044542E-01  7.654388486504E-01 -6.919706046061E-01  7.654388504865E-01
  8.175304512697E-01  7.390623565677E-01 -7.389458517769E-01  8.174015747228E-01 -7.389458519307E-01  8.174015770447E-01
  8.884476858381E-01  8.031728229362E-01 -8.030883809528E-01  8.883542758373E-01 -8.030883811035E-01  8.883542786052E-01
  9.660778340152E-01  8.733518849679E-01 -8.732991393313E-01  9.660194859076E-01 -8.732991395665E-01  9.660194885028E-01
  1.036995068584E+00  9.374623513365E-01 -9.374361110114E-01  1.036966041216E+00 -9.374361118262E-01  1.036966043159E+00
  1.088929195136E+00  9.844117437369E-01 -9.844037034966E-01  1.088920301319E+00 -9.844037045604E-01  1.088920302420E+00
  1.112715311912E+00  1.005914824742E+00 -1.005914824742E+00  1.112715311912E+00 -1.005914824742E+00  1.112715311912E+00
  7.071067811865E-01  7.071067811865E-01 -7.069433413446E-01  7.069433410688E-01 -7.069433411946E-01  7.069433411946E-01
  7.297801338723E-01  7.297801338723E-01 -7.296300267436E-01  7.296300264272E-01 -7.296300266138E-01  7.296300266138E-01
  7.792846738030E-01  7.792846738030E-01 -7.791618286898E-01  7.791618284180E-01 -7.791618285827E-01  7.791618285827E-01
  8.468842524142E-01  8.468842524142E-01 -8.467952147538E-01  8.467952151600E-01 -8.467952149663E-01  8.467952149663E-01
  9.208827005522E-01  9.208827005522E-01 -9.208270834156E-01  9.208270857850E-01 -9.208270845644E-01  9.208270845644E-01
  9.884822791634E-01  9.884822791634E-01 -9.884546096927E-01  9.884546136070E-01 -9.884546116087E-01  9.884546116087E-01
  1.037986819094E+00  1.037986819094E+00 -1.037978341484E+00  1.037978343352E+00 -1.037978342398E+00  1.037978342398E+00
  1.060660171780E+00  1.060660171780E+00 -1.060660171780E+00  1.060660171780E+00 -1.060660171780E+00  1.060660171780E+00
  7.071067811865E-01  7.071067811865E-01 -7.069433413446E-01  7.069433410688E-01 -7.069433411946E-01  7.069433411946E-01
  7.297801338723E-01  7.297801338723E-01 -7.296300267436E-01  7.296300264272E-01 -7.296300266138E-01  7.296300266138E-01
  7.792846738030E-01  7.792846738030E-01 -7.791618286898E-01  7.791618284180E-01 -7.791618285827E-01  7.791618285827E-01
  8.468842524142E-01  8.468842524142E-01 -8.467952147538E-01  8.467952151600E-01 -8.467952149663E-01  8.467952149663E-01
  9.208827005522E-01  9.208827005522E-01 -9.208270834156E-01  9.208270857850E-01 -9.208270845644E-01  9.208270845644E-01
  9.884822791634E-01  9.884822791634E-01 -9.884546096927E-01  9.884546136070E-01 -9.884546116087E-01  9.884546116087E-01
  1.037986819094E+00  1.037986819094E+00 -1.037978341484E+00  1.037978343352E+00 -1.037978342398E+00  1.037978342398E+00
  1.060660171780E+00  1.060660171780E+00 -1.060660171780E+00  1.060660171780E+00 -1.060660171780E+00  1.060660171780E+00
  6.706098831617E-01  7.418102079413E-01 -7.416387483138E-01  6.704548790036E-01 -7.416387466321E-01  6.704548790282E-01
  6.921129641672E-01  7.655963247174E-01 -7.654388524098E-01  6.919706045864E-01 -7.654388504865E-01  6.919706046061E-01
  7.390623565677E-01  8.175304512697E-01 -8.174015794893E-01  7.389458518804E-01 -8.174015770447E-01  7.389458519307E-01
  8.031728229362E-01  8.884476858381E-01 -8.883542815500E-01  8.030883810611E-01 -8.883542786052E-01  8.030883811035E-01
  8.733518849679E-01  9.660778340152E-01 -9.660194913013E-01  8.732991397433E-01 -9.660194885028E-01  8.732991395665E-01
  9.374623513365E-01  1.036995068584E+00 -1.036966045244E+00  9.374361126887E-01 -1.036966043159E+00  9.374361118262E-01
  9.844117437369E-01  1.088929195136E+00 -1.088920303553E+00  9.844037056325E-01 -1.088920302420E+00  9.844037045604E-01
  1.005914824742E+00  1.112715311912E+00 -1.112715311912E+00  1.005914824742E+00 -1.112715311912E+00  1.005914824742E+00
  5.851452805981E-01  8.109284805664E-01 -8.107410411623E-01  5.850100306259E-01 -8.107410433252E-01  5.850100306720E-01
  6.039079422956E-01  8.369308721881E-01 -8.367587227614E-01  6.037837253353E-01 -8.367587252730E-01  6.037837254783E-01
  6.448739585740E-01  8.937039684379E-01 -8.935630830004E-01  6.447723011988E-01 -8.935630863385E-01  6.447723016492E-01
  7.008139883505E-01  9.712289265187E-01 -9.711268115026E-01  7.007403067575E-01 -9.711268160535E-01  7.007403080467E-01
  7.620492131448E-01  1.056092274897E+00 -1.056028487368E+00  7.620031868321E-01 -1.056028493034E+00  7.620031897808E-01
  8.179892429213E-01  1.133617232978E+00 -1.133585497489E+00  8.179663431075E-01 -1.133585503105E+00  8.179663474556E-01
  8.589552591997E-01  1.190390329228E+00 -1.190380604878E+00  8.589482417044E-01 -1.190380607932E+00  8.589482445608E-01
  8.777179208972E-01  1.216392720850E+00 -1.216392720850E+00  8.777179208972E-01 -1.216392720850E+00  8.777179208972E-01
  4.572412379666E-01  8.893427068925E-01 -8.891371473019E-01  4.571355524158E-01 -8.891371450612E-01  4.571355516597E-01
  4.719026612858E-01  9.178594477700E-01 -9.176706574959E-01  4.718055973953E-01 -9.176706547912E-01  4.718055964145E-01
  5.039141165923E-01  9.801223233594E-01 -9.799678222858E-01  5.038346819342E-01 -9.799678184054E-01  5.038346803571E-01
  5.476264890834E-01  1.065143700366E+00 -1.065031722002E+00  5.475689169022E-01 -1.065031716140E+00  5.475689141966E-01
  5.954766058330E-01  1.158213066866E+00 -1.158143125727E+00  5.954406467401E-01 -1.158143117497E+00  5.954406424909E-01
  6.391889783241E-01  1.243234443872E+00 -1.243199654664E+00  6.391710924164E-01 -1.243199645820E+00  6.391710874662E-01
  6.712004336306E-01  1.305497319461E+00 -1.305486663019E+00  6.711949551333E-01 -1.305486658147E+00  6.711949522873E-01
  6.858618569498E-01  1.334014060339E+00 -1.334014060339E+00  6.858618569498E-01 -1.334014060339E+00  6.858618569498E-01
  3.055418788382E-01  9.521786388467E-01 -9.519585511123E-01  3.054712548527E-01 -9.519585531776E-01  3.054712561776E-01
  3.153390678391E-01  9.827102115494E-01 -9.825080769900E-01  3.152742047443E-01 -9.825080795252E-01  3.152742062723E-01
  3.367300522617E-01  1.049372230218E+00 -1.049206805069E+00  3.366769686696E-01 -1.049206808817E+00  3.366769706616E-01
  3.659399294784E-01  1.140400737455E+00 -1.140280835159E+00  3.659014536664E-01 -1.140280841057E+00  3.659014562663E-01
  3.979147676170E-01  1.240045859662E+00 -1.239970959418E+00  3.978907328111E-01 -1.239970968066E+00  3.978907358670E-01
  4.271246448337E-01  1.331074366899E+00 -1.331037100566E+00  4.271126868287E-01 -1.331037110214E+00  4.271126896427E-01
  4.485156292563E-01  1.397736385567E+00 -1.397724965547E+00  4.485119650325E-01 -1.397724970985E+00  4.485119664634E-01
  4.583128182573E-01  1.428267958270E+00 -1.428267958270E+00  4.583128182573E-01 -1.428267958270E+00  4.583128182573E-01
  1.596528317756E-01  9.871732235560E-01 -9.869450508978E-01  1.596159313529E-01 -9.869450492718E-01  1.596159297712E-01
  1.647720938990E-01  1.018826896318E+00 -1.018617337444E+00  1.647382039887E-01 -1.018617335513E+00  1.647382022018E-01
  1.759493873375E-01  1.087938885574E+00 -1.087767387285E+00  1.759216531416E-01 -1.087767384585E+00  1.759216509506E-01
  1.912122365128E-01  1.182312883539E+00 -1.182188584747E+00  1.911921358245E-01 -1.182188580694E+00  1.911921333529E-01
  2.079198429261E-01  1.285620175351E+00 -1.285542537210E+00  2.079072878017E-01 -1.285542531330E+00  2.079072857704E-01
  2.231826921014E-01  1.379994173316E+00 -1.379955554213E+00  2.231764461445E-01 -1.379955547369E+00  2.231764452324E-01
  2.343599855400E-01  1.449106162572E+00 -1.449094332612E+00  2.343580717744E-01 -1.449094328479E+00  2.343580716444E-01
  2.394792476634E-01  1.480759835334E+00 -1.480759835334E+00  2.394792476634E-01 -1.480759835334E+00  2.394792476634E-01
  5.034623247436E-02  9.987318243030E-01 -9.985009771275E-01  5.033459446910E-02 -9.985009783747E-01  5.033459549385E-02
  5.196058254943E-02  1.030756123169E+00 -1.030544107256E+00  5.194989367300E-02 -1.030544108661E+00  5.194989486387E-02
  5.548532187056E-02  1.100677329968E+00 -1.100503819160E+00  5.547657371790E-02 -1.100503820911E+00  5.547657525098E-02
  6.029843382264E-02  1.196156332949E+00 -1.196030572604E+00  6.029209247675E-02 -1.196030574668E+00  6.029209432743E-02
  6.556714736325E-02  1.300673227809E+00 -1.300594672669E+00  6.556318581804E-02 -1.300594674671E+00  6.556318748686E-02
  7.038025931534E-02  1.396152230790E+00 -1.396113150630E+00  7.037828857893E-02 -1.396113152579E+00  7.037828937646E-02
  7.390499863647E-02  1.466073437589E+00 -1.466061463402E+00  7.390439506680E-02 -1.466061464933E+00  7.390439509296E-02
  7.551934871154E-02  1.498097736455E+00 -1.498097736455E+00  7.551934871154E-02 -1.498097736455E+00  7.551934871154E-02
  6.123233995737E-17  1.000000000000E+00 -9.997688609639E-01 -1.950218548183E-10 -9.997688609467E-01  6.121818677228E-17
  7.031560467768E-17  1.032064962873E+00 -1.031852679112E+00 -2.237545704278E-10 -1.031852679152E+00  7.030114157825E-17
  9.014782125728E-17  1.102074954642E+00 -1.101901225224E+00 -1.921775873718E-10 -1.101901225265E+00  9.013361049537E-17
  1.172291654245E-16  1.197675195524E+00 -1.197549277545E+00  2.872409827673E-10 -1.197549277558E+00  1.172168404986E-16
  1.468739869314E-16  1.302324804476E+00 -1.302246151642E+00  1.675418112665E-09 -1.302246151591E+00  1.468651165923E-16
  1.739553310987E-16  1.397925045358E+00 -1.397885917585E+00  2.767792983929E-09 -1.397885917527E+00  1.739504621002E-16
  1.937875476782E-16  1.467935037127E+00 -1.467923049297E+00  1.320914860170E-09 -1.467923049269E+00  1.937859651166E-16
  2.028708123986E-16  1.500000000000E+00 -1.500000000000E+00  2.028708123986E-16 -1.500000000000E+00  2.028708123986E-16
  6.123233995737E-17  1.000000000000E+00 -9.997688609639E-01 -1.950218548183E-10 -9.997688609467E-01  6.121818677228E-17
  7.031560467768E-17  1.032064962873E+00 -1.031852679112E+00 -2.237545704278E-10 -1.031852679152E+00  7.030114157825E-17
  9.014782125728E-17  1.102074954642E+00 -1.101901225224E+00 -1.921775873718E-10 -1.101901225265E+00  9.013361049537E-17
  1.172291654245E-16  1.197675195524E+00 -1.197549277545E+00  2.872409827673E-10 -1.197549277558E+00  1.172168404986E-16
  1.468739869314E-16  1.302324804476E+00 -1.302246151642E+00  1.675418112665E-09 -1.302246151591E+00  1.468651165923E-16
  1.739553310987E-16  1.397925045358E+00 -1.397885917585E+00  2.767792983929E-09 -1.397885917527E+00  1.739504621002E-16
  1.937875476782E-16  1.467935037127E+00 -1.467923049297E+00  1.320914860170E-09 -1.467923049269E+00  1.937859651166E-16
  2.028708123986E-16  1.500000000000E+00 -1.500000000000E+00  2.028708123986E-16 -1.500000000000E+00  2.028708123986E-16
 -5.034623247436E-02  9.987318243030E-01 -9.985009795464E-01 -5.033459670029E-02 -9.985009783747E-01 -5.033459549385E-02
 -5.196058254943E-02  1.030756123169E+00 -1.030544110007E+00 -5.194989623779E-02 -1.030544108661E+00 -5.194989486387E-02
 -5.548532187056E-02  1.100677329968E+00 -1.100503822604E+00 -5.547657701520E-02 -1.100503820911E+00 -5.547657525098E-02
 -6.029843382264E-02  1.196156332949E+00 -1.196030576721E+00 -6.029209643963E-02 -1.196030574668E+00 -6.029209432743E-02
 -6.556714736325E-02  1.300673227809E+00 -1.300594676774E+00 -6.556318934066E-02 -1.300594674671E+00 -6.556318748686E-02
 -7.038025931534E-02  1.396152230790E+00 -1.396113154664E+00 -7.037829024119E-02 -1.396113152579E+00 -7.037828937646E-02
 -7.390499863647E-02  1.466073437589E+00 -1.466061466492E+00 -7.390439513596E-02 -1.466061464933E+00 -7.390439509296E-02
 -7.551934871154E-02  1.498097736455E+00 -1.498097736455E+00 -7.551934871154E-02 -1.498097736455E+00 -7.551934871154E-02
 -1.596528317756E-01  9.871732235560E-01 -9.869450477098E-01 -1.596159282744E-01 -9.869450492718E-01 -1.596159297712E-01
 -1.647720938990E-01  1.018826896318E+00 -1.018617333636E+00 -1.647382005269E-01 -1.018617335513E+00 -1.647382022018E-01
 -1.759493873375E-01  1.087938885574E+00 -1.087767381906E+00 -1.759216489086E-01 -1.087767384585E+00 -1.759216509506E-01
 -1.912122365128E-01  1.182312883539E+00 -1.182188576565E+00 -1.911921310466E-01 -1.182188580694E+00 -1.911921333529E-01
 -2.079198429261E-01  1.285620175351E+00 -1.285542525239E+00 -2.079072838491E-01 -1.285542531330E+00 -2.079072857704E-01
 -2.231826921014E-01  1.379994173316E+00 -1.379955540323E+00 -2.231764443353E-01 -1.379955547369E+00 -2.231764452324E-01
 -2.343599855400E-01  1.449106162572E+00 -1.449094324300E+00 -2.343580715048E-01 -1.449094328479E+00 -2.343580716444E-01
 -2.394792476634E-01  1.480759835334E+00 -1.480759835334E+00 -2.394792476634E-01 -1.480759835334E+00 -2.394792476634E-01
 -3.055418788382E-01  9.521786388467E-01 -9.519585552968E-01 -3.054712572274E-01 -9.519585531776E-01 -3.054712561776E-01
 -3.153390678391E-01  9.827102115494E-01 -9.825080821313E-01 -3.152742074913E-01 -9.825080795252E-01 -3.152742062723E-01
 -3.367300522617E-01  1.049372230218E+00 -1.049206812676E+00 -3.366769722903E-01 -1.049206808817E+00 -3.366769706616E-01
 -3.659399294784E-01  1.140400737455E+00 -1.140280847115E+00 -3.659014584978E-01 -1.140280841057E+00 -3.659014562663E-01
 -3.979147676170E-01  1.240045859662E+00 -1.239970976890E+00 -3.978907386819E-01 -1.239970968066E+00 -3.978907358670E-01
 -4.271246448337E-01  1.331074366899E+00 -1.331037119968E+00 -4.271126923959E-01 -1.331037110214E+00 -4.271126896427E-01
 -4.485156292563E-01  1.397736385567E+00 -1.397724976442E+00 -4.485119678966E-01 -1.397724970985E+00 -4.485119664634E-01
 -4.583128182573E-01  1.428267958270E+00 -1.428267958270E+00 -4.583128182573E-01 -1.428267958270E+00 -4.583128182573E-01
 -4.572412379666E-01  8.893427068925E-01 -8.891371426640E-01 -4.571355511361E-01 -8.891371450612E-01 -4.571355516597E-01
 -4.719026612858E-01  9.178594477700E-01 -9.176706519180E-01 -4.718055957023E-01 -9.176706547912E-01 -4.718055964145E-01
 -5.039141165923E-01  9.801223233594E-01 -9.799678143472E-01 -5.038346791160E-01 -9.799678184054E-01 -5.038346803571E-01
 -5.476264890834E-01  1.065143700366E+00 -1.065031710132E+00 -5.475689118647E-01 -1.065031716140E+00 -5.475689141966E-01
 -5.954766058330E-01  1.158213066866E+00 -1.158143109221E+00 -5.954406385367E-01 -1.158143117497E+00 -5.954406424909E-01
 -6.391889783241E-01  1.243234443872E+00 -1.243199637008E+00 -6.391710826334E-01 -1.243199645820E+00 -6.391710874662E-01
 -6.712004336306E-01  1.305497319461E+00 -1.305486653290E+00 -6.711949494539E-01 -1.305486658147E+00 -6.711949522873E-01
 -6.858618569498E-01  1.334014060339E+00 -1.334014060339E+00 -6.858618569498E-01 -1.334014060339E+00 -6.858618569498E-01
 -5.851452805981E-01  8.109284805664E-01 -8.107410455934E-01 -5.850100307032E-01 -8.107410433252E-01 -5.850100306720E-01
 -6.039079422956E-01  8.369308721881E-01 -8.367587279017E-01 -6.037837255799E-01 -8.367587252730E-01 -6.037837254783E-01
 -6.448739585740E-01  8.937039684379E-01 -8.935630897968E-01 -6.447723020088E-01 -8.935630863385E-01 -6.447723016492E-01
 -7.008139883505E-01  9.712289265187E-01 -9.711268206671E-01 -7.007403091651E-01 -9.711268160535E-01 -7.007403080467E-01
 -7.620492131448E-01  1.056092274897E+00 -1.056028498627E+00 -7.620031925020E-01 -1.056028493034E+00 -7.620031897808E-01
 -8.179892429213E-01  1.133617232978E+00 -1.133585508590E+00 -8.179663516499E-01 -1.133585503105E+00 -8.179663474556E-01
 -8.589552591997E-01  1.190390329228E+00 -1.190380610946E+00 -8.589482473912E-01 -1.190380607932E+00 -8.589482445608E-01
 -8.777179208972E-01  1.216392720850E+00 -1.216392720850E+00 -8.777179208972E-01 -1.216392720850E+00 -8.777179208972E-01
 -6.706098831617E-01  7.418102079413E-01 -7.416387450256E-01 -6.704548788709E-01 -7.416387466321E-01 -6.704548790282E-01
 -6.921129641672E-01  7.655963247174E-01 -7.654388486504E-01 -6.919706044542E-01 -7.654388504865E-01 -6.919706046061E-01
 -7.390623565677E-01  8.175304512697E-01 -8.174015747228E-01 -7.389458517769E-01 -8.174015770447E-01 -7.389458519307E-01
 -8.031728229362E-01  8.884476858381E-01 -8.883542758373E-01 -8.030883809528E-01 -8.883542786052E-01 -8.030883811035E-01
 -8.733518849679E-01  9.660778340152E-01 -9.660194859076E-01 -8.732991393313E-01 -9.660194885028E-01 -8.732991395665E-01
 -9.374623513365E-01  1.036995068584E+00 -1.036966041216E+00 -9.374361110114E-01 -1.036966043159E+00 -9.374361118262E-01
 -9.844117437369E-01  1.088929195136E+00 -1.088920301319E+00 -9.844037034966E-01 -1.088920302420E+00 -9.844037045604E-01
 -1.005914824742E+00  1.112715311912E+00 -1.112715311912E+00 -1.005914824742E+00 -1.112715311912E+00 -1.005914824742E+00
 -7.071067811865E-01  7.071067811865E-01 -7.069433410688E-01 -7.069433413446E-01 -7.069433411946E-01 -7.069433411946E-01
 -7.297801338723E-01  7.297801338723E-01 -7.296300264272E-01 -7.296300267436E-01 -7.296300266138E-01 -7.296300266138E-01
 -7.792846738030E-01  7.792846738030E-01 -7.791618284180E-01 -7.791618286898E-01 -7.791618285827E-01 -7.791618285827E-01
 -8.468842524142E-01  8.468842524142E-01 -8.467952151600E-01 -8.467952147538E-01 -8.467952149663E-01 -8.467952149663E-01
 -9.208827005522E-01  9.208827005522E-01 -9.208270857850E-01 -9.208270834156E-01 -9.208270845644E-01 -9.208270845644E-01
 -9.884822791634E-01  9.884822791634E-01 -9.884546136070E-01 -9.884546096927E-01 -9.884546116087E-01 -9.884546116087E-01
 -1.037986819094E+00  1.037986819094E+00 -1.037978343352E+00 -1.037978341484E+00 -1.037978342398E+00 -1.037978342398E+00
 -1.060660171780E+00  1.060660171780E+00 -1.060660171780E+00 -1.060660171780E+00 -1.060660171780E+00 -1.060660171780E+00
 -7.071067811865E-01  7.071067811865E-01 -7.069433410688E-01 -7.069433413446E-01 -7.069433411946E-01 -7.069433411946E-01
 -7.297801338723E-01  7.297801338723E-01 -7.296300264272E-01 -7.296300267436E-01 -7.296300266138E-01 -7.296300266138E-01
 -7.792846738030E-01  7.792846738030E-01 -7.791618284180E-01 -7.791618286898E-01 -7.791618285827E-01 -7.791618285827E-01
 -8.468842524142E-01  8.468842524142E-01 -8.467952151600E-01 -8.467952147538E-01 -8.467952149663E-01 -8.467952149663E-01
 -9.208827005522E-01  9.208827005522E-01 -9.208270857850E-01 -9.208270834156E-01 -9.208270845644E-01 -9.208270845644E-01
 -9.884822791634E-01  9.884822791634E-01 -9.884546136070E-01 -9.884546096927E-01 -9.884546116087E-01 -9.884546116087E-01
 -1.037986819094E+00  1.037986819094E+00 -1.037978343352E+00 -1.037978341484E+00 -1.037978342398E+00 -1.037978342398E+00
 -1.060660171780E+00  1.060660171780E+00 -1.060660171780E+00 -1.060660171780E+00 -1.060660171780E+00 -1.060660171780E+00
 -7.418102079413E-01  6.706098831617E-01 -6.704548790036E-01 -7.416387483138E-01 -6.704548790282E-01 -7.416387466321E-01
 -7.655963247174E-01  6.921129641672E-01 -6.919706045864E-01 -7.654388524098E-01 -6.919706046061E-01 -7.654388504865E-01
 -8.175304512697E-01  7.390623565677E-01 -7.389458518804E-01 -8.174015794893E-01 -7.389458519307E-01 -8.174015770447E-01
 -8.884476858381E-01  8.031728229362E-01 -8.030883810611E-01 -8.883542815500E-01 -8.030883811035E-01 -8.883542786052E-01
 -9.660778340152E-01  8.733518849679E-01 -8.732991397433E-01 -9.660194913013E-01 -8.732991395665E-01 -9.660194885028E-01
 -1.036995068584E+00  9.374623513365E-01 -9.374361126887E-01 -1.036966045244E+00 -9.374361118262E-01 -1.036966043159E+00
 -1.088929195136E+00  9.844117437369E-01 -9.844037056325E-01 -1.088920303553E+00 -9.844037045604E-01 -1.088920302420E+00
 -1.112715311912E+00  1.005914824742E+00 -1.005914824742E+00 -1.112715311912E+00 -1.005914824742E+00 -1.112715311912E+00
 -8.109284805664E-01  5.851452805981E-01 -5.850100306259E-01 -8.107410411623E-01 -5.850100306720E-01 -8.107410433252E-01
 -8.369308721881E-01  6.039079422956E-01 -6.037837253353E-01 -8.367587227614E-01 -6.037837254783E-01 -8.367587252730E-01
 -8.937039684379E-01  6.448739585740E-01 -6.447723011988E-01 -8.935630830004E-01 -6.447723016492E-01 -8.935630863385E-01
 -9.712289265187E-01  7.008139883505E-01 -7.007403067575E-01 -9.711268115026E-01 -7.007403080467E-01 -9.711268160535E-01
 -1.056092274897E+00  7.620492131448E-01 -7.620031868321E-01 -1.056028487368E+00 -7.620031897808E-01 -1.056028493034E+00
 -1.133617232978E+00  8.179892429213E-01 -8.179663431075E-01 -1.133585497489E+00 -8.179663474556E-01 -1.133585503105E+00
 -1.190390329228E+00  8.589552591997E-01 -8.589482417044E-01 -1.190380604878E+00 -8.589482445608E-01 -1.190380607932E+00
 -1.216392720850E+00  8.777179208972E-01 -8.777179208972E-01 -1.216392720850E+00 -8.777179208972E-01 -1.216392720850E+00
 -8.893427068925E-01  4.572412379666E-01 -4.571355524158E-01 -8.891371473019E-01 -4.571355516597E-01 -8.891371450612E-01
 -9.178594477700E-01  4.719026612858E-01 -4.718055973953E-01 -9.176706574959E-01 -4.718055964145E-01 -9.176706547912E-01
 -9.801223233594E-01  5.039141165923E-01 -5.038346819342E-01 -9.799678222858E-01 -5.038346803571E-01 -9.799678184054E-01
 -1.065143700366E+00  5.476264890834E-01 -5.475689169022E-01 -1.065031722002E+00 -5.475689141966E-01 -1.065031716140E+00
 -1.158213066866E+00  5.954766058330E-01 -5.954406467401E-01 -1.158143125727E+00 -5.954406424909E-01 -1.158143117497E+00
 -1.243234443872E+00  6.391889783241E-01 -6.391710924164E-01 -1.243199654664E+00 -6.391710874662E-01 -1.243199645820E+00
 -1.305497319461E+00  6.712004336306E-01 -6.711949551333E-01 -1.305486663019E+00 -6.711949522873E-01 -1.305486658147E+00
 -1.334014060339E+00  6.858618569498E-01 -6.858618569498E-01 -1.334014060339E+00 -6.858618569498E-01 -1.334014060339E+00
 -9.521786388467E-01  3.055418788382E-01 -3.054712548527E-01 -9.519585511123E-01 -3.054712561776E-01 -9.519585531776E-01
 -9.827102115494E-01  3.153390678391E-01 -3.152742047443E-01 -9.825080769900E-01 -3.152742062723E-01 -9.825080795252E-01
 -1.049372230218E+00  3.367300522617E-01 -3.366769686696E-01 -1.049206805069E+00 -3.366769706616E-01 -1.049206808817E+00
 -1.140400737455E+00  3.659399294784E-01 -3.659014536664E-01 -1.140280835159E+00 -3.659014562663E-01 -1.140280841057E+00
 -1.240045859662E+00  3.979147676170E-01 -3.978907328111E-01 -1.239970959418E+00 -3.978907358670E-01 -1.239970968066E+00
 -1.331074366899E+00  4.271246448337E-01 -4.271126868287E-01 -1.331037100566E+00 -4.271126896427E-01 -1.331037110214E+00
 -1.397736385567E+00  4.485156292563E-01 -4.485119650325E-01 -1.397724965547E+00 -4.485119664634E-01 -1.397724970985E+00
 -1.428267958270E+00  4.583128182573E-01 -4.583128182573E-01 -1.428267958270E+00 -4.583128182573E-01 -1.428267958270E+00
 -9.871732235560E-01  1.596528317756E-01 -1.596159313529E-01 -9.869450508978E-01 -1.596159297712E-01 -9.869450492718E-01
 -1.018826896318E+00  1.647720938990E-01 -1.647382039887E-01 -1.018617337444E+00 -1.647382022018E-01 -1.018617335513E+00
 -1.087938885574E+00  1.759493873375E-01 -1.759216531416E-01 -1.087767387285E+00 -1.759216509506E-01 -1.087767384585E+00
 -1.182312883539E+00  1.912122365128E-01 -1.911921358245E-01 -1.182188584747E+00 -1.911921333529E-01 -1.182188580694E+00
 -1.285620175351E+00  2.079198429261E-01 -2.079072878017E-01 -1.285542537210E+00 -2.079072857704E-01 -1.285542531330E+00
 -1.379994173316E+00  2.231826921014E-01 -2.231764461445E-01 -1.379955554213E+00 -2.231764452324E-01 -1.379955547369E+00
 -1.449106162572E+00  2.343599855400E-01 -2.343580717744E-01 -1.449094332612E+00 -2.343580716444E-01 -1.449094328479E+00
 -1.480759835334E+00  2.394792476634E-01 -2.394792476634E-01 -1.480759835334E+00 -2.394792476634E-01 -1.480759835334E+00
 -9.987318243030E-01  5.034623247436E-02 -5.033459446910E-02 -9.985009771275E-01 -5.033459549385E-02 -9.985009783747E-01
 -1.030756123169E+00  5.196058254943E-02 -5.194989367300E-02 -1.030544107256E+00 -5.194989486387E-02 -1.030544108661E+00
 -1.100677329968E+00  5.548532187056E-02 -5.547657371790E-02 -1.100503819160E+00 -5.547657525098E-02 -1.100503820911E+00
 -1.196156332949E+00  6.029843382265E-02 -6.029209247676E-02 -1.196030572604E+00 -6.029209432743E-02 -1.196030574668E+00
 -1.300673227809E+00  6.556714736326E-02 -6.556318581804E-02 -1.300594672669E+00 -6.556318748686E-02 -1.300594674671E+00
 -1.396152230790E+00  7.038025931534E-02 -7.037828857893E-02 -1.396113150630E+00 -7.037828937646E-02 -1.396113152579E+00
 -1.466073437589E+00  7.390499863647E-02 -7.390439506680E-02 -1.466061463402E+00 -7.390439509296E-02 -1.466061464933E+00
 -1.498097736455E+00  7.551934871154E-02 -7.551934871154E-02 -1.498097736455E+00 -7.551934871154E-02 -1.498097736455E+00
 -1.000000000000E+00  1.665334536938E-16  1.950214300929E-10 -9.997688609639E-01 -1.664949613090E-16 -9.997688609467E-01
 -1.032064962873E+00  1.807731577197E-16  2.237541491140E-10 -1.031852679112E+00 -1.807359747905E-16 -1.031852679152E+00
 -1.102074954642E+00  2.118638396461E-16  1.921772993722E-10 -1.101901225224E+00 -2.118304417609E-16 -1.101901225265E+00
 -1.197675195524E+00  2.543188750812E-16 -2.872412279725E-10 -1.197549277545E+00 -2.542921371845E-16 -1.197549277558E+00
 -1.302324804476E+00  3.007926372314E-16 -1.675418390703E-09 -1.302246151642E+00 -3.007744710962E-16 -1.302246151591E+00
 -1.397925045358E+00  3.432476726665E-16 -2.767793348718E-09 -1.397885917585E+00 -3.432380651865E-16 -1.397885917527E+00
 -1.467935037127E+00  3.743383545928E-16 -1.320915097647E-09 -1.467923049297E+00 -3.743352975670E-16 -1.467923049269E+00
 -1.500000000000E+00  3.885780586188E-16 -3.885780586188E-16 -1.500000000000E+00 -3.885780586188E-16 -1.500000000000E+00
 -1.000000000000E+00  1.665334536938E-16  1.950214300929E-10 -9.997688609639E-01 -1.664949613090E-16 -9.997688609467E-01
 -1.032064962873E+00  1.807731577197E-16  2.237541491140E-10 -1.031852679112E+00 -1.807359747905E-16 -1.031852679152E+00
 -1.102074954642E+00  2.118638396461E-16  1.921772993722E-10 -1.101901225224E+00 -2.118304417609E-16 -1.101901225265E+00
 -1.197675195524E+00  2.543188750812E-16 -2.872412279725E-10 -1.197549277545E+00 -2.542921371845E-16 -1.197549277558E+00
 -1.302324804476E+00  3.007926372314E-16 -1.675418390703E-09 -1.302246151642E+00 -3.007744710962E-16 -1.302246151591E+00
 -1.397925045358E+00  3.432476726665E-16 -2.767793348718E-09 -1.397885917585E+00 -3.432380651865E-16 -1.397885917527E+00
 -1.467935037127E+00  3.743383545928E-16 -1.320915097647E-09 -1.467923049297E+00 -3.743352975670E-16 -1.467923049269E+00
 -1.500000000000E+00  3.885780586188E-16 -3.885780586188E-16 -1.500000000000E+00 -3.885780586188E-16 -1.500000000000E+00
 -9.987318243030E-01 -5.034623247436E-02  5.033459670029E-02 -9.985009795464E-01  5.033459549385E-02 -9.985009783747E-01
 -1.030756123169E+00 -5.196058254943E-02  5.194989623779E-02 -1.030544110007E+00  5.194989486387E-02 -1.030544108661E+00
 -1.100677329968E+00 -5.548532187056E-02  5.547657701520E-02 -1.100503822604E+00  5.547657525098E-02 -1.100503820911E+00
 -1.196156332949E+00 -6.029843382264E-02  6.029209643963E-02 -1.196030576721E+00  6.029209432743E-02 -1.196030574668E+00
 -1.300673227809E+00 -6.556714736325E-02  6.556318934066E-02 -1.300594676774E+00  6.556318748686E-02 -1.300594674671E+00
 -1.396152230790E+00 -7.038025931534E-02  7.037829024119E-02 -1.396113154664E+00  7.037828937646E-02 -1.396113152579E+00
 -1.466073437589E+00 -7.390499863647E-02  7.390439513596E-02 -1.466061466492E+00  7.390439509296E-02 -1.466061464933E+00
 -1.498097736455E+00 -7.551934871154E-02  7.551934871154E-02 -1.498097736455E+00  7.551934871154E-02 -1.498097736455E+00
 -9.871732235560E-01 -1.596528317756E-01  1.596159282744E-01 -9.869450477098E-01  1.596159297712E-01 -9.869450492718E-01
 -1.018826896318E+00 -1.647720938990E-01  1.647382005269E-01 -1.018617333636E+00  1.647382022018E-01 -1.018617335513E+00
 -1.087938885574E+00 -1.759493873375E-01  1.759216489086E-01 -1.087767381906E+00  1.759216509506E-01 -1.087767384585E+00
 -1.182312883539E+00 -1.912122365128E-01  1.911921310466E-01 -1.182188576565E+00  1.911921333529E-01 -1.182188580694E+00
 -1.285620175351E+00 -2.079198429261E-01  2.079072838491E-01 -1.285542525239E+00  2.079072857704E-01 -1.285542531330E+00
 -1.379994173316E+00 -2.231826921014E-01  2.231764443353E-01 -1.379955540323E+00  2.231764452324E-01 -1.379955547369E+00
 -1.449106162572E+00 -2.343599855400E-01  2.343580715048E-01 -1.449094324300E+00  2.343580716444E-01 -1.449094328479E+00
 -1.480759835334E+00 -2.394792476634E-01  2.394792476634E-01 -1.480759835334E+00  2.394792476634E-01 -1.480759835334E+00
 -9.521786388467E-01 -3.055418788382E-01  3.054712572274E-01 -9.519585552968E-01  3.054712561776E-01 -9.519585531776E-01
 -9.827102115494E-01 -3.153390678391E-01  3.152742074913E-01 -9.825080821313E-01  3.152742062723E-01 -9.825080795252E-01
 -1.049372230218E+00 -3.367300522617E-01  3.366769722903E-01 -1.049206812676E+00  3.366769706616E-01 -1.049206808817E+00
 -1.140400737455E+00 -3.659399294784E-01  3.659014584978E-01 -1.140280847115E+00  3.659014562663E-01 -1.140280841057E+00
 -1.240045859662E+00 -3.979147676170E-01  3.978907386819E-01 -1.239970976890E+00  3.978907358670E-01 -1.239970968066E+00
 -1.331074366899E+00 -4.271246448337E-01  4.271126923959E-01 -1.331037119968E+00  4.271126896427E-01 -1.331037110214E+00
 -1.397736385567E+00 -4.485156292563E-01  4.485119678966E-01 -1.397724976442E+00  4.485119664634E-01 -1.397724970985E+00
 -1.428267958270E+00 -4.583128182573E-01  4.583128182573E-01 -1.428267958270E+00  4.583128182573E-01 -1.428267958270E+00
 -8.893427068925E-01 -4.572412379666E-01  4.571355511361E-01 -8.891371426640E-01  4.571355516597E-01 -8.891371450612E-01
 -9.178594477700E-01 -4.719026612858E-01  4.718055957023E-01 -9.176706519180E-01  4.718055964145E-01 -9.176706547912E-01
 -9.801223233594E-01 -5.039141165923E-01  5.038346791160E-01 -9.799678143472E-01  5.038346803571E-01 -9.799678184054E-01
 -1.065143700366E+00 -5.476264890834E-01  5.475689118647E-01 -1.065031710132E+00  5.475689141966E-01 -1.065031716140E+00
 -1.158213066866E+00 -5.954766058330E-01  5.954406385367E-01 -1.158143109221E+00  5.954406424909E-01 -1.158143117497E+00
 -1.243234443872E+00 -6.391889783241E-01  6.391710826334E-01 -1.243199637008E+00  6.391710874662E-01 -1.243199645820E+00
 -1.305497319461E+00 -6.712004336306E-01  6.711949494539E-01 -1.305486653290E+00  6.711949522873E-01 -1.305486658147E+00
 -1.334014060339E+00 -6.858618569498E-01  6.858618569498E-01 -1.334014060339E+00  6.858618569498E-01 -1.334014060339E+00
 -8.109284805664E-01 -5.851452805981E-01  5.850100307032E-01 -8.107410455934E-01  5.850100306720E-01 -8.107410433252E-01
 -8.369308721881E-01 -6.039079422956E-01  6.037837255799E-01 -8.367587279017E-01  6.037837254783E-01 -8.367587252730E-01
 -8.937039684379E-01 -6.448739585740E-01  6.447723020088E-01 -8.935630897968E-01  6.447723016492E-01 -8.935630863385E-01
 -9.712289265187E-01 -7.008139883505E-01  7.007403091651E-01 -9.711268206671E-01  7.007403080467E-01 -9.711268160535E-01
 -1.056092274897E+00 -7.620492131448E-01  7.620031925020E-01 -1.056028498627E+00  7.620031897808E-01 -1.056028493034E+00
 -1.133617232978E+00 -8.179892429213E-01  8.179663516499E-01 -1.133585508590E+00  8.179663474556E-01 -1.133585503105E+00
 -1.190390329228E+00 -8.589552591997E-01  8.589482473912E-01 -1.190380610946E+00  8.589482445608E-01 -1.190380607932E+00
 -1.216392720850E+00 -8.777179208972E-01  8.777179208972E-01 -1.216392720850E+00  8.777179208972E-01 -1.216392720850E+00
 -7.418102079413E-01 -6.706098831617E-01  6.704548788709E-01 -7.416387450256E-01  6.704548790282E-01 -7.416387466321E-01
 -7.655963247174E-01 -6.921129641672E-01  6.919706044542E-01 -7.654388486504E-01  6.919706046061E-01 -7.654388504865E-01
 -8.175304512697E-01 -7.390623565677E-01  7.389458517769E-01 -8.174015747228E-01  7.389458519307E-01 -8.174015770447E-01
 -8.884476858381E-01 -8.031728229362E-01  8.030883809528E-01 -8.883542758373E-01  8.030883811035E-01 -8.883542786052E-01
 -9.660778340152E-01 -8.733518849679E-01  8.732991393313E-01 -9.660194859076E-01  8.732991395665E-01 -9.660194885028E-01
 -1.036995068584E+00 -9.374623513365E-01  9.374361110114E-01 -1.036966041216E+00  9.374361118262E-01 -1.036966043159E+00
 -1.088929195136E+00 -9.844117437369E-01  9.844037034966E-01 -1.088920301319E+00  9.844037045604E-01 -1.088920302420E+00
 -1.112715311912E+00 -1.005914824742E+00  1.005914824742E+00 -1.112715311912E+00  1.005914824742E+00 -1.112715311912E+00
 -7.071067811865E-01 -7.071067811865E-01  7.069433413446E-01 -7.069433410688E-01  7.069433411946E-01 -7.069433411946E-01
 -7.297801338723E-01 -7.297801338723E-01  7.296300267436E-01 -7.296300264272E-01  7.296300266138E-01 -7.296300266138E-01
 -7.792846738030E-01 -7.792846738030E-01  7.791618286898E-01 -7.791618284180E-01  7.791618285827E-01 -7.791618285827E-01
 -8.468842524142E-01 -8.468842524142E-01  8.467952147538E-01 -8.467952151600E-01  8.467952149663E-01 -8.467952149663E-01
 -9.208827005522E-01 -9.208827005522E-01  9.208270834156E-01 -9.208270857850E-01  9.208270845644E-01 -9.208270845644E-01
 -9.884822791634E-01 -9.884822791634E-01  9.884546096927E-01 -9.884546136070E-01  9.884546116087E-01 -9.884546116087E-01
 -1.037986819094E+00 -1.037986819094E+00  1.037978341484E+00 -1.037978343352E+00  1.037978342398E+00 -1.037978342398E+00
 -1.060660171780E+00 -1.060660171780E+00  1.060660171780E+00 -1.060660171780E+00  1.060660171780E+00 -1.060660171780E+00
 -7.071067811865E-01 -7.071067811865E-01  7.069433413446E-01 -7.069433410688E-01  7.069433411946E-01 -7.069433411946E-01
 -7.297801338723E-01 -7.297801338723E-01  7.296300267436E-01 -7.296300264272E-01  7.296300266138E-01 -7.296300266138E-01
 -7.792846738030E-01 -7.792846738030E-01  7.791618286898E-01 -7.791618284180E-01  7.791618285827E-01 -7.791618285827E-01
 -8.468842524142E-01 -8.468842524142E-01  8.467952147538E-01 -8.467952151600E-01  8.467952149663E-01 -8.467952149663E-01
 -9.208827005522E-01 -9.208827005522E-01  9.208270834156E-01 -9.208270857850E-01  9.208270845644E-01 -9.208270845644E-01
 -9.884822791634E-01 -9.884822791634E-01  9.884546096927E-01 -9.884546136070E-01  9.884546116087E-01 -9.884546116087E-01
 -1.037986819094E+00 -1.037986819094E+00  1.037978341484E+00 -1.037978343352E+00  1.037978342398E+00 -1.037978342398E+00
 -1.060660171780E+00 -1.060660171780E+00  1.060660171780E+00 -1.060660171780E+00  1.060660171780E+00 -1.060660171780E+00
 -6.706098831617E-01 -7.418102079413E-01  7.416387483138E-01 -6.704548790036E-01  7.416387466321E-01 -6.704548790282E-01
 -6.921129641672E-01 -7.655963247174E-01  7.654388524098E-01 -6.919706045864E-01  7.654388504865E-01 -6.919706046061E-01
 -7.390623565677E-01 -8.175304512697E-01  8.174015794893E-01 -7.389458518804E-01  8.174015770447E-01 -7.389458519307E-01
 -8.031728229362E-01 -8.884476858381E-01  8.883542815500E-01 -8.030883810611E-01  8.883542786052E-01 -8.030883811035E-01
 -8.733518849679E-01 -9.660778340152E-01  9.660194913013E-01 -8.732991397433E-01  9.660194885028E-01 -8.732991395665E-01
 -9.374623513365E-01 -1.036995068584E+00  1.036966045244E+00 -9.374361126887E-01  1.036966043159E+00 -9.374361118262E-01
 -9.844117437369E-01 -1.088929195136E+00  1.088920303553E+00 -9.844037056325E-01  1.088920302420E+00 -9.844037045604E-01
 -1.005914824742E+00 -1.112715311912E+00  1.112715311912E+00 -1.005914824742E+00  1.112715311912E+00 -1.005914824742E+00
 -5.851452805981E-01 -8.109284805664E-01  8.107410411623E-01 -5.850100306259E-01  8.107410433252E-01 -5.850100306720E-01
 -6.039079422956E-01 -8.369308721881E-01  8.367587227614E-01 -6.037837253353E-01  8.367587252730E-01 -6.037837254783E-01
 -6.448739585740E-01 -8.937039684379E-01  8.935630830004E-01 -6.447723011988E-01  8.935630863385E-01 -6.447723016492E-01
 -7.008139883505E-01 -9.712289265187E-01  9.711268115026E-01 -7.007403067575E-01  9.711268160535E-01 -7.007403080467E-01
 -7.620492131448E-01 -1.056092274897E+00  1.056028487368E+00 -7.620031868321E-01  1.056028493034E+00 -7.620031897808E-01
 -8.179892429213E-01 -1.133617232978E+00  1.133585497489E+00 -8.179663431075E-01  1.133585503105E+00 -8.179663474556E-01
 -8.589552591997E-01 -1.190390329228E+00  1.190380604878E+00 -8.589482417044E-01  1.190380607932E+00 -8.589482445608E-01
 -8.777179208972E-01 -1.216392720850E+00  1.216392720850E+00 -8.777179208972E-01  1.216392720850E+00 -8.777179208972E-01
 -4.572412379666E-01 -8.893427068925E-01  8.891371473019E-01 -4.571355524158E-01  8.891371450612E-01 -4.571355516597E-01
 -4.719026612858E-01 -9.178594477700E-01  9.176706574959E-01 -4.718055973953E-01  9.176706547912E-01 -4.718055964145E-01
 -5.039141165923E-01 -9.801223233594E-01  9.799678222858E-01 -5.038346819342E-01  9.799678184054E-01 -5.038346803571E-01
 -5.476264890834E-01 -1.065143700366E+00  1.065031722002E+00 -5.475689169022E-01  1.065031716140E+00 -5.475689141966E-01
 -5.954766058330E-01 -1.158213066866E+00  1.158143125727E+00 -5.954406467401E-01  1.158143117497E+00 -5.954406424909E-01
 -6.391889783241E-01 -1.243234443872E+00  1.243199654664E+00 -6.391710924164E-01  1.243199645820E+00 -6.391710874662E-01
 -6.712004336306E-01 -1.305497319461E+00  1.305486663019E+00 -6.711949551333E-01  1.305486658147E+00 -6.711949522873E-01
 -6.858618569498E-01 -1.334014060339E+00  1.334014060339E+00 -6.858618569498E-01  1.334014060339E+00 -6.858618569498E-01
 -3.055418788382E-01 -9.521786388467E-01  9.519585511123E-01 -3.054712548527E-01  9.519585531776E-01 -3.054712561776E-01
 -3.153390678391E-01 -9.827102115494E-01  9.825080769900E-01 -3.152742047443E-01  9.825080795252E-01 -3.152742062723E-01
 -3.367300522617E-01 -1.049372230218E+00  1.049206805069E+00 -3.366769686696E-01  1.049206808817E+00 -3.366769706616E-01
 -3.659399294784E-01 -1.140400737455E+00  1.140280835159E+00 -3.659014536664E-01  1.140280841057E+00 -3.659014562663E-01
 -3.979147676170E-01 -1.240045859662E+00  1.239970959418E+00 -3.978907328111E-01  1.239970968066E+00 -3.978907358670E-01
 -4.271246448337E-01 -1.331074366899E+00  1.331037100566E+00 -4.271126868287E-01  1.331037110214E+00 -4.271126896427E-01
 -4.485156292563E-01 -1.397736385567E+00  1.397724965547E+00 -4.485119650325E-01  1.397724970985E+00 -4.485119664634E-01
 -4.583128182573E-01 -1.428267958270E+00  1.428267958270E+00 -4.583128182573E-01  1.428267958270E+00 -4.583128182573E-01
 -1.596528317756E-01 -9.871732235560E-01  9.869450508978E-01 -1.596159313529E-01  9.869450492718E-01 -1.596159297712E-01
 -1.647720938990E-01 -1.018826896318E+00  1.018617337444E+00 -1.647382039887E-01  1.018617335513E+00 -1.647382022018E-01
 -1.759493873375E-01 -1.087938885574E+00  1.087767387285E+00 -1.759216531416E-01  1.087767384585E+00 -1.759216509506E-01
 -1.912122365128E-01 -1.182312883539E+00  1.182188584747E+00 -1.911921358245E-01  1.182188580694E+00 -1.911921333529E-01
 -2.079198429261E-01 -1.285620175351E+00  1.285542537210E+00 -2.079072878017E-01  1.285542531330E+00 -2.079072857704E-01
 -2.231826921014E-01 -1.379994173316E+00  1.379955554213E+00 -2.231764461445E-01  1.379955547369E+00 -2.231764452324E-01
 -2.343599855400E-01 -1.449106162572E+00  1.449094332612E+00 -2.343580717744E-01  1.449094328479E+00 -2.343580716444E-01
 -2.394792476634E-01 -1.480759835334E+00  1.480759835334E+00 -2.394792476634E-01  1.480759835334E+00 -2.394792476634E-01
 -5.034623247436E-02 -9.987318243030E-01  9.985009771275E-01 -5.033459446911E-02  9.985009783747E-01 -5.033459549385E-02
 -5.196058254943E-02 -1.030756123169E+00  1.030544107256E+00 -5.194989367300E-02  1.030544108661E+00 -5.194989486387E-02
 -5.548532187056E-02 -1.100677329968E+00  1.100503819160E+00 -5.547657371790E-02  1.100503820911E+00 -5.547657525098E-02
 -6.029843382264E-02 -1.196156332949E+00  1.196030572604E+00 -6.029209247675E-02  1.196030574668E+00 -6.029209432743E-02
 -6.556714736325E-02 -1.300673227809E+00  1.300594672669E+00 -6.556318581804E-02  1.300594674671E+00 -6.556318748686E-02
 -7.038025931534E-02 -1.396152230790E+00  1.396113150630E+00 -7.037828857893E-02  1.396113152579E+00 -7.037828937646E-02
 -7.390499863647E-02 -1.466073437589E+00  1.466061463402E+00 -7.390439506680E-02  1.466061464933E+00 -7.390439509296E-02
 -7.551934871154E-02 -1.498097736455E+00  1.498097736455E+00 -7.551934871154E-02  1.498097736455E+00 -7.551934871154E-02
 -2.163234161989E-16 -1.000000000000E+00  9.997688609639E-01  1.950214179730E-10  9.997688609467E-01 -2.162734154093E-16
 -2.214798555046E-16 -1.032064962873E+00  1.031852679112E+00  2.237541129642E-10  1.031852679152E+00 -2.214342996825E-16
 -2.327383208513E-16 -1.102074954642E+00  1.101901225224E+00  1.921773922910E-10  1.101901225265E+00 -2.327016323455E-16
 -2.481120121191E-16 -1.197675195524E+00  1.197549277545E+00 -2.872412087453E-10  1.197549277558E+00 -2.480859267830E-16
 -2.649409527626E-16 -1.302324804476E+00  1.302246151642E+00 -1.675418422658E-09  1.302246151591E+00 -2.649249518617E-16
 -2.803146440303E-16 -1.397925045358E+00  1.397885917585E+00 -2.767793236730E-09  1.397885917527E+00 -2.803067980417E-16
 -2.915731093771E-16 -1.467935037127E+00  1.467923049297E+00 -1.320914996059E-09  1.467923049269E+00 -2.915707282518E-16
 -2.967295486828E-16 -1.500000000000E+00  1.500000000000E+00 -2.967295486828E-16  1.500000000000E+00 -2.967295486828E-16
 -2.163234161989E-16 -1.000000000000E+00  9.997688609639E-01  1.950214179730E-10  9.997688609467E-01 -2.162734154093E-16
 -2.214798555046E-16 -1.032064962873E+00  1.031852679112E+00  2.237541129642E-10  1.031852679152E+00 -2.214342996825E-16
 -2.327383208513E-16 -1.102074954642E+00  1.101901225224E+00  1.921773922910E-10  1.101901225265E+00 -2.327016323455E-16
 -2.481120121191E-16 -1.197675195524E+00  1.197549277545E+00 -2.872412087453E-10  1.197549277558E+00 -2.480859267830E-16
 -2.649409527626E-16 -1.302324804476E+00  1.302246151642E+00 -1.675418422658E-09  1.302246151591E+00 -2.649249518617E-16
 -2.803146440303E-16 -1.397925045358E+00  1.397885917585E+00 -2.767793236730E-09  1.397885917527E+00 -2.803067980417E-16
 -2.915731093771E-16 -1.467935037127E+00  1.467923049297E+00 -1.320914996059E-09  1.467923049269E+00 -2.915707282518E-16
 -2.967295486828E-16 -1.500000000000E+00  1.500000000000E+00 -2.967295486828E-16  1.500000000000E+00 -2.967295486828E-16
  5.034623247436E-02 -9.987318243030E-01  9.985009795464E-01  5.033459670029E-02  9.985009783747E-01  5.033459549385E-02
  5.196058254942E-02 -1.030756123169E+00  1.030544110007E+00  5.194989623779E-02  1.030544108661E+00  5.194989486387E-02
  5.548532187056E-02 -1.100677329968E+00  1.100503822604E+00  5.547657701520E-02  1.100503820911E+00  5.547657525098E-02
  6.029843382264E-02 -1.196156332949E+00  1.196030576721E+00  6.029209643963E-02  1.196030574668E+00  6.029209432743E-02
  6.556714736325E-02 -1.300673227809E+00  1.300594676774E+00  6.556318934066E-02  1.300594674671E+00  6.556318748686E-02
  7.038025931534E-02 -1.396152230790E+00  1.396113154664E+00  7.037829024119E-02  1.396113152579E+00  7.037828937646E-02
  7.390499863647E-02 -1.466073437589E+00  1.466061466492E+00  7.390439513596E-02  1.466061464933E+00  7.390439509296E-02
  7.551934871154E-02 -1.498097736455E+00  1.498097736455E+00  7.551934871154E-02  1.498097736455E+00  7.551934871154E-02
  1.596528317756E-01 -9.871732235560E-01  9.869450477098E-01  1.596159282744E-01  9.869450492718E-01  1.596159297712E-01
  1.647720938990E-01 -1.018826896318E+00  1.018617333636E+00  1.647382005269E-01  1.018617335513E+00  1.647382022018E-01
  1.759493873375E-01 -1.087938885574E+00  1.087767381906E+00  1.759216489086E-01  1.087767384585E+00  1.759216509506E-01
  1.912122365128E-01 -1.182312883539E+00  1.182188576565E+00  1.911921310466E-01  1.182188580694E+00  1.911921333529E-01
  2.079198429261E-01 -1.285620175351E+00  1.285542525239E+00  2.079072838491E-01  1.285542531330E+00  2.079072857704E-01
  2.231826921014E-01 -1.379994173316E+00  1.379955540323E+00  2.231764443353E-01  1.379955547369E+00  2.231764452324E-01
  2.343599855400E-01 -1.449106162572E+00  1.449094324300E+00  2.343580715048E-01  1.449094328479E+00  2.343580716444E-01
  2.394792476634E-01 -1.480759835334E+00  1.480759835334E+00  2.394792476634E-01  1.480759835334E+00  2.394792476634E-01
  3.055418788382E-01 -9.521786388467E-01  9.519585552968E-01  3.054712572274E-01  9.519585531776E-01  3.054712561776E-01
  3.153390678391E-01 -9.827102115494E-01  9.825080821313E-01  3.152742074913E-01  9.825080795252E-01  3.152742062723E-01
  3.367300522617E-01 -1.049372230218E+00  1.049206812676E+00  3.366769722903E-01  1.049206808817E+00  3.366769706616E-01
  3.659399294784E-01 -1.140400737455E+00  1.140280847115E+00  3.659014584978E-01  1.140280841057E+00  3.659014562663E-01
  3.979147676170E-01 -1.240045859662E+00  1.239970976890E+00  3.978907386819E-01  1.239970968066E+00  3.978907358670E-01
  4.271246448337E-01 -1.331074366899E+00  1.331037119968E+00  4.271126923959E-01  1.331037110214E+00  4.271126896427E-01
  4.485156292563E-01 -1.397736385567E+00  1.397724976442E+00  4.485119678966E-01  1.397724970985E+00  4.485119664634E-01
  4.583128182573E-01 -1.428267958270E+00  1.428267958270E+00  4.583128182573E-01  1.428267958270E+00  4.583128182573E-01
  4.572412379666E-01 -8.893427068925E-01  8.891371426640E-01  4.571355511361E-01  8.891371450612E-01  4.571355516597E-01
  4.719026612858E-01 -9.178594477700E-01  9.176706519180E-01  4.718055957023E-01  9.176706547912E-01  4.718055964145E-01
  5.039141165923E-01 -9.801223233594E-01  9.799678143472E-01  5.038346791160E-01  9.799678184054E-01  5.038346803571E-01
  5.476264890834E-01 -1.065143700366E+00  1.065031710132E+00  5.475689118647E-01  1.065031716140E+00  5.475689141966E-01
  5.954766058330E-01 -1.158213066866E+00  1.158143109221E+00  5.954406385367E-01  1.158143117497E+00  5.954406424909E-01
  6.391889783241E-01 -1.243234443872E+00  1.243199637008E+00  6.391710826334E-01  1.243199645820E+00  6.391710874662E-01
  6.712004336306E-01 -1.305497319461E+00  1.305486653290E+00  6.711949494539E-01  1.305486658147E+00  6.711949522873E-01
  6.858618569498E-01 -1.334014060339E+00  1.334014060339E+00  6.858618569498E-01  1.334014060339E+00  6.858618569498E-01
  5.851452805981E-01 -8.109284805664E-01  8.107410455934E-01  5.850100307032E-01  8.107410433252E-01  5.850100306720E-01
  6.039079422956E-01 -8.369308721881E-01  8.367587279017E-01  6.037837255799E-01  8.367587252730E-01  6.037837254783E-01
  6.448739585740E-01 -8.937039684379E-01  8.935630897968E-01  6.447723020088E-01  8.935630863385E-01  6.447723016492E-01
  7.008139883505E-01 -9.712289265187E-01  9.711268206671E-01  7.007403091651E-01  9.711268160535E-01  7.007403080467E-01
  7.620492131448E-01 -1.056092274897E+00  1.056028498627E+00  7.620031925020E-01  1.056028493034E+00  7.620031897808E-01
  8.179892429213E-01 -1.133617232978E+00  1.133585508590E+00  8.179663516499E-01  1.133585503105E+00  8.179663474556E-01
  8.589552591997E-01 -1.190390329228E+00  1.190380610946E+00  8.589482473912E-01  1.190380607932E+00  8.589482445608E-01
  8.777179208972E-01 -1.216392720850E+00  1.216392720850E+00  8.777179208972E-01  1.216392720850E+00  8.777179208972E-01
  6.706098831617E-01 -7.418102079413E-01  7.416387450256E-01  6.704548788709E-01  7.416387466321E-01  6.704548790282E-01
  6.921129641672E-01 -7.655963247174E-01  7.654388486504E-01  6.919706044542E-01  7.654388504865E-01  6.919706046061E-01
  7.390623565677E-01 -8.175304512697E-01  8.174015747228E-01  7.389458517769E-01  8.174015770447E-01  7.389458519307E-01
  8.031728229362E-01 -8.884476858381E-01  8.883542758373E-01  8.030883809528E-01  8.883542786052E-01  8.030883811035E-01
  8.733518849679E-01 -9.660778340152E-01  9.660194859076E-01  8.732991393313E-01  9.660194885028E-01  8.732991395665E-01
  9.374623513365E-01 -1.036995068584E+00  1.036966041216E+00  9.374361110114E-01  1.036966043159E+00  9.374361118262E-01
  9.844117437369E-01 -1.088929195136E+00  1.088920301319E+00  9.844037034966E-01  1.088920302420E+00  9.844037045604E-01
  1.005914824742E+00 -1.112715311912E+00  1.112715311912E+00  1.005914824742E+00  1.112715311912E+00  1.005914824742E+00
  7.071067811865E-01 -7.071067811865E-01  7.069433410688E-01  7.069433413446E-01  7.069433411946E-01  7.069433411946E-01
  7.297801338723E-01 -7.297801338723E-01  7.296300264272E-01  7.296300267436E-01  7.296300266138E-01  7.296300266138E-01
  7.792846738030E-01 -7.792846738030E-01  7.791618284180E-01  7.791618286898E-01  7.791618285827E-01  7.791618285827E-01
  8.468842524142E-01 -8.468842524142E-01  8.467952151600E-01  8.467952147538E-01  8.467952149663E-01  8.467952149663E-01
  9.208827005522E-01 -9.208827005522E-01  9.208270857850E-01  9.208270834156E-01  9.208270845644E-01  9.208270845644E-01
  9.884822791634E-01 -9.884822791634E-01  9.884546136070E-01  9.884546096927E-01  9.884546116087E-01  9.884546116087E-01
  1.037986819094E+00 -1.037986819094E+00  1.037978343352E+00  1.037978341484E+00  1.037978342398E+00  1.037978342398E+00
  1.060660171780E+00 -1.060660171780E+00  1.060660171780E+00  1.060660171780E+00  1.060660171780E+00  1.060660171780E+00
  7.071067811865E-01 -7.071067811865E-01  7.069433410688E-01  7.069433413446E-01  7.069433411946E-01  7.069433411946E-01
  7.297801338723E-01 -7.297801338723E-01  7.296300264272E-01  7.296300267436E-01  7.296300266138E-01  7.296300266138E-01
  7.792846738030E-01 -7.792846738030E-01  7.791618284180E-01  7.791618286898E-01  7.791618285827E-01  7.791618285827E-01
  8.468842524142E-01 -8.468842524142E-01  8.467952151600E-01  8.467952147538E-01  8.467952149663E-01  8.467952149663E-01
  9.208827005522E-01 -9.208827005522E-01  9.208270857850E-01  9.208270834156E-01  9.208270845644E-01  9.208270845644E-01
  9.884822791634E-01 -9.884822791634E-01  9.884546136070E-01  9.884546096927E-01  9.884546116087E-01  9.884546116087E-01
  1.037986819094E+00 -1.037986819094E+00  1.037978343352E+00  1.037978341484E+00  1.037978342398E+00  1.037978342398E+00
  1.060660171780E+00 -1.060660171780E+00  1.060660171780E+00  1.060660171780E+00  1.060660171780E+00  1.060660171780E+00
  7.418102079413E-01 -6.706098831617E-01  6.704548790036E-01  7.416387483138E-01  6.704548790282E-01  7.416387466321E-01
  7.655963247174E-01 -6.921129641672E-01  6.919706045864E-01  7.654388524098E-01  6.919706046061E-01  7.654388504865E-01
  8.175304512697E-01 -7.390623565677E-01  7.389458518804E-01  8.174015794893E-01  7.389458519307E-01  8.174015770447E-01
  8.884476858381E-01 -8.031728229362E-01  8.030883810611E-01  8.883542815500E-01  8.030883811035E-01  8.883542786052E-01
  9.660778340152E-01 -8.733518849679E-01  8.732991397433E-01  9.660194913013E-01  8.732991395665E-01  9.660194885028E-01
  1.036995068584E+00 -9.374623513365E-01  9.374361126887E-01  1.036966045244E+00  9.374361118262E-01  1.036966043159E+00
  1.088929195136E+00 -9.844117437369E-01  9.844037056325E-01  1.088920303553E+00  9.844037045604E-01  1.088920302420E+00
  1.112715311912E+00 -1.005914824742E+00  1.005914824742E+00  1.112715311912E+00  1.005914824742E+00  1.112715311912E+00
  8.109284805664E-01 -5.851452805981E-01  5.850100306259E-01  8.107410411623E-01  5.850100306720E-01  8.107410433252E-01
  8.369308721881E-01 -6.039079422956E-01  6.037837253353E-01  8.367587227614E-01  6.037837254783E-01  8.367587252730E-01
  8.937039684379E-01 -6.448739585740E-01  6.447723011988E-01  8.935630830004E-01  6.447723016492E-01  8.935630863385E-01
  9.712289265187E-01 -7.008139883505E-01  7.007403067575E-01  9.711268115026E-01  7.007403080467E-01  9.711268160535E-01
  1.056092274897E+00 -7.620492131448E-01  7.620031868321E-01  1.056028487368E+00  7.620031897808E-01  1.056028493034E+00
  1.133617232978E+00 -8.179892429213E-01  8.179663431075E-01  1.133585497489E+00  8.179663474556E-01  1.133585503105E+00
  1.190390329228E+00 -8.589552591997E-01  8.589482417044E-01  1.190380604878E+00  8.589482445608E-01  1.190380607932E+00
  1.216392720850E+00 -8.777179208972E-01  8.777179208972E-01  1.216392720850E+00  8.777179208972E-01  1.216392720850E+00
  8.893427068925E-01 -4.572412379666E-01  4.571355524158E-01  8.891371473019E-01  4.571355516597E-01  8.891371450612E-01
  9.178594477700E-01 -4.719026612858E-01  4.718055973953E-01  9.176706574959E-01  4.718055964145E-01  9.176706547912E-01
  9.801223233594E-01 -5.039141165923E-01  5.038346819342E-01  9.799678222858E-01  5.038346803571E-01  9.799678184054E-01
  1.065143700366E+00 -5.476264890834E-01  5.475689169022E-01  1.065031722002E+00  5.475689141966E-01  1.065031716140E+00
  1.158213066866E+00 -5.954766058330E-01  5.954406467401E-01  1.158143125727E+00  5.954406424909E-01  1.158143117497E+00
  1.243234443872E+00 -6.391889783241E-01  6.391710924164E-01  1.243199654664E+00  6.391710874662E-01  1.243199645820E+00
  1.305497319461E+00 -6.712004336306E-01  6.711949551333E-01  1.305486663019E+00  6.711949522873E-01  1.305486658147E+00
  1.334014060339E+00 -6.858618569498E-01  6.858618569498E-01  1.334014060339E+00  6.858618569498E-01  1.334014060339E+00
  9.521786388467E-01 -3.055418788382E-01  3.054712548527E-01  9.519585511123E-01  3.054712561776E-01  9.519585531776E-01
  9.827102115494E-01 -3.153390678391E-01  3.152742047443E-01  9.825080769900E-01  3.152742062723E-01  9.825080795252E-01
  1.049372230218E+00 -3.367300522617E-01  3.366769686696E-01  1.049206805069E+00  3.366769706616E-01  1.049206808817E+00
  1.140400737455E+00 -3.659399294784E-01  3.659014536664E-01  1.140280835159E+00  3.659014562663E-01  1.140280841057E+00
  1.240045859662E+00 -3.979147676170E-01  3.978907328111E-01  1.239970959418E+00  3.978907358670E-01  1.239970968066E+00
  1.331074366899E+00 -4.271246448337E-01  4.271126868287E-01  1.331037100566E+00  4.271126896427E-01  1.331037110214E+00
  1.397736385567E+00 -4.485156292563E-01  4.485119650325E-01  1.397724965547E+00  4.485119664634E-01  1.397724970985E+00
  1.428267958270E+00 -4.583128182573E-01  4.583128182573E-01  1.428267958270E+00  4.583128182573E-01  1.428267958270E+00
  9.871732235560E-01 -1.596528317756E-01  1.596159313529E-01  9.869450508978E-01  1.596159297712E-01  9.869450492718E-01
  1.018826896318E+00 -1.647720938990E-01  1.647382039887E-01  1.018617337444E+00  1.647382022018E-01  1.018617335513E+00
  1.087938885574E+00 -1.759493873375E-01  1.759216531416E-01  1.087767387285E+00  1.759216509506E-01  1.087767384585E+00
  1.182312883539E+00 -1.912122365128E-01  1.911921358245E-01  1.182188584747E+00  1.911921333529E-01  1.182188580694E+00
  1.285620175351E+00 -2.079198429261E-01  2.079072878017E-01  1.285542537210E+00  2.079072857704E-01  1.285542531330E+00
  1.379994173316E+00 -2.231826921014E-01  2.231764461445E-01  1.379955554213E+00  2.231764452324E-01  1.379955547369E+00
  1.449106162572E+00 -2.343599855400E-01  2.343580717744E-01  1.449094332612E+00  2.343580716444E-01  1.449094328479E+00
  1.480759835334E+00 -2.394792476634E-01  2.394792476634E-01  1.480759835334E+00  2.394792476634E-01  1.480759835334E+00
  9.987318243030E-01 -5.034623247436E-02  5.033459446910E-02  9.985009771275E-01  5.033459549385E-02  9.985009783747E-01
  1.030756123169E+00 -5.196058254943E-02  5.194989367300E-02  1.030544107256E+00  5.194989486387E-02  1.030544108661E+00
  1.100677329968E+00 -5.548532187056E-02  5.547657371790E-02  1.100503819160E+00  5.547657525098E-02  1.100503820911E+00
  1.196156332949E+00 -6.029843382264E-02  6.029209247675E-02  1.196030572604E+00  6.029209432743E-02  1.196030574668E+00
  1.300673227809E+00 -6.556714736325E-02  6.556318581804E-02  1.300594672669E+00  6.556318748686E-02  1.300594674671E+00
  1.396152230790E+00 -7.038025931534E-02  7.037828857893E-02  1.396113150630E+00  7.037828937646E-02  1.396113152579E+00
  1.466073437589E+00 -7.390499863647E-02  7.390439506680E-02  1.466061463402E+00  7.390439509296E-02  1.466061464933E+00
  1.498097736455E+00 -7.551934871154E-02  7.551934871154E-02  1.498097736455E+00  7.551934871154E-02  1.498097736455E+00
  1.000000000000E+00  2.775557561563E-17 -1.950217147925E-10  9.997688609639E-01 -2.774916021816E-17  9.997688609467E-01
  1.032064962873E+00  2.953553861887E-17 -2.237543548047E-10  1.031852679112E+00 -2.952946350320E-17  1.031852679152E+00
  1.102074954642E+00  3.342187385967E-17 -1.921775786687E-10  1.101901225224E+00 -3.341660528761E-17  1.101901225265E+00
  1.197675195524E+00  3.872875328905E-17  2.872409727131E-10  1.197549277545E+00 -3.872468152913E-17  1.197549277558E+00
  1.302324804476E+00  4.453797355784E-17  1.675418149960E-09  1.302246151642E+00 -4.453528372189E-17  1.302246151591E+00
  1.397925045358E+00  4.984485298722E-17  2.767792882874E-09  1.397885917585E+00 -4.984345783302E-17  1.397885917527E+00
  1.467935037127E+00  5.373118822801E-17  1.320914723487E-09  1.467923049297E+00 -5.373074943347E-17  1.467923049269E+00
  1.500000000000E+00  5.551115123126E-17 -5.551115123126E-17  1.500000000000E+00 -5.551115123126E-17  1.500000000000E+00
