# x y ux uy ux_exact uy_exact
  5.000000000000E-01  1.387778780781E-17 -8.687186617221E-16  2.014925375545E-01 -5.592541355388E-18  2.014925373134E-01
  5.320649628726E-01  1.476776930944E-17  7.093234630390E-09  2.561886722081E-01 -7.110664750855E-18  2.561886969784E-01
  6.020749546417E-01  1.671093692983E-17 -1.146368095815E-08  3.681196722119E-01 -1.021737238683E-17  3.681196357921E-01
  6.976751955244E-01  1.936437664453E-17  1.576269647555E-08  5.090691016801E-01 -1.412950686564E-17  5.090691348402E-01
  8.023248044756E-01  2.226898677892E-17 -1.680445407314E-08  6.529199220261E-01 -1.812216761980E-17  6.529198987173E-01
  8.979250453583E-01  2.492242649361E-17  1.285810997602E-08  7.779360739923E-01 -2.159206389798E-17  7.779360874010E-01
  9.679350371274E-01  2.686559411401E-17 -6.511060129615E-09  8.666961520777E-01 -2.405565044172E-17  8.666961469239E-01
  1.000000000000E+00  2.775557561563E-17 -2.033485012352E-10  9.067164178569E-01 -2.516643609925E-17  9.067164179104E-01
  4.993659121515E-01  2.517311623718E-02 -1.014439065507E-02  2.012370031990E-01 -1.014439012543E-02  2.012370093745E-01
  5.313902110175E-01  2.678746631225E-02 -1.289813020252E-02  2.558637797036E-01 -1.289813569538E-02  2.558638046991E-01
  6.013114178165E-01  3.031220563338E-02 -1.853344967142E-02  3.676528307179E-01 -1.853343676197E-02  3.676527954164E-01
  6.967904207970E-01  3.512531758546E-02 -2.562969550977E-02  5.084235131961E-01 -2.562971300819E-02  5.084235457353E-01
  8.013073156575E-01  4.039403112607E-02 -3.287207495650E-02  6.520919041461E-01 -3.287205700796E-02  6.520918815697E-01
  8.967863186381E-01  4.520714307816E-02 -3.916613802549E-02  7.769495154566E-01 -3.916615110648E-02  7.769495277612E-01
  9.667075254371E-01  4.873188239929E-02 -4.363489295373E-02  8.655970295643E-01 -4.363488569766E-02  8.655970239337E-01
  9.987318243030E-01  5.034623247436E-02 -4.564975654976E-02  9.055665430660E-01 -4.564975556444E-02  9.055665421852E-01
  4.935866117780E-01  7.982641588779E-02 -3.216885501066E-02  1.989080470618E-01 -3.216885416373E-02  1.989080375822E-01
  5.252402845402E-01  8.494567801117E-02 -4.090124248222E-02  2.529026004341E-01 -4.090125094150E-02  2.529026218348E-01
  5.943522737960E-01  9.612297144970E-02 -5.877135922550E-02  3.633978824566E-01 -5.877134228640E-02  3.633978475192E-01
  6.887262717609E-01  1.113858206250E-01 -8.127430797450E-02  5.025393891085E-01 -8.127432894678E-02  5.025394188531E-01
  7.920335635732E-01  1.280934270383E-01 -1.042405307743E-01  6.445450615734E-01 -1.042405107528E-01  6.445450411407E-01
  8.864075615381E-01  1.433562762137E-01 -1.241996837979E-01  7.679576635985E-01 -1.241996992940E-01  7.679576751202E-01
  9.555195507939E-01  1.545335696522E-01 -1.383705000475E-01  8.555792324842E-01 -1.383704941454E-01  8.555792292025E-01
  9.871732235560E-01  1.596528317756E-01 -1.447598425444E-01  8.950861679685E-01 -1.447598437368E-01  8.950861691199E-01
  4.760893194234E-01  1.527709394191E-01 -6.156440559387E-02  1.918568790466E-01 -6.156440842262E-02  1.918568899169E-01
  5.066208921261E-01  1.625681284201E-01 -7.827636233500E-02  2.439373783019E-01 -7.827637581190E-02  2.439374047769E-01
  5.732829107945E-01  1.839591128426E-01 -1.124759866057E-01  3.505156841837E-01 -1.124759651571E-01  3.505156537413E-01
  6.643114180315E-01  2.131689900593E-01 -1.555419144593E-01  4.847247284335E-01 -1.555419399176E-01  4.847247558910E-01
  7.639565402386E-01  2.451438281979E-01 -1.994943955634E-01  6.216963973320E-01 -1.994943725849E-01  6.216963804366E-01
  8.549850474757E-01  2.743537054146E-01 -2.376920376697E-01  7.407341164272E-01 -2.376920537605E-01  7.407341248112E-01
  9.216470661440E-01  2.957446898372E-01 -2.648119771976E-01  8.252495616979E-01 -2.648119691129E-01  8.252495574717E-01
  9.521786388467E-01  3.055418788382E-01 -2.770398386276E-01  8.633560061237E-01 -2.770398379018E-01  8.633560046260E-01
  4.446713534462E-01  2.286206189833E-01 -9.213070170944E-02  1.791959286927E-01 -9.213069720222E-02  1.791959185530E-01
  4.731880943238E-01  2.432820423025E-01 -1.171400222896E-01  2.278395328779E-01 -1.171400369595E-01  2.278395492461E-01
  5.354509699132E-01  2.752934976090E-01 -1.683195047281E-01  3.273845414979E-01 -1.683194779894E-01  3.273845133556E-01
  6.204723469194E-01  3.190058701001E-01 -2.327673725262E-01  4.527369006138E-01 -2.327674014249E-01  4.527369223742E-01
  7.135417134193E-01  3.668559868497E-01 -2.985419285137E-01  5.806695632115E-01 -2.985419027825E-01  5.806695501092E-01
  7.985630904255E-01  4.105683593408E-01 -3.557044421399E-01  6.918517790448E-01 -3.557044596621E-01  6.918517857585E-01
  8.608259660149E-01  4.425798146473E-01 -3.962892268842E-01  7.707898976718E-01 -3.962892191603E-01  7.707898973586E-01
  8.893427068925E-01  4.572412379666E-01 -4.145881370905E-01  8.063816316069E-01 -4.145881374100E-01  8.063816334883E-01
  4.054642402832E-01  2.925726402991E-01 -1.179024028238E-01  1.633960297893E-01 -1.179024072847E-01  1.633960371291E-01
  4.314666319049E-01  3.113353019965E-01 -1.499075877107E-01  2.077506914394E-01 -1.499076069795E-01  2.077507107790E-01
  4.882397281547E-01  3.523013182749E-01 -2.154034978710E-01  2.985187197782E-01 -2.154034675793E-01  2.985186969196E-01
  5.657646862355E-01  4.082413480515E-01 -2.978793691704E-01  4.128186423263E-01 -2.978794017499E-01  4.128186600192E-01
  6.506280346142E-01  4.694765728457E-01 -3.820530243547E-01  5.294713508102E-01 -3.820529973430E-01  5.294713413984E-01
  7.281529926949E-01  5.254166026223E-01 -4.552056116764E-01  6.308505269309E-01 -4.552056301497E-01  6.308505293339E-01
  7.849260889447E-01  5.663826189007E-01 -5.071431679979E-01  7.028285917010E-01 -5.071431600851E-01  7.028285895378E-01
  8.109284805664E-01  5.851452805981E-01 -5.305608326816E-01  7.352821688986E-01 -5.305608327811E-01  7.352821670807E-01
  3.709051039706E-01  3.353049415808E-01 -1.351228901094E-01  1.494692257993E-01 -1.351228869057E-01  1.494692210031E-01
  3.946912207468E-01  3.568080225864E-01 -1.718026514445E-01  1.900433746002E-01 -1.718026721481E-01  1.900433905778E-01
  4.466253472990E-01  4.037574149868E-01 -2.468646989814E-01  2.730749233853E-01 -2.468646659481E-01  2.730749035742E-01
  5.175425818674E-01  4.678678813554E-01 -3.413867591416E-01  3.776326667737E-01 -3.413867930364E-01  3.776326807723E-01
  5.951727300445E-01  5.380469433871E-01 -4.378545649463E-01  4.843426516843E-01 -4.378545369927E-01  4.843426458365E-01
  6.660899646129E-01  6.021574097557E-01 -5.216916100840E-01  5.770809287800E-01 -5.216916286792E-01  5.770809307600E-01
  7.180240911651E-01  6.491068021561E-01 -5.812150098402E-01  6.429240475287E-01 -5.812150018253E-01  6.429240489715E-01
  7.418102079413E-01  6.706098831617E-01 -6.080529909359E-01  6.726114931082E-01 -6.080529910757E-01  6.726114945139E-01
  3.535533905933E-01  3.535533905933E-01 -1.424767396633E-01  1.424767396633E-01 -1.424767394928E-01  1.424767394928E-01
  3.762267432790E-01  3.762267432790E-01 -1.811527423659E-01  1.811527523972E-01 -1.811527648968E-01  1.811527648968E-01
  4.257312832097E-01  4.257312832097E-01 -2.602999246152E-01  2.602999084031E-01 -2.602998907565E-01  2.602998907565E-01
  4.933308618209E-01  4.933308618209E-01 -3.599662027446E-01  3.599662250365E-01 -3.599662373383E-01  3.599662373383E-01
  5.673293099589E-01  5.673293099589E-01 -4.616841163190E-01  4.616840925539E-01 -4.616840879546E-01  4.616840879546E-01
  6.349288885701E-01  6.349288885701E-01 -5.500838641575E-01  5.500838823416E-01 -5.500838827310E-01  5.500838827310E-01
  6.844334285008E-01  6.844334285008E-01 -6.128467309665E-01  6.128467217584E-01 -6.128467227182E-01  6.128467227182E-01
  7.071067811865E-01  7.071067811865E-01 -6.411453278236E-01  6.411453275360E-01 -6.411453277177E-01  6.411453277177E-01
  3.535533905933E-01  3.535533905933E-01 -1.424767396633E-01  1.424767396633E-01 -1.424767394928E-01  1.424767394928E-01
  3.762267432790E-01  3.762267432790E-01 -1.811527423659E-01  1.811527523972E-01 -1.811527648968E-01  1.811527648968E-01
  4.257312832097E-01  4.257312832097E-01 -2.602999246152E-01  2.602999084031E-01 -2.602998907565E-01  2.602998907565E-01
  4.933308618209E-01  4.933308618209E-01 -3.599662027446E-01  3.599662250365E-01 -3.599662373383E-01  3.599662373383E-01
  5.673293099589E-01  5.673293099589E-01 -4.616841163190E-01  4.616840925539E-01 -4.616840879546E-01  4.616840879546E-01
  6.349288885701E-01  6.349288885701E-01 -5.500838641575E-01  5.500838823416E-01 -5.500838827310E-01  5.500838827310E-01
  6.844334285008E-01  6.844334285008E-01 -6.128467309665E-01  6.128467217584E-01 -6.128467227182E-01  6.128467227182E-01
  7.071067811865E-01  7.071067811865E-01 -6.411453278236E-01  6.411453275360E-01 -6.411453277177E-01  6.411453277177E-01
  3.353049415808E-01  3.709051039706E-01 -1.494692170109E-01  1.351228821644E-01 -1.494692210031E-01  1.351228869057E-01
  3.568080225864E-01  3.946912207468E-01 -1.900433690193E-01  1.718026583576E-01 -1.900433905778E-01  1.718026721481E-01
  4.037574149868E-01  4.466253472990E-01 -2.730749376645E-01  2.468646817816E-01 -2.730749035742E-01  2.468646659481E-01
  4.678678813554E-01  5.175425818674E-01 -3.776326453903E-01  3.413867824009E-01 -3.776326807723E-01  3.413867930364E-01
  5.380469433871E-01  5.951727300445E-01 -4.843426744919E-01  4.378545402651E-01 -4.843426458365E-01  4.378545369927E-01
  6.021574097557E-01  6.660899646129E-01 -5.770809128097E-01  5.216916292282E-01 -5.770809307600E-01  5.216916286792E-01
  6.491068021561E-01  7.180240911651E-01 -6.429240580838E-01  5.812150006759E-01 -6.429240489715E-01  5.812150018253E-01
  6.706098831617E-01  7.418102079413E-01 -6.726114958335E-01  6.080529910017E-01 -6.726114945139E-01  6.080529910757E-01
  2.925726402991E-01  4.054642402832E-01 -1.633960444310E-01  1.179024133889E-01 -1.633960371291E-01  1.179024072847E-01
  3.113353019965E-01  4.314666319049E-01 -2.077506896648E-01  1.499075978286E-01 -2.077507107790E-01  1.499076069795E-01
  3.523013182749E-01  4.882397281547E-01 -2.985187336018E-01  2.154034803060E-01 -2.985186969196E-01  2.154034675793E-01
  4.082413480515E-01  5.657646862355E-01 -4.128186241570E-01  2.978793955469E-01 -4.128186600192E-01  2.978794017499E-01
  4.694765728457E-01  6.506280346142E-01 -5.294713700039E-01  3.820529976339E-01 -5.294713413984E-01  3.820529973430E-01
  5.254166026223E-01  7.281529926949E-01 -6.308505102294E-01  4.552056329600E-01 -6.308505293339E-01  4.552056301497E-01
  5.663826189007E-01  7.849260889447E-01 -7.028285960317E-01  5.071431582322E-01 -7.028285895378E-01  5.071431600851E-01
  5.851452805981E-01  8.109284805664E-01 -7.352821654235E-01  5.305608328102E-01 -7.352821670807E-01  5.305608327811E-01
  2.286206189833E-01  4.446713534462E-01 -1.791959088663E-01  9.213069151598E-02 -1.791959185530E-01  9.213069720222E-02
  2.432820423025E-01  4.731880943238E-01 -2.278395209958E-01  1.171400277684E-01 -2.278395492461E-01  1.171400369595E-01
  2.752934976090E-01  5.354509699132E-01 -3.273845500481E-01  1.683194843491E-01 -3.273845133556E-01  1.683194779894E-01
  3.190058701001E-01  6.204723469194E-01 -4.527368849571E-01  2.327674000112E-01 -4.527369223742E-01  2.327674014249E-01
  3.668559868497E-01  7.135417134193E-01 -5.806695783043E-01  2.985418984811E-01 -5.806695501092E-01  2.985419027825E-01
  4.105683593408E-01  7.985630904255E-01 -6.918517684522E-01  3.557044651117E-01 -6.918517857585E-01  3.557044596621E-01
  4.425798146473E-01  8.608259660149E-01 -7.707899060636E-01  3.962892164320E-01 -7.707898973586E-01  3.962892191603E-01
  4.572412379666E-01  8.893427068925E-01 -8.063816350606E-01  4.145881379558E-01 -8.063816334883E-01  4.145881374100E-01
  1.527709394191E-01  4.760893194234E-01 -1.918569002739E-01  6.156441240543E-02 -1.918568899169E-01  6.156440842262E-02
  1.625681284201E-01  5.066208921261E-01 -2.439373828296E-01  7.827637461103E-02 -2.439374047769E-01  7.827637581190E-02
  1.839591128426E-01  5.732829107945E-01 -3.505156925480E-01  1.124759661496E-01 -3.505156537413E-01  1.124759651571E-01
  2.131689900593E-01  6.643114180315E-01 -4.847247200696E-01  1.555419449651E-01 -4.847247558910E-01  1.555419399176E-01
  2.451438281979E-01  7.639565402386E-01 -6.216964078960E-01  1.994943636549E-01 -6.216963804366E-01  1.994943725849E-01
  2.743537054146E-01  8.549850474757E-01 -7.407341076739E-01  2.376920614033E-01 -7.407341248112E-01  2.376920537605E-01
  2.957446898372E-01  9.216470661440E-01 -8.252495631548E-01  2.648119638728E-01 -8.252495574717E-01  2.648119691129E-01
  3.055418788382E-01  9.521786388467E-01 -8.633560030698E-01  2.770398367973E-01 -8.633560046260E-01  2.770398379018E-01
  7.982641588779E-02  4.935866117780E-01 -1.989080292378E-01  3.216885212805E-02 -1.989080375822E-01  3.216885416373E-02
  8.494567801117E-02  5.252402845402E-01 -2.529025945346E-01  4.090125089139E-02 -2.529026218348E-01  4.090125094150E-02
  9.612297144970E-02  5.943522737960E-01 -3.633978851022E-01  5.877133703045E-02 -3.633978475192E-01  5.877134228640E-02
  1.113858206250E-01  6.887262717609E-01 -5.025393833051E-01  8.127433947318E-02 -5.025394188531E-01  8.127432894678E-02
  1.280934270383E-01  7.920335635732E-01 -6.445450668959E-01  1.042404983079E-01 -6.445450411407E-01  1.042405107528E-01
  1.433562762137E-01  8.864075615381E-01 -7.679576603585E-01  1.241997106574E-01 -7.679576751202E-01  1.241996992940E-01
  1.545335696522E-01  9.555195507939E-01 -8.555792363273E-01  1.383704900798E-01 -8.555792292025E-01  1.383704941454E-01
  1.596528317756E-01  9.871732235560E-01 -8.950861703349E-01  1.447598450926E-01 -8.950861691199E-01  1.447598437368E-01
  2.517311623718E-02  4.993659121515E-01 -2.012370150312E-01  1.014439125153E-02 -2.012370093745E-01  1.014439012543E-02
  2.678746631225E-02  5.313902110175E-01 -2.558637787616E-01  1.289813903714E-02 -2.558638046991E-01  1.289813569538E-02
  3.031220563338E-02  6.013114178165E-01 -3.676528327831E-01  1.853342741243E-02 -3.676527954164E-01  1.853343676197E-02
  3.512531758546E-02  6.967904207970E-01 -5.084235118695E-01  2.562972707691E-02 -5.084235457353E-01  2.562971300819E-02
  4.039403112607E-02  8.013073156575E-01 -6.520919054709E-01  3.287204137684E-02 -6.520918815697E-01  3.287205700796E-02
  4.520714307816E-02  8.967863186381E-01 -7.769495132123E-01  3.916616285521E-02 -7.769495277612E-01  3.916615110648E-02
  4.873188239929E-02  9.667075254371E-01 -8.655970285808E-01  4.363487901007E-02 -8.655970239337E-01  4.363488569766E-02
  5.034623247436E-02  9.987318243030E-01 -9.055665410923E-01  4.564975466925E-02 -9.055665421852E-01  4.564975556444E-02
  3.061616997868E-17  5.000000000000E-01 -2.014925375545E-01  7.690296427952E-16 -2.014925373134E-01  1.233785954365E-17
  3.257958268602E-17  5.320649628726E-01 -2.561886722081E-01  7.093235090892E-09 -2.561886969784E-01  1.568703338662E-17
  3.686645830244E-17  6.020749546417E-01 -3.681196722119E-01 -1.146368085176E-08 -3.681196357921E-01  2.254082668380E-17
  4.272028475217E-17  6.976751955244E-01 -5.090691016801E-01  1.576269646119E-08 -5.090691348402E-01  3.117149432634E-17
  4.912822518388E-17  8.023248044756E-01 -6.529199220261E-01 -1.680445411760E-08 -6.529198987173E-01  3.997981320319E-17
  5.498205163361E-17  8.979250453583E-01 -7.779360739923E-01  1.285810997780E-08 -7.779360874010E-01  4.763484696884E-17
  5.926892725003E-17  9.679350371274E-01 -8.666961520777E-01 -6.511060179693E-09 -8.666961469239E-01  5.306983310819E-17
  6.123233995737E-17  1.000000000000E+00 -9.067164178569E-01 -2.033486326808E-10 -9.067164179104E-01  5.552036794642E-17
  3.061616997868E-17  5.000000000000E-01 -2.014925375545E-01  7.690296427952E-16 -2.014925373134E-01  1.233785954365E-17
  3.257958268602E-17  5.320649628726E-01 -2.561886722081E-01  7.093235090892E-09 -2.561886969784E-01  1.568703338662E-17
  3.686645830244E-17  6.020749546417E-01 -3.681196722119E-01 -1.146368085176E-08 -3.681196357921E-01  2.254082668380E-17
  4.272028475217E-17  6.976751955244E-01 -5.090691016801E-01  1.576269646119E-08 -5.090691348402E-01  3.117149432634E-17
  4.912822518388E-17  8.023248044756E-01 -6.529199220261E-01 -1.680445411760E-08 -6.529198987173E-01  3.997981320319E-17
  5.498205163361E-17  8.979250453583E-01 -7.779360739923E-01  1.285810997780E-08 -7.779360874010E-01  4.763484696884E-17
  5.926892725003E-17  9.679350371274E-01 -8.666961520777E-01 -6.511060179693E-09 -8.666961469239E-01  5.306983310819E-17
  6.123233995737E-17  1.000000000000E+00 -9.067164178569E-01 -2.033486326808E-10 -9.067164179104E-01  5.552036794642E-17
 -2.517311623718E-02  4.993659121515E-01 -2.012370031990E-01 -1.014439065507E-02 -2.012370093745E-01 -1.014439012543E-02
 -2.678746631225E-02  5.313902110175E-01 -2.558637797036E-01 -1.289813020252E-02 -2.558638046991E-01 -1.289813569538E-02
 -3.031220563338E-02  6.013114178165E-01 -3.676528307179E-01 -1.853344967142E-02 -3.676527954164E-01 -1.853343676197E-02
 -3.512531758546E-02  6.967904207970E-01 -5.084235131961E-01 -2.562969550977E-02 -5.084235457353E-01 -2.562971300819E-02
 -4.039403112607E-02  8.013073156575E-01 -6.520919041461E-01 -3.287207495650E-02 -6.520918815697E-01 -3.287205700796E-02
 -4.520714307816E-02  8.967863186381E-01 -7.769495154566E-01 -3.916613802549E-02 -7.769495277612E-01 -3.916615110648E-02
 -4.873188239929E-02  9.667075254371E-01 -8.655970295643E-01 -4.363489295373E-02 -8.655970239337E-01 -4.363488569766E-02
 -5.034623247436E-02  9.987318243030E-01 -9.055665430660E-01 -4.564975654976E-02 -9.055665421852E-01 -4.564975556444E-02
 -7.982641588779E-02  4.935866117780E-01 -1.989080470618E-01 -3.216885501066E-02 -1.989080375822E-01 -3.216885416373E-02
 -8.494567801117E-02  5.252402845402E-01 -2.529026004341E-01 -4.090124248222E-02 -2.529026218348E-01 -4.090125094150E-02
 -9.612297144970E-02  5.943522737960E-01 -3.633978824566E-01 -5.877135922550E-02 -3.633978475192E-01 -5.877134228640E-02
 -1.113858206250E-01  6.887262717609E-01 -5.025393891085E-01 -8.127430797450E-02 -5.025394188531E-01 -8.127432894678E-02
 -1.280934270383E-01  7.920335635732E-01 -6.445450615734E-01 -1.042405307743E-01 -6.445450411407E-01 -1.042405107528E-01
 -1.433562762137E-01  8.864075615381E-01 -7.679576635985E-01 -1.241996837979E-01 -7.679576751202E-01 -1.241996992940E-01
 -1.545335696522E-01  9.555195507939E-01 -8.555792324842E-01 -1.383705000475E-01 -8.555792292025E-01 -1.383704941454E-01
 -1.596528317756E-01  9.871732235560E-01 -8.950861679685E-01 -1.447598425444E-01 -8.950861691199E-01 -1.447598437368E-01
 -1.527709394191E-01  4.760893194234E-01 -1.918568790466E-01 -6.156440559387E-02 -1.918568899169E-01 -6.156440842262E-02
 -1.625681284201E-01  5.066208921261E-01 -2.439373783019E-01 -7.827636233499E-02 -2.439374047769E-01 -7.827637581190E-02
 -1.839591128426E-01  5.732829107945E-01 -3.505156841837E-01 -1.124759866057E-01 -3.505156537413E-01 -1.124759651571E-01
 -2.131689900593E-01  6.643114180315E-01 -4.847247284335E-01 -1.555419144593E-01 -4.847247558910E-01 -1.555419399176E-01
 -2.451438281979E-01  7.639565402386E-01 -6.216963973320E-01 -1.994943955634E-01 -6.216963804366E-01 -1.994943725849E-01
 -2.743537054146E-01  8.549850474757E-01 -7.407341164272E-01 -2.376920376697E-01 -7.407341248112E-01 -2.376920537605E-01
 -2.957446898372E-01  9.216470661440E-01 -8.252495616979E-01 -2.648119771976E-01 -8.252495574717E-01 -2.648119691129E-01
 -3.055418788382E-01  9.521786388467E-01 -8.633560061237E-01 -2.770398386276E-01 -8.633560046260E-01 -2.770398379018E-01
 -2.286206189833E-01  4.446713534462E-01 -1.791959286927E-01 -9.213070170944E-02 -1.791959185530E-01 -9.213069720222E-02
 -2.432820423025E-01  4.731880943238E-01 -2.278395328779E-01 -1.171400222896E-01 -2.278395492461E-01 -1.171400369595E-01
 -2.752934976090E-01  5.354509699132E-01 -3.273845414979E-01 -1.683195047281E-01 -3.273845133556E-01 -1.683194779894E-01
 -3.190058701001E-01  6.204723469194E-01 -4.527369006138E-01 -2.327673725262E-01 -4.527369223742E-01 -2.327674014249E-01
 -3.668559868497E-01  7.135417134193E-01 -5.806695632115E-01 -2.985419285137E-01 -5.806695501092E-01 -2.985419027825E-01
 -4.105683593408E-01  7.985630904255E-01 -6.918517790448E-01 -3.557044421399E-01 -6.918517857585E-01 -3.557044596621E-01
 -4.425798146473E-01  8.608259660149E-01 -7.707898976718E-01 -3.962892268842E-01 -7.707898973586E-01 -3.962892191603E-01
 -4.572412379666E-01  8.893427068925E-01 -8.063816316069E-01 -4.145881370905E-01 -8.063816334883E-01 -4.145881374100E-01
 -2.925726402991E-01  4.054642402832E-01 -1.633960297893E-01 -1.179024028238E-01 -1.633960371291E-01 -1.179024072847E-01
 -3.113353019965E-01  4.314666319049E-01 -2.077506914394E-01 -1.499075877107E-01 -2.077507107790E-01 -1.499076069795E-01
 -3.523013182749E-01  4.882397281547E-01 -2.985187197782E-01 -2.154034978710E-01 -2.985186969196E-01 -2.154034675793E-01
 -4.082413480515E-01  5.657646862355E-01 -4.128186423263E-01 -2.978793691704E-01 -4.128186600192E-01 -2.978794017499E-01
 -4.694765728457E-01  6.506280346142E-01 -5.294713508102E-01 -3.820530243547E-01 -5.294713413984E-01 -3.820529973430E-01
 -5.254166026223E-01  7.281529926949E-01 -6.308505269309E-01 -4.552056116764E-01 -6.308505293339E-01 -4.552056301497E-01
 -5.663826189007E-01  7.849260889447E-01 -7.028285917010E-01 -5.071431679979E-01 -7.028285895378E-01 -5.071431600851E-01
 -5.851452805981E-01  8.109284805664E-01 -7.352821688986E-01 -5.305608326816E-01 -7.352821670807E-01 -5.305608327811E-01
 -3.353049415808E-01  3.709051039706E-01 -1.494692257993E-01 -1.351228901094E-01 -1.494692210031E-01 -1.351228869057E-01
 -3.568080225864E-01  3.946912207468E-01 -1.900433746002E-01 -1.718026514445E-01 -1.900433905778E-01 -1.718026721481E-01
 -4.037574149868E-01  4.466253472990E-01 -2.730749233853E-01 -2.468646989814E-01 -2.730749035742E-01 -2.468646659481E-01
 -4.678678813554E-01  5.175425818674E-01 -3.776326667737E-01 -3.413867591416E-01 -3.776326807723E-01 -3.413867930364E-01
 -5.380469433871E-01  5.951727300445E-01 -4.843426516843E-01 -4.378545649463E-01 -4.843426458365E-01 -4.378545369927E-01
 -6.021574097557E-01  6.660899646129E-01 -5.770809287800E-01 -5.216916100840E-01 -5.770809307600E-01 -5.216916286792E-01
 -6.491068021561E-01  7.180240911651E-01 -6.429240475287E-01 -5.812150098402E-01 -6.429240489715E-01 -5.812150018253E-01
 -6.706098831617E-01  7.418102079413E-01 -6.726114931082E-01 -6.080529909359E-01 -6.726114945139E-01 -6.080529910757E-01
 -3.535533905933E-01  3.535533905933E-01 -1.424767396633E-01 -1.424767396633E-01 -1.424767394928E-01 -1.424767394928E-01
 -3.762267432790E-01  3.762267432790E-01 -1.811527523972E-01 -1.811527423659E-01 -1.811527648968E-01 -1.811527648968E-01
 -4.257312832097E-01  4.257312832097E-01 -2.602999084031E-01 -2.602999246152E-01 -2.602998907565E-01 -2.602998907565E-01
 -4.933308618209E-01  4.933308618209E-01 -3.599662250365E-01 -3.599662027446E-01 -3.599662373383E-01 -3.599662373383E-01
 -5.673293099589E-01  5.673293099589E-01 -4.616840925539E-01 -4.616841163190E-01 -4.616840879546E-01 -4.616840879546E-01
 -6.349288885701E-01  6.349288885701E-01 -5.500838823416E-01 -5.500838641575E-01 -5.500838827310E-01 -5.500838827310E-01
 -6.844334285008E-01  6.844334285008E-01 -6.128467217584E-01 -6.128467309665E-01 -6.128467227182E-01 -6.128467227182E-01
 -7.071067811865E-01  7.071067811865E-01 -6.411453275360E-01 -6.411453278236E-01 -6.411453277177E-01 -6.411453277177E-01
 -3.535533905933E-01  3.535533905933E-01 -1.424767396633E-01 -1.424767396633E-01 -1.424767394928E-01 -1.424767394928E-01
 -3.762267432790E-01  3.762267432790E-01 -1.811527523972E-01 -1.811527423659E-01 -1.811527648968E-01 -1.811527648968E-01
 -4.257312832097E-01  4.257312832097E-01 -2.602999084031E-01 -2.602999246152E-01 -2.602998907565E-01 -2.602998907565E-01
 -4.933308618209E-01  4.933308618209E-01 -3.599662250365E-01 -3.599662027446E-01 -3.599662373383E-01 -3.599662373383E-01
 -5.673293099589E-01  5.673293099589E-01 -4.616840925539E-01 -4.616841163190E-01 -4.616840879546E-01 -4.616840879546E-01
 -6.349288885701E-01  6.349288885701E-01 -5.500838823416E-01 -5.500838641575E-01 -5.500838827310E-01 -5.500838827310E-01
 -6.844334285008E-01  6.844334285008E-01 -6.128467217584E-01 -6.128467309665E-01 -6.128467227182E-01 -6.128467227182E-01
 -7.071067811865E-01  7.071067811865E-01 -6.411453275360E-01 -6.411453278236E-01 -6.411453277177E-01 -6.411453277177E-01
 -3.709051039706E-01  3.353049415808E-01 -1.351228821644E-01 -1.494692170109E-01 -1.351228869057E-01 -1.494692210031E-01
 -3.946912207468E-01  3.568080225864E-01 -1.718026583576E-01 -1.900433690193E-01 -1.718026721481E-01 -1.900433905778E-01
 -4.466253472990E-01  4.037574149868E-01 -2.468646817816E-01 -2.730749376645E-01 -2.468646659481E-01 -2.730749035742E-01
 -5.175425818674E-01  4.678678813554E-01 -3.413867824009E-01 -3.776326453903E-01 -3.413867930364E-01 -3.776326807723E-01
 -5.951727300445E-01  5.380469433871E-01 -4.378545402651E-01 -4.843426744919E-01 -4.378545369927E-01 -4.843426458365E-01
 -6.660899646129E-01  6.021574097557E-01 -5.216916292282E-01 -5.770809128097E-01 -5.216916286792E-01 -5.770809307600E-01
 -7.180240911651E-01  6.491068021561E-01 -5.812150006759E-01 -6.429240580838E-01 -5.812150018253E-01 -6.429240489715E-01
 -7.418102079413E-01  6.706098831617E-01 -6.080529910017E-01 -6.726114958335E-01 -6.080529910757E-01 -6.726114945139E-01
 -4.054642402832E-01  2.925726402991E-01 -1.179024133889E-01 -1.633960444310E-01 -1.179024072847E-01 -1.633960371291E-01
 -4.314666319049E-01  3.113353019965E-01 -1.499075978286E-01 -2.077506896648E-01 -1.499076069795E-01 -2.077507107790E-01
 -4.882397281547E-01  3.523013182749E-01 -2.154034803060E-01 -2.985187336018E-01 -2.154034675793E-01 -2.985186969196E-01
 -5.657646862355E-01  4.082413480515E-01 -2.978793955469E-01 -4.128186241570E-01 -2.978794017499E-01 -4.128186600192E-01
 -6.506280346142E-01  4.694765728457E-01 -3.820529976339E-01 -5.294713700039E-01 -3.820529973430E-01 -5.294713413984E-01
 -7.281529926949E-01  5.254166026223E-01 -4.552056329600E-01 -6.308505102294E-01 -4.552056301497E-01 -6.308505293339E-01
 -7.849260889447E-01  5.663826189007E-01 -5.071431582322E-01 -7.028285960317E-01 -5.071431600851E-01 -7.028285895378E-01
 -8.109284805664E-01  5.851452805981E-01 -5.305608328102E-01 -7.352821654235E-01 -5.305608327811E-01 -7.352821670807E-01
 -4.446713534462E-01  2.286206189833E-01 -9.213069151598E-02 -1.791959088663E-01 -9.213069720222E-02 -1.791959185530E-01
 -4.731880943238E-01  2.432820423025E-01 -1.171400277684E-01 -2.278395209958E-01 -1.171400369595E-01 -2.278395492461E-01
 -5.354509699132E-01  2.752934976090E-01 -1.683194843491E-01 -3.273845500481E-01 -1.683194779894E-01 -3.273845133556E-01
 -6.204723469194E-01  3.190058701001E-01 -2.327674000112E-01 -4.527368849571E-01 -2.327674014249E-01 -4.527369223742E-01
 -7.135417134193E-01  3.668559868497E-01 -2.985418984811E-01 -5.806695783043E-01 -2.985419027825E-01 -5.806695501092E-01
 -7.985630904255E-01  4.105683593408E-01 -3.557044651117E-01 -6.918517684522E-01 -3.557044596621E-01 -6.918517857585E-01
 -8.608259660149E-01  4.425798146473E-01 -3.962892164320E-01 -7.707899060636E-01 -3.962892191603E-01 -7.707898973586E-01
 -8.893427068925E-01  4.572412379666E-01 -4.145881379558E-01 -8.063816350606E-01 -4.145881374100E-01 -8.063816334883E-01
 -4.760893194234E-01  1.527709394191E-01 -6.156441240543E-02 -1.918569002739E-01 -6.156440842262E-02 -1.918568899169E-01
 -5.066208921261E-01  1.625681284201E-01 -7.827637461103E-02 -2.439373828296E-01 -7.827637581190E-02 -2.439374047769E-01
 -5.732829107945E-01  1.839591128426E-01 -1.124759661496E-01 -3.505156925480E-01 -1.124759651571E-01 -3.505156537413E-01
 -6.643114180315E-01  2.131689900593E-01 -1.555419449651E-01 -4.847247200696E-01 -1.555419399176E-01 -4.847247558910E-01
 -7.639565402386E-01  2.451438281979E-01 -1.994943636549E-01 -6.216964078960E-01 -1.994943725849E-01 -6.216963804366E-01
 -8.549850474757E-01  2.743537054146E-01 -2.376920614033E-01 -7.407341076739E-01 -2.376920537605E-01 -7.407341248112E-01
 -9.216470661440E-01  2.957446898372E-01 -2.648119638728E-01 -8.252495631548E-01 -2.648119691129E-01 -8.252495574717E-01
 -9.521786388467E-01  3.055418788382E-01 -2.770398367973E-01 -8.633560030698E-01 -2.770398379018E-01 -8.633560046260E-01
 -4.935866117780E-01  7.982641588779E-02 -3.216885212805E-02 -1.989080292378E-01 -3.216885416373E-02 -1.989080375822E-01
 -5.252402845402E-01  8.494567801117E-02 -4.090125089139E-02 -2.529025945346E-01 -4.090125094150E-02 -2.529026218348E-01
 -5.943522737960E-01  9.612297144970E-02 -5.877133703045E-02 -3.633978851022E-01 -5.877134228640E-02 -3.633978475192E-01
 -6.887262717609E-01  1.113858206250E-01 -8.127433947318E-02 -5.025393833051E-01 -8.127432894678E-02 -5.025394188531E-01
 -7.920335635732E-01  1.280934270383E-01 -1.042404983079E-01 -6.445450668959E-01 -1.042405107528E-01 -6.445450411407E-01
 -8.864075615381E-01  1.433562762137E-01 -1.241997106574E-01 -7.679576603585E-01 -1.241996992940E-01 -7.679576751202E-01
 -9.555195507939E-01  1.545335696522E-01 -1.383704900798E-01 -8.555792363273E-01 -1.383704941454E-01 -8.555792292025E-01
 -9.871732235560E-01  1.596528317756E-01 -1.447598450926E-01 -8.950861703349E-01 -1.447598437368E-01 -8.950861691199E-01
 -4.993659121515E-01  2.517311623718E-02 -1.014439125153E-02 -2.012370150312E-01 -1.014439012543E-02 -2.012370093745E-01
 -5.313902110175E-01  2.678746631225E-02 -1.289813903714E-02 -2.558637787616E-01 -1.289813569538E-02 -2.558638046991E-01
 -6.013114178165E-01  3.031220563338E-02 -1.853342741243E-02 -3.676528327831E-01 -1.853343676197E-02 -3.676527954164E-01
 -6.967904207970E-01  3.512531758546E-02 -2.562972707691E-02 -5.084235118696E-01 -2.562971300819E-02 -5.084235457353E-01
 -8.013073156575E-01  4.039403112607E-02 -3.287204137684E-02 -6.520919054709E-01 -3.287205700796E-02 -6.520918815697E-01
 -8.967863186381E-01  4.520714307816E-02 -3.916616285521E-02 -7.769495132123E-01 -3.916615110648E-02 -7.769495277612E-01
 -9.667075254371E-01  4.873188239929E-02 -4.363487901007E-02 -8.655970285808E-01 -4.363488569766E-02 -8.655970239337E-01
 -9.987318243030E-01  5.034623247436E-02 -4.564975466925E-02 -9.055665410923E-01 -4.564975556444E-02 -9.055665421852E-01
 -5.000000000000E-01  8.326672684689E-17  1.708954852325E-16 -2.014925375545E-01 -3.355524813233E-17 -2.014925373134E-01
 -5.320649628726E-01  8.860661585662E-17 -7.093234950467E-09 -2.561886722081E-01 -4.266398850513E-17 -2.561886969784E-01
 -6.020749546417E-01  1.002656215790E-16  1.146368074530E-08 -3.681196722119E-01 -6.130423432095E-17 -3.681196357921E-01
 -6.976751955244E-01  1.161862598672E-16 -1.576269663256E-08 -5.090691016801E-01 -8.477704119384E-17 -5.090691348402E-01
 -8.023248044756E-01  1.336139206735E-16  1.680445399251E-08 -6.529199220261E-01 -1.087330057188E-16 -6.529198987173E-01
 -8.979250453583E-01  1.495345589617E-16 -1.285811004912E-08 -7.779360739923E-01 -1.295523833879E-16 -7.779360874010E-01
 -9.679350371274E-01  1.611935646840E-16  6.511060081880E-09 -8.666961520777E-01 -1.443339026503E-16 -8.666961469239E-01
 -1.000000000000E+00  1.665334536938E-16  2.033484673491E-10 -9.067164178569E-01 -1.509986165955E-16 -9.067164179104E-01
 -5.000000000000E-01  8.326672684689E-17  1.708954852325E-16 -2.014925375545E-01 -3.355524813233E-17 -2.014925373134E-01
 -5.320649628726E-01  8.860661585662E-17 -7.093234950467E-09 -2.561886722081E-01 -4.266398850513E-17 -2.561886969784E-01
 -6.020749546417E-01  1.002656215790E-16  1.146368074530E-08 -3.681196722119E-01 -6.130423432095E-17 -3.681196357921E-01
 -6.976751955244E-01  1.161862598672E-16 -1.576269663256E-08 -5.090691016801E-01 -8.477704119384E-17 -5.090691348402E-01
 -8.023248044756E-01  1.336139206735E-16  1.680445399251E-08 -6.529199220261E-01 -1.087330057188E-16 -6.529198987173E-01
 -8.979250453583E-01  1.495345589617E-16 -1.285811004912E-08 -7.779360739923E-01 -1.295523833879E-16 -7.779360874010E-01
 -9.679350371274E-01  1.611935646840E-16  6.511060081880E-09 -8.666961520777E-01 -1.443339026503E-16 -8.666961469239E-01
 -1.000000000000E+00  1.665334536938E-16  2.033484673491E-10 -9.067164178569E-01 -1.509986165955E-16 -9.067164179104E-01
 -4.993659121515E-01 -2.517311623718E-02  1.014439065507E-02 -2.012370031990E-01  1.014439012543E-02 -2.012370093745E-01
 -5.313902110175E-01 -2.678746631225E-02  1.289813020252E-02 -2.558637797036E-01  1.289813569538E-02 -2.558638046991E-01
 -6.013114178165E-01 -3.031220563338E-02  1.853344967142E-02 -3.676528307179E-01  1.853343676197E-02 -3.676527954164E-01
 -6.967904207970E-01 -3.512531758546E-02  2.562969550977E-02 -5.084235131961E-01  2.562971300819E-02 -5.084235457353E-01
 -8.013073156575E-01 -4.039403112607E-02  3.287207495650E-02 -6.520919041461E-01  3.287205700796E-02 -6.520918815697E-01
 -8.967863186381E-01 -4.520714307816E-02  3.916613802549E-02 -7.769495154566E-01  3.916615110648E-02 -7.769495277612E-01
 -9.667075254371E-01 -4.873188239929E-02  4.363489295373E-02 -8.655970295643E-01  4.363488569766E-02 -8.655970239337E-01
 -9.987318243030E-01 -5.034623247436E-02  4.564975654976E-02 -9.055665430660E-01  4.564975556444E-02 -9.055665421852E-01
 -4.935866117780E-01 -7.982641588779E-02  3.216885501066E-02 -1.989080470618E-01  3.216885416373E-02 -1.989080375822E-01
 -5.252402845402E-01 -8.494567801117E-02  4.090124248222E-02 -2.529026004341E-01  4.090125094150E-02 -2.529026218348E-01
 -5.943522737960E-01 -9.612297144970E-02  5.877135922550E-02 -3.633978824566E-01  5.877134228640E-02 -3.633978475192E-01
 -6.887262717609E-01 -1.113858206250E-01  8.127430797450E-02 -5.025393891085E-01  8.127432894678E-02 -5.025394188531E-01
 -7.920335635732E-01 -1.280934270383E-01  1.042405307743E-01 -6.445450615734E-01  1.042405107528E-01 -6.445450411407E-01
 -8.864075615381E-01 -1.433562762137E-01  1.241996837979E-01 -7.679576635985E-01  1.241996992940E-01 -7.679576751202E-01
 -9.555195507939E-01 -1.545335696522E-01  1.383705000475E-01 -8.555792324842E-01  1.383704941454E-01 -8.555792292025E-01
 -9.871732235560E-01 -1.596528317756E-01  1.447598425444E-01 -8.950861679685E-01  1.447598437368E-01 -8.950861691199E-01
 -4.760893194234E-01 -1.527709394191E-01  6.156440559387E-02 -1.918568790466E-01  6.156440842262E-02 -1.918568899169E-01
 -5.066208921261E-01 -1.625681284201E-01  7.827636233500E-02 -2.439373783019E-01  7.827637581190E-02 -2.439374047769E-01
 -5.732829107945E-01 -1.839591128426E-01  1.124759866057E-01 -3.505156841837E-01  1.124759651571E-01 -3.505156537413E-01
 -6.643114180315E-01 -2.131689900593E-01  1.555419144593E-01 -4.847247284335E-01  1.555419399176E-01 -4.847247558910E-01
 -7.639565402386E-01 -2.451438281979E-01  1.994943955634E-01 -6.216963973320E-01  1.994943725849E-01 -6.216963804366E-01
 -8.549850474757E-01 -2.743537054146E-01  2.376920376697E-01 -7.407341164272E-01  2.376920537605E-01 -7.407341248112E-01
 -9.216470661440E-01 -2.957446898372E-01  2.648119771976E-01 -8.252495616979E-01  2.648119691129E-01 -8.252495574717E-01
 -9.521786388467E-01 -3.055418788382E-01  2.770398386276E-01 -8.633560061237E-01  2.770398379018E-01 -8.633560046260E-01
 -4.446713534462E-01 -2.286206189833E-01  9.213070170944E-02 -1.791959286927E-01  9.213069720222E-02 -1.791959185530E-01
 -4.731880943238E-01 -2.432820423025E-01  1.171400222896E-01 -2.278395328779E-01  1.171400369595E-01 -2.278395492461E-01
 -5.354509699132E-01 -2.752934976090E-01  1.683195047281E-01 -3.273845414979E-01  1.683194779894E-01 -3.273845133556E-01
 -6.204723469194E-01 -3.190058701001E-01  2.327673725262E-01 -4.527369006138E-01  2.327674014249E-01 -4.527369223742E-01
 -7.135417134193E-01 -3.668559868497E-01  2.985419285137E-01 -5.806695632115E-01  2.985419027825E-01 -5.806695501092E-01
 -7.985630904255E-01 -4.105683593408E-01  3.557044421399E-01 -6.918517790448E-01  3.557044596621E-01 -6.918517857585E-01
 -8.608259660149E-01 -4.425798146473E-01  3.962892268842E-01 -7.707898976718E-01  3.962892191603E-01 -7.707898973586E-01
 -8.893427068925E-01 -4.572412379666E-01  4.145881370905E-01 -8.063816316069E-01  4.145881374100E-01 -8.063816334883E-01
 -4.054642402832E-01 -2.925726402991E-01  1.179024028238E-01 -1.633960297893E-01  1.179024072847E-01 -1.633960371291E-01
 -4.314666319049E-01 -3.113353019965E-01  1.499075877107E-01 -2.077506914394E-01  1.499076069795E-01 -2.077507107790E-01
 -4.882397281547E-01 -3.523013182749E-01  2.154034978710E-01 -2.985187197782E-01  2.154034675793E-01 -2.985186969196E-01
 -5.657646862355E-01 -4.082413480515E-01  2.978793691704E-01 -4.128186423263E-01  2.978794017499E-01 -4.128186600192E-01
 -6.506280346142E-01 -4.694765728457E-01  3.820530243547E-01 -5.294713508102E-01  3.820529973430E-01 -5.294713413984E-01
 -7.281529926949E-01 -5.254166026223E-01  4.552056116764E-01 -6.308505269309E-01  4.552056301497E-01 -6.308505293339E-01
 -7.849260889447E-01 -5.663826189007E-01  5.071431679979E-01 -7.028285917010E-01  5.071431600851E-01 -7.028285895378E-01
 -8.109284805664E-01 -5.851452805981E-01  5.305608326816E-01 -7.352821688986E-01  5.305608327811E-01 -7.352821670807E-01
 -3.709051039706E-01 -3.353049415808E-01  1.351228901094E-01 -1.494692257993E-01  1.351228869057E-01 -1.494692210031E-01
 -3.946912207468E-01 -3.568080225864E-01  1.718026514445E-01 -1.900433746002E-01  1.718026721481E-01 -1.900433905778E-01
 -4.466253472990E-01 -4.037574149868E-01  2.468646989814E-01 -2.730749233853E-01  2.468646659481E-01 -2.730749035742E-01
 -5.175425818674E-01 -4.678678813554E-01  3.413867591416E-01 -3.776326667737E-01  3.413867930364E-01 -3.776326807723E-01
 -5.951727300445E-01 -5.380469433871E-01  4.378545649463E-01 -4.843426516843E-01  4.378545369927E-01 -4.843426458365E-01
 -6.660899646129E-01 -6.021574097557E-01  5.216916100840E-01 -5.770809287800E-01  5.216916286792E-01 -5.770809307600E-01
 -7.180240911651E-01 -6.491068021561E-01  5.812150098402E-01 -6.429240475287E-01  5.812150018253E-01 -6.429240489715E-01
 -7.418102079413E-01 -6.706098831617E-01  6.080529909359E-01 -6.726114931082E-01  6.080529910757E-01 -6.726114945139E-01
 -3.535533905933E-01 -3.535533905933E-01  1.424767396633E-01 -1.424767396633E-01  1.424767394928E-01 -1.424767394928E-01
 -3.762267432790E-01 -3.762267432790E-01  1.811527423659E-01 -1.811527523972E-01  1.811527648968E-01 -1.811527648968E-01
 -4.257312832097E-01 -4.257312832097E-01  2.602999246152E-01 -2.602999084031E-01  2.602998907565E-01 -2.602998907565E-01
 -4.933308618209E-01 -4.933308618209E-01  3.599662027446E-01 -3.599662250365E-01  3.599662373383E-01 -3.599662373383E-01
 -5.673293099589E-01 -5.673293099589E-01  4.616841163190E-01 -4.616840925539E-01  4.616840879546E-01 -4.616840879546E-01
 -6.349288885701E-01 -6.349288885701E-01  5.500838641575E-01 -5.500838823416E-01  5.500838827310E-01 -5.500838827310E-01
 -6.844334285008E-01 -6.844334285008E-01  6.128467309665E-01 -6.128467217584E-01  6.128467227182E-01 -6.128467227182E-01
 -7.071067811865E-01 -7.071067811865E-01  6.411453278236E-01 -6.411453275360E-01  6.411453277177E-01 -6.411453277177E-01
 -3.535533905933E-01 -3.535533905933E-01  1.424767396633E-01 -1.424767396633E-01  1.424767394928E-01 -1.424767394928E-01
 -3.762267432790E-01 -3.762267432790E-01  1.811527423659E-01 -1.811527523972E-01  1.811527648968E-01 -1.811527648968E-01
 -4.257312832097E-01 -4.257312832097E-01  2.602999246152E-01 -2.602999084031E-01  2.602998907565E-01 -2.602998907565E-01
 -4.933308618209E-01 -4.933308618209E-01  3.599662027446E-01 -3.599662250365E-01  3.599662373383E-01 -3.599662373383E-01
 -5.673293099589E-01 -5.673293099589E-01  4.616841163190E-01 -4.616840925539E-01  4.616840879546E-01 -4.616840879546E-01
 -6.349288885701E-01 -6.349288885701E-01  5.500838641575E-01 -5.500838823416E-01  5.500838827310E-01 -5.500838827310E-01
 -6.844334285008E-01 -6.844334285008E-01  6.128467309665E-01 -6.128467217584E-01  6.128467227182E-01 -6.128467227182E-01
 -7.071067811865E-01 -7.071067811865E-01  6.411453278236E-01 -6.411453275360E-01  6.411453277177E-01 -6.411453277177E-01
 -3.353049415808E-01 -3.709051039706E-01  1.494692170109E-01 -1.351228821644E-01  1.494692210031E-01 -1.351228869057E-01
 -3.568080225864E-01 -3.946912207468E-01  1.900433690193E-01 -1.718026583576E-01  1.900433905778E-01 -1.718026721481E-01
 -4.037574149868E-01 -4.466253472990E-01  2.730749376645E-01 -2.468646817816E-01  2.730749035742E-01 -2.468646659481E-01
 -4.678678813554E-01 -5.175425818674E-01  3.776326453903E-01 -3.413867824009E-01  3.776326807723E-01 -3.413867930364E-01
 -5.380469433871E-01 -5.951727300445E-01  4.843426744919E-01 -4.378545402651E-01  4.843426458365E-01 -4.378545369927E-01
 -6.021574097557E-01 -6.660899646129E-01  5.770809128097E-01 -5.216916292282E-01  5.770809307600E-01 -5.216916286792E-01
 -6.491068021561E-01 -7.180240911651E-01  6.429240580838E-01 -5.812150006759E-01  6.429240489715E-01 -5.812150018253E-01
 -6.706098831617E-01 -7.418102079413E-01  6.726114958335E-01 -6.080529910017E-01  6.726114945139E-01 -6.080529910757E-01
 -2.925726402991E-01 -4.054642402832E-01  1.633960444310E-01 -1.179024133889E-01  1.633960371291E-01 -1.179024072847E-01
 -3.113353019965E-01 -4.314666319049E-01  2.077506896648E-01 -1.499075978286E-01  2.077507107790E-01 -1.499076069795E-01
 -3.523013182749E-01 -4.882397281547E-01  2.985187336018E-01 -2.154034803060E-01  2.985186969196E-01 -2.154034675793E-01
 -4.082413480515E-01 -5.657646862355E-01  4.128186241570E-01 -2.978793955469E-01  4.128186600192E-01 -2.978794017499E-01
 -4.694765728457E-01 -6.506280346142E-01  5.294713700039E-01 -3.820529976339E-01  5.294713413984E-01 -3.820529973430E-01
 -5.254166026223E-01 -7.281529926949E-01  6.308505102294E-01 -4.552056329600E-01  6.308505293339E-01 -4.552056301497E-01
 -5.663826189007E-01 -7.849260889447E-01  7.028285960317E-01 -5.071431582322E-01  7.028285895378E-01 -5.071431600851E-01
 -5.851452805981E-01 -8.109284805664E-01  7.352821654235E-01 -5.305608328102E-01  7.352821670807E-01 -5.305608327811E-01
 -2.286206189833E-01 -4.446713534462E-01  1.791959088663E-01 -9.213069151598E-02  1.791959185530E-01 -9.213069720222E-02
 -2.432820423025E-01 -4.731880943238E-01  2.278395209958E-01 -1.171400277684E-01  2.278395492461E-01 -1.171400369595E-01
 -2.752934976090E-01 -5.354509699132E-01  3.273845500481E-01 -1.683194843491E-01  3.273845133556E-01 -1.683194779894E-01
 -3.190058701001E-01 -6.204723469194E-01  4.527368849571E-01 -2.327674000112E-01  4.527369223742E-01 -2.327674014249E-01
 -3.668559868497E-01 -7.135417134193E-01  5.806695783043E-01 -2.985418984811E-01  5.806695501092E-01 -2.985419027825E-01
 -4.105683593408E-01 -7.985630904255E-01  6.918517684522E-01 -3.557044651117E-01  6.918517857585E-01 -3.557044596621E-01
 -4.425798146473E-01 -8.608259660149E-01  7.707899060636E-01 -3.962892164320E-01  7.707898973586E-01 -3.962892191603E-01
 -4.572412379666E-01 -8.893427068925E-01  8.063816350606E-01 -4.145881379558E-01  8.063816334883E-01 -4.145881374100E-01
 -1.527709394191E-01 -4.760893194234E-01  1.918569002739E-01 -6.156441240544E-02  1.918568899169E-01 -6.156440842262E-02
 -1.625681284201E-01 -5.066208921261E-01  2.439373828296E-01 -7.827637461103E-02  2.439374047769E-01 -7.827637581190E-02
 -1.839591128426E-01 -5.732829107945E-01  3.505156925480E-01 -1.124759661496E-01  3.505156537413E-01 -1.124759651571E-01
 -2.131689900593E-01 -6.643114180315E-01  4.847247200696E-01 -1.555419449651E-01  4.847247558910E-01 -1.555419399176E-01
 -2.451438281979E-01 -7.639565402386E-01  6.216964078960E-01 -1.994943636549E-01  6.216963804366E-01 -1.994943725849E-01
 -2.743537054146E-01 -8.549850474757E-01  7.407341076739E-01 -2.376920614033E-01  7.407341248112E-01 -2.376920537605E-01
 -2.957446898372E-01 -9.216470661440E-01  8.252495631548E-01 -2.648119638728E-01  8.252495574717E-01 -2.648119691129E-01
 -3.055418788382E-01 -9.521786388467E-01  8.633560030698E-01 -2.770398367973E-01  8.633560046260E-01 -2.770398379018E-01
 -7.982641588779E-02 -4.935866117780E-01  1.989080292378E-01 -3.216885212805E-02  1.989080375822E-01 -3.216885416373E-02
 -8.494567801117E-02 -5.252402845402E-01  2.529025945346E-01 -4.090125089139E-02  2.529026218348E-01 -4.090125094150E-02
 -9.612297144970E-02 -5.943522737960E-01  3.633978851022E-01 -5.877133703045E-02  3.633978475192E-01 -5.877134228640E-02
 -1.113858206250E-01 -6.887262717609E-01  5.025393833051E-01 -8.127433947318E-02  5.025394188531E-01 -8.127432894678E-02
 -1.280934270383E-01 -7.920335635732E-01  6.445450668959E-01 -1.042404983079E-01  6.445450411407E-01 -1.042405107528E-01
 -1.433562762137E-01 -8.864075615381E-01  7.679576603585E-01 -1.241997106574E-01  7.679576751202E-01 -1.241996992940E-01
 -1.545335696522E-01 -9.555195507939E-01  8.555792363273E-01 -1.383704900798E-01  8.555792292025E-01 -1.383704941454E-01
 -1.596528317756E-01 -9.871732235560E-01  8.950861703349E-01 -1.447598450926E-01  8.950861691199E-01 -1.447598437368E-01
 -2.517311623718E-02 -4.993659121515E-01  2.012370150312E-01 -1.014439125153E-02  2.012370093745E-01 -1.014439012543E-02
 -2.678746631225E-02 -5.313902110175E-01  2.558637787616E-01 -1.289813903714E-02  2.558638046991E-01 -1.289813569538E-02
 -3.031220563338E-02 -6.013114178165E-01  3.676528327831E-01 -1.853342741243E-02  3.676527954164E-01 -1.853343676197E-02
 -3.512531758547E-02 -6.967904207970E-01  5.084235118695E-01 -2.562972707691E-02  5.084235457353E-01 -2.562971300819E-02
 -4.039403112608E-02 -8.013073156575E-01  6.520919054709E-01 -3.287204137684E-02  6.520918815697E-01 -3.287205700796E-02
 -4.520714307816E-02 -8.967863186381E-01  7.769495132123E-01 -3.916616285521E-02  7.769495277612E-01 -3.916615110648E-02
 -4.873188239929E-02 -9.667075254371E-01  8.655970285808E-01 -4.363487901007E-02  8.655970239337E-01 -4.363488569766E-02
 -5.034623247436E-02 -9.987318243030E-01  9.055665410923E-01 -4.564975466925E-02  9.055665421852E-01 -4.564975556444E-02
 -1.081617080995E-16 -5.000000000000E-01  2.014925375545E-01 -1.708954855658E-16  2.014925373134E-01 -4.358755401023E-17
 -1.150981104084E-16 -5.320649628726E-01  2.561886722081E-01 -7.093234832803E-09  2.561886969784E-01 -5.541961412193E-17
 -1.302429109959E-16 -6.020749546417E-01  3.681196722119E-01  1.146368098024E-08  3.681196357921E-01 -7.963289718445E-17
 -1.509234816931E-16 -6.976751955244E-01  5.090691016801E-01 -1.576269636303E-08  5.090691348402E-01 -1.101235743301E-16
 -1.735616426053E-16 -8.023248044756E-01  6.529199220261E-01  1.680445426939E-08  6.529198987173E-01 -1.412418629948E-16
 -1.942422133025E-16 -8.979250453583E-01  7.779360739923E-01 -1.285810976166E-08  7.779360874010E-01 -1.682857920110E-16
 -2.093870138900E-16 -9.679350371274E-01  8.666961520777E-01  6.511060384649E-09  8.666961469239E-01 -1.874866713090E-16
 -2.163234161989E-16 -1.000000000000E+00  9.067164178569E-01  2.033487751761E-10  9.067164179104E-01 -1.961439930460E-16
 -1.081617080995E-16 -5.000000000000E-01  2.014925375545E-01 -1.708954855658E-16  2.014925373134E-01 -4.358755401023E-17
 -1.150981104084E-16 -5.320649628726E-01  2.561886722081E-01 -7.093234832803E-09  2.561886969784E-01 -5.541961412193E-17
 -1.302429109959E-16 -6.020749546417E-01  3.681196722119E-01  1.146368098024E-08  3.681196357921E-01 -7.963289718445E-17
 -1.509234816931E-16 -6.976751955244E-01  5.090691016801E-01 -1.576269636303E-08  5.090691348402E-01 -1.101235743301E-16
 -1.735616426053E-16 -8.023248044756E-01  6.529199220261E-01  1.680445426939E-08  6.529198987173E-01 -1.412418629948E-16
 -1.942422133025E-16 -8.979250453583E-01  7.779360739923E-01 -1.285810976166E-08  7.779360874010E-01 -1.682857920110E-16
 -2.093870138900E-16 -9.679350371274E-01  8.666961520777E-01  6.511060384649E-09  8.666961469239E-01 -1.874866713090E-16
 -2.163234161989E-16 -1.000000000000E+00  9.067164178569E-01  2.033487751761E-10  9.067164179104E-01 -1.961439930460E-16
  2.517311623718E-02 -4.993659121515E-01  2.012370031990E-01  1.014439065507E-02  2.012370093745E-01  1.014439012543E-02
  2.678746631225E-02 -5.313902110175E-01  2.558637797036E-01  1.289813020252E-02  2.558638046991E-01  1.289813569538E-02
  3.031220563338E-02 -6.013114178165E-01  3.676528307179E-01  1.853344967142E-02  3.676527954164E-01  1.853343676197E-02
  3.512531758546E-02 -6.967904207970E-01  5.084235131961E-01  2.562969550977E-02  5.084235457353E-01  2.562971300819E-02
  4.039403112607E-02 -8.013073156575E-01  6.520919041461E-01  3.287207495650E-02  6.520918815697E-01  3.287205700796E-02
  4.520714307816E-02 -8.967863186381E-01  7.769495154566E-01  3.916613802549E-02  7.769495277612E-01  3.916615110648E-02
  4.873188239929E-02 -9.667075254371E-01  8.655970295643E-01  4.363489295373E-02  8.655970239337E-01  4.363488569766E-02
  5.034623247436E-02 -9.987318243030E-01  9.055665430660E-01  4.564975654976E-02  9.055665421852E-01  4.564975556444E-02
  7.982641588779E-02 -4.935866117780E-01  1.989080470618E-01  3.216885501066E-02  1.989080375822E-01  3.216885416373E-02
  8.494567801117E-02 -5.252402845402E-01  2.529026004341E-01  4.090124248222E-02  2.529026218348E-01  4.090125094150E-02
  9.612297144970E-02 -5.943522737960E-01  3.633978824566E-01  5.877135922550E-02  3.633978475192E-01  5.877134228640E-02
  1.113858206250E-01 -6.887262717609E-01  5.025393891085E-01  8.127430797450E-02  5.025394188531E-01  8.127432894678E-02
  1.280934270383E-01 -7.920335635732E-01  6.445450615734E-01  1.042405307743E-01  6.445450411407E-01  1.042405107528E-01
  1.433562762137E-01 -8.864075615381E-01  7.679576635985E-01  1.241996837979E-01  7.679576751202E-01  1.241996992940E-01
  1.545335696522E-01 -9.555195507939E-01  8.555792324842E-01  1.383705000475E-01  8.555792292025E-01  1.383704941454E-01
  1.596528317756E-01 -9.871732235560E-01  8.950861679685E-01  1.447598425444E-01  8.950861691199E-01  1.447598437368E-01
  1.527709394191E-01 -4.760893194234E-01  1.918568790466E-01  6.156440559387E-02  1.918568899169E-01  6.156440842262E-02
  1.625681284201E-01 -5.066208921261E-01  2.439373783019E-01  7.827636233500E-02  2.439374047769E-01  7.827637581190E-02
  1.839591128426E-01 -5.732829107945E-01  3.505156841837E-01  1.124759866057E-01  3.505156537413E-01  1.124759651571E-01
  2.131689900593E-01 -6.643114180315E-01  4.847247284335E-01  1.555419144593E-01  4.847247558910E-01  1.555419399176E-01
  2.451438281979E-01 -7.639565402386E-01  6.216963973320E-01  1.994943955634E-01  6.216963804366E-01  1.994943725849E-01
  2.743537054146E-01 -8.549850474757E-01  7.407341164272E-01  2.376920376697E-01  7.407341248112E-01  2.376920537605E-01
  2.957446898372E-01 -9.216470661440E-01  8.252495616979E-01  2.648119771976E-01  8.252495574717E-01  2.648119691129E-01
  3.055418788382E-01 -9.521786388467E-01  8.633560061237E-01  2.770398386276E-01  8.633560046260E-01  2.770398379018E-01
  2.286206189833E-01 -4.446713534462E-01  1.791959286927E-01  9.213070170944E-02  1.791959185530E-01  9.213069720222E-02
  2.432820423025E-01 -4.731880943238E-01  2.278395328779E-01  1.171400222896E-01  2.278395492461E-01  1.171400369595E-01
  2.752934976090E-01 -5.354509699132E-01  3.273845414979E-01  1.683195047281E-01  3.273845133556E-01  1.683194779894E-01
  3.190058701001E-01 -6.204723469194E-01  4.527369006138E-01  2.327673725262E-01  4.527369223742E-01  2.327674014249E-01
  3.668559868497E-01 -7.135417134193E-01  5.806695632115E-01  2.985419285137E-01  5.806695501092E-01  2.985419027825E-01
  4.105683593408E-01 -7.985630904255E-01  6.918517790448E-01  3.557044421399E-01  6.918517857585E-01  3.557044596621E-01
  4.425798146473E-01 -8.608259660149E-01  7.707898976718E-01  3.962892268842E-01  7.707898973586E-01  3.962892191603E-01
  4.572412379666E-01 -8.893427068925E-01  8.063816316069E-01  4.145881370905E-01  8.063816334883E-01  4.145881374100E-01
  2.925726402991E-01 -4.054642402832E-01  1.633960297893E-01  1.179024028238E-01  1.633960371291E-01  1.179024072847E-01
  3.113353019965E-01 -4.314666319049E-01  2.077506914394E-01  1.499075877107E-01  2.077507107790E-01  1.499076069795E-01
  3.523013182749E-01 -4.882397281547E-01  2.985187197782E-01  2.154034978710E-01  2.985186969196E-01  2.154034675793E-01
  4.082413480515E-01 -5.657646862355E-01  4.128186423263E-01  2.978793691704E-01  4.128186600192E-01  2.978794017499E-01
  4.694765728457E-01 -6.506280346142E-01  5.294713508102E-01  3.820530243547E-01  5.294713413984E-01  3.820529973430E-01
  5.254166026223E-01 -7.281529926949E-01  6.308505269309E-01  4.552056116764E-01  6.308505293339E-01  4.552056301497E-01
  5.663826189007E-01 -7.849260889447E-01  7.028285917010E-01  5.071431679979E-01  7.028285895378E-01  5.071431600851E-01
  5.851452805981E-01 -8.109284805664E-01  7.352821688986E-01  5.305608326816E-01  7.352821670807E-01  5.305608327811E-01
  3.353049415808E-01 -3.709051039706E-01  1.494692257993E-01  1.351228901094E-01  1.494692210031E-01  1.351228869057E-01
  3.568080225864E-01 -3.946912207468E-01  1.900433746002E-01  1.718026514445E-01  1.900433905778E-01  1.718026721481E-01
  4.037574149868E-01 -4.466253472990E-01  2.730749233853E-01  2.468646989814E-01  2.730749035742E-01  2.468646659481E-01
  4.678678813554E-01 -5.175425818674E-01  3.776326667737E-01  3.413867591416E-01  3.776326807723E-01  3.413867930364E-01
  5.380469433871E-01 -5.951727300445E-01  4.843426516843E-01  4.378545649463E-01  4.843426458365E-01  4.378545369927E-01
  6.021574097557E-01 -6.660899646129E-01  5.770809287800E-01  5.216916100840E-01  5.770809307600E-01  5.216916286792E-01
  6.491068021561E-01 -7.180240911651E-01  6.429240475287E-01  5.812150098402E-01  6.429240489715E-01  5.812150018253E-01
  6.706098831617E-01 -7.418102079413E-01  6.726114931082E-01  6.080529909359E-01  6.726114945139E-01  6.080529910757E-01
  3.535533905933E-01 -3.535533905933E-01  1.424767396633E-01  1.424767396633E-01  1.424767394928E-01  1.424767394928E-01
  3.762267432790E-01 -3.762267432790E-01  1.811527523972E-01  1.811527423659E-01  1.811527648968E-01  1.811527648968E-01
  4.257312832097E-01 -4.257312832097E-01  2.602999084031E-01  2.602999246152E-01  2.602998907565E-01  2.602998907565E-01
  4.933308618209E-01 -4.933308618209E-01  3.599662250365E-01  3.599662027446E-01  3.599662373383E-01  3.599662373383E-01
  5.673293099589E-01 -5.673293099589E-01  4.616840925539E-01  4.616841163190E-01  4.616840879546E-01  4.616840879546E-01
  6.349288885701E-01 -6.349288885701E-01  5.500838823416E-01  5.500838641575E-01  5.500838827310E-01  5.500838827310E-01
  6.844334285008E-01 -6.844334285008E-01  6.128467217584E-01  6.128467309665E-01  6.128467227182E-01  6.128467227182E-01
  7.071067811865E-01 -7.071067811865E-01  6.411453275360E-01  6.411453278236E-01  6.411453277177E-01  6.411453277177E-01
  3.535533905933E-01 -3.535533905933E-01  1.424767396633E-01  1.424767396633E-01  1.424767394928E-01  1.424767394928E-01
  3.762267432790E-01 -3.762267432790E-01  1.811527523972E-01  1.811527423659E-01  1.811527648968E-01  1.811527648968E-01
  4.257312832097E-01 -4.257312832097E-01  2.602999084031E-01  2.602999246152E-01  2.602998907565E-01  2.602998907565E-01
  4.933308618209E-01 -4.933308618209E-01  3.599662250365E-01  3.599662027446E-01  3.599662373383E-01  3.599662373383E-01
  5.673293099589E-01 -5.673293099589E-01  4.616840925539E-01  4.616841163190E-01  4.616840879546E-01  4.616840879546E-01
  6.349288885701E-01 -6.349288885701E-01  5.500838823416E-01  5.500838641575E-01  5.500838827310E-01  5.500838827310E-01
  6.844334285008E-01 -6.844334285008E-01  6.128467217584E-01  6.128467309665E-01  6.128467227182E-01  6.128467227182E-01
  7.071067811865E-01 -7.071067811865E-01  6.411453275360E-01  6.411453278236E-01  6.411453277177E-01  6.411453277177E-01
  3.709051039706E-01 -3.353049415808E-01  1.351228821644E-01  1.494692170109E-01  1.351228869057E-01  1.494692210031E-01
  3.946912207468E-01 -3.568080225864E-01  1.718026583576E-01  1.900433690193E-01  1.718026721481E-01  1.900433905778E-01
  4.466253472990E-01 -4.037574149868E-01  2.468646817816E-01  2.730749376645E-01  2.468646659481E-01  2.730749035742E-01
  5.175425818674E-01 -4.678678813554E-01  3.413867824009E-01  3.776326453903E-01  3.413867930364E-01  3.776326807723E-01
  5.951727300445E-01 -5.380469433871E-01  4.378545402651E-01  4.843426744919E-01  4.378545369927E-01  4.843426458365E-01
  6.660899646129E-01 -6.021574097557E-01  5.216916292282E-01  5.770809128097E-01  5.216916286792E-01  5.770809307600E-01
  7.180240911651E-01 -6.491068021561E-01  5.812150006759E-01  6.429240580838E-01  5.812150018253E-01  6.429240489715E-01
  7.418102079413E-01 -6.706098831617E-01  6.080529910017E-01  6.726114958335E-01  6.080529910757E-01  6.726114945139E-01
  4.054642402832E-01 -2.925726402991E-01  1.179024133889E-01  1.633960444310E-01  1.179024072847E-01  1.633960371291E-01
  4.314666319049E-01 -3.113353019965E-01  1.499075978286E-01  2.077506896648E-01  1.499076069795E-01  2.077507107790E-01
  4.882397281547E-01 -3.523013182749E-01  2.154034803060E-01  2.985187336018E-01  2.154034675793E-01  2.985186969196E-01
  5.657646862355E-01 -4.082413480515E-01  2.978793955469E-01  4.128186241570E-01  2.978794017499E-01  4.128186600192E-01
  6.506280346142E-01 -4.694765728457E-01  3.820529976339E-01  5.294713700039E-01  3.820529973430E-01  5.294713413984E-01
  7.281529926949E-01 -5.254166026223E-01  4.552056329600E-01  6.308505102294E-01  4.552056301497E-01  6.308505293339E-01
  7.849260889447E-01 -5.663826189007E-01  5.071431582322E-01  7.028285960317E-01  5.071431600851E-01  7.028285895378E-01
  8.109284805664E-01 -5.851452805981E-01  5.305608328102E-01  7.352821654235E-01  5.305608327811E-01  7.352821670807E-01
  4.446713534462E-01 -2.286206189833E-01  9.213069151598E-02  1.791959088663E-01  9.213069720222E-02  1.791959185530E-01
  4.731880943238E-01 -2.432820423025E-01  1.171400277684E-01  2.278395209958E-01  1.171400369595E-01  2.278395492461E-01
  5.354509699132E-01 -2.752934976090E-01  1.683194843491E-01  3.273845500481E-01  1.683194779894E-01  3.273845133556E-01
  6.204723469194E-01 -3.190058701001E-01  2.327674000112E-01  4.527368849571E-01  2.327674014249E-01  4.527369223742E-01
  7.135417134193E-01 -3.668559868497E-01  2.985418984811E-01  5.806695783043E-01  2.985419027825E-01  5.806695501092E-01
  7.985630904255E-01 -4.105683593408E-01  3.557044651117E-01  6.918517684522E-01  3.557044596621E-01  6.918517857585E-01
  8.608259660149E-01 -4.425798146473E-01  3.962892164320E-01  7.707899060636E-01  3.962892191603E-01  7.707898973586E-01
  8.893427068925E-01 -4.572412379666E-01  4.145881379558E-01  8.063816350606E-01  4.145881374100E-01  8.063816334883E-01
  4.760893194234E-01 -1.527709394191E-01  6.156441240543E-02  1.918569002739E-01  6.156440842262E-02  1.918568899169E-01
  5.066208921261E-01 -1.625681284201E-01  7.827637461103E-02  2.439373828296E-01  7.827637581190E-02  2.439374047769E-01
  5.732829107945E-01 -1.839591128426E-01  1.124759661496E-01  3.505156925480E-01  1.124759651571E-01  3.505156537413E-01
  6.643114180315E-01 -2.131689900593E-01  1.555419449651E-01  4.847247200696E-01  1.555419399176E-01  4.847247558910E-01
  7.639565402386E-01 -2.451438281979E-01  1.994943636549E-01  6.216964078960E-01  1.994943725849E-01  6.216963804366E-01
  8.549850474757E-01 -2.743537054146E-01  2.376920614033E-01  7.407341076739E-01  2.376920537605E-01  7.407341248112E-01
  9.216470661440E-01 -2.957446898372E-01  2.648119638728E-01  8.252495631548E-01  2.648119691129E-01  8.252495574717E-01
  9.521786388467E-01 -3.055418788382E-01  2.770398367973E-01  8.633560030698E-01  2.770398379018E-01  8.633560046260E-01
  4.935866117780E-01 -7.982641588779E-02  3.216885212805E-02  1.989080292378E-01  3.216885416373E-02  1.989080375822E-01
  5.252402845402E-01 -8.494567801117E-02  4.090125089139E-02  2.529025945346E-01  4.090125094150E-02  2.529026218348E-01
  5.943522737960E-01 -9.612297144970E-02  5.877133703045E-02  3.633978851022E-01  5.877134228640E-02  3.633978475192E-01
  6.887262717609E-01 -1.113858206250E-01  8.127433947318E-02  5.025393833051E-01  8.127432894678E-02  5.025394188531E-01
  7.920335635732E-01 -1.280934270383E-01  1.042404983079E-01  6.445450668959E-01  1.042405107528E-01  6.445450411407E-01
  8.864075615381E-01 -1.433562762137E-01  1.241997106574E-01  7.679576603585E-01  1.241996992940E-01  7.679576751202E-01
  9.555195507939E-01 -1.545335696522E-01  1.383704900798E-01  8.555792363273E-01  1.383704941454E-01  8.555792292025E-01
  9.871732235560E-01 -1.596528317756E-01  1.447598450926E-01  8.950861703349E-01  1.447598437368E-01  8.950861691199E-01
  4.993659121515E-01 -2.517311623718E-02  1.014439125153E-02  2.012370150312E-01  1.014439012543E-02  2.012370093745E-01
  5.313902110175E-01 -2.678746631225E-02  1.289813903714E-02  2.558637787616E-01  1.289813569538E-02  2.558638046991E-01
  6.013114178165E-01 -3.031220563338E-02  1.853342741243E-02  3.676528327831E-01  1.853343676197E-02  3.676527954164E-01
  6.967904207970E-01 -3.512531758546E-02  2.562972707691E-02  5.084235118695E-01  2.562971300819E-02  5.084235457353E-01
  8.013073156575E-01 -4.039403112607E-02  3.287204137684E-02  6.520919054709E-01  3.287205700796E-02  6.520918815697E-01
  8.967863186381E-01 -4.520714307816E-02  3.916616285521E-02  7.769495132123E-01  3.916615110648E-02  7.769495277612E-01
  9.667075254371E-01 -4.873188239929E-02  4.363487901007E-02  8.655970285808E-01  4.363488569766E-02  8.655970239337E-01
  9.987318243030E-01 -5.034623247436E-02  4.564975466925E-02  9.055665410923E-01  4.564975556444E-02  9.055665421852E-01
  5.000000000000E-01  1.387778780781E-17 -8.687186617221E-16  2.014925375545E-01 -5.592541355388E-18  2.014925373134E-01
  5.320649628726E-01  1.476776930944E-17  7.093234630390E-09  2.561886722081E-01 -7.110664750855E-18  2.561886969784E-01
  6.020749546417E-01  1.671093692983E-17 -1.146368095815E-08  3.681196722119E-01 -1.021737238683E-17  3.681196357921E-01
  6.976751955244E-01  1.936437664453E-17  1.576269647555E-08  5.090691016801E-01 -1.412950686564E-17  5.090691348402E-01
  8.023248044756E-01  2.226898677892E-17 -1.680445407314E-08  6.529199220261E-01 -1.812216761980E-17  6.529198987173E-01
  8.979250453583E-01  2.492242649361E-17  1.285810997602E-08  7.779360739923E-01 -2.159206389798E-17  7.779360874010E-01
  9.679350371274E-01  2.686559411401E-17 -6.511060129615E-09  8.666961520777E-01 -2.405565044172E-17  8.666961469239E-01
  1.000000000000E+00  2.775557561563E-17 -2.033485012352E-10  9.067164178569E-01 -2.516643609925E-17  9.067164179104E-01
  1.000000000000E+00  2.775557561563E-17 -2.033485012352E-10  9.067164178569E-01 -2.516643609925E-17  9.067164179104E-01
  1.032064962873E+00  2.953553861887E-17 -1.798603902820E-11  9.463910551352E-01 -2.708373074164E-17  9.463910552985E-01
  1.102074954642E+00  3.342187385967E-17 -6.430408999341E-10  1.031960889907E+00 -3.129557254031E-17  1.031960889825E+00
  1.197675195524E+00  3.872875328905E-17  8.918742257629E-10  1.146856959313E+00 -3.708546391283E-17  1.146856959515E+00
  1.302324804476E+00  4.453797355784E-17  9.624345212344E-10  1.270581909295E+00 -4.345240394520E-17  1.270581909131E+00
  1.397925045358E+00  4.984485298722E-17  3.168102156165E-09  1.382133753484E+00 -4.928179374264E-17  1.382133753523E+00
  1.467935037127E+00  5.373118822801E-17  1.049999020759E-09  1.463096952150E+00 -5.355409860817E-17  1.463096952092E+00
  1.500000000000E+00  5.551115123126E-17 -5.551115123126E-17  1.500000000000E+00 -5.551115123126E-17  1.500000000000E+00
  9.987318243030E-01  5.034623247436E-02 -4.564975654976E-02  9.055665430660E-01 -4.564975556444E-02  9.055665421852E-01
  1.030756123169E+00  5.196058254943E-02 -4.764722502686E-02  9.451908661343E-01 -4.764722408171E-02  9.451908651623E-01
  1.100677329968E+00  5.548532187056E-02 -5.195534486310E-02  1.030652183633E+00 -5.195534286359E-02  1.030652182105E+00
  1.196156332949E+00  6.029843382264E-02 -5.773992837079E-02  1.145402545038E+00 -5.773992709860E-02  1.145402543391E+00
  1.300673227809E+00  6.556714736325E-02 -6.396901453347E-02  1.268970590022E+00 -6.396901217480E-02  1.268970588032E+00
  1.396152230790E+00  7.038025931534E-02 -6.958522757873E-02  1.380380966968E+00 -6.958522726552E-02  1.380380965087E+00
  1.466073437589E+00  7.390499863647E-02 -7.366141956274E-02  1.461241489605E+00 -7.366141928258E-02  1.461241488096E+00
  1.498097736455E+00  7.551934871154E-02 -7.551934871154E-02  1.498097736455E+00 -7.551934871154E-02  1.498097736455E+00
  9.871732235560E-01  1.596528317756E-01 -1.447598425444E-01  8.950861679685E-01 -1.447598437368E-01  8.950861691199E-01
  1.018826896318E+00  1.647720938990E-01 -1.510940103588E-01  9.342519073098E-01 -1.510940119455E-01  9.342519088036E-01
  1.087938885574E+00  1.759493873375E-01 -1.647554770738E-01  1.018724156072E+00 -1.647554783422E-01  1.018724158193E+00
  1.182312883539E+00  1.912122365128E-01 -1.830989585526E-01  1.132146478012E+00 -1.830989612282E-01  1.132146481683E+00
  1.285620175351E+00  2.079198429261E-01 -2.028519987281E-01  1.254284433500E+00 -2.028519997955E-01  1.254284439028E+00
  1.379994173316E+00  2.231826921014E-01 -2.206615663343E-01  1.364405426253E+00 -2.206615676425E-01  1.364405432851E+00
  1.449106162572E+00  2.343599855400E-01 -2.335875716788E-01  1.444330130609E+00 -2.335875715638E-01  1.444330134572E+00
  1.480759835334E+00  2.394792476634E-01 -2.394792476634E-01  1.480759835334E+00 -2.394792476634E-01  1.480759835334E+00
  9.521786388467E-01  3.055418788382E-01 -2.770398386276E-01  8.633560061237E-01 -2.770398379018E-01  8.633560046260E-01
  9.827102115494E-01  3.153390678391E-01 -2.891621018194E-01  9.011333487834E-01 -2.891621011515E-01  9.011333468509E-01
  1.049372230218E+00  3.367300522617E-01 -3.153072709330E-01  9.826111185679E-01 -3.153072691647E-01  9.826111154169E-01
  1.140400737455E+00  3.659399294784E-01 -3.504128314208E-01  1.092012703980E+00 -3.504128301690E-01  1.092012698663E+00
  1.240045859662E+00  3.979147676170E-01 -3.882159869011E-01  1.209820960752E+00 -3.882159837335E-01  1.209820952779E+00
  1.331074366899E+00  4.271246448337E-01 -4.222997458945E-01  1.316038245314E+00 -4.222997438570E-01  1.316038236134E+00
  1.397736385567E+00  4.485156292563E-01 -4.470373932388E-01  1.393129669462E+00 -4.470373916647E-01  1.393129664344E+00
  1.428267958270E+00  4.583128182573E-01 -4.583128182573E-01  1.428267958270E+00 -4.583128182573E-01  1.428267958270E+00
  8.893427068925E-01  4.572412379666E-01 -4.145881370905E-01  8.063816316069E-01 -4.145881374100E-01  8.063816334883E-01
  9.178594477700E-01  4.719026612858E-01 -4.327290170114E-01  8.416659805941E-01 -4.327290177252E-01  8.416659828980E-01
  9.801223233594E-01  5.039141165923E-01 -4.718550742858E-01  9.177668876525E-01 -4.718550747968E-01  9.177668911643E-01
  1.065143700366E+00  5.476264890834E-01 -5.243902932865E-01  1.019948867596E+00 -5.243902959394E-01  1.019948872794E+00
  1.158213066866E+00  5.954766058330E-01 -5.809624421026E-01  1.129982746615E+00 -5.809624450688E-01  1.129982754395E+00
  1.243234443872E+00  6.391889783241E-01 -6.319685435101E-01  1.229190565530E+00 -6.319685484962E-01  1.229190573646E+00
  1.305497319461E+00  6.712004336306E-01 -6.689882591920E-01  1.301194599139E+00 -6.689882616399E-01  1.301194603820E+00
  1.334014060339E+00  6.858618569498E-01 -6.858618569498E-01  1.334014060339E+00 -6.858618569498E-01  1.334014060339E+00
  8.109284805664E-01  5.851452805981E-01 -5.305608326816E-01  7.352821688986E-01 -5.305608327811E-01  7.352821670807E-01
  8.369308721881E-01  6.039079422956E-01 -5.537762593568E-01  7.674554627055E-01 -5.537762596082E-01  7.674554604949E-01
  8.937039684379E-01  6.448739585740E-01 -6.038470451047E-01  8.368464792162E-01 -6.038470444431E-01  8.368464763900E-01
  9.712289265187E-01  7.008139883505E-01 -6.710779377078E-01  9.300189759618E-01 -6.710779373816E-01  9.300189716069E-01
  1.056092274897E+00  7.620492131448E-01 -7.434750108237E-01  1.030351061897E+00 -7.434750077411E-01  1.030351057006E+00
  1.133617232978E+00  8.179892429213E-01 -8.087490465176E-01  1.120811630073E+00 -8.087490430293E-01  1.120811624684E+00
  1.190390329228E+00  8.589552591997E-01 -8.561242794698E-01  1.186466991046E+00 -8.561242765744E-01  1.186466988282E+00
  1.216392720850E+00  8.777179208972E-01 -8.777179208972E-01  1.216392720850E+00 -8.777179208972E-01  1.216392720850E+00
  7.418102079413E-01  6.706098831617E-01 -6.080529909359E-01  6.726114931082E-01 -6.080529910757E-01  6.726114945139E-01
  7.655963247174E-01  6.921129641672E-01 -6.346591946686E-01  7.020425439745E-01 -6.346591950190E-01  7.020425455248E-01
  8.175304512697E-01  7.390623565677E-01 -6.920431720532E-01  7.655191199834E-01 -6.920431717531E-01  7.655191222686E-01
  8.884476858381E-01  8.031728229362E-01 -7.690936109193E-01  8.507501973618E-01 -7.690936116238E-01  8.507501996171E-01
  9.660778340152E-01  8.733518849679E-01 -8.520647859870E-01  9.425306274491E-01 -8.520647856294E-01  9.425306302186E-01
  1.036995068584E+00  9.374623513365E-01 -9.268725537700E-01  1.025280925510E+00 -9.268725549638E-01  1.025280927104E+00
  1.088929195136E+00  9.844117437369E-01 -9.811672752737E-01  1.085340253064E+00 -9.811672760969E-01  1.085340254270E+00
  1.112715311912E+00  1.005914824742E+00 -1.005914824742E+00  1.112715311912E+00 -1.005914824742E+00  1.112715311912E+00
  7.071067811865E-01  7.071067811865E-01 -6.411453278236E-01  6.411453275360E-01 -6.411453277177E-01  6.411453277177E-01
  7.297801338723E-01  7.297801338723E-01 -6.691995327531E-01  6.691995327276E-01 -6.691995328559E-01  6.691995328559E-01
  7.792846738030E-01  7.792846738030E-01 -7.297065436269E-01  7.297065427175E-01 -7.297065431147E-01  7.297065431147E-01
  8.468842524142E-01  8.468842524142E-01 -8.109503323503E-01  8.109503336116E-01 -8.109503331244E-01  8.109503331244E-01
  9.208827005522E-01  9.208827005522E-01 -8.984370834352E-01  8.984370847963E-01 -8.984370839992E-01  8.984370839992E-01
  9.884822791634E-01  9.884822791634E-01 -9.773161473554E-01  9.773161518358E-01 -9.773161496229E-01  9.773161496229E-01
  1.037986819094E+00  1.037986819094E+00 -1.034565775656E+00  1.034565777141E+00 -1.034565776358E+00  1.034565776358E+00
  1.060660171780E+00  1.060660171780E+00 -1.060660171780E+00  1.060660171780E+00 -1.060660171780E+00  1.060660171780E+00
  7.071067811865E-01  7.071067811865E-01 -6.411453278236E-01  6.411453275360E-01 -6.411453277177E-01  6.411453277177E-01
  7.297801338723E-01  7.297801338723E-01 -6.691995327531E-01  6.691995327276E-01 -6.691995328559E-01  6.691995328559E-01
  7.792846738030E-01  7.792846738030E-01 -7.297065436269E-01  7.297065427175E-01 -7.297065431147E-01  7.297065431147E-01
  8.468842524142E-01  8.468842524142E-01 -8.109503323503E-01  8.109503336116E-01 -8.109503331244E-01  8.109503331244E-01
  9.208827005522E-01  9.208827005522E-01 -8.984370834352E-01  8.984370847963E-01 -8.984370839992E-01  8.984370839992E-01
  9.884822791634E-01  9.884822791634E-01 -9.773161473554E-01  9.773161518358E-01 -9.773161496229E-01  9.773161496229E-01
  1.037986819094E+00  1.037986819094E+00 -1.034565775656E+00  1.034565777141E+00 -1.034565776358E+00  1.034565776358E+00
  1.060660171780E+00  1.060660171780E+00 -1.060660171780E+00  1.060660171780E+00 -1.060660171780E+00  1.060660171780E+00
  6.706098831617E-01  7.418102079413E-01 -6.726114958335E-01  6.080529910017E-01 -6.726114945139E-01  6.080529910757E-01
  6.921129641672E-01  7.655963247174E-01 -7.020425468803E-01  6.346591950379E-01 -7.020425455248E-01  6.346591950190E-01
  7.390623565677E-01  8.175304512697E-01 -7.655191247635E-01  6.920431714203E-01 -7.655191222686E-01  6.920431717531E-01
  8.031728229362E-01  8.884476858381E-01 -8.507502016812E-01  7.690936118888E-01 -8.507501996171E-01  7.690936116238E-01
  8.733518849679E-01  9.660778340152E-01 -9.425306332935E-01  8.520647853687E-01 -9.425306302186E-01  8.520647856294E-01
  9.374623513365E-01  1.036995068584E+00 -1.025280928655E+00  9.268725560725E-01 -1.025280927104E+00  9.268725549638E-01
  9.844117437369E-01  1.088929195136E+00 -1.085340255536E+00  9.811672769665E-01 -1.085340254270E+00  9.811672760969E-01
  1.005914824742E+00  1.112715311912E+00 -1.112715311912E+00  1.005914824742E+00 -1.112715311912E+00  1.005914824742E+00
  5.851452805981E-01  8.109284805664E-01 -7.352821654235E-01  5.305608328102E-01 -7.352821670807E-01  5.305608327811E-01
  6.039079422956E-01  8.369308721881E-01 -7.674554583166E-01  5.537762596738E-01 -7.674554604949E-01  5.537762596082E-01
  6.448739585740E-01  8.937039684379E-01 -8.368464739938E-01  6.038470438408E-01 -8.368464763900E-01  6.038470444431E-01
  7.008139883505E-01  9.712289265187E-01 -9.300189671196E-01  6.710779366781E-01 -9.300189716069E-01  6.710779373816E-01
  7.620492131448E-01  1.056092274897E+00 -1.030351052342E+00  7.434750045864E-01 -1.030351057006E+00  7.434750077411E-01
  8.179892429213E-01  1.133617232978E+00 -1.120811619094E+00  8.087490392892E-01 -1.120811624684E+00  8.087490430293E-01
  8.589552591997E-01  1.190390329228E+00 -1.186466985561E+00  8.561242736910E-01 -1.186466988282E+00  8.561242765744E-01
  8.777179208972E-01  1.216392720850E+00 -1.216392720850E+00  8.777179208972E-01 -1.216392720850E+00  8.777179208972E-01
  4.572412379666E-01  8.893427068925E-01 -8.063816350606E-01  4.145881379558E-01 -8.063816334883E-01  4.145881374100E-01
  4.719026612858E-01  9.178594477700E-01 -8.416659847367E-01  4.327290186195E-01 -8.416659828980E-01  4.327290177252E-01
  5.039141165923E-01  9.801223233594E-01 -9.177668946429E-01  4.718550757745E-01 -9.177668911643E-01  4.718550747968E-01
  5.476264890834E-01  1.065143700366E+00 -1.019948877438E+00  5.243902988135E-01 -1.019948872794E+00  5.243902959394E-01
  5.954766058330E-01  1.158213066866E+00 -1.129982762273E+00  5.809624484669E-01 -1.129982754395E+00  5.809624450688E-01
  6.391889783241E-01  1.243234443872E+00 -1.229190581578E+00  6.319685535473E-01 -1.229190573646E+00  6.319685484962E-01
  6.712004336306E-01  1.305497319461E+00 -1.301194608552E+00  6.689882641453E-01 -1.301194603820E+00  6.689882616399E-01
  6.858618569498E-01  1.334014060339E+00 -1.334014060339E+00  6.858618569498E-01 -1.334014060339E+00  6.858618569498E-01
  3.055418788382E-01  9.521786388467E-01 -8.633560030698E-01  2.770398367973E-01 -8.633560046260E-01  2.770398379018E-01
  3.153390678391E-01  9.827102115494E-01 -9.011333447171E-01  2.891621000271E-01 -9.011333468509E-01  2.891621011515E-01
  3.367300522617E-01  1.049372230218E+00 -9.826111125723E-01  3.153072670428E-01 -9.826111154169E-01  3.153072691647E-01
  3.659399294784E-01  1.140400737455E+00 -1.092012693112E+00  3.504128283697E-01 -1.092012698663E+00  3.504128301690E-01
  3.979147676170E-01  1.240045859662E+00 -1.209820945181E+00  3.882159803296E-01 -1.209820952779E+00  3.882159837335E-01
  4.271246448337E-01  1.331074366899E+00 -1.316038226870E+00  4.222997416445E-01 -1.316038236134E+00  4.222997438570E-01
  4.485156292563E-01  1.397736385567E+00 -1.393129659303E+00  4.470373900857E-01 -1.393129664344E+00  4.470373916647E-01
  4.583128182573E-01  1.428267958270E+00 -1.428267958270E+00  4.583128182573E-01 -1.428267958270E+00  4.583128182573E-01
  1.596528317756E-01  9.871732235560E-01 -8.950861703349E-01  1.447598450926E-01 -8.950861691199E-01  1.447598437368E-01
  1.647720938990E-01  1.018826896318E+00 -9.342519101890E-01  1.510940136864E-01 -9.342519088036E-01  1.510940119455E-01
  1.759493873375E-01  1.087938885574E+00 -1.018724160659E+00  1.647554798728E-01 -1.018724158193E+00  1.647554783422E-01
  1.912122365128E-01  1.182312883539E+00 -1.132146484993E+00  1.830989640769E-01 -1.132146481683E+00  1.830989612282E-01
  2.079198429261E-01  1.285620175351E+00 -1.254284444666E+00  2.028520010739E-01 -1.254284439028E+00  2.028519997955E-01
  2.231826921014E-01  1.379994173316E+00 -1.364405439128E+00  2.206615689863E-01 -1.364405432851E+00  2.206615676425E-01
  2.343599855400E-01  1.449106162572E+00 -1.444330138574E+00  2.335875714711E-01 -1.444330134572E+00  2.335875715638E-01
  2.394792476634E-01  1.480759835334E+00 -1.480759835334E+00  2.394792476634E-01 -1.480759835334E+00  2.394792476634E-01
  5.034623247436E-02  9.987318243030E-01 -9.055665410923E-01  4.564975466925E-02 -9.055665421852E-01  4.564975556444E-02
  5.196058254943E-02  1.030756123169E+00 -9.451908638183E-01  4.764722323326E-02 -9.451908651623E-01  4.764722408171E-02
  5.548532187056E-02  1.100677329968E+00 -1.030652180701E+00  5.195534103553E-02 -1.030652182105E+00  5.195534286359E-02
  6.029843382264E-02  1.196156332949E+00 -1.145402541299E+00  5.773992600203E-02 -1.145402543391E+00  5.773992709860E-02
  6.556714736325E-02  1.300673227809E+00 -1.268970586327E+00  6.396900996361E-02 -1.268970588032E+00  6.396901217480E-02
  7.038025931534E-02  1.396152230790E+00 -1.380380963116E+00  6.958522698266E-02 -1.380380965087E+00  6.958522726552E-02
  7.390499863647E-02  1.466073437589E+00 -1.461241486661E+00  7.366141901215E-02 -1.461241488096E+00  7.366141928258E-02
  7.551934871154E-02  1.498097736455E+00 -1.498097736455E+00  7.551934871154E-02 -1.498097736455E+00  7.551934871154E-02
  6.123233995737E-17  1.000000000000E+00 -9.067164178569E-01 -2.033486326808E-10 -9.067164179104E-01  5.552036794642E-17
  7.031560467768E-17  1.032064962873E+00 -9.463910551352E-01 -1.798625593644E-11 -9.463910552985E-01  6.447855678546E-17
  9.014782125728E-17  1.102074954642E+00 -1.031960889907E+00 -6.430410719971E-10 -1.031960889825E+00  8.441261227165E-17
  1.172291654245E-16  1.197675195524E+00 -1.146856959313E+00  8.918741749774E-10 -1.146856959515E+00  1.122550460490E-16
  1.468739869314E-16  1.302324804476E+00 -1.270581909295E+00  9.624345702409E-10 -1.270581909131E+00  1.432940769273E-16
  1.739553310987E-16  1.397925045358E+00 -1.382133753484E+00  3.168102317810E-09 -1.382133753523E+00  1.719902905489E-16
  1.937875476782E-16  1.467935037127E+00 -1.463096952150E+00  1.049999277349E-09 -1.463096952092E+00  1.931488541321E-16
  2.028708123986E-16  1.500000000000E+00 -1.500000000000E+00  2.028708123986E-16 -1.500000000000E+00  2.028708123986E-16
  6.123233995737E-17  1.000000000000E+00 -9.067164178569E-01 -2.033486326808E-10 -9.067164179104E-01  5.552036794642E-17
  7.031560467768E-17  1.032064962873E+00 -9.463910551352E-01 -1.798625593644E-11 -9.463910552985E-01  6.447855678546E-17
  9.014782125728E-17  1.102074954642E+00 -1.031960889907E+00 -6.430410719971E-10 -1.031960889825E+00  8.441261227165E-17
  1.172291654245E-16  1.197675195524E+00 -1.146856959313E+00  8.918741749774E-10 -1.146856959515E+00  1.122550460490E-16
  1.468739869314E-16  1.302324804476E+00 -1.270581909295E+00  9.624345702409E-10 -1.270581909131E+00  1.432940769273E-16
  1.739553310987E-16  1.397925045358E+00 -1.382133753484E+00  3.168102317810E-09 -1.382133753523E+00  1.719902905489E-16
  1.937875476782E-16  1.467935037127E+00 -1.463096952150E+00  1.049999277349E-09 -1.463096952092E+00  1.931488541321E-16
  2.028708123986E-16  1.500000000000E+00 -1.500000000000E+00  2.028708123986E-16 -1.500000000000E+00  2.028708123986E-16
 -5.034623247436E-02  9.987318243030E-01 -9.055665430660E-01 -4.564975654976E-02 -9.055665421852E-01 -4.564975556444E-02
 -5.196058254943E-02  1.030756123169E+00 -9.451908661343E-01 -4.764722502686E-02 -9.451908651623E-01 -4.764722408171E-02
 -5.548532187056E-02  1.100677329968E+00 -1.030652183633E+00 -5.195534486310E-02 -1.030652182105E+00 -5.195534286359E-02
 -6.029843382264E-02  1.196156332949E+00 -1.145402545038E+00 -5.773992837079E-02 -1.145402543391E+00 -5.773992709860E-02
 -6.556714736325E-02  1.300673227809E+00 -1.268970590022E+00 -6.396901453347E-02 -1.268970588032E+00 -6.396901217480E-02
 -7.038025931534E-02  1.396152230790E+00 -1.380380966968E+00 -6.958522757873E-02 -1.380380965087E+00 -6.958522726552E-02
 -7.390499863647E-02  1.466073437589E+00 -1.461241489605E+00 -7.366141956274E-02 -1.461241488096E+00 -7.366141928258E-02
 -7.551934871154E-02  1.498097736455E+00 -1.498097736455E+00 -7.551934871154E-02 -1.498097736455E+00 -7.551934871154E-02
 -1.596528317756E-01  9.871732235560E-01 -8.950861679685E-01 -1.447598425444E-01 -8.950861691199E-01 -1.447598437368E-01
 -1.647720938990E-01  1.018826896318E+00 -9.342519073098E-01 -1.510940103588E-01 -9.342519088036E-01 -1.510940119455E-01
 -1.759493873375E-01  1.087938885574E+00 -1.018724156072E+00 -1.647554770738E-01 -1.018724158193E+00 -1.647554783422E-01
 -1.912122365128E-01  1.182312883539E+00 -1.132146478012E+00 -1.830989585526E-01 -1.132146481683E+00 -1.830989612282E-01
 -2.079198429261E-01  1.285620175351E+00 -1.254284433500E+00 -2.028519987281E-01 -1.254284439028E+00 -2.028519997955E-01
 -2.231826921014E-01  1.379994173316E+00 -1.364405426253E+00 -2.206615663343E-01 -1.364405432851E+00 -2.206615676425E-01
 -2.343599855400E-01  1.449106162572E+00 -1.444330130609E+00 -2.335875716788E-01 -1.444330134572E+00 -2.335875715638E-01
 -2.394792476634E-01  1.480759835334E+00 -1.480759835334E+00 -2.394792476634E-01 -1.480759835334E+00 -2.394792476634E-01
 -3.055418788382E-01  9.521786388467E-01 -8.633560061237E-01 -2.770398386276E-01 -8.633560046260E-01 -2.770398379018E-01
 -3.153390678391E-01  9.827102115494E-01 -9.011333487834E-01 -2.891621018194E-01 -9.011333468509E-01 -2.891621011515E-01
 -3.367300522617E-01  1.049372230218E+00 -9.826111185679E-01 -3.153072709330E-01 -9.826111154169E-01 -3.153072691647E-01
 -3.659399294784E-01  1.140400737455E+00 -1.092012703980E+00 -3.504128314208E-01 -1.092012698663E+00 -3.504128301690E-01
 -3.979147676170E-01  1.240045859662E+00 -1.209820960752E+00 -3.882159869011E-01 -1.209820952779E+00 -3.882159837335E-01
 -4.271246448337E-01  1.331074366899E+00 -1.316038245314E+00 -4.222997458945E-01 -1.316038236134E+00 -4.222997438570E-01
 -4.485156292563E-01  1.397736385567E+00 -1.393129669462E+00 -4.470373932388E-01 -1.393129664344E+00 -4.470373916647E-01
 -4.583128182573E-01  1.428267958270E+00 -1.428267958270E+00 -4.583128182573E-01 -1.428267958270E+00 -4.583128182573E-01
 -4.572412379666E-01  8.893427068925E-01 -8.063816316069E-01 -4.145881370905E-01 -8.063816334883E-01 -4.145881374100E-01
 -4.719026612858E-01  9.178594477700E-01 -8.416659805941E-01 -4.327290170114E-01 -8.416659828980E-01 -4.327290177252E-01
 -5.039141165923E-01  9.801223233594E-01 -9.177668876525E-01 -4.718550742858E-01 -9.177668911643E-01 -4.718550747968E-01
 -5.476264890834E-01  1.065143700366E+00 -1.019948867596E+00 -5.243902932865E-01 -1.019948872794E+00 -5.243902959394E-01
 -5.954766058330E-01  1.158213066866E+00 -1.129982746615E+00 -5.809624421026E-01 -1.129982754395E+00 -5.809624450688E-01
 -6.391889783241E-01  1.243234443872E+00 -1.229190565530E+00 -6.319685435102E-01 -1.229190573646E+00 -6.319685484962E-01
 -6.712004336306E-01  1.305497319461E+00 -1.301194599139E+00 -6.689882591920E-01 -1.301194603820E+00 -6.689882616399E-01
 -6.858618569498E-01  1.334014060339E+00 -1.334014060339E+00 -6.858618569498E-01 -1.334014060339E+00 -6.858618569498E-01
 -5.851452805981E-01  8.109284805664E-01 -7.352821688986E-01 -5.305608326816E-01 -7.352821670807E-01 -5.305608327811E-01
 -6.039079422956E-01  8.369308721881E-01 -7.674554627055E-01 -5.537762593568E-01 -7.674554604949E-01 -5.537762596082E-01
 -6.448739585740E-01  8.937039684379E-01 -8.368464792162E-01 -6.038470451047E-01 -8.368464763900E-01 -6.038470444431E-01
 -7.008139883505E-01  9.712289265187E-01 -9.300189759618E-01 -6.710779377078E-01 -9.300189716069E-01 -6.710779373816E-01
 -7.620492131448E-01  1.056092274897E+00 -1.030351061897E+00 -7.434750108237E-01 -1.030351057006E+00 -7.434750077411E-01
 -8.179892429213E-01  1.133617232978E+00 -1.120811630073E+00 -8.087490465176E-01 -1.120811624684E+00 -8.087490430293E-01
 -8.589552591997E-01  1.190390329228E+00 -1.186466991046E+00 -8.561242794698E-01 -1.186466988282E+00 -8.561242765744E-01
 -8.777179208972E-01  1.216392720850E+00 -1.216392720850E+00 -8.777179208972E-01 -1.216392720850E+00 -8.777179208972E-01
 -6.706098831617E-01  7.418102079413E-01 -6.726114931082E-01 -6.080529909359E-01 -6.726114945139E-01 -6.080529910757E-01
 -6.921129641672E-01  7.655963247174E-01 -7.020425439745E-01 -6.346591946686E-01 -7.020425455248E-01 -6.346591950190E-01
 -7.390623565677E-01  8.175304512697E-01 -7.655191199834E-01 -6.920431720532E-01 -7.655191222686E-01 -6.920431717531E-01
 -8.031728229362E-01  8.884476858381E-01 -8.507501973618E-01 -7.690936109193E-01 -8.507501996171E-01 -7.690936116238E-01
 -8.733518849679E-01  9.660778340152E-01 -9.425306274491E-01 -8.520647859870E-01 -9.425306302186E-01 -8.520647856294E-01
 -9.374623513365E-01  1.036995068584E+00 -1.025280925510E+00 -9.268725537700E-01 -1.025280927104E+00 -9.268725549638E-01
 -9.844117437369E-01  1.088929195136E+00 -1.085340253064E+00 -9.811672752737E-01 -1.085340254270E+00 -9.811672760969E-01
 -1.005914824742E+00  1.112715311912E+00 -1.112715311912E+00 -1.005914824742E+00 -1.112715311912E+00 -1.005914824742E+00
 -7.071067811865E-01  7.071067811865E-01 -6.411453275360E-01 -6.411453278236E-01 -6.411453277177E-01 -6.411453277177E-01
 -7.297801338723E-01  7.297801338723E-01 -6.691995327276E-01 -6.691995327531E-01 -6.691995328559E-01 -6.691995328559E-01
 -7.792846738030E-01  7.792846738030E-01 -7.297065427175E-01 -7.297065436269E-01 -7.297065431147E-01 -7.297065431147E-01
 -8.468842524142E-01  8.468842524142E-01 -8.109503336116E-01 -8.109503323503E-01 -8.109503331244E-01 -8.109503331244E-01
 -9.208827005522E-01  9.208827005522E-01 -8.984370847963E-01 -8.984370834352E-01 -8.984370839992E-01 -8.984370839992E-01
 -9.884822791634E-01  9.884822791634E-01 -9.773161518358E-01 -9.773161473554E-01 -9.773161496229E-01 -9.773161496229E-01
 -1.037986819094E+00  1.037986819094E+00 -1.034565777141E+00 -1.034565775656E+00 -1.034565776358E+00 -1.034565776358E+00
 -1.060660171780E+00  1.060660171780E+00 -1.060660171780E+00 -1.060660171780E+00 -1.060660171780E+00 -1.060660171780E+00
 -7.071067811865E-01  7.071067811865E-01 -6.411453275360E-01 -6.411453278236E-01 -6.411453277177E-01 -6.411453277177E-01
 -7.297801338723E-01  7.297801338723E-01 -6.691995327276E-01 -6.691995327531E-01 -6.691995328559E-01 -6.691995328559E-01
 -7.792846738030E-01  7.792846738030E-01 -7.297065427175E-01 -7.297065436269E-01 -7.297065431147E-01 -7.297065431147E-01
 -8.468842524142E-01  8.468842524142E-01 -8.109503336116E-01 -8.109503323503E-01 -8.109503331244E-01 -8.109503331244E-01
 -9.208827005522E-01  9.208827005522E-01 -8.984370847963E-01 -8.984370834352E-01 -8.984370839992E-01 -8.984370839992E-01
 -9.884822791634E-01  9.884822791634E-01 -9.773161518358E-01 -9.773161473554E-01 -9.773161496229E-01 -9.773161496229E-01
 -1.037986819094E+00  1.037986819094E+00 -1.034565777141E+00 -1.034565775656E+00 -1.034565776358E+00 -1.034565776358E+00
 -1.060660171780E+00  1.060660171780E+00 -1.060660171780E+00 -1.060660171780E+00 -1.060660171780E+00 -1.060660171780E+00
 -7.418102079413E-01  6.706098831617E-01 -6.080529910017E-01 -6.726114958335E-01 -6.080529910757E-01 -6.726114945139E-01
 -7.655963247174E-01  6.921129641672E-01 -6.346591950379E-01 -7.020425468803E-01 -6.346591950190E-01 -7.020425455248E-01
 -8.175304512697E-01  7.390623565677E-01 -6.920431714203E-01 -7.655191247635E-01 -6.920431717531E-01 -7.655191222686E-01
 -8.884476858381E-01  8.031728229362E-01 -7.690936118888E-01 -8.507502016812E-01 -7.690936116238E-01 -8.507501996171E-01
 -9.660778340152E-01  8.733518849679E-01 -8.520647853687E-01 -9.425306332935E-01 -8.520647856294E-01 -9.425306302186E-01
 -1.036995068584E+00  9.374623513365E-01 -9.268725560725E-01 -1.025280928655E+00 -9.268725549638E-01 -1.025280927104E+00
 -1.088929195136E+00  9.844117437369E-01 -9.811672769665E-01 -1.085340255536E+00 -9.811672760969E-01 -1.085340254270E+00
 -1.112715311912E+00  1.005914824742E+00 -1.005914824742E+00 -1.112715311912E+00 -1.005914824742E+00 -1.112715311912E+00
 -8.109284805664E-01  5.851452805981E-01 -5.305608328102E-01 -7.352821654235E-01 -5.305608327811E-01 -7.352821670807E-01
 -8.369308721881E-01  6.039079422956E-01 -5.537762596738E-01 -7.674554583166E-01 -5.537762596082E-01 -7.674554604949E-01
 -8.937039684379E-01  6.448739585740E-01 -6.038470438408E-01 -8.368464739938E-01 -6.038470444431E-01 -8.368464763900E-01
 -9.712289265187E-01  7.008139883505E-01 -6.710779366781E-01 -9.300189671196E-01 -6.710779373816E-01 -9.300189716069E-01
 -1.056092274897E+00  7.620492131448E-01 -7.434750045864E-01 -1.030351052342E+00 -7.434750077411E-01 -1.030351057006E+00
 -1.133617232978E+00  8.179892429213E-01 -8.087490392892E-01 -1.120811619094E+00 -8.087490430293E-01 -1.120811624684E+00
 -1.190390329228E+00  8.589552591997E-01 -8.561242736910E-01 -1.186466985561E+00 -8.561242765744E-01 -1.186466988282E+00
 -1.216392720850E+00  8.777179208972E-01 -8.777179208972E-01 -1.216392720850E+00 -8.777179208972E-01 -1.216392720850E+00
 -8.893427068925E-01  4.572412379666E-01 -4.145881379558E-01 -8.063816350606E-01 -4.145881374100E-01 -8.063816334883E-01
 -9.178594477700E-01  4.719026612858E-01 -4.327290186195E-01 -8.416659847367E-01 -4.327290177252E-01 -8.416659828980E-01
 -9.801223233594E-01  5.039141165923E-01 -4.718550757745E-01 -9.177668946429E-01 -4.718550747968E-01 -9.177668911643E-01
 -1.065143700366E+00  5.476264890834E-01 -5.243902988135E-01 -1.019948877438E+00 -5.243902959394E-01 -1.019948872794E+00
 -1.158213066866E+00  5.954766058330E-01 -5.809624484669E-01 -1.129982762273E+00 -5.809624450688E-01 -1.129982754395E+00
 -1.243234443872E+00  6.391889783241E-01 -6.319685535473E-01 -1.229190581578E+00 -6.319685484962E-01 -1.229190573646E+00
 -1.305497319461E+00  6.712004336306E-01 -6.689882641453E-01 -1.301194608552E+00 -6.689882616399E-01 -1.301194603820E+00
 -1.334014060339E+00  6.858618569498E-01 -6.858618569498E-01 -1.334014060339E+00 -6.858618569498E-01 -1.334014060339E+00
 -9.521786388467E-01  3.055418788382E-01 -2.770398367973E-01 -8.633560030698E-01 -2.770398379018E-01 -8.633560046260E-01
 -9.827102115494E-01  3.153390678391E-01 -2.891621000271E-01 -9.011333447171E-01 -2.891621011515E-01 -9.011333468509E-01
 -1.049372230218E+00  3.367300522617E-01 -3.153072670428E-01 -9.826111125723E-01 -3.153072691647E-01 -9.826111154169E-01
 -1.140400737455E+00  3.659399294784E-01 -3.504128283697E-01 -1.092012693112E+00 -3.504128301690E-01 -1.092012698663E+00
 -1.240045859662E+00  3.979147676170E-01 -3.882159803296E-01 -1.209820945181E+00 -3.882159837335E-01 -1.209820952779E+00
 -1.331074366899E+00  4.271246448337E-01 -4.222997416445E-01 -1.316038226870E+00 -4.222997438570E-01 -1.316038236134E+00
 -1.397736385567E+00  4.485156292563E-01 -4.470373900857E-01 -1.393129659303E+00 -4.470373916647E-01 -1.393129664344E+00
 -1.428267958270E+00  4.583128182573E-01 -4.583128182573E-01 -1.428267958270E+00 -4.583128182573E-01 -1.428267958270E+00
 -9.871732235560E-01  1.596528317756E-01 -1.447598450926E-01 -8.950861703349E-01 -1.447598437368E-01 -8.950861691199E-01
 -1.018826896318E+00  1.647720938990E-01 -1.510940136864E-01 -9.342519101890E-01 -1.510940119455E-01 -9.342519088036E-01
 -1.087938885574E+00  1.759493873375E-01 -1.647554798728E-01 -1.018724160659E+00 -1.647554783422E-01 -1.018724158193E+00
 -1.182312883539E+00  1.912122365128E-01 -1.830989640769E-01 -1.132146484993E+00 -1.830989612282E-01 -1.132146481683E+00
 -1.285620175351E+00  2.079198429261E-01 -2.028520010739E-01 -1.254284444666E+00 -2.028519997955E-01 -1.254284439028E+00
 -1.379994173316E+00  2.231826921014E-01 -2.206615689863E-01 -1.364405439128E+00 -2.206615676425E-01 -1.364405432851E+00
 -1.449106162572E+00  2.343599855400E-01 -2.335875714711E-01 -1.444330138574E+00 -2.335875715638E-01 -1.444330134572E+00
 -1.480759835334E+00  2.394792476634E-01 -2.394792476634E-01 -1.480759835334E+00 -2.394792476634E-01 -1.480759835334E+00
 -9.987318243030E-01  5.034623247436E-02 -4.564975466925E-02 -9.055665410923E-01 -4.564975556444E-02 -9.055665421852E-01
 -1.030756123169E+00  5.196058254943E-02 -4.764722323326E-02 -9.451908638183E-01 -4.764722408171E-02 -9.451908651623E-01
 -1.100677329968E+00  5.548532187056E-02 -5.195534103553E-02 -1.030652180701E+00 -5.195534286359E-02 -1.030652182105E+00
 -1.196156332949E+00  6.029843382265E-02 -5.773992600203E-02 -1.145402541299E+00 -5.773992709860E-02 -1.145402543391E+00
 -1.300673227809E+00  6.556714736326E-02 -6.396900996361E-02 -1.268970586327E+00 -6.396901217481E-02 -1.268970588032E+00
 -1.396152230790E+00  7.038025931534E-02 -6.958522698266E-02 -1.380380963116E+00 -6.958522726552E-02 -1.380380965087E+00
 -1.466073437589E+00  7.390499863647E-02 -7.366141901215E-02 -1.461241486661E+00 -7.366141928258E-02 -1.461241488096E+00
 -1.498097736455E+00  7.551934871154E-02 -7.551934871154E-02 -1.498097736455E+00 -7.551934871154E-02 -1.498097736455E+00
 -1.000000000000E+00  1.665334536938E-16  2.033484673491E-10 -9.067164178569E-01 -1.509986165955E-16 -9.067164179104E-01
 -1.032064962873E+00  1.807731577197E-16  1.798605241814E-11 -9.463910551352E-01 -1.657667934273E-16 -9.463910552985E-01
 -1.102074954642E+00  2.118638396461E-16  6.430408167110E-10 -1.031960889907E+00 -1.983850513635E-16 -1.031960889825E+00
 -1.197675195524E+00  2.543188750812E-16 -8.918744461784E-10 -1.146856959313E+00 -2.435279388877E-16 -1.146856959515E+00
 -1.302324804476E+00  3.007926372314E-16 -9.624349214232E-10 -1.270581909295E+00 -2.934611104331E-16 -1.270581909131E+00
 -1.397925045358E+00  3.432476726665E-16 -3.168102615434E-09 -1.382133753484E+00 -3.393702657992E-16 -1.382133753523E+00
 -1.467935037127E+00  3.743383545928E-16 -1.049999420647E-09 -1.463096952150E+00 -3.731045937345E-16 -1.463096952092E+00
 -1.500000000000E+00  3.885780586188E-16 -3.885780586188E-16 -1.500000000000E+00 -3.885780586188E-16 -1.500000000000E+00
 -1.000000000000E+00  1.665334536938E-16  2.033484673491E-10 -9.067164178569E-01 -1.509986165955E-16 -9.067164179104E-01
 -1.032064962873E+00  1.807731577197E-16  1.798605241814E-11 -9.463910551352E-01 -1.657667934273E-16 -9.463910552985E-01
 -1.102074954642E+00  2.118638396461E-16  6.430408167110E-10 -1.031960889907E+00 -1.983850513635E-16 -1.031960889825E+00
 -1.197675195524E+00  2.543188750812E-16 -8.918744461784E-10 -1.146856959313E+00 -2.435279388877E-16 -1.146856959515E+00
 -1.302324804476E+00  3.007926372314E-16 -9.624349214232E-10 -1.270581909295E+00 -2.934611104331E-16 -1.270581909131E+00
 -1.397925045358E+00  3.432476726665E-16 -3.168102615434E-09 -1.382133753484E+00 -3.393702657992E-16 -1.382133753523E+00
 -1.467935037127E+00  3.743383545928E-16 -1.049999420647E-09 -1.463096952150E+00 -3.731045937345E-16 -1.463096952092E+00
 -1.500000000000E+00  3.885780586188E-16 -3.885780586188E-16 -1.500000000000E+00 -3.885780586188E-16 -1.500000000000E+00
 -9.987318243030E-01 -5.034623247436E-02  4.564975654976E-02 -9.055665430660E-01  4.564975556444E-02 -9.055665421852E-01
 -1.030756123169E+00 -5.196058254943E-02  4.764722502686E-02 -9.451908661343E-01  4.764722408171E-02 -9.451908651623E-01
 -1.100677329968E+00 -5.548532187056E-02  5.195534486310E-02 -1.030652183633E+00  5.195534286359E-02 -1.030652182105E+00
 -1.196156332949E+00 -6.029843382264E-02  5.773992837079E-02 -1.145402545038E+00  5.773992709860E-02 -1.145402543391E+00
 -1.300673227809E+00 -6.556714736325E-02  6.396901453347E-02 -1.268970590022E+00  6.396901217480E-02 -1.268970588032E+00
 -1.396152230790E+00 -7.038025931534E-02  6.958522757873E-02 -1.380380966968E+00  6.958522726552E-02 -1.380380965087E+00
 -1.466073437589E+00 -7.390499863647E-02  7.366141956274E-02 -1.461241489605E+00  7.366141928258E-02 -1.461241488096E+00
 -1.498097736455E+00 -7.551934871154E-02  7.551934871154E-02 -1.498097736455E+00  7.551934871154E-02 -1.498097736455E+00
 -9.871732235560E-01 -1.596528317756E-01  1.447598425444E-01 -8.950861679685E-01  1.447598437368E-01 -8.950861691199E-01
 -1.018826896318E+00 -1.647720938990E-01  1.510940103588E-01 -9.342519073098E-01  1.510940119455E-01 -9.342519088036E-01
 -1.087938885574E+00 -1.759493873375E-01  1.647554770738E-01 -1.018724156072E+00  1.647554783422E-01 -1.018724158193E+00
 -1.182312883539E+00 -1.912122365128E-01  1.830989585526E-01 -1.132146478012E+00  1.830989612282E-01 -1.132146481683E+00
 -1.285620175351E+00 -2.079198429261E-01  2.028519987281E-01 -1.254284433500E+00  2.028519997955E-01 -1.254284439028E+00
 -1.379994173316E+00 -2.231826921014E-01  2.206615663343E-01 -1.364405426253E+00  2.206615676425E-01 -1.364405432851E+00
 -1.449106162572E+00 -2.343599855400E-01  2.335875716788E-01 -1.444330130609E+00  2.335875715638E-01 -1.444330134572E+00
 -1.480759835334E+00 -2.394792476634E-01  2.394792476634E-01 -1.480759835334E+00  2.394792476634E-01 -1.480759835334E+00
 -9.521786388467E-01 -3.055418788382E-01  2.770398386276E-01 -8.633560061237E-01  2.770398379018E-01 -8.633560046260E-01
 -9.827102115494E-01 -3.153390678391E-01  2.891621018194E-01 -9.011333487834E-01  2.891621011515E-01 -9.011333468509E-01
 -1.049372230218E+00 -3.367300522617E-01  3.153072709330E-01 -9.826111185679E-01  3.153072691647E-01 -9.826111154169E-01
 -1.140400737455E+00 -3.659399294784E-01  3.504128314208E-01 -1.092012703980E+00  3.504128301690E-01 -1.092012698663E+00
 -1.240045859662E+00 -3.979147676170E-01  3.882159869011E-01 -1.209820960752E+00  3.882159837335E-01 -1.209820952779E+00
 -1.331074366899E+00 -4.271246448337E-01  4.222997458945E-01 -1.316038245314E+00  4.222997438570E-01 -1.316038236134E+00
 -1.397736385567E+00 -4.485156292563E-01  4.470373932388E-01 -1.393129669462E+00  4.470373916647E-01 -1.393129664344E+00
 -1.428267958270E+00 -4.583128182573E-01  4.583128182573E-01 -1.428267958270E+00  4.583128182573E-01 -1.428267958270E+00
 -8.893427068925E-01 -4.572412379666E-01  4.145881370905E-01 -8.063816316069E-01  4.145881374100E-01 -8.063816334883E-01
 -9.178594477700E-01 -4.719026612858E-01  4.327290170114E-01 -8.416659805941E-01  4.327290177252E-01 -8.416659828980E-01
 -9.801223233594E-01 -5.039141165923E-01  4.718550742858E-01 -9.177668876525E-01  4.718550747968E-01 -9.177668911643E-01
 -1.065143700366E+00 -5.476264890834E-01  5.243902932865E-01 -1.019948867596E+00  5.243902959394E-01 -1.019948872794E+00
 -1.158213066866E+00 -5.954766058330E-01  5.809624421026E-01 -1.129982746615E+00  5.809624450688E-01 -1.129982754395E+00
 -1.243234443872E+00 -6.391889783241E-01  6.319685435101E-01 -1.229190565530E+00  6.319685484962E-01 -1.229190573646E+00
 -1.305497319461E+00 -6.712004336306E-01  6.689882591920E-01 -1.301194599139E+00  6.689882616399E-01 -1.301194603820E+00
 -1.334014060339E+00 -6.858618569498E-01  6.858618569498E-01 -1.334014060339E+00  6.858618569498E-01 -1.334014060339E+00
 -8.109284805664E-01 -5.851452805981E-01  5.305608326816E-01 -7.352821688986E-01  5.305608327811E-01 -7.352821670807E-01
 -8.369308721881E-01 -6.039079422956E-01  5.537762593568E-01 -7.674554627055E-01  5.537762596082E-01 -7.674554604949E-01
 -8.937039684379E-01 -6.448739585740E-01  6.038470451047E-01 -8.368464792162E-01  6.038470444431E-01 -8.368464763900E-01
 -9.712289265187E-01 -7.008139883505E-01  6.710779377078E-01 -9.300189759618E-01  6.710779373816E-01 -9.300189716069E-01
 -1.056092274897E+00 -7.620492131448E-01  7.434750108237E-01 -1.030351061897E+00  7.434750077411E-01 -1.030351057006E+00
 -1.133617232978E+00 -8.179892429213E-01  8.087490465176E-01 -1.120811630073E+00  8.087490430293E-01 -1.120811624684E+00
 -1.190390329228E+00 -8.589552591997E-01  8.561242794698E-01 -1.186466991046E+00  8.561242765744E-01 -1.186466988282E+00
 -1.216392720850E+00 -8.777179208972E-01  8.777179208972E-01 -1.216392720850E+00  8.777179208972E-01 -1.216392720850E+00
 -7.418102079413E-01 -6.706098831617E-01  6.080529909359E-01 -6.726114931082E-01  6.080529910757E-01 -6.726114945139E-01
 -7.655963247174E-01 -6.921129641672E-01  6.346591946686E-01 -7.020425439745E-01  6.346591950190E-01 -7.020425455248E-01
 -8.175304512697E-01 -7.390623565677E-01  6.920431720532E-01 -7.655191199834E-01  6.920431717531E-01 -7.655191222686E-01
 -8.884476858381E-01 -8.031728229362E-01  7.690936109193E-01 -8.507501973618E-01  7.690936116238E-01 -8.507501996171E-01
 -9.660778340152E-01 -8.733518849679E-01  8.520647859870E-01 -9.425306274491E-01  8.520647856294E-01 -9.425306302186E-01
 -1.036995068584E+00 -9.374623513365E-01  9.268725537700E-01 -1.025280925510E+00  9.268725549638E-01 -1.025280927104E+00
 -1.088929195136E+00 -9.844117437369E-01  9.811672752737E-01 -1.085340253064E+00  9.811672760969E-01 -1.085340254270E+00
 -1.112715311912E+00 -1.005914824742E+00  1.005914824742E+00 -1.112715311912E+00  1.005914824742E+00 -1.112715311912E+00
 -7.071067811865E-01 -7.071067811865E-01  6.411453278236E-01 -6.411453275360E-01  6.411453277177E-01 -6.411453277177E-01
 -7.297801338723E-01 -7.297801338723E-01  6.691995327531E-01 -6.691995327276E-01  6.691995328559E-01 -6.691995328559E-01
 -7.792846738030E-01 -7.792846738030E-01  7.297065436269E-01 -7.297065427175E-01  7.297065431147E-01 -7.297065431147E-01
 -8.468842524142E-01 -8.468842524142E-01  8.109503323503E-01 -8.109503336116E-01  8.109503331244E-01 -8.109503331244E-01
 -9.208827005522E-01 -9.208827005522E-01  8.984370834352E-01 -8.984370847963E-01  8.984370839992E-01 -8.984370839992E-01
 -9.884822791634E-01 -9.884822791634E-01  9.773161473554E-01 -9.773161518358E-01  9.773161496229E-01 -9.773161496229E-01
 -1.037986819094E+00 -1.037986819094E+00  1.034565775656E+00 -1.034565777141E+00  1.034565776358E+00 -1.034565776358E+00
 -1.060660171780E+00 -1.060660171780E+00  1.060660171780E+00 -1.060660171780E+00  1.060660171780E+00 -1.060660171780E+00
 -7.071067811865E-01 -7.071067811865E-01  6.411453278236E-01 -6.411453275360E-01  6.411453277177E-01 -6.411453277177E-01
 -7.297801338723E-01 -7.297801338723E-01  6.691995327531E-01 -6.691995327276E-01  6.691995328559E-01 -6.691995328559E-01
 -7.792846738030E-01 -7.792846738030E-01  7.297065436269E-01 -7.297065427175E-01  7.297065431147E-01 -7.297065431147E-01
 -8.468842524142E-01 -8.468842524142E-01  8.109503323503E-01 -8.109503336116E-01  8.109503331244E-01 -8.109503331244E-01
 -9.208827005522E-01 -9.208827005522E-01  8.984370834352E-01 -8.984370847963E-01  8.984370839992E-01 -8.984370839992E-01
 -9.884822791634E-01 -9.884822791634E-01  9.773161473554E-01 -9.773161518358E-01  9.773161496229E-01 -9.773161496229E-01
 -1.037986819094E+00 -1.037986819094E+00  1.034565775656E+00 -1.034565777141E+00  1.034565776358E+00 -1.034565776358E+00
 -1.060660171780E+00 -1.060660171780E+00  1.060660171780E+00 -1.060660171780E+00  1.060660171780E+00 -1.060660171780E+00
 -6.706098831617E-01 -7.418102079413E-01  6.726114958335E-01 -6.080529910017E-01  6.726114945139E-01 -6.080529910757E-01
 -6.921129641672E-01 -7.655963247174E-01  7.020425468803E-01 -6.346591950379E-01  7.020425455248E-01 -6.346591950190E-01
 -7.390623565677E-01 -8.175304512697E-01  7.655191247635E-01 -6.920431714203E-01  7.655191222686E-01 -6.920431717531E-01
 -8.031728229362E-01 -8.884476858381E-01  8.507502016812E-01 -7.690936118888E-01  8.507501996171E-01 -7.690936116238E-01
 -8.733518849679E-01 -9.660778340152E-01  9.425306332935E-01 -8.520647853687E-01  9.425306302186E-01 -8.520647856294E-01
 -9.374623513365E-01 -1.036995068584E+00  1.025280928655E+00 -9.268725560725E-01  1.025280927104E+00 -9.268725549638E-01
 -9.844117437369E-01 -1.088929195136E+00  1.085340255536E+00 -9.811672769665E-01  1.085340254270E+00 -9.811672760969E-01
 -1.005914824742E+00 -1.112715311912E+00  1.112715311912E+00 -1.005914824742E+00  1.112715311912E+00 -1.005914824742E+00
 -5.851452805981E-01 -8.109284805664E-01  7.352821654235E-01 -5.305608328102E-01  7.352821670807E-01 -5.305608327811E-01
 -6.039079422956E-01 -8.369308721881E-01  7.674554583166E-01 -5.537762596738E-01  7.674554604949E-01 -5.537762596082E-01
 -6.448739585740E-01 -8.937039684379E-01  8.368464739938E-01 -6.038470438408E-01  8.368464763900E-01 -6.038470444431E-01
 -7.008139883505E-01 -9.712289265187E-01  9.300189671196E-01 -6.710779366781E-01  9.300189716069E-01 -6.710779373816E-01
 -7.620492131448E-01 -1.056092274897E+00  1.030351052342E+00 -7.434750045864E-01  1.030351057006E+00 -7.434750077411E-01
 -8.179892429213E-01 -1.133617232978E+00  1.120811619094E+00 -8.087490392892E-01  1.120811624684E+00 -8.087490430293E-01
 -8.589552591997E-01 -1.190390329228E+00  1.186466985561E+00 -8.561242736910E-01  1.186466988282E+00 -8.561242765744E-01
 -8.777179208972E-01 -1.216392720850E+00  1.216392720850E+00 -8.777179208972E-01  1.216392720850E+00 -8.777179208972E-01
 -4.572412379666E-01 -8.893427068925E-01  8.063816350606E-01 -4.145881379558E-01  8.063816334883E-01 -4.145881374100E-01
 -4.719026612858E-01 -9.178594477700E-01  8.416659847367E-01 -4.327290186195E-01  8.416659828980E-01 -4.327290177252E-01
 -5.039141165923E-01 -9.801223233594E-01  9.177668946429E-01 -4.718550757745E-01  9.177668911643E-01 -4.718550747968E-01
 -5.476264890834E-01 -1.065143700366E+00  1.019948877438E+00 -5.243902988135E-01  1.019948872794E+00 -5.243902959394E-01
 -5.954766058330E-01 -1.158213066866E+00  1.129982762273E+00 -5.809624484669E-01  1.129982754395E+00 -5.809624450688E-01
 -6.391889783241E-01 -1.243234443872E+00  1.229190581578E+00 -6.319685535473E-01  1.229190573646E+00 -6.319685484962E-01
 -6.712004336306E-01 -1.305497319461E+00  1.301194608552E+00 -6.689882641453E-01  1.301194603820E+00 -6.689882616399E-01
 -6.858618569498E-01 -1.334014060339E+00  1.334014060339E+00 -6.858618569498E-01  1.334014060339E+00 -6.858618569498E-01
 -3.055418788382E-01 -9.521786388467E-01  8.633560030698E-01 -2.770398367973E-01  8.633560046260E-01 -2.770398379018E-01
 -3.153390678391E-01 -9.827102115494E-01  9.011333447171E-01 -2.891621000271E-01  9.011333468509E-01 -2.891621011515E-01
 -3.367300522617E-01 -1.049372230218E+00  9.826111125723E-01 -3.153072670428E-01  9.826111154169E-01 -3.153072691647E-01
 -3.659399294784E-01 -1.140400737455E+00  1.092012693112E+00 -3.504128283697E-01  1.092012698663E+00 -3.504128301690E-01
 -3.979147676170E-01 -1.240045859662E+00  1.209820945181E+00 -3.882159803296E-01  1.209820952779E+00 -3.882159837335E-01
 -4.271246448337E-01 -1.331074366899E+00  1.316038226870E+00 -4.222997416445E-01  1.316038236134E+00 -4.222997438570E-01
 -4.485156292563E-01 -1.397736385567E+00  1.393129659303E+00 -4.470373900857E-01  1.393129664344E+00 -4.470373916647E-01
 -4.583128182573E-01 -1.428267958270E+00  1.428267958270E+00 -4.583128182573E-01  1.428267958270E+00 -4.583128182573E-01
 -1.596528317756E-01 -9.871732235560E-01  8.950861703349E-01 -1.447598450926E-01  8.950861691199E-01 -1.447598437368E-01
 -1.647720938990E-01 -1.018826896318E+00  9.342519101890E-01 -1.510940136864E-01  9.342519088036E-01 -1.510940119455E-01
 -1.759493873375E-01 -1.087938885574E+00  1.018724160659E+00 -1.647554798728E-01  1.018724158193E+00 -1.647554783422E-01
 -1.912122365128E-01 -1.182312883539E+00  1.132146484993E+00 -1.830989640769E-01  1.132146481683E+00 -1.830989612282E-01
 -2.079198429261E-01 -1.285620175351E+00  1.254284444666E+00 -2.028520010739E-01  1.254284439028E+00 -2.028519997955E-01
 -2.231826921014E-01 -1.379994173316E+00  1.364405439128E+00 -2.206615689863E-01  1.364405432851E+00 -2.206615676425E-01
 -2.343599855400E-01 -1.449106162572E+00  1.444330138574E+00 -2.335875714711E-01  1.444330134572E+00 -2.335875715638E-01
 -2.394792476634E-01 -1.480759835334E+00  1.480759835334E+00 -2.394792476634E-01  1.480759835334E+00 -2.394792476634E-01
 -5.034623247436E-02 -9.987318243030E-01  9.055665410923E-01 -4.564975466925E-02  9.055665421852E-01 -4.564975556444E-02
 -5.196058254943E-02 -1.030756123169E+00  9.451908638183E-01 -4.764722323326E-02  9.451908651623E-01 -4.764722408171E-02
 -5.548532187056E-02 -1.100677329968E+00  1.030652180701E+00 -5.195534103552E-02  1.030652182105E+00 -5.195534286359E-02
 -6.029843382264E-02 -1.196156332949E+00  1.145402541299E+00 -5.773992600203E-02  1.145402543391E+00 -5.773992709860E-02
 -6.556714736325E-02 -1.300673227809E+00  1.268970586327E+00 -6.396900996361E-02  1.268970588032E+00 -6.396901217480E-02
 -7.038025931534E-02 -1.396152230790E+00  1.380380963116E+00 -6.958522698266E-02  1.380380965087E+00 -6.958522726552E-02
 -7.390499863647E-02 -1.466073437589E+00  1.461241486661E+00 -7.366141901215E-02  1.461241488096E+00 -7.366141928258E-02
 -7.551934871154E-02 -1.498097736455E+00  1.498097736455E+00 -7.551934871154E-02  1.498097736455E+00 -7.551934871154E-02
 -2.163234161989E-16 -1.000000000000E+00  9.067164178569E-01  2.033487751761E-10  9.067164179104E-01 -1.961439930460E-16
 -2.214798555046E-16 -1.032064962873E+00  9.463910551352E-01  1.798636886649E-11  9.463910552985E-01 -2.030943416536E-16
 -2.327383208513E-16 -1.102074954642E+00  1.031960889907E+00  6.430412389921E-10  1.031960889825E+00 -2.179314970099E-16
 -2.481120121191E-16 -1.197675195524E+00  1.146856959313E+00 -8.918739729570E-10  1.146856959515E+00 -2.375844376685E-16
 -2.649409527626E-16 -1.302324804476E+00  1.270581909295E+00 -9.624345721091E-10  1.270581909131E+00 -2.584832757627E-16
 -2.803146440303E-16 -1.397925045358E+00  1.382133753484E+00 -3.168102346422E-09  1.382133753523E+00 -2.771481435343E-16
 -2.915731093771E-16 -1.467935037127E+00  1.463096952150E+00 -1.049999274391E-09  1.463096952092E+00 -2.906121298641E-16
 -2.967295486828E-16 -1.500000000000E+00  1.500000000000E+00 -2.967295486828E-16  1.500000000000E+00 -2.967295486828E-16
 -2.163234161989E-16 -1.000000000000E+00  9.067164178569E-01  2.033487751761E-10  9.067164179104E-01 -1.961439930460E-16
 -2.214798555046E-16 -1.032064962873E+00  9.463910551352E-01  1.798636886649E-11  9.463910552985E-01 -2.030943416536E-16
 -2.327383208513E-16 -1.102074954642E+00  1.031960889907E+00  6.430412389921E-10  1.031960889825E+00 -2.179314970099E-16
 -2.481120121191E-16 -1.197675195524E+00  1.146856959313E+00 -8.918739729570E-10  1.146856959515E+00 -2.375844376685E-16
 -2.649409527626E-16 -1.302324804476E+00  1.270581909295E+00 -9.624345721091E-10  1.270581909131E+00 -2.584832757627E-16
 -2.803146440303E-16 -1.397925045358E+00  1.382133753484E+00 -3.168102346422E-09  1.382133753523E+00 -2.771481435343E-16
 -2.915731093771E-16 -1.467935037127E+00  1.463096952150E+00 -1.049999274391E-09  1.463096952092E+00 -2.906121298641E-16
 -2.967295486828E-16 -1.500000000000E+00  1.500000000000E+00 -2.967295486828E-16  1.500000000000E+00 -2.967295486828E-16
  5.034623247436E-02 -9.987318243030E-01  9.055665430660E-01  4.564975654976E-02  9.055665421852E-01  4.564975556444E-02
  5.196058254942E-02 -1.030756123169E+00  9.451908661343E-01  4.764722502686E-02  9.451908651623E-01  4.764722408171E-02
  5.548532187056E-02 -1.100677329968E+00  1.030652183633E+00  5.195534486310E-02  1.030652182105E+00  5.195534286359E-02
  6.029843382264E-02 -1.196156332949E+00  1.145402545038E+00  5.773992837079E-02  1.145402543391E+00  5.773992709860E-02
  6.556714736325E-02 -1.300673227809E+00  1.268970590022E+00  6.396901453347E-02  1.268970588032E+00  6.396901217480E-02
  7.038025931534E-02 -1.396152230790E+00  1.380380966968E+00  6.958522757873E-02  1.380380965087E+00  6.958522726552E-02
  7.390499863647E-02 -1.466073437589E+00  1.461241489605E+00  7.366141956274E-02  1.461241488096E+00  7.366141928258E-02
  7.551934871154E-02 -1.498097736455E+00  1.498097736455E+00  7.551934871154E-02  1.498097736455E+00  7.551934871154E-02
  1.596528317756E-01 -9.871732235560E-01  8.950861679685E-01  1.447598425444E-01  8.950861691199E-01  1.447598437368E-01
  1.647720938990E-01 -1.018826896318E+00  9.342519073098E-01  1.510940103588E-01  9.342519088036E-01  1.510940119455E-01
  1.759493873375E-01 -1.087938885574E+00  1.018724156072E+00  1.647554770738E-01  1.018724158193E+00  1.647554783422E-01
  1.912122365128E-01 -1.182312883539E+00  1.132146478012E+00  1.830989585526E-01  1.132146481683E+00  1.830989612282E-01
  2.079198429261E-01 -1.285620175351E+00  1.254284433500E+00  2.028519987281E-01  1.254284439028E+00  2.028519997955E-01
  2.231826921014E-01 -1.379994173316E+00  1.364405426253E+00  2.206615663343E-01  1.364405432851E+00  2.206615676425E-01
  2.343599855400E-01 -1.449106162572E+00  1.444330130609E+00  2.335875716788E-01  1.444330134572E+00  2.335875715638E-01
  2.394792476634E-01 -1.480759835334E+00  1.480759835334E+00  2.394792476634E-01  1.480759835334E+00  2.394792476634E-01
  3.055418788382E-01 -9.521786388467E-01  8.633560061237E-01  2.770398386276E-01  8.633560046260E-01  2.770398379018E-01
  3.153390678391E-01 -9.827102115494E-01  9.011333487834E-01  2.891621018194E-01  9.011333468509E-01  2.891621011515E-01
  3.367300522617E-01 -1.049372230218E+00  9.826111185679E-01  3.153072709330E-01  9.826111154169E-01  3.153072691647E-01
  3.659399294784E-01 -1.140400737455E+00  1.092012703980E+00  3.504128314208E-01  1.092012698663E+00  3.504128301690E-01
  3.979147676170E-01 -1.240045859662E+00  1.209820960752E+00  3.882159869011E-01  1.209820952779E+00  3.882159837335E-01
  4.271246448337E-01 -1.331074366899E+00  1.316038245314E+00  4.222997458945E-01  1.316038236134E+00  4.222997438570E-01
  4.485156292563E-01 -1.397736385567E+00  1.393129669462E+00  4.470373932388E-01  1.393129664344E+00  4.470373916647E-01
  4.583128182573E-01 -1.428267958270E+00  1.428267958270E+00  4.583128182573E-01  1.428267958270E+00  4.583128182573E-01
  4.572412379666E-01 -8.893427068925E-01  8.063816316069E-01  4.145881370905E-01  8.063816334883E-01  4.145881374100E-01
  4.719026612858E-01 -9.178594477700E-01  8.416659805941E-01  4.327290170114E-01  8.416659828980E-01  4.327290177252E-01
  5.039141165923E-01 -9.801223233594E-01  9.177668876525E-01  4.718550742858E-01  9.177668911643E-01  4.718550747968E-01
  5.476264890834E-01 -1.065143700366E+00  1.019948867596E+00  5.243902932865E-01  1.019948872794E+00  5.243902959394E-01
  5.954766058330E-01 -1.158213066866E+00  1.129982746615E+00  5.809624421026E-01  1.129982754395E+00  5.809624450688E-01
  6.391889783241E-01 -1.243234443872E+00  1.229190565530E+00  6.319685435102E-01  1.229190573646E+00  6.319685484962E-01
  6.712004336306E-01 -1.305497319461E+00  1.301194599139E+00  6.689882591920E-01  1.301194603820E+00  6.689882616399E-01
  6.858618569498E-01 -1.334014060339E+00  1.334014060339E+00  6.858618569498E-01  1.334014060339E+00  6.858618569498E-01
  5.851452805981E-01 -8.109284805664E-01  7.352821688986E-01  5.305608326816E-01  7.352821670807E-01  5.305608327811E-01
  6.039079422956E-01 -8.369308721881E-01  7.674554627055E-01  5.537762593568E-01  7.674554604949E-01  5.537762596082E-01
  6.448739585740E-01 -8.937039684379E-01  8.368464792162E-01  6.038470451047E-01  8.368464763900E-01  6.038470444431E-01
  7.008139883505E-01 -9.712289265187E-01  9.300189759618E-01  6.710779377078E-01  9.300189716069E-01  6.710779373816E-01
  7.620492131448E-01 -1.056092274897E+00  1.030351061897E+00  7.434750108237E-01  1.030351057006E+00  7.434750077411E-01
  8.179892429213E-01 -1.133617232978E+00  1.120811630073E+00  8.087490465176E-01  1.120811624684E+00  8.087490430293E-01
  8.589552591997E-01 -1.190390329228E+00  1.186466991046E+00  8.561242794698E-01  1.186466988282E+00  8.561242765744E-01
  8.777179208972E-01 -1.216392720850E+00  1.216392720850E+00  8.777179208972E-01  1.216392720850E+00  8.777179208972E-01
  6.706098831617E-01 -7.418102079413E-01  6.726114931082E-01  6.080529909359E-01  6.726114945139E-01  6.080529910757E-01
  6.921129641672E-01 -7.655963247174E-01  7.020425439745E-01  6.346591946686E-01  7.020425455248E-01  6.346591950190E-01
  7.390623565677E-01 -8.175304512697E-01  7.655191199834E-01  6.920431720532E-01  7.655191222686E-01  6.920431717531E-01
  8.031728229362E-01 -8.884476858381E-01  8.507501973618E-01  7.690936109193E-01  8.507501996171E-01  7.690936116238E-01
  8.733518849679E-01 -9.660778340152E-01  9.425306274491E-01  8.520647859870E-01  9.425306302186E-01  8.520647856294E-01
  9.374623513365E-01 -1.036995068584E+00  1.025280925510E+00  9.268725537700E-01  1.025280927104E+00  9.268725549638E-01
  9.844117437369E-01 -1.088929195136E+00  1.085340253064E+00  9.811672752737E-01  1.085340254270E+00  9.811672760969E-01
  1.005914824742E+00 -1.112715311912E+00  1.112715311912E+00  1.005914824742E+00  1.112715311912E+00  1.005914824742E+00
  7.071067811865E-01 -7.071067811865E-01  6.411453275360E-01  6.411453278236E-01  6.411453277177E-01  6.411453277177E-01
  7.297801338723E-01 -7.297801338723E-01  6.691995327276E-01  6.691995327531E-01  6.691995328559E-01  6.691995328559E-01
  7.792846738030E-01 -7.792846738030E-01  7.297065427175E-01  7.297065436269E-01  7.297065431147E-01  7.297065431147E-01
  8.468842524142E-01 -8.468842524142E-01  8.109503336116E-01  8.109503323503E-01  8.109503331244E-01  8.109503331244E-01
  9.208827005522E-01 -9.208827005522E-01  8.984370847963E-01  8.984370834352E-01  8.984370839992E-01  8.984370839992E-01
  9.884822791634E-01 -9.884822791634E-01  9.773161518358E-01  9.773161473554E-01  9.773161496229E-01  9.773161496229E-01
  1.037986819094E+00 -1.037986819094E+00  1.034565777141E+00  1.034565775656E+00  1.034565776358E+00  1.034565776358E+00
  1.060660171780E+00 -1.060660171780E+00  1.060660171780E+00  1.060660171780E+00  1.060660171780E+00  1.060660171780E+00
  7.071067811865E-01 -7.071067811865E-01  6.411453275360E-01  6.411453278236E-01  6.411453277177E-01  6.411453277177E-01
  7.297801338723E-01 -7.297801338723E-01  6.691995327276E-01  6.691995327531E-01  6.691995328559E-01  6.691995328559E-01
  7.792846738030E-01 -7.792846738030E-01  7.297065427175E-01  7.297065436269E-01  7.297065431147E-01  7.297065431147E-01
  8.468842524142E-01 -8.468842524142E-01  8.109503336116E-01  8.109503323503E-01  8.109503331244E-01  8.109503331244E-01
  9.208827005522E-01 -9.208827005522E-01  8.984370847963E-01  8.984370834352E-01  8.984370839992E-01  8.984370839992E-01
  9.884822791634E-01 -9.884822791634E-01  9.773161518358E-01  9.773161473554E-01  9.773161496229E-01  9.773161496229E-01
  1.037986819094E+00 -1.037986819094E+00  1.034565777141E+00  1.034565775656E+00  1.034565776358E+00  1.034565776358E+00
  1.060660171780E+00 -1.060660171780E+00  1.060660171780E+00  1.060660171780E+00  1.060660171780E+00  1.060660171780E+00
  7.418102079413E-01 -6.706098831617E-01  6.080529910017E-01  6.726114958335E-01  6.080529910757E-01  6.726114945139E-01
  7.655963247174E-01 -6.921129641672E-01  6.346591950379E-01  7.020425468803E-01  6.346591950190E-01  7.020425455248E-01
  8.175304512697E-01 -7.390623565677E-01  6.920431714203E-01  7.655191247635E-01  6.920431717531E-01  7.655191222686E-01
  8.884476858381E-01 -8.031728229362E-01  7.690936118888E-01  8.507502016812E-01  7.690936116238E-01  8.507501996171E-01
  9.660778340152E-01 -8.733518849679E-01  8.520647853687E-01  9.425306332935E-01  8.520647856294E-01  9.425306302186E-01
  1.036995068584E+00 -9.374623513365E-01  9.268725560725E-01  1.025280928655E+00  9.268725549638E-01  1.025280927104E+00
  1.088929195136E+00 -9.844117437369E-01  9.811672769665E-01  1.085340255536E+00  9.811672760969E-01  1.085340254270E+00
  1.112715311912E+00 -1.005914824742E+00  1.005914824742E+00  1.112715311912E+00  1.005914824742E+00  1.112715311912E+00
  8.109284805664E-01 -5.851452805981E-01  5.305608328102E-01  7.352821654235E-01  5.305608327811E-01  7.352821670807E-01
  8.369308721881E-01 -6.039079422956E-01  5.537762596738E-01  7.674554583166E-01  5.537762596082E-01  7.674554604949E-01
  8.937039684379E-01 -6.448739585740E-01  6.038470438408E-01  8.368464739938E-01  6.038470444431E-01  8.368464763900E-01
  9.712289265187E-01 -7.008139883505E-01  6.710779366781E-01  9.300189671196E-01  6.710779373816E-01  9.300189716069E-01
  1.056092274897E+00 -7.620492131448E-01  7.434750045864E-01  1.030351052342E+00  7.434750077411E-01  1.030351057006E+00
  1.133617232978E+00 -8.179892429213E-01  8.087490392892E-01  1.120811619094E+00  8.087490430293E-01  1.120811624684E+00
  1.190390329228E+00 -8.589552591997E-01  8.561242736910E-01  1.186466985561E+00  8.561242765744E-01  1.186466988282E+00
  1.216392720850E+00 -8.777179208972E-01  8.777179208972E-01  1.216392720850E+00  8.777179208972E-01  1.216392720850E+00
  8.893427068925E-01 -4.572412379666E-01  4.145881379558E-01  8.063816350606E-01  4.145881374100E-01  8.063816334883E-01
  9.178594477700E-01 -4.719026612858E-01  4.327290186195E-01  8.416659847367E-01  4.327290177252E-01  8.416659828980E-01
  9.801223233594E-01 -5.039141165923E-01  4.718550757745E-01  9.177668946429E-01  4.718550747968E-01  9.177668911643E-01
  1.065143700366E+00 -5.476264890834E-01  5.243902988135E-01  1.019948877438E+00  5.243902959394E-01  1.019948872794E+00
  1.158213066866E+00 -5.954766058330E-01  5.809624484669E-01  1.129982762273E+00  5.809624450688E-01  1.129982754395E+00
  1.243234443872E+00 -6.391889783241E-01  6.319685535473E-01  1.229190581578E+00  6.319685484962E-01  1.229190573646E+00
  1.305497319461E+00 -6.712004336306E-01  6.689882641453E-01  1.301194608552E+00  6.689882616399E-01  1.301194603820E+00
  1.334014060339E+00 -6.858618569498E-01  6.858618569498E-01  1.334014060339E+00  6.858618569498E-01  1.334014060339E+00
  9.521786388467E-01 -3.055418788382E-01  2.770398367973E-01  8.633560030698E-01  2.770398379018E-01  8.633560046260E-01
  9.827102115494E-01 -3.153390678391E-01  2.891621000271E-01  9.011333447171E-01  2.891621011515E-01  9.011333468509E-01
  1.049372230218E+00 -3.367300522617E-01  3.153072670428E-01  9.826111125723E-01  3.153072691647E-01  9.826111154169E-01
  1.140400737455E+00 -3.659399294784E-01  3.504128283697E-01  1.092012693112E+00  3.504128301690E-01  1.092012698663E+00
  1.240045859662E+00 -3.979147676170E-01  3.882159803296E-01  1.209820945181E+00  3.882159837335E-01  1.209820952779E+00
  1.331074366899E+00 -4.271246448337E-01  4.222997416445E-01  1.316038226870E+00  4.222997438570E-01  1.316038236134E+00
  1.397736385567E+00 -4.485156292563E-01  4.470373900857E-01  1.393129659303E+00  4.470373916647E-01  1.393129664344E+00
  1.428267958270E+00 -4.583128182573E-01  4.583128182573E-01  1.428267958270E+00  4.583128182573E-01  1.428267958270E+00
  9.871732235560E-01 -1.596528317756E-01  1.447598450926E-01  8.950861703349E-01  1.447598437368E-01  8.950861691199E-01
  1.018826896318E+00 -1.647720938990E-01  1.510940136864E-01  9.342519101890E-01  1.510940119455E-01  9.342519088036E-01
  1.087938885574E+00 -1.759493873375E-01  1.647554798728E-01  1.018724160659E+00  1.647554783422E-01  1.018724158193E+00
  1.182312883539E+00 -1.912122365128E-01  1.830989640769E-01  1.132146484993E+00  1.830989612282E-01  1.132146481683E+00
  1.285620175351E+00 -2.079198429261E-01  2.028520010739E-01  1.254284444666E+00  2.028519997955E-01  1.254284439028E+00
  1.379994173316E+00 -2.231826921014E-01  2.206615689863E-01  1.364405439128E+00  2.206615676425E-01  1.364405432851E+00
  1.449106162572E+00 -2.343599855400E-01  2.335875714711E-01  1.444330138574E+00  2.335875715638E-01  1.444330134572E+00
  1.480759835334E+00 -2.394792476634E-01  2.394792476634E-01  1.480759835334E+00  2.394792476634E-01  1.480759835334E+00
  9.987318243030E-01 -5.034623247436E-02  4.564975466925E-02  9.055665410923E-01  4.564975556444E-02  9.055665421852E-01
  1.030756123169E+00 -5.196058254943E-02  4.764722323326E-02  9.451908638183E-01  4.764722408171E-02  9.451908651623E-01
  1.100677329968E+00 -5.548532187056E-02  5.195534103553E-02  1.030652180701E+00  5.195534286359E-02  1.030652182105E+00
  1.196156332949E+00 -6.029843382264E-02  5.773992600203E-02  1.145402541299E+00  5.773992709860E-02  1.145402543391E+00
  1.300673227809E+00 -6.556714736325E-02  6.396900996361E-02  1.268970586327E+00  6.396901217480E-02  1.268970588032E+00
  1.396152230790E+00 -7.038025931534E-02  6.958522698266E-02  1.380380963116E+00  6.958522726552E-02  1.380380965087E+00
  1.466073437589E+00 -7.390499863647E-02  7.366141901215E-02  1.461241486661E+00  7.366141928258E-02  1.461241488096E+00
  1.498097736455E+00 -7.551934871154E-02  7.551934871154E-02  1.498097736455E+00  7.551934871154E-02  1.498097736455E+00
  1.000000000000E+00  2.775557561563E-17 -2.033485012352E-10  9.067164178569E-01 -2.516643609925E-17  9.067164179104E-01
  1.032064962873E+00  2.953553861887E-17 -1.798603902820E-11  9.463910551352E-01 -2.708373074164E-17  9.463910552985E-01
  1.102074954642E+00  3.342187385967E-17 -6.430408999341E-10  1.031960889907E+00 -3.129557254031E-17  1.031960889825E+00
  1.197675195524E+00  3.872875328905E-17  8.918742257629E-10  1.146856959313E+00 -3.708546391283E-17  1.146856959515E+00
  1.302324804476E+00  4.453797355784E-17  9.624345212344E-10  1.270581909295E+00 -4.345240394520E-17  1.270581909131E+00
  1.397925045358E+00  4.984485298722E-17  3.168102156165E-09  1.382133753484E+00 -4.928179374264E-17  1.382133753523E+00
  1.467935037127E+00  5.373118822801E-17  1.049999020759E-09  1.463096952150E+00 -5.355409860817E-17  1.463096952092E+00
  1.500000000000E+00  5.551115123126E-17 -5.551115123126E-17  1.500000000000E+00 -5.551115123126E-17  1.500000000000E+00
